symbol,category,instrument_class,in_upstox_master,identity_class,legacy_rows,canonical_rows,intersection_sessions,legacy_only_sessions,canonical_only_sessions,replacement_pct,legacy_first,legacy_last,canonical_first,canonical_last
ALPHAGEO.NS,ETF_PENDING,etf_or_inav,True,in_upstox_master,2602,2476,2430,172,46,93.39,2016-01-01,2026-07-06,2016-09-07,2026-09-08
BANKBEES.NS,ETF_PENDING,etf_or_inav,True,in_upstox_master,2597,2478,2426,171,52,93.42,2016-01-01,2026-06-26,2016-09-06,2026-09-08
JUNIORBEES.NS,ETF_PENDING,etf_or_inav,True,in_upstox_master,2597,2477,2425,172,52,93.38,2016-01-01,2026-06-26,2016-09-07,2026-09-08
LIQUIDBEES.NS,ETF_PENDING,etf_or_inav,True,in_upstox_master,2597,2477,2425,172,52,93.38,2016-01-01,2026-06-26,2016-09-07,2026-09-08
NIFTYIETF.NS,ETF_PENDING,etf_or_inav,True,in_upstox_master,2597,2477,2425,172,52,93.38,2016-01-01,2026-06-26,2016-09-07,2026-09-08
GOLDBEES.NS,ETF_PENDING,etf_or_inav,True,in_upstox_master,2596,2476,2424,172,52,93.37,2016-01-01,2026-06-26,2016-09-07,2026-09-08
PNBGILTS.NS,ETF_PENDING,etf_or_inav,True,in_upstox_master,2596,2477,2425,171,52,93.41,2016-01-01,2026-06-25,2016-09-07,2026-09-08
SETFGOLD.NS,ETF_PENDING,etf_or_inav,True,in_upstox_master,2595,2476,2423,172,53,93.37,2016-01-01,2026-06-26,2016-09-07,2026-09-08
GOLDIAM.NS,ETF_PENDING,etf_or_inav,True,in_upstox_master,2594,2477,2423,171,54,93.41,2016-01-01,2026-06-25,2016-09-07,2026-09-08
BALPHARMA.NS,ETF_PENDING,etf_or_inav,True,in_upstox_master,2588,2477,2420,168,57,93.51,2016-01-01,2026-06-18,2016-09-07,2026-09-08
CPSEETF.NS,ETF_PENDING,etf_or_inav,True,in_upstox_master,2588,2477,2420,168,57,93.51,2016-01-01,2026-06-18,2016-09-07,2026-09-08
MOM100.NS,ETF_PENDING,etf_or_inav,True,in_upstox_master,2588,2477,2420,168,57,93.51,2016-01-01,2026-06-18,2016-09-07,2026-09-08
GOLD1.NS,ETF_PENDING,etf_or_inav,True,in_upstox_master,2587,2476,2419,168,57,93.51,2016-01-01,2026-06-18,2016-09-07,2026-09-08
PSUBNKBEES.NS,ETF_PENDING,etf_or_inav,True,in_upstox_master,2587,2477,2418,169,59,93.47,2016-01-04,2026-06-26,2016-09-07,2026-09-08
NIFTY1.NS,ETF_PENDING,etf_or_inav,True,in_upstox_master,2585,2477,2419,166,58,93.58,2016-01-01,2026-06-17,2016-09-07,2026-09-08
BANKNIFTY1.NS,ETF_PENDING,etf_or_inav,True,in_upstox_master,2583,2477,2416,167,61,93.53,2016-01-01,2026-06-18,2016-09-07,2026-09-08
GOLDBETA.NS,ETF_PENDING,etf_or_inav,True,in_upstox_master,2583,2476,2415,168,61,93.5,2016-01-01,2026-06-18,2016-09-07,2026-09-08
SETFNIFBK.NS,ETF_PENDING,etf_or_inav,True,in_upstox_master,2583,2477,2415,168,62,93.5,2016-01-01,2026-06-18,2016-09-07,2026-09-08
HDFCGOLD.NS,ETF_PENDING,etf_or_inav,True,in_upstox_master,2582,2476,2415,167,61,93.53,2016-01-01,2026-06-25,2016-09-07,2026-09-08
MOM50.NS,ETF_PENDING,etf_or_inav,True,in_upstox_master,2576,2477,2413,163,64,93.67,2016-01-01,2026-06-18,2016-09-07,2026-09-08
SETFNIF50.NS,ETF_PENDING,etf_or_inav,True,in_upstox_master,2576,2477,2410,166,67,93.56,2016-01-01,2026-06-18,2016-09-07,2026-09-08
GOLDIETF.NS,ETF_PENDING,etf_or_inav,True,in_upstox_master,2574,2476,2408,166,68,93.55,2016-01-01,2026-06-25,2016-09-07,2026-09-08
INFRABEES.NS,ETF_PENDING,etf_or_inav,True,in_upstox_master,2568,2476,2404,164,72,93.61,2016-01-01,2026-06-18,2016-09-07,2026-09-08
NIFTYBEES.NS,ETF_PENDING,etf_or_inav,True,in_upstox_master,2562,2478,2391,171,87,93.33,2016-01-01,2026-06-26,2016-09-06,2026-09-08
LICMFGOLD.NS,ETF_PENDING,etf_or_inav,True,in_upstox_master,2561,2465,2397,164,68,93.6,2016-01-01,2026-06-18,2016-09-07,2026-09-08
MIDSELIETF.NS,ETF_PENDING,etf_or_inav,True,in_upstox_master,2559,2477,2391,168,86,93.43,2016-01-01,2026-06-18,2016-09-07,2026-09-08
SETFNN50.NS,ETF_PENDING,etf_or_inav,True,in_upstox_master,2552,2477,2405,147,72,94.24,2016-01-01,2026-06-18,2016-09-07,2026-09-08
CONSUMBEES.NS,ETF_PENDING,etf_or_inav,True,in_upstox_master,2533,2447,2385,148,62,94.16,2016-01-04,2026-06-18,2016-09-07,2026-09-08
HDFCNIFTY.NS,ETF_PENDING,etf_or_inav,True,in_upstox_master,2533,2477,2368,165,109,93.49,2016-01-01,2026-06-18,2016-09-07,2026-09-08
QGOLDHALF.NS,ETF_PENDING,etf_or_inav,True,in_upstox_master,2532,2476,2368,164,108,93.52,2016-01-01,2026-06-18,2016-09-07,2026-09-08
NIFTYBETA.NS,ETF_PENDING,etf_or_inav,True,in_upstox_master,2521,2449,2362,159,87,93.69,2016-01-01,2026-06-17,2016-09-07,2026-09-08
BSLGOLDETF.NS,ETF_PENDING,etf_or_inav,True,in_upstox_master,2501,2458,2343,158,115,93.68,2016-01-01,2026-06-18,2016-09-07,2026-09-08
LICNETFGSC.NS,ETF_PENDING,etf_or_inav,True,in_upstox_master,2498,2419,2341,157,78,93.71,2016-01-05,2026-06-18,2016-09-07,2026-09-08
NIF100BEES.NS,ETF_PENDING,etf_or_inav,True,in_upstox_master,2496,2444,2356,140,88,94.39,2016-01-01,2026-06-17,2016-09-07,2026-09-08
HNGSNGBEES.NS,ETF_PENDING,etf_or_inav,True,in_upstox_master,2486,2423,2346,140,77,94.37,2016-01-04,2026-06-18,2016-09-07,2026-09-08
NIF100IETF.NS,ETF_PENDING,etf_or_inav,True,in_upstox_master,2485,2477,2351,134,126,94.61,2016-01-01,2026-06-17,2016-09-07,2026-09-08
BSLNIFTY.NS,ETF_PENDING,etf_or_inav,True,in_upstox_master,2477,2434,2330,147,104,94.07,2016-01-01,2026-06-18,2016-09-07,2026-09-08
SENSEXBETA.NS,ETF_PENDING,etf_or_inav,True,in_upstox_master,2474,2398,2320,154,78,93.78,2016-01-01,2026-06-18,2016-09-07,2026-09-08
IVZINGOLD.NS,ETF_PENDING,etf_or_inav,True,in_upstox_master,2463,2383,2305,158,78,93.59,2016-01-05,2026-06-18,2016-09-07,2026-09-08
DIVOPPBEES.NS,ETF_PENDING,etf_or_inav,True,in_upstox_master,2461,2424,2356,105,68,95.73,2016-01-01,2026-06-18,2016-09-07,2026-09-08
SHARIABEES.NS,ETF_PENDING,etf_or_inav,True,in_upstox_master,2445,2398,2327,118,71,95.17,2016-01-04,2026-06-18,2016-09-07,2026-09-08
SENSEXIETF.NS,ETF_PENDING,etf_or_inav,True,in_upstox_master,2410,2410,2319,91,91,96.22,2016-01-13,2026-06-18,2016-09-07,2026-09-08
NV20IETF.NS,ETF_PENDING,etf_or_inav,True,in_upstox_master,2321,2380,2310,11,70,99.53,2016-06-28,2026-06-17,2016-09-07,2026-09-08
HDFCSENSEX.NS,ETF_PENDING,etf_or_inav,True,in_upstox_master,2303,2305,2216,87,89,96.22,2016-01-04,2026-06-18,2016-09-15,2026-09-08
LICNETFN50.NS,ETF_PENDING,etf_or_inav,True,in_upstox_master,2303,2410,2268,35,142,98.48,2016-01-15,2026-06-18,2016-09-12,2026-09-08
NV20BEES.NS,ETF_PENDING,etf_or_inav,True,in_upstox_master,2248,2229,2157,91,72,95.95,2016-01-01,2026-06-17,2016-09-16,2026-09-08
QNIFTY.NS,ETF_PENDING,etf_or_inav,True,in_upstox_master,2205,2163,2086,119,77,94.6,2016-01-01,2026-06-18,2016-09-07,2026-09-08
LTGILTBEES.NS,ETF_PENDING,etf_or_inav,True,in_upstox_master,2187,2298,2173,14,125,99.36,2016-07-14,2026-06-18,2016-09-08,2026-09-08
LIQUIDETF.NS,ETF_PENDING,etf_or_inav,True,in_upstox_master,2049,2098,2045,4,53,99.8,2018-03-20,2026-06-26,2018-03-20,2026-09-08
SETF10GILT.NS,ETF_PENDING,etf_or_inav,True,in_upstox_master,1995,2048,1974,21,74,98.95,2016-06-23,2026-06-18,2016-09-07,2026-09-08
LICNETFSEN.NS,ETF_PENDING,etf_or_inav,True,in_upstox_master,1904,1955,1901,3,54,99.84,2016-08-03,2026-06-18,2016-09-07,2026-09-08
LIQUIDIETF.NS,ETF_PENDING,etf_or_inav,True,in_upstox_master,1900,1952,1899,1,53,99.95,2016-01-12,2026-06-25,2018-09-26,2026-09-08
IVZINNIFTY.NS,ETF_PENDING,etf_or_inav,True,in_upstox_master,1873,1873,1797,76,76,95.94,2016-01-05,2026-06-18,2016-09-07,2026-09-08
ABSLBANETF.NS,ETF_PENDING,etf_or_inav,True,in_upstox_master,1648,1690,1644,4,46,99.76,2019-10-30,2026-07-06,2019-10-30,2026-09-08
ITBEES.NS,ETF_PENDING,etf_or_inav,True,in_upstox_master,1491,1539,1487,4,52,99.73,2020-07-01,2026-06-26,2020-07-01,2026-09-08
GOLDETF.NS,ETF_PENDING,etf_or_inav,True,in_upstox_master,1175,1160,1106,69,54,94.13,2016-01-01,2026-06-26,2016-09-22,2026-09-08
ALPHA.NS,ETF_PENDING,etf_or_inav,True,in_upstox_master,1124,1165,1119,5,46,99.56,2021-12-22,2026-07-06,2021-12-29,2026-09-08
SILVERIETF.NS,ETF_PENDING,etf_or_inav,True,in_upstox_master,1095,1143,1091,4,52,99.63,2022-01-31,2026-06-26,2022-01-31,2026-09-08
SILVER.NS,ETF_PENDING,etf_or_inav,True,in_upstox_master,1093,1140,1088,5,52,99.54,2022-01-31,2026-06-26,2022-02-03,2026-09-08
SILVERBEES.NS,ETF_PENDING,etf_or_inav,True,in_upstox_master,1091,1138,1086,5,52,99.54,2022-02-04,2026-06-26,2022-02-07,2026-09-08
HDFCSILVER.NS,ETF_PENDING,etf_or_inav,True,in_upstox_master,946,994,942,4,52,99.58,2022-09-07,2026-06-26,2022-09-07,2026-09-08
ABSLLIQUID.NS,ETF_PENDING,etf_or_inav,True,in_upstox_master,889,910,864,25,46,97.19,2017-02-16,2026-07-06,2017-02-16,2026-09-08
SKYGOLD.NS,ETF_PENDING,etf_or_inav,True,in_upstox_master,861,910,858,3,52,99.65,2023-01-06,2026-06-25,2023-01-06,2026-09-08
LIQUID.NS,ETF_PENDING,etf_or_inav,True,in_upstox_master,724,772,720,4,52,99.45,2023-07-31,2026-06-26,2023-07-31,2026-09-08
ALPHAETF.NS,ETF_PENDING,etf_or_inav,True,in_upstox_master,670,712,666,4,46,99.4,2023-10-27,2026-07-06,2023-10-27,2026-09-08
TATAGOLD.NS,ETF_PENDING,etf_or_inav,True,in_upstox_master,611,656,604,7,52,98.85,2024-01-12,2026-06-26,2024-01-17,2026-09-08
LIQUIDCASE.NS,ETF_PENDING,etf_or_inav,True,in_upstox_master,607,651,599,8,52,98.68,2024-01-17,2026-06-26,2024-01-24,2026-09-08
GOLDCASE.NS,ETF_PENDING,etf_or_inav,True,in_upstox_master,577,625,573,4,52,99.31,2024-03-01,2026-06-26,2024-03-01,2026-09-08
LIQUIDADD.NS,ETF_PENDING,etf_or_inav,True,in_upstox_master,556,604,552,4,52,99.28,2024-04-03,2026-06-26,2024-04-03,2026-09-08
LIQUIDBETF.NS,ETF_PENDING,etf_or_inav,True,in_upstox_master,516,563,511,5,52,99.03,2024-06-03,2026-06-26,2024-06-03,2026-09-08
SBISILVER.NS,ETF_PENDING,etf_or_inav,True,in_upstox_master,492,540,488,4,52,99.19,2024-07-08,2026-06-26,2024-07-08,2026-09-08
LIQUIDPLUS.NS,ETF_PENDING,etf_or_inav,True,in_upstox_master,405,451,399,6,52,98.52,2024-11-11,2026-06-26,2024-11-13,2026-09-08
AONELIQUID.NS,ETF_PENDING,etf_or_inav,True,in_upstox_master,316,358,312,4,46,98.73,2025-03-28,2026-07-06,2025-03-28,2026-09-08
SILVERCASE.NS,ETF_PENDING,etf_or_inav,True,in_upstox_master,314,360,308,6,52,98.09,2025-03-24,2026-06-26,2025-03-26,2026-09-08
AONENIFTY.NS,ETF_PENDING,etf_or_inav,True,in_upstox_master,280,320,274,6,46,97.86,2025-05-26,2026-07-06,2025-05-28,2026-09-08
SHANTIGOLD.NS,ETF_PENDING,etf_or_inav,True,in_upstox_master,224,273,221,3,52,98.66,2025-08-01,2026-06-25,2025-08-01,2026-09-08
GUJGASLTD.NS,NO_REPLACEMENT,nse_equity,False,unknown_no_master_entry,2598,0,0,2598,0,0.0,2016-01-01,2026-06-30,,
BLISSGVS.NS,NO_REPLACEMENT,nse_equity,False,unknown_no_master_entry,2596,0,0,2596,0,0.0,2016-01-01,2026-06-25,,
IDEA.NS,NO_REPLACEMENT,nse_equity,True,in_upstox_master,2596,11,0,2596,11,0.0,2016-01-01,2026-06-25,2026-08-24,2026-09-07
JBCHEPHARM.NS,NO_REPLACEMENT,nse_equity,False,unknown_no_master_entry,2596,0,0,2596,0,0.0,2016-01-01,2026-06-25,,
ELECTHERM.NS,NO_REPLACEMENT,nse_equity,True,in_upstox_master,2594,11,0,2594,11,0.0,2016-01-01,2026-06-25,2026-08-24,2026-09-07
AKSHOPTFBR-BE.NS,NO_REPLACEMENT,non_equity_series,False,series_trade_for_trade(-BE/-BZ),2588,0,0,2588,0,0.0,2016-01-01,2026-06-18,,
AUTOIND-BE.NS,NO_REPLACEMENT,non_equity_series,False,series_trade_for_trade(-BE/-BZ),2588,0,0,2588,0,0.0,2016-01-01,2026-06-18,,
BGRENERGY-BE.NS,NO_REPLACEMENT,non_equity_series,False,series_trade_for_trade(-BE/-BZ),2588,0,0,2588,0,0.0,2016-01-01,2026-06-18,,
BHARATGEAR.NS,NO_REPLACEMENT,nse_equity,False,unknown_no_master_entry,2588,0,0,2588,0,0.0,2016-01-01,2026-06-18,,
BODALCHEM-BE.NS,NO_REPLACEMENT,non_equity_series,False,series_trade_for_trade(-BE/-BZ),2588,0,0,2588,0,0.0,2016-01-01,2026-06-18,,
BROOKS-BE.NS,NO_REPLACEMENT,non_equity_series,False,series_trade_for_trade(-BE/-BZ),2588,0,0,2588,0,0.0,2016-01-01,2026-06-18,,
CEREBRAINT-BZ.NS,NO_REPLACEMENT,non_equity_series,False,series_trade_for_trade(-BE/-BZ),2588,0,0,2588,0,0.0,2016-01-01,2026-06-18,,
CORDSCABLE-BE.NS,NO_REPLACEMENT,non_equity_series,False,series_trade_for_trade(-BE/-BZ),2588,0,0,2588,0,0.0,2016-01-01,2026-06-18,,
CPCAP-BE.NS,NO_REPLACEMENT,non_equity_series,False,series_trade_for_trade(-BE/-BZ),2588,0,0,2588,0,0.0,2016-01-01,2026-06-18,,
CTE.NS,NO_REPLACEMENT,nse_equity,True,in_upstox_master,2588,11,0,2588,11,0.0,2016-01-01,2026-06-18,2026-08-24,2026-09-07
CYBERTECH.NS,NO_REPLACEMENT,nse_equity,False,unknown_no_master_entry,2588,0,0,2588,0,0.0,2016-01-01,2026-06-18,,
DBREALTY-BE.NS,NO_REPLACEMENT,non_equity_series,False,series_trade_for_trade(-BE/-BZ),2588,0,0,2588,0,0.0,2016-01-01,2026-06-18,,
DISHTV-BE.NS,NO_REPLACEMENT,non_equity_series,False,series_trade_for_trade(-BE/-BZ),2588,0,0,2588,0,0.0,2016-01-01,2026-06-18,,
DUCON-BE.NS,NO_REPLACEMENT,non_equity_series,False,series_trade_for_trade(-BE/-BZ),2588,0,0,2588,0,0.0,2016-01-01,2026-06-18,,
EMMBI.NS,NO_REPLACEMENT,nse_equity,False,unknown_no_master_entry,2588,0,0,2588,0,0.0,2016-01-01,2026-06-18,,
EVERESTIND.NS,NO_REPLACEMENT,nse_equity,False,unknown_no_master_entry,2588,0,0,2588,0,0.0,2016-01-01,2026-06-18,,
GEECEE.NS,NO_REPLACEMENT,nse_equity,False,unknown_no_master_entry,2588,0,0,2588,0,0.0,2016-01-01,2026-06-18,,
GINNIFILA.NS,NO_REPLACEMENT,nse_equity,False,unknown_no_master_entry,2588,0,0,2588,0,0.0,2016-01-01,2026-06-18,,
GULFPETRO-BE.NS,NO_REPLACEMENT,non_equity_series,False,series_trade_for_trade(-BE/-BZ),2588,0,0,2588,0,0.0,2016-01-01,2026-06-18,,
HMVL.NS,NO_REPLACEMENT,nse_equity,False,unknown_no_master_entry,2588,0,0,2588,0,0.0,2016-01-01,2026-06-18,,
IL&FSTRANS-BZ.NS,NO_REPLACEMENT,non_equity_series,False,series_trade_for_trade(-BE/-BZ),2588,0,0,2588,0,0.0,2016-01-01,2026-06-18,,
JHS.NS,NO_REPLACEMENT,nse_equity,True,in_upstox_master,2588,11,0,2588,11,0.0,2016-01-01,2026-06-18,2026-08-24,2026-09-07
KAKATCEM-BE.NS,NO_REPLACEMENT,non_equity_series,False,series_trade_for_trade(-BE/-BZ),2588,0,0,2588,0,0.0,2016-01-01,2026-06-18,,
KANORICHEM-BE.NS,NO_REPLACEMENT,non_equity_series,False,series_trade_for_trade(-BE/-BZ),2588,0,0,2588,0,0.0,2016-01-01,2026-06-18,,
KCPSUGIND.NS,NO_REPLACEMENT,nse_equity,False,unknown_no_master_entry,2588,0,0,2588,0,0.0,2016-01-01,2026-06-18,,
KECL-BE.NS,NO_REPLACEMENT,non_equity_series,False,series_trade_for_trade(-BE/-BZ),2588,0,0,2588,0,0.0,2016-01-01,2026-06-18,,
KESORAMIND-BE.NS,NO_REPLACEMENT,non_equity_series,False,series_trade_for_trade(-BE/-BZ),2588,0,0,2588,0,0.0,2016-01-01,2026-06-18,,
KOPRAN-BE.NS,NO_REPLACEMENT,non_equity_series,False,series_trade_for_trade(-BE/-BZ),2588,0,0,2588,0,0.0,2016-01-01,2026-06-18,,
KRIDHANINF-BE.NS,NO_REPLACEMENT,non_equity_series,False,series_trade_for_trade(-BE/-BZ),2588,0,0,2588,0,0.0,2016-01-01,2026-06-18,,
LYKALABS.NS,NO_REPLACEMENT,nse_equity,False,unknown_no_master_entry,2588,0,0,2588,0,0.0,2016-01-01,2026-06-18,,
MBLINFRA-BE.NS,NO_REPLACEMENT,non_equity_series,False,series_trade_for_trade(-BE/-BZ),2588,0,0,2588,0,0.0,2016-01-01,2026-06-18,,
MCLEODRUSS-BE.NS,NO_REPLACEMENT,non_equity_series,False,series_trade_for_trade(-BE/-BZ),2588,0,0,2588,0,0.0,2016-01-01,2026-06-18,,
MENONBE.NS,NO_REPLACEMENT,nse_equity,False,unknown_no_master_entry,2588,0,0,2588,0,0.0,2016-01-01,2026-06-18,,
MIRCELECTR-BE.NS,NO_REPLACEMENT,non_equity_series,False,series_trade_for_trade(-BE/-BZ),2588,0,0,2588,0,0.0,2016-01-01,2026-06-18,,
MUKTAARTS.NS,NO_REPLACEMENT,nse_equity,False,unknown_no_master_entry,2588,0,0,2588,0,0.0,2016-01-01,2026-06-18,,
NAHARSPING-BE.NS,NO_REPLACEMENT,non_equity_series,False,series_trade_for_trade(-BE/-BZ),2588,0,0,2588,0,0.0,2016-01-01,2026-06-18,,
NECLIFE-BE.NS,NO_REPLACEMENT,non_equity_series,False,series_trade_for_trade(-BE/-BZ),2588,0,0,2588,0,0.0,2016-01-01,2026-06-18,,
PATINTLOG.NS,NO_REPLACEMENT,nse_equity,False,unknown_no_master_entry,2588,0,0,2588,0,0.0,2016-01-01,2026-06-18,,
PFOCUS-BE.NS,NO_REPLACEMENT,non_equity_series,False,series_trade_for_trade(-BE/-BZ),2588,0,0,2588,0,0.0,2016-01-01,2026-06-18,,
PROZONER.NS,NO_REPLACEMENT,nse_equity,True,in_upstox_master,2588,10,0,2588,10,0.0,2016-01-01,2026-06-18,2026-08-24,2026-09-04
RAJESHEXPO-BZ.NS,NO_REPLACEMENT,non_equity_series,False,series_trade_for_trade(-BE/-BZ),2588,0,0,2588,0,0.0,2016-01-01,2026-06-18,,
RAMASTEEL.NS,NO_REPLACEMENT,nse_equity,False,unknown_no_master_entry,2588,0,0,2588,0,0.0,2016-01-01,2026-06-18,,
RUBYMILLS-BE.NS,NO_REPLACEMENT,non_equity_series,False,series_trade_for_trade(-BE/-BZ),2588,0,0,2588,0,0.0,2016-01-01,2026-06-18,,
SAKUMA-BE.NS,NO_REPLACEMENT,non_equity_series,False,series_trade_for_trade(-BE/-BZ),2588,0,0,2588,0,0.0,2016-01-01,2026-06-18,,
SHALPAINTS.NS,NO_REPLACEMENT,nse_equity,False,unknown_no_master_entry,2588,0,0,2588,0,0.0,2016-01-01,2026-06-18,,
SHEMAROO.NS,NO_REPLACEMENT,nse_equity,False,unknown_no_master_entry,2588,0,0,2588,0,0.0,2016-01-01,2026-06-18,,
SHIVAMAUTO-BE.NS,NO_REPLACEMENT,non_equity_series,False,series_trade_for_trade(-BE/-BZ),2588,0,0,2588,0,0.0,2016-01-01,2026-06-18,,
SMARTLINK-BE.NS,NO_REPLACEMENT,non_equity_series,False,series_trade_for_trade(-BE/-BZ),2588,0,0,2588,0,0.0,2016-01-01,2026-06-18,,
SPECIALITY.NS,NO_REPLACEMENT,nse_equity,False,unknown_no_master_entry,2588,0,0,2588,0,0.0,2016-01-01,2026-06-18,,
STLTECH-BE.NS,NO_REPLACEMENT,non_equity_series,False,series_trade_for_trade(-BE/-BZ),2588,0,0,2588,0,0.0,2016-01-01,2026-06-18,,
SUNDRMBRAK.NS,NO_REPLACEMENT,nse_equity,False,unknown_no_master_entry,2588,0,0,2588,0,0.0,2016-01-01,2026-06-18,,
TAKE-BE.NS,NO_REPLACEMENT,non_equity_series,False,series_trade_for_trade(-BE/-BZ),2588,0,0,2588,0,0.0,2016-01-01,2026-06-18,,
TRANSWORLD.NS,NO_REPLACEMENT,nse_equity,False,unknown_no_master_entry,2588,0,0,2588,0,0.0,2016-01-01,2026-06-18,,
VASCONEQ-BE.NS,NO_REPLACEMENT,non_equity_series,False,series_trade_for_trade(-BE/-BZ),2588,0,0,2588,0,0.0,2016-01-01,2026-06-18,,
VETO.NS,NO_REPLACEMENT,nse_equity,False,unknown_no_master_entry,2588,0,0,2588,0,0.0,2016-01-01,2026-06-18,,
VIPCLOTHNG-BE.NS,NO_REPLACEMENT,non_equity_series,False,series_trade_for_trade(-BE/-BZ),2588,0,0,2588,0,0.0,2016-01-01,2026-06-18,,
BIRLACABLE-BE.NS,NO_REPLACEMENT,non_equity_series,False,series_trade_for_trade(-BE/-BZ),2587,0,0,2587,0,0.0,2016-01-01,2026-06-18,,
DCM-BE.NS,NO_REPLACEMENT,non_equity_series,False,series_trade_for_trade(-BE/-BZ),2587,0,0,2587,0,0.0,2016-01-01,2026-06-18,,
DIGISPICE-BE.NS,NO_REPLACEMENT,non_equity_series,False,series_trade_for_trade(-BE/-BZ),2587,0,0,2587,0,0.0,2016-01-01,2026-06-18,,
ELGIRUBCO.NS,NO_REPLACEMENT,nse_equity,True,in_upstox_master,2587,11,0,2587,11,0.0,2016-01-01,2026-06-18,2026-08-24,2026-09-07
GSS-BE.NS,NO_REPLACEMENT,non_equity_series,False,series_trade_for_trade(-BE/-BZ),2587,0,0,2587,0,0.0,2016-01-01,2026-06-18,,
HITECHGEAR-BE.NS,NO_REPLACEMENT,non_equity_series,False,series_trade_for_trade(-BE/-BZ),2587,0,0,2587,0,0.0,2016-01-01,2026-06-18,,
MANAKSTEEL-BE.NS,NO_REPLACEMENT,non_equity_series,False,series_trade_for_trade(-BE/-BZ),2587,0,0,2587,0,0.0,2016-01-01,2026-06-18,,
NOIDATOLL-BE.NS,NO_REPLACEMENT,non_equity_series,False,series_trade_for_trade(-BE/-BZ),2587,0,0,2587,0,0.0,2016-01-01,2026-06-17,,
ONMOBILE.NS,NO_REPLACEMENT,nse_equity,False,unknown_no_master_entry,2587,0,0,2587,0,0.0,2016-01-01,2026-06-17,,
SUTLEJTEX.NS,NO_REPLACEMENT,nse_equity,False,unknown_no_master_entry,2587,0,0,2587,0,0.0,2016-01-01,2026-06-18,,
TOKYOPLAST-BE.NS,NO_REPLACEMENT,non_equity_series,False,series_trade_for_trade(-BE/-BZ),2587,0,0,2587,0,0.0,2016-01-01,2026-06-18,,
EMKAY.NS,NO_REPLACEMENT,nse_equity,True,in_upstox_master,2586,11,0,2586,11,0.0,2016-01-01,2026-06-18,2026-08-24,2026-09-07
FMNL-BE.NS,NO_REPLACEMENT,non_equity_series,False,series_trade_for_trade(-BE/-BZ),2586,0,0,2586,0,0.0,2016-01-01,2026-06-18,,
HITECHCORP-BE.NS,NO_REPLACEMENT,non_equity_series,False,series_trade_for_trade(-BE/-BZ),2586,0,0,2586,0,0.0,2016-01-01,2026-06-18,,
KAMDHENU.NS,NO_REPLACEMENT,nse_equity,False,unknown_no_master_entry,2586,0,0,2586,0,0.0,2016-01-01,2026-06-18,,
MARALOVER-BE.NS,NO_REPLACEMENT,non_equity_series,False,series_trade_for_trade(-BE/-BZ),2586,0,0,2586,0,0.0,2016-01-01,2026-06-18,,
OMAXAUTO-BE.NS,NO_REPLACEMENT,non_equity_series,False,series_trade_for_trade(-BE/-BZ),2586,0,0,2586,0,0.0,2016-01-01,2026-06-17,,
ORBTEXP.NS,NO_REPLACEMENT,nse_equity,False,unknown_no_master_entry,2586,0,0,2586,0,0.0,2016-01-01,2026-06-17,,
PENINLAND-BE.NS,NO_REPLACEMENT,non_equity_series,False,series_trade_for_trade(-BE/-BZ),2586,0,0,2586,0,0.0,2016-01-01,2026-06-18,,
PPAP.NS,NO_REPLACEMENT,nse_equity,False,unknown_no_master_entry,2586,0,0,2586,0,0.0,2016-01-01,2026-06-18,,
SALSTEEL-BE.NS,NO_REPLACEMENT,non_equity_series,False,series_trade_for_trade(-BE/-BZ),2586,0,0,2586,0,0.0,2016-01-01,2026-06-18,,
VARDHACRLC.NS,NO_REPLACEMENT,nse_equity,False,unknown_no_master_entry,2586,0,0,2586,0,0.0,2016-01-01,2026-06-18,,
VIPULLTD.NS,NO_REPLACEMENT,nse_equity,False,unknown_no_master_entry,2586,0,0,2586,0,0.0,2016-01-01,2026-06-25,,
ALKALI-BE.NS,NO_REPLACEMENT,non_equity_series,False,series_trade_for_trade(-BE/-BZ),2585,0,0,2585,0,0.0,2016-01-01,2026-06-18,,
ASAHISONG.NS,NO_REPLACEMENT,nse_equity,False,unknown_no_master_entry,2585,0,0,2585,0,0.0,2016-01-01,2026-06-18,,
DPSCLTD-BE.NS,NO_REPLACEMENT,non_equity_series,False,series_trade_for_trade(-BE/-BZ),2585,0,0,2585,0,0.0,2016-01-01,2026-06-18,,
IFBAGRO-BE.NS,NO_REPLACEMENT,non_equity_series,False,series_trade_for_trade(-BE/-BZ),2585,0,0,2585,0,0.0,2016-01-01,2026-06-18,,
INDOWIND-BE.NS,NO_REPLACEMENT,non_equity_series,False,series_trade_for_trade(-BE/-BZ),2585,0,0,2585,0,0.0,2016-01-01,2026-06-18,,
KILITCH.NS,NO_REPLACEMENT,nse_equity,False,unknown_no_master_entry,2585,0,0,2585,0,0.0,2016-01-01,2026-06-18,,
LOKESHMACH-BE.NS,NO_REPLACEMENT,non_equity_series,False,series_trade_for_trade(-BE/-BZ),2585,0,0,2585,0,0.0,2016-01-01,2026-06-18,,
SADBHIN-BE.NS,NO_REPLACEMENT,non_equity_series,False,series_trade_for_trade(-BE/-BZ),2585,0,0,2585,0,0.0,2016-01-01,2026-06-18,,
SHYAMCENT.NS,NO_REPLACEMENT,nse_equity,False,unknown_no_master_entry,2585,0,0,2585,0,0.0,2016-01-01,2026-06-18,,
STERTOOLS.NS,NO_REPLACEMENT,nse_equity,False,unknown_no_master_entry,2585,0,0,2585,0,0.0,2016-01-01,2026-06-18,,
PARSVNATH-BE.NS,NO_REPLACEMENT,non_equity_series,False,series_trade_for_trade(-BE/-BZ),2584,0,0,2584,0,0.0,2016-01-01,2026-06-18,,
DELPHIFX.NS,NO_REPLACEMENT,nse_equity,False,unknown_no_master_entry,2582,0,0,2582,0,0.0,2016-01-01,2026-06-18,,
HILTON-BE.NS,NO_REPLACEMENT,non_equity_series,False,series_trade_for_trade(-BE/-BZ),2582,0,0,2582,0,0.0,2016-01-01,2026-06-18,,
TIL.NS,NO_REPLACEMENT,nse_equity,False,unknown_no_master_entry,2582,0,0,2582,0,0.0,2016-01-01,2026-06-18,,
VENUSREM-BE.NS,NO_REPLACEMENT,non_equity_series,False,series_trade_for_trade(-BE/-BZ),2581,0,0,2581,0,0.0,2016-01-01,2026-06-18,,
PNC.NS,NO_REPLACEMENT,nse_equity,True,in_upstox_master,2580,10,0,2580,10,0.0,2016-01-01,2026-06-18,2026-08-24,2026-09-04
IVP.NS,NO_REPLACEMENT,nse_equity,False,unknown_no_master_entry,2579,0,0,2579,0,0.0,2016-01-01,2026-06-18,,
MANUGRAPH-BE.NS,NO_REPLACEMENT,non_equity_series,False,series_trade_for_trade(-BE/-BZ),2579,0,0,2579,0,0.0,2016-01-01,2026-06-18,,
RSSOFTWARE-BE.NS,NO_REPLACEMENT,non_equity_series,False,series_trade_for_trade(-BE/-BZ),2577,0,0,2577,0,0.0,2016-01-01,2026-06-18,,
JOCIL-BE.NS,NO_REPLACEMENT,non_equity_series,False,series_trade_for_trade(-BE/-BZ),2576,0,0,2576,0,0.0,2016-01-01,2026-06-18,,
CONSOFINVT.NS,NO_REPLACEMENT,nse_equity,False,unknown_no_master_entry,2574,0,0,2574,0,0.0,2016-01-01,2026-06-18,,
MANAKCOAT.NS,NO_REPLACEMENT,nse_equity,True,in_upstox_master,2574,11,0,2574,11,0.0,2016-01-01,2026-06-18,2026-08-24,2026-09-07
COUNCODOS.NS,NO_REPLACEMENT,nse_equity,False,unknown_no_master_entry,2573,0,0,2573,0,0.0,2016-01-01,2026-06-18,,
GKWLIMITED.NS,NO_REPLACEMENT,nse_equity,True,in_upstox_master,2573,11,0,2573,11,0.0,2016-01-01,2026-06-18,2026-08-24,2026-09-07
BASML.NS,NO_REPLACEMENT,nse_equity,False,unknown_no_master_entry,2572,0,0,2572,0,0.0,2016-01-01,2026-06-18,,
SEMAC-BE.NS,NO_REPLACEMENT,non_equity_series,False,series_trade_for_trade(-BE/-BZ),2569,0,0,2569,0,0.0,2016-01-01,2026-06-18,,
ZEELEARN-BE.NS,NO_REPLACEMENT,non_equity_series,False,series_trade_for_trade(-BE/-BZ),2569,0,0,2569,0,0.0,2016-01-01,2026-06-18,,
TIJARIA.NS,NO_REPLACEMENT,nse_equity,True,in_upstox_master,2568,10,0,2568,10,0.0,2016-01-11,2026-06-18,2026-08-24,2026-09-04
INDOTECH-BE.NS,NO_REPLACEMENT,non_equity_series,False,series_trade_for_trade(-BE/-BZ),2567,0,0,2567,0,0.0,2016-01-01,2026-06-18,,
PEARLPOLY-BE.NS,NO_REPLACEMENT,non_equity_series,False,series_trade_for_trade(-BE/-BZ),2564,0,0,2564,0,0.0,2016-01-01,2026-06-18,,
LYPSAGEMS.NS,NO_REPLACEMENT,nse_equity,False,unknown_no_master_entry,2562,0,0,2562,0,0.0,2016-01-01,2026-06-18,,
MAWANASUG-BE.NS,NO_REPLACEMENT,non_equity_series,False,series_trade_for_trade(-BE/-BZ),2562,0,0,2562,0,0.0,2016-01-01,2026-06-18,,
RAMANEWS.NS,NO_REPLACEMENT,nse_equity,True,in_upstox_master,2562,10,0,2562,10,0.0,2016-01-01,2026-06-18,2026-08-24,2026-09-04
ANIKINDS-BE.NS,NO_REPLACEMENT,non_equity_series,False,series_trade_for_trade(-BE/-BZ),2560,0,0,2560,0,0.0,2016-01-01,2026-06-18,,
JAIBALAJI-BE.NS,NO_REPLACEMENT,non_equity_series,False,series_trade_for_trade(-BE/-BZ),2560,0,0,2560,0,0.0,2016-01-01,2026-06-18,,
MADHUCON.NS,NO_REPLACEMENT,nse_equity,False,unknown_no_master_entry,2558,0,0,2558,0,0.0,2016-01-01,2026-06-18,,
ARROWGREEN-BE.NS,NO_REPLACEMENT,non_equity_series,False,series_trade_for_trade(-BE/-BZ),2556,0,0,2556,0,0.0,2016-01-01,2026-06-18,,
PILITA-BE.NS,NO_REPLACEMENT,non_equity_series,False,series_trade_for_trade(-BE/-BZ),2556,0,0,2556,0,0.0,2016-01-01,2026-06-18,,
BIRLAMONEY.NS,NO_REPLACEMENT,nse_equity,True,in_upstox_master,2555,11,0,2555,11,0.0,2016-01-01,2026-06-18,2026-08-24,2026-09-07
QUICKHEAL-BE.NS,NO_REPLACEMENT,non_equity_series,False,series_trade_for_trade(-BE/-BZ),2555,0,0,2555,0,0.0,2016-02-18,2026-06-18,,
EMAMIREAL-BE.NS,NO_REPLACEMENT,non_equity_series,False,series_trade_for_trade(-BE/-BZ),2553,0,0,2553,0,0.0,2016-01-01,2026-06-18,,
AXISGOLD.NS,NO_REPLACEMENT,etf_or_inav,False,unknown_no_master_entry,2549,0,0,2549,0,0.0,2016-01-01,2026-06-26,,
BHAGERIA.NS,NO_REPLACEMENT,nse_equity,False,unknown_no_master_entry,2546,0,0,2546,0,0.0,2016-03-02,2026-06-18,,
WELINV-BE.NS,NO_REPLACEMENT,non_equity_series,False,series_trade_for_trade(-BE/-BZ),2546,0,0,2546,0,0.0,2016-01-01,2026-06-18,,
NECCLTD.NS,NO_REPLACEMENT,nse_equity,False,unknown_no_master_entry,2543,0,0,2543,0,0.0,2016-03-02,2026-06-18,,
SIGMAADV-BE.NS,NO_REPLACEMENT,non_equity_series,False,series_trade_for_trade(-BE/-BZ),2539,0,0,2539,0,0.0,2016-01-01,2026-06-18,,
AUSOMENT-BE.NS,NO_REPLACEMENT,non_equity_series,False,series_trade_for_trade(-BE/-BZ),2538,0,0,2538,0,0.0,2016-01-01,2026-06-18,,
HMT-BZ.NS,NO_REPLACEMENT,non_equity_series,False,series_trade_for_trade(-BE/-BZ),2531,0,0,2531,0,0.0,2016-01-01,2026-06-18,,
IBULLSLTD-BE.NS,NO_REPLACEMENT,non_equity_series,False,series_trade_for_trade(-BE/-BZ),2531,0,0,2531,0,0.0,2016-01-01,2026-06-18,,
IL&FSENGG-BZ.NS,NO_REPLACEMENT,non_equity_series,False,series_trade_for_trade(-BE/-BZ),2530,0,0,2530,0,0.0,2016-01-01,2026-06-18,,
OILCOUNTUB-BE.NS,NO_REPLACEMENT,non_equity_series,False,series_trade_for_trade(-BE/-BZ),2528,0,0,2528,0,0.0,2016-01-01,2026-06-17,,
MEP-BZ.NS,NO_REPLACEMENT,non_equity_series,False,series_trade_for_trade(-BE/-BZ),2527,0,0,2527,0,0.0,2016-01-01,2026-06-18,,
PDMJEPAPER.NS,NO_REPLACEMENT,nse_equity,True,in_upstox_master,2527,10,0,2527,10,0.0,2016-03-30,2026-06-18,2026-08-24,2026-09-04
SITINET-BZ.NS,NO_REPLACEMENT,non_equity_series,False,series_trade_for_trade(-BE/-BZ),2519,0,0,2519,0,0.0,2016-01-01,2026-06-18,,
FLFL-BZ.NS,NO_REPLACEMENT,non_equity_series,False,series_trade_for_trade(-BE/-BZ),2516,0,0,2516,0,0.0,2016-01-01,2026-06-18,,
FELDVR-BZ.NS,NO_REPLACEMENT,non_equity_series,False,series_trade_for_trade(-BE/-BZ),2513,0,0,2513,0,0.0,2016-01-01,2026-06-18,,
ONELIFECAP-BE.NS,NO_REPLACEMENT,non_equity_series,False,series_trade_for_trade(-BE/-BZ),2503,0,0,2503,0,0.0,2016-01-01,2026-06-17,,
MTEDUCARE-BE.NS,NO_REPLACEMENT,non_equity_series,False,series_trade_for_trade(-BE/-BZ),2499,0,0,2499,0,0.0,2016-01-01,2026-06-18,,
ARSHIYA-BZ.NS,NO_REPLACEMENT,non_equity_series,False,series_trade_for_trade(-BE/-BZ),2497,0,0,2497,0,0.0,2016-01-01,2026-06-18,,
GOLDTECH.NS,NO_REPLACEMENT,etf_or_inav,False,unknown_no_master_entry,2497,0,0,2497,0,0.0,2016-04-11,2026-06-18,,
PALREDTEC-BE.NS,NO_REPLACEMENT,non_equity_series,False,series_trade_for_trade(-BE/-BZ),2496,0,0,2496,0,0.0,2016-05-09,2026-06-17,,
SIMBHALS-BZ.NS,NO_REPLACEMENT,non_equity_series,False,series_trade_for_trade(-BE/-BZ),2494,0,0,2494,0,0.0,2016-03-14,2026-06-18,,
AGRITECH-BE.NS,NO_REPLACEMENT,non_equity_series,False,series_trade_for_trade(-BE/-BZ),2490,0,0,2490,0,0.0,2016-01-11,2026-06-18,,
MOTOGENFIN-BE.NS,NO_REPLACEMENT,non_equity_series,False,series_trade_for_trade(-BE/-BZ),2482,0,0,2482,0,0.0,2016-01-01,2026-06-18,,
SUBEXLTD-BE.NS,NO_REPLACEMENT,non_equity_series,False,series_trade_for_trade(-BE/-BZ),2475,0,0,2475,0,0.0,2016-01-01,2026-06-18,,
MAHASTEEL-BE.NS,NO_REPLACEMENT,non_equity_series,False,series_trade_for_trade(-BE/-BZ),2465,0,0,2465,0,0.0,2016-07-01,2026-06-18,,
SETCO-BE.NS,NO_REPLACEMENT,non_equity_series,False,series_trade_for_trade(-BE/-BZ),2465,0,0,2465,0,0.0,2016-07-01,2026-06-18,,
MOLDTECH.NS,NO_REPLACEMENT,nse_equity,False,unknown_no_master_entry,2461,0,0,2461,0,0.0,2016-07-07,2026-06-18,,
DAMODARIND.NS,NO_REPLACEMENT,nse_equity,False,unknown_no_master_entry,2458,0,0,2458,0,0.0,2016-07-04,2026-06-18,,
FEL-BZ.NS,NO_REPLACEMENT,non_equity_series,False,series_trade_for_trade(-BE/-BZ),2456,0,0,2456,0,0.0,2016-01-01,2026-06-18,,
FCSSOFT-BE.NS,NO_REPLACEMENT,non_equity_series,False,series_trade_for_trade(-BE/-BZ),2448,0,0,2448,0,0.0,2016-01-01,2026-06-18,,
ORIENTLTD.NS,NO_REPLACEMENT,nse_equity,False,unknown_no_master_entry,2433,0,0,2433,0,0.0,2016-01-04,2026-06-17,,
MORARJEE-BZ.NS,NO_REPLACEMENT,non_equity_series,False,series_trade_for_trade(-BE/-BZ),2414,0,0,2414,0,0.0,2016-01-01,2026-06-18,,
SECURKLOUD.NS,NO_REPLACEMENT,nse_equity,True,in_upstox_master,2403,10,0,2403,10,0.0,2016-01-01,2026-06-18,2026-08-24,2026-09-04
SUPREMEINF.NS,NO_REPLACEMENT,nse_equity,True,in_upstox_master,2401,10,0,2401,10,0.0,2016-01-01,2026-06-18,2026-08-24,2026-09-04
NAGREEKCAP-BE.NS,NO_REPLACEMENT,non_equity_series,False,series_trade_for_trade(-BE/-BZ),2400,0,0,2400,0,0.0,2016-01-04,2026-06-18,,
PREMIERPOL-BE.NS,NO_REPLACEMENT,non_equity_series,False,series_trade_for_trade(-BE/-BZ),2394,0,0,2394,0,0.0,2016-01-01,2026-06-18,,
INSPIRISYS-BE.NS,NO_REPLACEMENT,non_equity_series,False,series_trade_for_trade(-BE/-BZ),2391,0,0,2391,0,0.0,2016-01-01,2026-06-18,,
MAZDA.NS,NO_REPLACEMENT,nse_equity,False,unknown_no_master_entry,2377,0,0,2377,0,0.0,2016-11-01,2026-06-18,,
ANSALAPI-BZ.NS,NO_REPLACEMENT,non_equity_series,False,series_trade_for_trade(-BE/-BZ),2365,0,0,2365,0,0.0,2016-01-01,2026-06-18,,
VIJIFIN-BE.NS,NO_REPLACEMENT,non_equity_series,False,series_trade_for_trade(-BE/-BZ),2357,0,0,2357,0,0.0,2016-07-11,2026-06-18,,
ROLLT-BE.NS,NO_REPLACEMENT,non_equity_series,False,series_trade_for_trade(-BE/-BZ),2355,0,0,2355,0,0.0,2016-11-22,2026-06-18,,
GOLDENTOBC-BZ.NS,NO_REPLACEMENT,non_equity_series,False,series_trade_for_trade(-BE/-BZ),2346,0,0,2346,0,0.0,2016-01-01,2026-06-18,,
TERASOFT.NS,NO_REPLACEMENT,nse_equity,True,in_upstox_master,2342,10,0,2342,10,0.0,2016-12-29,2026-06-18,2026-08-24,2026-09-04
PREMIER-BE.NS,NO_REPLACEMENT,non_equity_series,False,series_trade_for_trade(-BE/-BZ),2341,0,0,2341,0,0.0,2016-01-01,2026-06-18,,
SANWARIA-BZ.NS,NO_REPLACEMENT,non_equity_series,False,series_trade_for_trade(-BE/-BZ),2336,0,0,2336,0,0.0,2016-01-01,2026-06-18,,
SETUINFRA-BZ.NS,NO_REPLACEMENT,non_equity_series,False,series_trade_for_trade(-BE/-BZ),2324,0,0,2324,0,0.0,2016-01-01,2026-06-18,,
BHANDARI-BE.NS,NO_REPLACEMENT,non_equity_series,False,series_trade_for_trade(-BE/-BZ),2323,0,0,2323,0,0.0,2017-01-30,2026-06-18,,
VISACHROME-BE.NS,NO_REPLACEMENT,non_equity_series,False,series_trade_for_trade(-BE/-BZ),2318,0,0,2318,0,0.0,2016-01-01,2026-06-18,,
AKSHARCHEM.NS,NO_REPLACEMENT,nse_equity,False,unknown_no_master_entry,2298,0,0,2298,0,0.0,2017-03-28,2026-07-06,,
RCOM-BE.NS,NO_REPLACEMENT,non_equity_series,False,series_trade_for_trade(-BE/-BZ),2293,0,0,2293,0,0.0,2016-01-01,2026-06-18,,
CALSOFT-BE.NS,NO_REPLACEMENT,non_equity_series,False,series_trade_for_trade(-BE/-BZ),2289,0,0,2289,0,0.0,2016-01-11,2026-06-18,,
CAPTRUST-BE.NS,NO_REPLACEMENT,non_equity_series,False,series_trade_for_trade(-BE/-BZ),2286,0,0,2286,0,0.0,2017-01-16,2026-06-18,,
CLEDUCATE-BE.NS,NO_REPLACEMENT,non_equity_series,False,series_trade_for_trade(-BE/-BZ),2281,0,0,2281,0,0.0,2017-03-31,2026-06-18,,
GAYAPROJ-BE.NS,NO_REPLACEMENT,non_equity_series,False,series_trade_for_trade(-BE/-BZ),2281,0,0,2281,0,0.0,2016-01-01,2026-06-18,,
COMPINFO-BZ.NS,NO_REPLACEMENT,non_equity_series,False,series_trade_for_trade(-BE/-BZ),2279,0,0,2279,0,0.0,2016-07-07,2026-06-18,,
SHANKARA-BE.NS,NO_REPLACEMENT,non_equity_series,False,series_trade_for_trade(-BE/-BZ),2279,0,0,2279,0,0.0,2017-04-05,2026-06-18,,
TVVISION.NS,NO_REPLACEMENT,nse_equity,False,unknown_no_master_entry,2258,0,0,2258,0,0.0,2016-09-15,2026-06-18,,
HDIL-BZ.NS,NO_REPLACEMENT,non_equity_series,False,series_trade_for_trade(-BE/-BZ),2254,0,0,2254,0,0.0,2016-01-01,2026-06-18,,
COFFEEDAY-BE.NS,NO_REPLACEMENT,non_equity_series,False,series_trade_for_trade(-BE/-BZ),2252,0,0,2252,0,0.0,2016-01-01,2026-06-18,,
BHAGYANGR-BE.NS,NO_REPLACEMENT,non_equity_series,False,series_trade_for_trade(-BE/-BZ),2250,0,0,2250,0,0.0,2017-05-17,2026-06-18,,
MAHESHWARI-BE.NS,NO_REPLACEMENT,non_equity_series,False,series_trade_for_trade(-BE/-BZ),2237,0,0,2237,0,0.0,2017-01-16,2026-06-18,,
JITFINFRA.NS,NO_REPLACEMENT,nse_equity,True,in_upstox_master,2233,11,0,2233,11,0.0,2017-02-27,2026-06-18,2026-08-24,2026-09-07
GVKPIL-BE.NS,NO_REPLACEMENT,non_equity_series,False,series_trade_for_trade(-BE/-BZ),2224,0,0,2224,0,0.0,2016-01-01,2026-06-18,,
WEWIN-BE.NS,NO_REPLACEMENT,non_equity_series,False,series_trade_for_trade(-BE/-BZ),2224,0,0,2224,0,0.0,2016-01-01,2026-06-18,,
KAVDEFENCE.NS,NO_REPLACEMENT,nse_equity,True,in_upstox_master,2222,11,0,2222,11,0.0,2016-01-01,2026-06-18,2026-08-24,2026-09-07
TCIFINANCE-BE.NS,NO_REPLACEMENT,non_equity_series,False,series_trade_for_trade(-BE/-BZ),2212,0,0,2212,0,0.0,2016-01-01,2026-06-18,,
DBSTOCKBRO.NS,NO_REPLACEMENT,nse_equity,False,unknown_no_master_entry,2209,0,0,2209,0,0.0,2016-01-01,2026-06-18,,
AVADHSUGAR-BE.NS,NO_REPLACEMENT,non_equity_series,False,series_trade_for_trade(-BE/-BZ),2200,0,0,2200,0,0.0,2017-07-28,2026-06-18,,
IRBINVIT-IV.NS,NO_REPLACEMENT,non_equity_series,False,series_other(-IV),2188,0,0,2188,0,0.0,2017-05-18,2026-06-18,,
AXISNIFTY.NS,NO_REPLACEMENT,etf_or_inav,False,unknown_no_master_entry,2187,0,0,2187,0,0.0,2017-07-11,2026-06-18,,
INDIGRID-IV.NS,NO_REPLACEMENT,non_equity_series,False,series_other(-IV),2181,0,0,2181,0,0.0,2017-06-06,2026-06-18,,
ANKITMETAL-BZ.NS,NO_REPLACEMENT,non_equity_series,False,series_trade_for_trade(-BE/-BZ),2167,0,0,2167,0,0.0,2016-01-01,2026-06-18,,
KAUSHALYA.NS,NO_REPLACEMENT,nse_equity,False,unknown_no_master_entry,2167,0,0,2167,0,0.0,2016-01-01,2026-06-18,,
TARAPUR.NS,NO_REPLACEMENT,nse_equity,True,in_upstox_master,2133,10,0,2133,10,0.0,2016-01-01,2026-06-18,2026-08-24,2026-09-04
GATECHDVR.NS,NO_REPLACEMENT,nse_equity,False,unknown_no_master_entry,2130,0,0,2130,0,0.0,2017-10-10,2026-06-18,,
EIFFL.NS,NO_REPLACEMENT,nse_equity,False,unknown_no_master_entry,2119,0,0,2119,0,0.0,2016-01-08,2026-06-18,,
RHFL-BZ.NS,NO_REPLACEMENT,non_equity_series,False,series_trade_for_trade(-BE/-BZ),2115,0,0,2115,0,0.0,2017-09-22,2026-06-18,,
ORTEL-BZ.NS,NO_REPLACEMENT,non_equity_series,False,series_trade_for_trade(-BE/-BZ),2100,0,0,2100,0,0.0,2016-01-01,2026-06-17,,
SANGINITA-BE.NS,NO_REPLACEMENT,non_equity_series,False,series_trade_for_trade(-BE/-BZ),2098,0,0,2098,0,0.0,2017-03-10,2026-06-18,,
ASTRON-BE.NS,NO_REPLACEMENT,non_equity_series,False,series_trade_for_trade(-BE/-BZ),2096,0,0,2096,0,0.0,2017-12-29,2026-06-18,,
OSWALAGRO-BE.NS,NO_REPLACEMENT,non_equity_series,False,series_trade_for_trade(-BE/-BZ),2072,0,0,2072,0,0.0,2018-02-01,2026-06-17,,
SHIVAMILLS-BE.NS,NO_REPLACEMENT,non_equity_series,False,series_trade_for_trade(-BE/-BZ),2054,0,0,2054,0,0.0,2018-02-26,2026-06-18,,
VAISHALI-BE.NS,NO_REPLACEMENT,non_equity_series,False,series_trade_for_trade(-BE/-BZ),2050,0,0,2050,0,0.0,2016-01-01,2026-06-18,,
LAKPRE-BZ.NS,NO_REPLACEMENT,non_equity_series,False,series_trade_for_trade(-BE/-BZ),2042,0,0,2042,0,0.0,2016-01-01,2026-06-17,,
SHEKHAWATI-BE.NS,NO_REPLACEMENT,non_equity_series,False,series_trade_for_trade(-BE/-BZ),2033,0,0,2033,0,0.0,2016-01-01,2026-06-18,,
EUROTEXIND-BE.NS,NO_REPLACEMENT,non_equity_series,False,series_trade_for_trade(-BE/-BZ),2020,0,0,2020,0,0.0,2016-01-01,2026-06-18,,
PRAXIS-BE.NS,NO_REPLACEMENT,non_equity_series,False,series_trade_for_trade(-BE/-BZ),2020,0,0,2020,0,0.0,2018-01-31,2026-06-18,,
CHEMFAB-BE.NS,NO_REPLACEMENT,non_equity_series,False,series_trade_for_trade(-BE/-BZ),2016,0,0,2016,0,0.0,2018-04-25,2026-06-18,,
BALAXI-BE.NS,NO_REPLACEMENT,non_equity_series,False,series_trade_for_trade(-BE/-BZ),2011,0,0,2011,0,0.0,2016-01-01,2026-06-18,,
DHARAN-BZ.NS,NO_REPLACEMENT,non_equity_series,False,series_trade_for_trade(-BE/-BZ),2009,0,0,2009,0,0.0,2018-04-02,2026-06-18,,
THOMASCOTT.NS,NO_REPLACEMENT,nse_equity,True,in_upstox_master,1994,10,0,1994,10,0.0,2016-01-01,2026-06-18,2026-08-24,2026-09-04
CYBERMEDIA-BE.NS,NO_REPLACEMENT,non_equity_series,False,series_trade_for_trade(-BE/-BZ),1981,0,0,1981,0,0.0,2016-01-01,2026-06-18,,
SABEVENTS-BE.NS,NO_REPLACEMENT,non_equity_series,False,series_trade_for_trade(-BE/-BZ),1969,0,0,1969,0,0.0,2016-09-15,2026-06-18,,
CHEMBOND-BE.NS,NO_REPLACEMENT,non_equity_series,False,series_trade_for_trade(-BE/-BZ),1907,0,0,1907,0,0.0,2016-01-01,2026-06-18,,
SHYAMTEL-BE.NS,NO_REPLACEMENT,non_equity_series,False,series_trade_for_trade(-BE/-BZ),1904,0,0,1904,0,0.0,2016-01-01,2026-06-18,,
PANACHE.NS,NO_REPLACEMENT,nse_equity,False,unknown_no_master_entry,1892,0,0,1892,0,0.0,2017-04-25,2026-06-17,,
VIVIMEDLAB-BE.NS,NO_REPLACEMENT,non_equity_series,False,series_trade_for_trade(-BE/-BZ),1892,0,0,1892,0,0.0,2016-01-01,2026-06-18,,
MACPOWER.NS,NO_REPLACEMENT,nse_equity,True,in_upstox_master,1880,11,0,1880,11,0.0,2018-03-22,2026-06-18,2026-08-24,2026-09-07
NILASPACES.NS,NO_REPLACEMENT,nse_equity,True,in_upstox_master,1841,10,0,1841,10,0.0,2019-01-11,2026-06-17,2026-08-24,2026-09-04
HBSL-BE.NS,NO_REPLACEMENT,non_equity_series,False,series_trade_for_trade(-BE/-BZ),1823,0,0,1823,0,0.0,2018-07-26,2026-06-18,,
SARVESHWAR-BE.NS,NO_REPLACEMENT,non_equity_series,False,series_trade_for_trade(-BE/-BZ),1822,0,0,1822,0,0.0,2018-03-15,2026-06-18,,
SUMIT-BE.NS,NO_REPLACEMENT,non_equity_series,False,series_trade_for_trade(-BE/-BZ),1811,0,0,1811,0,0.0,2018-09-10,2026-06-18,,
DPWIRES.NS,NO_REPLACEMENT,nse_equity,False,unknown_no_master_entry,1800,0,0,1800,0,0.0,2017-10-05,2026-06-18,,
VINEETLAB-BE.NS,NO_REPLACEMENT,non_equity_series,False,series_trade_for_trade(-BE/-BZ),1798,0,0,1798,0,0.0,2016-01-01,2026-06-18,,
EMBASSY-RR.NS,NO_REPLACEMENT,non_equity_series,False,unknown_no_master_entry,1788,0,0,1788,0,0.0,2019-04-01,2026-06-18,,
BILVYAPAR-BE.NS,NO_REPLACEMENT,non_equity_series,False,series_trade_for_trade(-BE/-BZ),1764,0,0,1764,0,0.0,2016-01-01,2026-06-18,,
GATECH.NS,NO_REPLACEMENT,nse_equity,False,unknown_no_master_entry,1755,0,0,1755,0,0.0,2016-07-25,2026-06-18,,
KHAITANLTD-BE.NS,NO_REPLACEMENT,non_equity_series,False,series_trade_for_trade(-BE/-BZ),1753,0,0,1753,0,0.0,2016-12-13,2026-06-18,,
EMAMIPAP.NS,NO_REPLACEMENT,nse_equity,False,unknown_no_master_entry,1749,0,0,1749,0,0.0,2019-05-30,2026-06-18,,
PPL.NS,NO_REPLACEMENT,nse_equity,False,unknown_no_master_entry,1739,0,0,1739,0,0.0,2019-06-14,2026-06-18,,
ESSENTIA-BE.NS,NO_REPLACEMENT,non_equity_series,False,series_trade_for_trade(-BE/-BZ),1734,0,0,1734,0,0.0,2016-01-11,2026-06-18,,
GAYAHWS.NS,NO_REPLACEMENT,nse_equity,True,in_upstox_master,1727,11,0,1727,11,0.0,2018-06-28,2026-06-18,2026-08-24,2026-09-07
UNIINFO-BE.NS,NO_REPLACEMENT,non_equity_series,False,series_trade_for_trade(-BE/-BZ),1726,0,0,1726,0,0.0,2018-03-15,2026-06-18,,
FOCUS.NS,NO_REPLACEMENT,nse_equity,False,unknown_no_master_entry,1719,0,0,1719,0,0.0,2017-04-13,2026-06-18,,
DCMNVL-BE.NS,NO_REPLACEMENT,non_equity_series,False,series_trade_for_trade(-BE/-BZ),1717,0,0,1717,0,0.0,2019-07-16,2026-06-18,,
UNIVASTU.NS,NO_REPLACEMENT,nse_equity,False,unknown_no_master_entry,1714,0,0,1714,0,0.0,2017-07-27,2026-06-18,,
GANESHBE.NS,NO_REPLACEMENT,nse_equity,False,unknown_no_master_entry,1707,0,0,1707,0,0.0,2016-01-01,2026-06-18,,
SHRENIK-BZ.NS,NO_REPLACEMENT,non_equity_series,False,series_trade_for_trade(-BE/-BZ),1704,0,0,1704,0,0.0,2019-08-02,2026-06-18,,
NORBTEAEXP.NS,NO_REPLACEMENT,nse_equity,True,in_upstox_master,1692,10,0,1692,10,0.0,2016-01-01,2026-06-17,2026-08-24,2026-09-04
E2E.NS,NO_REPLACEMENT,nse_equity,False,unknown_no_master_entry,1684,0,0,1684,0,0.0,2018-05-15,2026-06-18,,
ZODIAC-BE.NS,NO_REPLACEMENT,non_equity_series,False,series_trade_for_trade(-BE/-BZ),1682,0,0,1682,0,0.0,2017-12-05,2026-06-18,,
SGBAUG27-GB.NS,NO_REPLACEMENT,non_equity_series,False,unknown_no_master_entry,1669,0,0,1669,0,0.0,2019-08-23,2026-06-18,,
UMESLTD-BE.NS,NO_REPLACEMENT,non_equity_series,False,series_trade_for_trade(-BE/-BZ),1661,0,0,1661,0,0.0,2016-12-13,2026-06-18,,
RMDRIP.NS,NO_REPLACEMENT,nse_equity,False,unknown_no_master_entry,1660,0,0,1660,0,0.0,2017-10-04,2026-06-18,,
SEJALLTD-BE.NS,NO_REPLACEMENT,non_equity_series,False,series_trade_for_trade(-BE/-BZ),1653,0,0,1653,0,0.0,2016-01-04,2026-06-18,,
SOFTTECH-BE.NS,NO_REPLACEMENT,non_equity_series,False,series_trade_for_trade(-BE/-BZ),1651,0,0,1651,0,0.0,2018-05-11,2026-06-18,,
SPCENET.NS,NO_REPLACEMENT,nse_equity,True,in_upstox_master,1638,10,0,1638,10,0.0,2017-01-10,2026-06-18,2026-08-24,2026-09-04
MHHL-SM.NS,NO_REPLACEMENT,non_equity_series,False,series_sme(-SM/-ST),1616,0,0,1616,0,0.0,2018-02-16,2026-06-18,,
BANKA-BE.NS,NO_REPLACEMENT,non_equity_series,False,series_trade_for_trade(-BE/-BZ),1600,0,0,1600,0,0.0,2018-02-27,2026-06-18,,
SHUBHLAXMI-SM.NS,NO_REPLACEMENT,non_equity_series,False,series_sme(-SM/-ST),1597,0,0,1597,0,0.0,2019-02-21,2026-06-18,,
MITCON-BE.NS,NO_REPLACEMENT,non_equity_series,False,series_trade_for_trade(-BE/-BZ),1588,0,0,1588,0,0.0,2016-01-01,2026-06-18,,
RPPL.NS,NO_REPLACEMENT,nse_equity,False,unknown_no_master_entry,1587,0,0,1587,0,0.0,2018-09-24,2026-06-18,,
DCMFINSERV-BE.NS,NO_REPLACEMENT,non_equity_series,False,series_trade_for_trade(-BE/-BZ),1581,0,0,1581,0,0.0,2018-04-26,2026-06-18,,
ATLASCYCLE.NS,NO_REPLACEMENT,nse_equity,True,in_upstox_master,1580,11,0,1580,11,0.0,2016-01-01,2026-06-18,2026-08-24,2026-09-07
RADAAN.NS,NO_REPLACEMENT,nse_equity,True,in_upstox_master,1580,10,0,1580,10,0.0,2016-01-01,2026-06-18,2026-08-24,2026-09-04
AILIMITED-ST.NS,NO_REPLACEMENT,non_equity_series,False,series_sme(-SM/-ST),1579,0,0,1579,0,0.0,2016-01-01,2026-06-17,,
TARACHAND.NS,NO_REPLACEMENT,nse_equity,True,in_upstox_master,1576,10,0,1576,10,0.0,2018-03-23,2026-06-18,2026-08-24,2026-09-04
UNIVPHOTO-BE.NS,NO_REPLACEMENT,non_equity_series,False,series_trade_for_trade(-BE/-BZ),1572,0,0,1572,0,0.0,2020-02-14,2026-06-18,,
GLFL-BE.NS,NO_REPLACEMENT,non_equity_series,False,series_trade_for_trade(-BE/-BZ),1539,0,0,1539,0,0.0,2016-12-13,2026-06-18,,
SGBOCT27VI-GB.NS,NO_REPLACEMENT,non_equity_series,False,unknown_no_master_entry,1537,0,0,1537,0,0.0,2019-11-06,2026-06-18,,
SIKKO.NS,NO_REPLACEMENT,nse_equity,False,unknown_no_master_entry,1531,0,0,1531,0,0.0,2017-04-18,2026-06-18,,
AHLWEST-BE.NS,NO_REPLACEMENT,non_equity_series,False,series_trade_for_trade(-BE/-BZ),1524,0,0,1524,0,0.0,2016-01-01,2026-06-18,,
HINDCON-BE.NS,NO_REPLACEMENT,non_equity_series,False,series_trade_for_trade(-BE/-BZ),1521,0,0,1521,0,0.0,2018-03-09,2026-06-18,,
SGBAPR28I-GB.NS,NO_REPLACEMENT,non_equity_series,False,unknown_no_master_entry,1515,0,0,1515,0,0.0,2020-05-13,2026-06-18,,
SGBMAY28-GB.NS,NO_REPLACEMENT,non_equity_series,False,unknown_no_master_entry,1506,0,0,1506,0,0.0,2020-05-27,2026-06-18,,
VALIANTORG.NS,NO_REPLACEMENT,nse_equity,False,unknown_no_master_entry,1504,0,0,1504,0,0.0,2016-01-04,2026-06-18,,
GTECJAINX-BE.NS,NO_REPLACEMENT,non_equity_series,False,series_trade_for_trade(-BE/-BZ),1492,0,0,1492,0,0.0,2017-08-07,2026-06-18,,
AARTISURF.NS,NO_REPLACEMENT,nse_equity,False,unknown_no_master_entry,1486,0,0,1486,0,0.0,2020-07-14,2026-07-06,,
MASKINVEST-BE.NS,NO_REPLACEMENT,non_equity_series,False,series_trade_for_trade(-BE/-BZ),1486,0,0,1486,0,0.0,2016-10-14,2026-06-18,,
SGBDC27VII-GB.NS,NO_REPLACEMENT,non_equity_series,False,unknown_no_master_entry,1485,0,0,1485,0,0.0,2019-12-19,2026-06-17,,
SGBJUN28-GB.NS,NO_REPLACEMENT,non_equity_series,False,unknown_no_master_entry,1484,0,0,1484,0,0.0,2020-06-24,2026-06-18,,
SGBSEP27-GB.NS,NO_REPLACEMENT,non_equity_series,False,unknown_no_master_entry,1484,0,0,1484,0,0.0,2019-09-23,2026-06-18,,
UNITEDPOLY-BE.NS,NO_REPLACEMENT,non_equity_series,False,series_trade_for_trade(-BE/-BZ),1465,0,0,1465,0,0.0,2016-06-07,2026-06-18,,
SGBJUL28IV-GB.NS,NO_REPLACEMENT,non_equity_series,False,unknown_no_master_entry,1463,0,0,1463,0,0.0,2020-07-28,2026-06-18,,
SGBOCT27-GB.NS,NO_REPLACEMENT,non_equity_series,False,unknown_no_master_entry,1460,0,0,1460,0,0.0,2019-10-25,2026-06-18,,
MINDSPACE-RR.NS,NO_REPLACEMENT,non_equity_series,False,unknown_no_master_entry,1455,0,0,1455,0,0.0,2020-08-07,2026-06-18,,
JALAN-SM.NS,NO_REPLACEMENT,non_equity_series,False,series_sme(-SM/-ST),1452,0,0,1452,0,0.0,2017-05-31,2026-06-17,,
SGBMAR28X-GB.NS,NO_REPLACEMENT,non_equity_series,False,unknown_no_master_entry,1446,0,0,1446,0,0.0,2020-03-25,2026-06-18,,
CADSYS-ST.NS,NO_REPLACEMENT,non_equity_series,False,series_sme(-SM/-ST),1445,0,0,1445,0,0.0,2017-10-04,2026-05-19,,
SGBAUG28V-GB.NS,NO_REPLACEMENT,non_equity_series,False,unknown_no_master_entry,1445,0,0,1445,0,0.0,2020-08-21,2026-06-18,,
SEYAIND-BE.NS,NO_REPLACEMENT,non_equity_series,False,series_trade_for_trade(-BE/-BZ),1441,0,0,1441,0,0.0,2019-07-11,2026-06-18,,
TIRUPATIFL-BE.NS,NO_REPLACEMENT,non_equity_series,False,series_trade_for_trade(-BE/-BZ),1439,0,0,1439,0,0.0,2020-08-04,2026-06-18,,
WINSOME-BZ.NS,NO_REPLACEMENT,non_equity_series,False,series_trade_for_trade(-BE/-BZ),1437,0,0,1437,0,0.0,2016-04-11,2026-06-18,,
SGBJUN27-GB.NS,NO_REPLACEMENT,non_equity_series,False,unknown_no_master_entry,1434,0,0,1434,0,0.0,2019-06-19,2026-06-18,,
SGBSEP28VI-GB.NS,NO_REPLACEMENT,non_equity_series,False,unknown_no_master_entry,1422,0,0,1422,0,0.0,2020-09-23,2026-06-18,,
SGBNOV26-GB.NS,NO_REPLACEMENT,non_equity_series,False,unknown_no_master_entry,1421,0,0,1421,0,0.0,2018-11-28,2026-06-18,,
UNIDT-BE.NS,NO_REPLACEMENT,non_equity_series,False,series_trade_for_trade(-BE/-BZ),1420,0,0,1420,0,0.0,2020-09-25,2026-06-18,,
CHEMCON.NS,NO_REPLACEMENT,nse_equity,False,unknown_no_master_entry,1416,0,0,1416,0,0.0,2020-10-01,2026-06-18,,
NIRAJ-BE.NS,NO_REPLACEMENT,non_equity_series,False,series_trade_for_trade(-BE/-BZ),1415,0,0,1415,0,0.0,2020-10-01,2026-06-17,,
MAHICKRA-ST.NS,NO_REPLACEMENT,non_equity_series,False,series_sme(-SM/-ST),1414,0,0,1414,0,0.0,2018-04-26,2026-06-18,,
LIKHITHA-BE.NS,NO_REPLACEMENT,non_equity_series,False,series_trade_for_trade(-BE/-BZ),1407,0,0,1407,0,0.0,2020-10-15,2026-06-18,,
AISL-SM.NS,NO_REPLACEMENT,non_equity_series,False,series_sme(-SM/-ST),1401,0,0,1401,0,0.0,2017-11-20,2026-07-06,,
BSHSL-BE.NS,NO_REPLACEMENT,non_equity_series,False,series_trade_for_trade(-BE/-BZ),1398,0,0,1398,0,0.0,2020-10-28,2026-06-18,,
KHAICHEM-BE.NS,NO_REPLACEMENT,non_equity_series,False,series_trade_for_trade(-BE/-BZ),1396,0,0,1396,0,0.0,2020-10-30,2026-06-18,,
SGBOC28VII-GB.NS,NO_REPLACEMENT,non_equity_series,False,unknown_no_master_entry,1396,0,0,1396,0,0.0,2020-10-29,2026-06-18,,
BAFNAPH-BE.NS,NO_REPLACEMENT,non_equity_series,False,series_trade_for_trade(-BE/-BZ),1394,0,0,1394,0,0.0,2020-03-02,2026-06-18,,
AXISBNKETF.NS,NO_REPLACEMENT,etf_or_inav,False,unknown_no_master_entry,1390,0,0,1390,0,0.0,2020-11-09,2026-06-18,,
DANGEE.NS,NO_REPLACEMENT,nse_equity,True,in_upstox_master,1386,11,0,1386,11,0.0,2020-11-13,2026-06-18,2026-08-24,2026-09-07
ACCURACY.NS,NO_REPLACEMENT,nse_equity,False,unknown_no_master_entry,1381,0,0,1381,0,0.0,2020-12-11,2026-07-06,,
SGBJ28VIII-GB.NS,NO_REPLACEMENT,non_equity_series,False,unknown_no_master_entry,1377,0,0,1377,0,0.0,2020-01-27,2026-06-18,,
SGBJUL27-GB.NS,NO_REPLACEMENT,non_equity_series,False,unknown_no_master_entry,1373,0,0,1373,0,0.0,2019-08-05,2026-06-18,,
SGBN28VIII-GB.NS,NO_REPLACEMENT,non_equity_series,False,unknown_no_master_entry,1373,0,0,1373,0,0.0,2020-12-02,2026-06-18,,
AVG.NS,NO_REPLACEMENT,nse_equity,False,unknown_no_master_entry,1363,0,0,1363,0,0.0,2018-04-11,2026-06-18,,
SVLL-BE.NS,NO_REPLACEMENT,non_equity_series,False,series_trade_for_trade(-BE/-BZ),1362,0,0,1362,0,0.0,2018-06-04,2026-06-18,,
FAIRCHEMOR.NS,NO_REPLACEMENT,nse_equity,False,unknown_no_master_entry,1358,0,0,1358,0,0.0,2020-12-24,2026-06-18,,
MGEL-BE.NS,NO_REPLACEMENT,non_equity_series,False,series_trade_for_trade(-BE/-BZ),1358,0,0,1358,0,0.0,2020-12-23,2026-06-18,,
NIFTY 100.NS,NO_REPLACEMENT,etf_or_inav,False,unknown_no_master_entry,1354,0,0,1354,0,0.0,2021-01-01,2026-06-19,,
NIFTY 200.NS,NO_REPLACEMENT,etf_or_inav,False,unknown_no_master_entry,1354,0,0,1354,0,0.0,2021-01-01,2026-06-19,,
NIFTY 500.NS,NO_REPLACEMENT,etf_or_inav,False,unknown_no_master_entry,1354,0,0,1354,0,0.0,2021-01-01,2026-06-19,,
NIFTY AUTO.NS,NO_REPLACEMENT,etf_or_inav,False,unknown_no_master_entry,1354,0,0,1354,0,0.0,2021-01-01,2026-06-19,,
NIFTY ENERGY.NS,NO_REPLACEMENT,etf_or_inav,False,unknown_no_master_entry,1354,0,0,1354,0,0.0,2021-01-01,2026-06-19,,
NIFTY FIN SERVICE.NS,NO_REPLACEMENT,etf_or_inav,False,unknown_no_master_entry,1354,0,0,1354,0,0.0,2021-01-01,2026-06-19,,
NIFTY FMCG.NS,NO_REPLACEMENT,etf_or_inav,False,unknown_no_master_entry,1354,0,0,1354,0,0.0,2021-01-01,2026-06-19,,
NIFTY INFRA.NS,NO_REPLACEMENT,etf_or_inav,False,unknown_no_master_entry,1354,0,0,1354,0,0.0,2021-01-01,2026-06-19,,
NIFTY IT.NS,NO_REPLACEMENT,etf_or_inav,False,unknown_no_master_entry,1354,0,0,1354,0,0.0,2021-01-01,2026-06-19,,
NIFTY MEDIA.NS,NO_REPLACEMENT,etf_or_inav,False,unknown_no_master_entry,1354,0,0,1354,0,0.0,2021-01-01,2026-06-19,,
NIFTY METAL.NS,NO_REPLACEMENT,etf_or_inav,False,unknown_no_master_entry,1354,0,0,1354,0,0.0,2021-01-01,2026-06-19,,
NIFTY MIDCAP 100.NS,NO_REPLACEMENT,etf_or_inav,False,unknown_no_master_entry,1354,0,0,1354,0,0.0,2021-01-01,2026-06-19,,
NIFTY MIDCAP 50.NS,NO_REPLACEMENT,etf_or_inav,False,unknown_no_master_entry,1354,0,0,1354,0,0.0,2021-01-01,2026-06-19,,
NIFTY NEXT 50.NS,NO_REPLACEMENT,etf_or_inav,False,unknown_no_master_entry,1354,0,0,1354,0,0.0,2021-01-01,2026-06-19,,
NIFTY PHARMA.NS,NO_REPLACEMENT,etf_or_inav,False,unknown_no_master_entry,1354,0,0,1354,0,0.0,2021-01-01,2026-06-19,,
NIFTY PSU BANK.NS,NO_REPLACEMENT,etf_or_inav,False,unknown_no_master_entry,1354,0,0,1354,0,0.0,2021-01-01,2026-06-19,,
NIFTY SMALLCAP 100.NS,NO_REPLACEMENT,etf_or_inav,False,unknown_no_master_entry,1354,0,0,1354,0,0.0,2021-01-01,2026-06-19,,
S&SPOWER-BE.NS,NO_REPLACEMENT,non_equity_series,False,series_trade_for_trade(-BE/-BZ),1353,0,0,1353,0,0.0,2020-03-30,2026-06-18,,
AURIGROW.NS,NO_REPLACEMENT,nse_equity,False,unknown_no_master_entry,1351,0,0,1351,0,0.0,2020-12-24,2026-06-18,,
ORTINGLOBE-BE.NS,NO_REPLACEMENT,non_equity_series,False,series_trade_for_trade(-BE/-BZ),1348,0,0,1348,0,0.0,2016-03-09,2026-06-17,,
SGBJAN29IX-GB.NS,NO_REPLACEMENT,non_equity_series,False,unknown_no_master_entry,1343,0,0,1343,0,0.0,2021-01-15,2026-06-18,,
PRITI-BE.NS,NO_REPLACEMENT,non_equity_series,False,series_trade_for_trade(-BE/-BZ),1337,0,0,1337,0,0.0,2018-06-21,2026-06-18,,
SGBJAN29X-GB.NS,NO_REPLACEMENT,non_equity_series,False,unknown_no_master_entry,1336,0,0,1336,0,0.0,2021-01-27,2026-06-18,,
BIRET-RR.NS,NO_REPLACEMENT,non_equity_series,False,unknown_no_master_entry,1322,0,0,1322,0,0.0,2021-02-16,2026-06-18,,
RAJMET.NS,NO_REPLACEMENT,nse_equity,True,in_upstox_master,1321,10,0,1321,10,0.0,2021-02-16,2026-06-18,2026-08-24,2026-09-04
EMKAYTOOLS-SM.NS,NO_REPLACEMENT,non_equity_series,False,series_sme(-SM/-ST),1318,0,0,1318,0,0.0,2016-01-07,2026-06-18,,
SGBFEB29XI-GB.NS,NO_REPLACEMENT,non_equity_series,False,unknown_no_master_entry,1318,0,0,1318,0,0.0,2021-02-16,2026-06-18,,
MTARTECH.NS,NO_REPLACEMENT,nse_equity,False,unknown_no_master_entry,1315,0,0,1315,0,0.0,2021-03-15,2026-06-30,,
NURECA.NS,NO_REPLACEMENT,nse_equity,False,unknown_no_master_entry,1314,0,0,1314,0,0.0,2021-02-25,2026-06-17,,
HERANBA.NS,NO_REPLACEMENT,nse_equity,True,in_upstox_master,1309,11,0,1309,11,0.0,2021-03-05,2026-06-18,2026-08-24,2026-09-07
FELIX-SM.NS,NO_REPLACEMENT,non_equity_series,False,series_sme(-SM/-ST),1306,0,0,1306,0,0.0,2017-12-05,2026-06-18,,
SGBMR29XII-GB.NS,NO_REPLACEMENT,non_equity_series,False,unknown_no_master_entry,1299,0,0,1299,0,0.0,2021-03-19,2026-06-18,,
AXISTECETF.NS,NO_REPLACEMENT,etf_or_inav,False,unknown_no_master_entry,1293,0,0,1293,0,0.0,2021-03-31,2026-06-18,,
UFBL.NS,NO_REPLACEMENT,nse_equity,False,unknown_no_master_entry,1290,0,0,1290,0,0.0,2021-04-07,2026-06-19,,
ALCODIS-ST.NS,NO_REPLACEMENT,non_equity_series,False,series_sme(-SM/-ST),1287,0,0,1287,0,0.0,2016-10-17,2026-06-18,,
MODISONLTD-BE.NS,NO_REPLACEMENT,non_equity_series,False,series_trade_for_trade(-BE/-BZ),1273,0,0,1273,0,0.0,2021-05-03,2026-06-18,,
^NSEBANK,NO_REPLACEMENT,nse_index,False,index,1270,12,0,1270,12,0.0,2021-06-21,2026-08-21,2026-08-24,2026-09-08
^NSEI,NO_REPLACEMENT,nse_index,False,index,1270,12,0,1270,12,0.0,2021-06-21,2026-08-21,2026-08-24,2026-09-08
PGINVIT-IV.NS,NO_REPLACEMENT,non_equity_series,False,series_other(-IV),1265,0,0,1265,0,0.0,2021-05-14,2026-06-18,,
AXISHCETF.NS,NO_REPLACEMENT,etf_or_inav,False,unknown_no_master_entry,1260,0,0,1260,0,0.0,2021-05-21,2026-06-18,,
SGBFEB28IX-GB.NS,NO_REPLACEMENT,non_equity_series,False,unknown_no_master_entry,1259,0,0,1259,0,0.0,2020-02-17,2026-06-18,,
SGBMAY29I-GB.NS,NO_REPLACEMENT,non_equity_series,False,unknown_no_master_entry,1250,0,0,1250,0,0.0,2021-06-04,2026-06-18,,
SGBJUN29II-GB.NS,NO_REPLACEMENT,non_equity_series,False,unknown_no_master_entry,1248,0,0,1248,0,0.0,2021-06-07,2026-06-18,,
SGBOCT26-GB.NS,NO_REPLACEMENT,non_equity_series,False,unknown_no_master_entry,1248,0,0,1248,0,0.0,2018-11-05,2026-06-17,,
DIACABS.NS,NO_REPLACEMENT,nse_equity,False,unknown_no_master_entry,1246,0,0,1246,0,0.0,2021-06-21,2026-06-25,,
SGBJU29III-GB.NS,NO_REPLACEMENT,non_equity_series,False,unknown_no_master_entry,1244,0,0,1244,0,0.0,2021-06-14,2026-06-18,,
ABMINTLLTD.NS,NO_REPLACEMENT,nse_equity,False,unknown_no_master_entry,1242,0,0,1242,0,0.0,2021-07-06,2026-07-06,,
3IINFOLTD.NS,NO_REPLACEMENT,nse_equity,False,unknown_no_master_entry,1240,0,0,1240,0,0.0,2021-07-01,2026-07-06,,
SGBJAN27-GB.NS,NO_REPLACEMENT,non_equity_series,False,unknown_no_master_entry,1221,0,0,1221,0,0.0,2019-02-25,2026-06-18,,
SVPGLOB-BE.NS,NO_REPLACEMENT,non_equity_series,False,series_trade_for_trade(-BE/-BZ),1221,0,0,1221,0,0.0,2021-07-14,2026-06-18,,
PIGL.NS,NO_REPLACEMENT,nse_equity,True,in_upstox_master,1217,10,0,1217,10,0.0,2018-04-23,2026-06-18,2026-08-24,2026-09-04
SGBJUL29IV-GB.NS,NO_REPLACEMENT,non_equity_series,False,unknown_no_master_entry,1214,0,0,1214,0,0.0,2021-07-27,2026-06-18,,
SUPREMEENG-BZ.NS,NO_REPLACEMENT,non_equity_series,False,series_trade_for_trade(-BE/-BZ),1212,0,0,1212,0,0.0,2020-12-04,2026-06-18,,
AAREYDRUGS-BE.NS,NO_REPLACEMENT,non_equity_series,False,series_trade_for_trade(-BE/-BZ),1206,0,0,1206,0,0.0,2021-08-06,2026-06-18,,
PRITIKAUTO.NS,NO_REPLACEMENT,nse_equity,False,unknown_no_master_entry,1204,0,0,1204,0,0.0,2021-08-10,2026-06-18,,
NGIL-BE.NS,NO_REPLACEMENT,non_equity_series,False,series_trade_for_trade(-BE/-BZ),1196,0,0,1196,0,0.0,2021-08-20,2026-06-17,,
SGBAUG29V-GB.NS,NO_REPLACEMENT,non_equity_series,False,unknown_no_master_entry,1195,0,0,1195,0,0.0,2021-08-24,2026-06-18,,
BLUECOAST-BE.NS,NO_REPLACEMENT,non_equity_series,False,series_trade_for_trade(-BE/-BZ),1187,0,0,1187,0,0.0,2016-01-06,2026-06-18,,
PULZ-SM.NS,NO_REPLACEMENT,non_equity_series,False,series_sme(-SM/-ST),1183,0,0,1183,0,0.0,2017-11-24,2026-06-18,,
VMARCIND-SM.NS,NO_REPLACEMENT,non_equity_series,False,series_sme(-SM/-ST),1182,0,0,1182,0,0.0,2021-04-09,2026-06-18,,
SGBSEP29VI-GB.NS,NO_REPLACEMENT,non_equity_series,False,unknown_no_master_entry,1181,0,0,1181,0,0.0,2021-09-14,2026-06-18,,
AXISCETF.NS,NO_REPLACEMENT,etf_or_inav,False,unknown_no_master_entry,1174,0,0,1174,0,0.0,2021-09-23,2026-06-18,,
BEWLTD-SM.NS,NO_REPLACEMENT,non_equity_series,False,series_sme(-SM/-ST),1174,0,0,1174,0,0.0,2016-01-01,2026-06-18,,
PROPEQUITY-SM.NS,NO_REPLACEMENT,non_equity_series,False,series_sme(-SM/-ST),1167,0,0,1167,0,0.0,2019-02-21,2026-06-18,,
SURANI-ST.NS,NO_REPLACEMENT,non_equity_series,False,series_sme(-SM/-ST),1167,0,0,1167,0,0.0,2019-02-21,2026-06-18,,
PARTYCRUS-SM.NS,NO_REPLACEMENT,non_equity_series,False,series_sme(-SM/-ST),1164,0,0,1164,0,0.0,2021-03-05,2026-06-18,,
PASUPTAC-BE.NS,NO_REPLACEMENT,non_equity_series,False,series_trade_for_trade(-BE/-BZ),1161,0,0,1161,0,0.0,2021-10-12,2026-06-18,,
SGBNV29VII-GB.NS,NO_REPLACEMENT,non_equity_series,False,unknown_no_master_entry,1150,0,0,1150,0,0.0,2017-07-31,2026-06-18,,
EQUIPPP-BE.NS,NO_REPLACEMENT,non_equity_series,False,series_trade_for_trade(-BE/-BZ),1148,0,0,1148,0,0.0,2021-05-20,2026-06-18,,
KRITI-BE.NS,NO_REPLACEMENT,non_equity_series,False,series_trade_for_trade(-BE/-BZ),1148,0,0,1148,0,0.0,2021-11-01,2026-06-18,,
KOTYARK.NS,NO_REPLACEMENT,nse_equity,False,unknown_no_master_entry,1147,0,0,1147,0,0.0,2021-11-02,2026-06-18,,
MANORG-BE.NS,NO_REPLACEMENT,non_equity_series,False,series_trade_for_trade(-BE/-BZ),1147,0,0,1147,0,0.0,2021-11-02,2026-06-18,,
DHRUV-BE.NS,NO_REPLACEMENT,non_equity_series,False,series_trade_for_trade(-BE/-BZ),1143,0,0,1143,0,0.0,2017-01-04,2026-06-18,,
SIGACHI-BE.NS,NO_REPLACEMENT,non_equity_series,False,series_trade_for_trade(-BE/-BZ),1139,0,0,1139,0,0.0,2021-11-15,2026-06-18,,
URAVIDEF.NS,NO_REPLACEMENT,nse_equity,False,unknown_no_master_entry,1139,0,0,1139,0,0.0,2018-03-28,2026-06-18,,
KHFM-SM.NS,NO_REPLACEMENT,non_equity_series,False,series_sme(-SM/-ST),1133,0,0,1133,0,0.0,2019-04-12,2026-06-18,,
SHIVALIK-BE.NS,NO_REPLACEMENT,non_equity_series,False,series_trade_for_trade(-BE/-BZ),1122,0,0,1122,0,0.0,2021-12-09,2026-06-18,,
SGBD29VIII-GB.NS,NO_REPLACEMENT,non_equity_series,False,unknown_no_master_entry,1120,0,0,1120,0,0.0,2021-12-13,2026-06-18,,
SGBJAN30IX-GB.NS,NO_REPLACEMENT,non_equity_series,False,unknown_no_master_entry,1117,0,0,1117,0,0.0,2016-02-26,2026-06-18,,
DYNAMIC-SM.NS,NO_REPLACEMENT,non_equity_series,False,series_sme(-SM/-ST),1116,0,0,1116,0,0.0,2021-10-13,2026-06-18,,
NIDAN-SM.NS,NO_REPLACEMENT,non_equity_series,False,series_sme(-SM/-ST),1110,0,0,1110,0,0.0,2021-11-12,2026-06-17,,
DCI-BE.NS,NO_REPLACEMENT,non_equity_series,False,series_trade_for_trade(-BE/-BZ),1108,0,0,1108,0,0.0,2019-12-27,2026-06-18,,
APTECHT.NS,NO_REPLACEMENT,nse_equity,False,unknown_no_master_entry,1089,0,0,1089,0,0.0,2022-01-24,2026-06-17,,
BYKE.NS,NO_REPLACEMENT,nse_equity,False,unknown_no_master_entry,1089,0,0,1089,0,0.0,2022-01-24,2026-06-17,,
KHADIM.NS,NO_REPLACEMENT,nse_equity,False,unknown_no_master_entry,1089,0,0,1089,0,0.0,2022-01-24,2026-06-17,,
NRL.NS,NO_REPLACEMENT,nse_equity,False,unknown_no_master_entry,1089,0,0,1089,0,0.0,2022-01-24,2026-06-17,,
REPL.NS,NO_REPLACEMENT,nse_equity,False,unknown_no_master_entry,1089,0,0,1089,0,0.0,2022-01-24,2026-06-17,,
RSWM.NS,NO_REPLACEMENT,nse_equity,False,unknown_no_master_entry,1089,0,0,1089,0,0.0,2022-01-24,2026-06-17,,
SUPERSPIN.NS,NO_REPLACEMENT,nse_equity,False,unknown_no_master_entry,1089,0,0,1089,0,0.0,2022-01-24,2026-06-17,,
MHLXMIRU.NS,NO_REPLACEMENT,nse_equity,False,unknown_no_master_entry,1088,0,0,1088,0,0.0,2022-01-27,2026-06-18,,
LATTEYS-BE.NS,NO_REPLACEMENT,non_equity_series,False,series_trade_for_trade(-BE/-BZ),1073,0,0,1073,0,0.0,2018-06-05,2026-06-18,,
SGBFEB27-GB.NS,NO_REPLACEMENT,non_equity_series,False,unknown_no_master_entry,1071,0,0,1071,0,0.0,2019-02-28,2026-06-18,,
SYSTANGO-SM.NS,NO_REPLACEMENT,non_equity_series,False,series_sme(-SM/-ST),1069,0,0,1069,0,0.0,2016-01-01,2026-06-18,,
DUGLOBAL-ST.NS,NO_REPLACEMENT,non_equity_series,False,series_sme(-SM/-ST),1064,0,0,1064,0,0.0,2021-08-26,2026-06-17,,
GOLDSTAR-SM.NS,NO_REPLACEMENT,non_equity_series,False,series_sme(-SM/-ST),1063,0,0,1063,0,0.0,2017-10-10,2026-06-18,,
SGBMAR30X-GB.NS,NO_REPLACEMENT,non_equity_series,False,unknown_no_master_entry,1055,0,0,1055,0,0.0,2022-03-14,2026-06-18,,
MICEL.NS,NO_REPLACEMENT,nse_equity,False,unknown_no_master_entry,1042,0,0,1042,0,0.0,2021-12-20,2026-06-18,,
BMETRICS-SM.NS,NO_REPLACEMENT,non_equity_series,False,series_sme(-SM/-ST),1041,0,0,1041,0,0.0,2021-10-12,2026-06-18,,
PRECISION-SM.NS,NO_REPLACEMENT,non_equity_series,False,series_sme(-SM/-ST),1041,0,0,1041,0,0.0,2022-02-01,2026-06-18,,
UMAEXPORTS-BE.NS,NO_REPLACEMENT,non_equity_series,False,series_trade_for_trade(-BE/-BZ),1040,0,0,1040,0,0.0,2022-04-07,2026-06-18,,
VSCL-ST.NS,NO_REPLACEMENT,non_equity_series,False,series_sme(-SM/-ST),1038,0,0,1038,0,0.0,2017-06-02,2026-06-18,,
HARDWYN.NS,NO_REPLACEMENT,nse_equity,True,in_upstox_master,1037,11,0,1037,11,0.0,2022-04-12,2026-06-18,2026-08-24,2026-09-07
PROLIFE-SM.NS,NO_REPLACEMENT,non_equity_series,False,series_sme(-SM/-ST),1028,0,0,1028,0,0.0,2017-01-09,2026-06-18,,
MDL-ST.NS,NO_REPLACEMENT,non_equity_series,False,series_sme(-SM/-ST),1027,0,0,1027,0,0.0,2018-03-23,2026-06-18,,
INDOAMIN.NS,NO_REPLACEMENT,nse_equity,False,unknown_no_master_entry,1026,0,0,1026,0,0.0,2022-04-29,2026-06-18,,
SGBDEC26-GB.NS,NO_REPLACEMENT,non_equity_series,False,unknown_no_master_entry,1022,0,0,1022,0,0.0,2019-02-21,2026-06-18,,
COOLCAPS-ST.NS,NO_REPLACEMENT,non_equity_series,False,series_sme(-SM/-ST),1006,0,0,1006,0,0.0,2022-03-24,2026-06-18,,
CONTI-SM.NS,NO_REPLACEMENT,non_equity_series,False,series_sme(-SM/-ST),1002,0,0,1002,0,0.0,2018-04-04,2026-06-18,,
PRITIKA-SM.NS,NO_REPLACEMENT,non_equity_series,False,series_sme(-SM/-ST),1002,0,0,1002,0,0.0,2019-09-11,2026-06-18,,
SWARAJ-SM.NS,NO_REPLACEMENT,non_equity_series,False,series_sme(-SM/-ST),997,0,0,997,0,0.0,2022-03-28,2026-06-18,,
PAVNAIND-BE.NS,NO_REPLACEMENT,non_equity_series,False,series_trade_for_trade(-BE/-BZ),988,0,0,988,0,0.0,2021-03-09,2026-06-18,,
TRU.NS,NO_REPLACEMENT,nse_equity,True,in_upstox_master,985,10,0,985,10,0.0,2022-05-10,2026-06-18,2026-08-24,2026-09-04
TRANSWIND-SM.NS,NO_REPLACEMENT,non_equity_series,False,series_sme(-SM/-ST),984,0,0,984,0,0.0,2017-07-12,2026-06-08,,
RAJRILTD-BE.NS,NO_REPLACEMENT,non_equity_series,False,series_trade_for_trade(-BE/-BZ),982,0,0,982,0,0.0,2022-03-16,2026-06-18,,
BAHETI-SM.NS,NO_REPLACEMENT,non_equity_series,False,series_sme(-SM/-ST),980,0,0,980,0,0.0,2019-09-16,2026-06-18,,
SGBJUN30-GB.NS,NO_REPLACEMENT,non_equity_series,False,unknown_no_master_entry,979,0,0,979,0,0.0,2016-09-01,2026-06-18,,
MADHAVBAUG-SM.NS,NO_REPLACEMENT,non_equity_series,False,series_sme(-SM/-ST),978,0,0,978,0,0.0,2022-02-23,2026-06-18,,
SRIVASAVI-SM.NS,NO_REPLACEMENT,non_equity_series,False,series_sme(-SM/-ST),975,0,0,975,0,0.0,2016-07-05,2026-06-18,,
KSHITIJPOL-BE.NS,NO_REPLACEMENT,non_equity_series,False,series_trade_for_trade(-BE/-BZ),961,0,0,961,0,0.0,2022-07-27,2026-06-18,,
OMFURN-ST.NS,NO_REPLACEMENT,non_equity_series,False,series_sme(-SM/-ST),953,0,0,953,0,0.0,2017-10-13,2026-06-16,,
GIRIRAJ-SM.NS,NO_REPLACEMENT,non_equity_series,False,series_sme(-SM/-ST),951,0,0,951,0,0.0,2018-04-02,2026-06-18,,
SKP-SM.NS,NO_REPLACEMENT,non_equity_series,False,series_sme(-SM/-ST),951,0,0,951,0,0.0,2022-07-13,2026-06-18,,
LOYALTEX-BE.NS,NO_REPLACEMENT,non_equity_series,False,series_trade_for_trade(-BE/-BZ),950,0,0,950,0,0.0,2022-08-11,2026-06-18,,
AXISILVER.NS,NO_REPLACEMENT,etf_or_inav,False,unknown_no_master_entry,936,0,0,936,0,0.0,2022-09-21,2026-06-26,,
DBOL-BE.NS,NO_REPLACEMENT,non_equity_series,False,series_trade_for_trade(-BE/-BZ),936,0,0,936,0,0.0,2022-09-08,2026-06-18,,
SPECTRUM.NS,NO_REPLACEMENT,nse_equity,False,unknown_no_master_entry,935,0,0,935,0,0.0,2018-10-01,2026-06-18,,
TIRUPATI-SM.NS,NO_REPLACEMENT,non_equity_series,False,series_sme(-SM/-ST),934,0,0,934,0,0.0,2017-10-05,2026-06-15,,
SHIGAN-SM.NS,NO_REPLACEMENT,non_equity_series,False,series_sme(-SM/-ST),926,0,0,926,0,0.0,2022-03-11,2026-06-18,,
ANNAPURNA-SM.NS,NO_REPLACEMENT,non_equity_series,False,series_sme(-SM/-ST),924,0,0,924,0,0.0,2022-09-27,2026-07-06,,
FIDEL-SM.NS,NO_REPLACEMENT,non_equity_series,False,series_sme(-SM/-ST),923,0,0,923,0,0.0,2022-06-10,2026-06-18,,
SGBAUG30-GB.NS,NO_REPLACEMENT,non_equity_series,False,unknown_no_master_entry,923,0,0,923,0,0.0,2022-09-27,2026-06-18,,
SMVD-SM.NS,NO_REPLACEMENT,non_equity_series,False,series_sme(-SM/-ST),922,0,0,922,0,0.0,2017-12-26,2026-06-04,,
GSTL-ST.NS,NO_REPLACEMENT,non_equity_series,False,series_sme(-SM/-ST),920,0,0,920,0,0.0,2022-06-02,2026-06-16,,
MPTODAY-SM.NS,NO_REPLACEMENT,non_equity_series,False,series_sme(-SM/-ST),920,0,0,920,0,0.0,2017-09-29,2026-06-05,,
KRITINUT-BE.NS,NO_REPLACEMENT,non_equity_series,False,series_trade_for_trade(-BE/-BZ),916,0,0,916,0,0.0,2022-10-07,2026-06-18,,
REXPIPES-SM.NS,NO_REPLACEMENT,non_equity_series,False,series_sme(-SM/-ST),916,0,0,916,0,0.0,2021-08-10,2026-06-15,,
FROG-ST.NS,NO_REPLACEMENT,non_equity_series,False,series_sme(-SM/-ST),912,0,0,912,0,0.0,2022-10-13,2026-06-18,,
VIVIANA-BE.NS,NO_REPLACEMENT,non_equity_series,False,series_trade_for_trade(-BE/-BZ),909,0,0,909,0,0.0,2022-09-16,2026-06-18,,
PHANTOMFX-SM.NS,NO_REPLACEMENT,non_equity_series,False,series_sme(-SM/-ST),906,0,0,906,0,0.0,2022-10-21,2026-06-18,,
KORE-SM.NS,NO_REPLACEMENT,non_equity_series,False,series_sme(-SM/-ST),896,0,0,896,0,0.0,2022-09-08,2026-06-18,,
HYBRIDFIN.NS,NO_REPLACEMENT,nse_equity,False,unknown_no_master_entry,883,0,0,883,0,0.0,2022-12-06,2026-06-25,,
JAINAM-SM.NS,NO_REPLACEMENT,non_equity_series,False,series_sme(-SM/-ST),883,0,0,883,0,0.0,2021-10-08,2026-06-17,,
QMSMEDI-SM.NS,NO_REPLACEMENT,non_equity_series,False,series_sme(-SM/-ST),883,0,0,883,0,0.0,2022-10-11,2026-06-17,,
ZIMLAB-BE.NS,NO_REPLACEMENT,non_equity_series,False,series_trade_for_trade(-BE/-BZ),883,0,0,883,0,0.0,2022-11-25,2026-06-18,,
AGNI-SM.NS,NO_REPLACEMENT,non_equity_series,False,series_sme(-SM/-ST),879,0,0,879,0,0.0,2022-08-01,2026-07-06,,
OSIAHYPER-BE.NS,NO_REPLACEMENT,non_equity_series,False,series_trade_for_trade(-BE/-BZ),878,0,0,878,0,0.0,2022-12-01,2026-06-17,,
VITAL-BE.NS,NO_REPLACEMENT,non_equity_series,False,series_trade_for_trade(-BE/-BZ),876,0,0,876,0,0.0,2022-11-14,2026-06-18,,
RILINFRA-SM.NS,NO_REPLACEMENT,non_equity_series,False,series_sme(-SM/-ST),875,0,0,875,0,0.0,2022-06-10,2026-06-18,,
SWASTIK-ST.NS,NO_REPLACEMENT,non_equity_series,False,series_sme(-SM/-ST),869,0,0,869,0,0.0,2022-10-12,2026-06-18,,
ISHAN-SM.NS,NO_REPLACEMENT,non_equity_series,False,series_sme(-SM/-ST),866,0,0,866,0,0.0,2022-09-22,2026-06-18,,
ALLETEC-ST.NS,NO_REPLACEMENT,non_equity_series,False,series_sme(-SM/-ST),865,0,0,865,0,0.0,2022-12-21,2026-06-18,,
QUADPRO-SM.NS,NO_REPLACEMENT,non_equity_series,False,series_sme(-SM/-ST),865,0,0,865,0,0.0,2021-09-30,2026-06-18,,
ARHAM-SM.NS,NO_REPLACEMENT,non_equity_series,False,series_sme(-SM/-ST),855,0,0,855,0,0.0,2022-12-15,2026-07-06,,
AVONMORE.NS,NO_REPLACEMENT,nse_equity,True,in_upstox_master,855,11,0,855,11,0.0,2023-01-04,2026-06-18,2026-08-24,2026-09-07
RBMINFRA-SM.NS,NO_REPLACEMENT,non_equity_series,False,series_sme(-SM/-ST),853,0,0,853,0,0.0,2023-01-04,2026-06-18,,
SGBDE30III-GB.NS,NO_REPLACEMENT,non_equity_series,False,unknown_no_master_entry,853,0,0,853,0,0.0,2023-01-06,2026-06-18,,
ANLON-ST.NS,NO_REPLACEMENT,non_equity_series,False,series_sme(-SM/-ST),831,0,0,831,0,0.0,2023-01-10,2026-06-18,,
SBGLP.NS,NO_REPLACEMENT,nse_equity,True,in_upstox_master,829,10,0,829,10,0.0,2023-02-10,2026-06-18,2026-08-24,2026-09-04
CMNL-SM.NS,NO_REPLACEMENT,non_equity_series,False,series_sme(-SM/-ST),826,0,0,826,0,0.0,2023-01-16,2026-06-18,,
MILTON-SM.NS,NO_REPLACEMENT,non_equity_series,False,series_sme(-SM/-ST),825,0,0,825,0,0.0,2017-10-16,2026-06-15,,
UCL-ST.NS,NO_REPLACEMENT,non_equity_series,False,series_sme(-SM/-ST),824,0,0,824,0,0.0,2018-08-02,2026-06-18,,
ASMS.NS,NO_REPLACEMENT,nse_equity,False,unknown_no_master_entry,821,0,0,821,0,0.0,2023-02-09,2026-06-18,,
AMEYA-SM.NS,NO_REPLACEMENT,non_equity_series,False,series_sme(-SM/-ST),819,0,0,819,0,0.0,2022-09-08,2026-07-06,,
SHERA-ST.NS,NO_REPLACEMENT,non_equity_series,False,series_sme(-SM/-ST),819,0,0,819,0,0.0,2023-02-17,2026-06-18,,
AVATAR-ST.NS,NO_REPLACEMENT,non_equity_series,False,series_sme(-SM/-ST),809,0,0,809,0,0.0,2017-04-18,2026-06-10,,
DUCOL-SM.NS,NO_REPLACEMENT,non_equity_series,False,series_sme(-SM/-ST),807,0,0,807,0,0.0,2023-01-19,2026-06-17,,
AKI.NS,NO_REPLACEMENT,nse_equity,True,in_upstox_master,806,11,0,806,11,0.0,2023-04-06,2026-07-06,2026-08-24,2026-09-07
LLOYDS-ST.NS,NO_REPLACEMENT,non_equity_series,False,series_sme(-SM/-ST),805,0,0,805,0,0.0,2022-10-11,2026-06-18,,
SONUINFRA-SM.NS,NO_REPLACEMENT,non_equity_series,False,series_sme(-SM/-ST),803,0,0,803,0,0.0,2022-05-13,2026-06-18,,
NINSYS-BE.NS,NO_REPLACEMENT,non_equity_series,False,series_trade_for_trade(-BE/-BZ),801,0,0,801,0,0.0,2023-02-21,2026-06-17,,
SGBMAR31IV-GB.NS,NO_REPLACEMENT,non_equity_series,False,unknown_no_master_entry,801,0,0,801,0,0.0,2023-03-23,2026-06-18,,
USASEEDS-SM.NS,NO_REPLACEMENT,non_equity_series,False,series_sme(-SM/-ST),800,0,0,800,0,0.0,2022-08-11,2026-06-18,,
AXSENSEX.NS,NO_REPLACEMENT,etf_or_inav,False,unknown_no_master_entry,797,0,0,797,0,0.0,2023-03-29,2026-06-18,,
NIRMAN-SM.NS,NO_REPLACEMENT,non_equity_series,False,series_sme(-SM/-ST),796,0,0,796,0,0.0,2023-03-28,2026-06-17,,
DOLLEX-SM.NS,NO_REPLACEMENT,non_equity_series,False,series_sme(-SM/-ST),789,0,0,789,0,0.0,2022-12-28,2026-06-17,,
MOS-SM.NS,NO_REPLACEMENT,non_equity_series,False,series_sme(-SM/-ST),782,0,0,782,0,0.0,2023-04-18,2026-06-17,,
DESTINY-SM.NS,NO_REPLACEMENT,non_equity_series,False,series_sme(-SM/-ST),779,0,0,779,0,0.0,2021-10-13,2026-04-21,,
DKEGL-SM.NS,NO_REPLACEMENT,non_equity_series,False,series_sme(-SM/-ST),775,0,0,775,0,0.0,2021-10-22,2026-06-18,,
SADHNANIQ-BE.NS,NO_REPLACEMENT,non_equity_series,False,series_trade_for_trade(-BE/-BZ),774,0,0,774,0,0.0,2023-05-08,2026-06-18,,
TIMESCAN-SM.NS,NO_REPLACEMENT,non_equity_series,False,series_sme(-SM/-ST),774,0,0,774,0,0.0,2022-01-12,2026-06-18,,
RACE-BE.NS,NO_REPLACEMENT,non_equity_series,False,series_trade_for_trade(-BE/-BZ),773,0,0,773,0,0.0,2023-05-09,2026-06-18,,
INFINIUM-SM.NS,NO_REPLACEMENT,non_equity_series,False,series_sme(-SM/-ST),767,0,0,767,0,0.0,2023-04-17,2026-06-18,,
NXST-RR.NS,NO_REPLACEMENT,non_equity_series,False,unknown_no_master_entry,764,0,0,764,0,0.0,2023-05-19,2026-06-17,,
FOCE-SM.NS,NO_REPLACEMENT,non_equity_series,False,series_sme(-SM/-ST),761,0,0,761,0,0.0,2021-12-28,2026-06-18,,
WALPAR-SM.NS,NO_REPLACEMENT,non_equity_series,False,series_sme(-SM/-ST),760,0,0,760,0,0.0,2021-07-13,2026-06-15,,
KANDARP-SM.NS,NO_REPLACEMENT,non_equity_series,False,series_sme(-SM/-ST),758,0,0,758,0,0.0,2022-09-28,2026-06-18,,
KRISHCA-SM.NS,NO_REPLACEMENT,non_equity_series,False,series_sme(-SM/-ST),758,0,0,758,0,0.0,2023-05-26,2026-06-18,,
DENTALKART-SM.NS,NO_REPLACEMENT,non_equity_series,False,series_sme(-SM/-ST),755,0,0,755,0,0.0,2023-06-02,2026-06-18,,
VEEKAYEM-ST.NS,NO_REPLACEMENT,non_equity_series,False,series_sme(-SM/-ST),754,0,0,754,0,0.0,2022-08-22,2026-06-18,,
REMUS-SM.NS,NO_REPLACEMENT,non_equity_series,False,series_sme(-SM/-ST),753,0,0,753,0,0.0,2023-05-29,2026-06-18,,
SIDDHIKA-SM.NS,NO_REPLACEMENT,non_equity_series,False,series_sme(-SM/-ST),752,0,0,752,0,0.0,2021-04-07,2026-06-18,,
UMA-SM.NS,NO_REPLACEMENT,non_equity_series,False,series_sme(-SM/-ST),751,0,0,751,0,0.0,2022-12-29,2026-06-16,,
JFLLIFE-SM.NS,NO_REPLACEMENT,non_equity_series,False,series_sme(-SM/-ST),750,0,0,750,0,0.0,2022-09-08,2026-06-18,,
KCK-SM.NS,NO_REPLACEMENT,non_equity_series,False,series_sme(-SM/-ST),747,0,0,747,0,0.0,2022-07-08,2026-06-18,,
QUICKTOUCH-SM.NS,NO_REPLACEMENT,non_equity_series,False,series_sme(-SM/-ST),747,0,0,747,0,0.0,2023-05-02,2026-06-18,,
DENEERS-SM.NS,NO_REPLACEMENT,non_equity_series,False,series_sme(-SM/-ST),746,0,0,746,0,0.0,2023-05-11,2026-06-18,,
INFOLLION-SM.NS,NO_REPLACEMENT,non_equity_series,False,series_sme(-SM/-ST),746,0,0,746,0,0.0,2023-06-08,2026-06-18,,
KDL-SM.NS,NO_REPLACEMENT,non_equity_series,False,series_sme(-SM/-ST),746,0,0,746,0,0.0,2023-06-14,2026-06-18,,
MCON-SM.NS,NO_REPLACEMENT,non_equity_series,False,series_sme(-SM/-ST),744,0,0,744,0,0.0,2023-03-20,2026-06-17,,
SAHANA-SM.NS,NO_REPLACEMENT,non_equity_series,False,series_sme(-SM/-ST),744,0,0,744,0,0.0,2023-06-12,2026-06-18,,
AARTECH.NS,NO_REPLACEMENT,nse_equity,False,unknown_no_master_entry,743,0,0,743,0,0.0,2023-07-10,2026-07-06,,
CMRSL-SM.NS,NO_REPLACEMENT,non_equity_series,False,series_sme(-SM/-ST),741,0,0,741,0,0.0,2017-07-14,2026-06-18,,
PARIN-SM.NS,NO_REPLACEMENT,non_equity_series,False,series_sme(-SM/-ST),737,0,0,737,0,0.0,2018-10-09,2026-06-18,,
URBAN-SM.NS,NO_REPLACEMENT,non_equity_series,False,series_sme(-SM/-ST),736,0,0,736,0,0.0,2023-06-22,2026-06-18,,
ESFL-ST.NS,NO_REPLACEMENT,non_equity_series,False,series_sme(-SM/-ST),732,0,0,732,0,0.0,2023-07-06,2026-06-18,,
IDEAFORGE-BE.NS,NO_REPLACEMENT,non_equity_series,False,series_trade_for_trade(-BE/-BZ),731,0,0,731,0,0.0,2023-07-07,2026-06-18,,
SGBJUN31I-GB.NS,NO_REPLACEMENT,non_equity_series,False,unknown_no_master_entry,729,0,0,729,0,0.0,2023-07-11,2026-06-18,,
CRAYONS-SM.NS,NO_REPLACEMENT,non_equity_series,False,series_sme(-SM/-ST),728,0,0,728,0,0.0,2023-06-02,2026-06-18,,
GREENCHEF-SM.NS,NO_REPLACEMENT,non_equity_series,False,series_sme(-SM/-ST),722,0,0,722,0,0.0,2023-07-06,2026-06-17,,
DRONE-ST.NS,NO_REPLACEMENT,non_equity_series,False,series_sme(-SM/-ST),721,0,0,721,0,0.0,2023-07-21,2026-06-18,,
VASA-SM.NS,NO_REPLACEMENT,non_equity_series,False,series_sme(-SM/-ST),721,0,0,721,0,0.0,2018-02-06,2026-06-08,,
HOMESFY-SM.NS,NO_REPLACEMENT,non_equity_series,False,series_sme(-SM/-ST),720,0,0,720,0,0.0,2023-01-02,2026-06-18,,
ACCORD-ST.NS,NO_REPLACEMENT,non_equity_series,False,series_sme(-SM/-ST),711,0,0,711,0,0.0,2017-07-06,2026-06-18,,
AUROIMPEX-SM.NS,NO_REPLACEMENT,non_equity_series,False,series_sme(-SM/-ST),705,0,0,705,0,0.0,2023-05-23,2026-06-18,,
ORIANA-SM.NS,NO_REPLACEMENT,non_equity_series,False,series_sme(-SM/-ST),705,0,0,705,0,0.0,2023-08-11,2026-06-17,,
SPECTSTM-ST.NS,NO_REPLACEMENT,non_equity_series,False,series_sme(-SM/-ST),705,0,0,705,0,0.0,2023-06-22,2026-06-18,,
VLEGOV-BE.NS,NO_REPLACEMENT,non_equity_series,False,series_trade_for_trade(-BE/-BZ),705,0,0,705,0,0.0,2023-08-14,2026-06-18,,
CELLPOINT-SM.NS,NO_REPLACEMENT,non_equity_series,False,series_sme(-SM/-ST),702,0,0,702,0,0.0,2023-06-28,2026-06-15,,
DOLPHIN.NS,NO_REPLACEMENT,nse_equity,True,in_upstox_master,700,11,0,700,11,0.0,2023-08-21,2026-06-18,2026-08-24,2026-09-07
SSFL-ST.NS,NO_REPLACEMENT,non_equity_series,False,series_sme(-SM/-ST),700,0,0,700,0,0.0,2023-08-18,2026-06-18,,
LORDSCHLO.NS,NO_REPLACEMENT,nse_equity,True,in_upstox_master,696,11,0,696,11,0.0,2023-08-28,2026-06-18,2026-08-24,2026-09-07
VINSYS-SM.NS,NO_REPLACEMENT,non_equity_series,False,series_sme(-SM/-ST),696,0,0,696,0,0.0,2023-08-11,2026-06-18,,
LRRPL-SM.NS,NO_REPLACEMENT,non_equity_series,False,series_sme(-SM/-ST),691,0,0,691,0,0.0,2023-02-21,2026-06-18,,
ARIHANTACA-SM.NS,NO_REPLACEMENT,non_equity_series,False,series_sme(-SM/-ST),690,0,0,690,0,0.0,2022-12-29,2026-07-06,,
VPRPL-BE.NS,NO_REPLACEMENT,non_equity_series,False,series_trade_for_trade(-BE/-BZ),690,0,0,690,0,0.0,2023-09-05,2026-06-18,,
BASILIC-SM.NS,NO_REPLACEMENT,non_equity_series,False,series_sme(-SM/-ST),686,0,0,686,0,0.0,2023-09-11,2026-06-18,,
ZEAL-SM.NS,NO_REPLACEMENT,non_equity_series,False,series_sme(-SM/-ST),686,0,0,686,0,0.0,2023-08-09,2026-06-17,,
SYNOPTICS-SM.NS,NO_REPLACEMENT,non_equity_series,False,series_sme(-SM/-ST),683,0,0,683,0,0.0,2023-07-13,2026-06-17,,
ARISTO-ST.NS,NO_REPLACEMENT,non_equity_series,False,series_sme(-SM/-ST),676,0,0,676,0,0.0,2023-01-30,2026-06-17,,
CHAVDA-SM.NS,NO_REPLACEMENT,non_equity_series,False,series_sme(-SM/-ST),675,0,0,675,0,0.0,2023-09-25,2026-06-18,,
KODYTECH-SM.NS,NO_REPLACEMENT,non_equity_series,False,series_sme(-SM/-ST),675,0,0,675,0,0.0,2023-09-27,2026-06-18,,
CELLECOR-ST.NS,NO_REPLACEMENT,non_equity_series,False,series_sme(-SM/-ST),674,0,0,674,0,0.0,2023-09-28,2026-06-18,,
HIGREEN-SM.NS,NO_REPLACEMENT,non_equity_series,False,series_sme(-SM/-ST),673,0,0,673,0,0.0,2023-09-28,2026-06-18,,
SABAR-SM.NS,NO_REPLACEMENT,non_equity_series,False,series_sme(-SM/-ST),670,0,0,670,0,0.0,2022-09-21,2026-06-16,,
SAAKSHI-SM.NS,NO_REPLACEMENT,non_equity_series,False,series_sme(-SM/-ST),669,0,0,669,0,0.0,2023-10-03,2026-06-18,,
VALIANTLAB-BE.NS,NO_REPLACEMENT,non_equity_series,False,series_trade_for_trade(-BE/-BZ),669,0,0,669,0,0.0,2023-10-06,2026-06-18,,
AGARWALFT-ST.NS,NO_REPLACEMENT,non_equity_series,False,series_sme(-SM/-ST),667,0,0,667,0,0.0,2023-02-23,2026-06-18,,
DIGIKORE-SM.NS,NO_REPLACEMENT,non_equity_series,False,series_sme(-SM/-ST),667,0,0,667,0,0.0,2023-10-04,2026-06-18,,
MADHUSUDAN-SM.NS,NO_REPLACEMENT,non_equity_series,False,series_sme(-SM/-ST),667,0,0,667,0,0.0,2023-09-26,2026-06-18,,
PLAZACABLE-BE.NS,NO_REPLACEMENT,non_equity_series,False,series_trade_for_trade(-BE/-BZ),665,0,0,665,0,0.0,2023-10-12,2026-06-18,,
SGBSEP31II-GB.NS,NO_REPLACEMENT,non_equity_series,False,unknown_no_master_entry,665,0,0,665,0,0.0,2023-10-12,2026-06-18,,
CANARYS-SM.NS,NO_REPLACEMENT,non_equity_series,False,series_sme(-SM/-ST),664,0,0,664,0,0.0,2023-10-11,2026-06-18,,
UNIHEALTH-ST.NS,NO_REPLACEMENT,non_equity_series,False,series_sme(-SM/-ST),664,0,0,664,0,0.0,2023-09-21,2026-06-18,,
TICL.NS,NO_REPLACEMENT,nse_equity,False,unknown_no_master_entry,663,0,0,663,0,0.0,2023-10-16,2026-06-18,,
VINYAS-SM.NS,NO_REPLACEMENT,non_equity_series,False,series_sme(-SM/-ST),663,0,0,663,0,0.0,2023-10-06,2026-06-18,,
VISHNUINFR-SM.NS,NO_REPLACEMENT,non_equity_series,False,series_sme(-SM/-ST),661,0,0,661,0,0.0,2023-10-10,2026-06-18,,
NEWJAISA-ST.NS,NO_REPLACEMENT,non_equity_series,False,series_sme(-SM/-ST),658,0,0,658,0,0.0,2023-10-05,2026-06-18,,
YUDIZ-SM.NS,NO_REPLACEMENT,non_equity_series,False,series_sme(-SM/-ST),658,0,0,658,0,0.0,2023-08-17,2026-06-18,,
PRAMARA-SM.NS,NO_REPLACEMENT,non_equity_series,False,series_sme(-SM/-ST),657,0,0,657,0,0.0,2023-09-13,2026-06-18,,
SEL-ST.NS,NO_REPLACEMENT,non_equity_series,False,series_sme(-SM/-ST),657,0,0,657,0,0.0,2023-08-31,2026-06-18,,
PENTAGON-SM.NS,NO_REPLACEMENT,non_equity_series,False,series_sme(-SM/-ST),656,0,0,656,0,0.0,2023-07-07,2026-06-18,,
RICHA-ST.NS,NO_REPLACEMENT,non_equity_series,False,series_sme(-SM/-ST),656,0,0,656,0,0.0,2022-02-21,2026-06-18,,
AATMAJ-SM.NS,NO_REPLACEMENT,non_equity_series,False,series_sme(-SM/-ST),654,0,0,654,0,0.0,2023-06-30,2026-07-03,,
MEGAFLEX-SM.NS,NO_REPLACEMENT,non_equity_series,False,series_sme(-SM/-ST),654,0,0,654,0,0.0,2022-09-19,2026-06-01,,
MARCO-SM.NS,NO_REPLACEMENT,non_equity_series,False,series_sme(-SM/-ST),651,0,0,651,0,0.0,2023-09-28,2026-06-17,,
TRANSTEEL-SM.NS,NO_REPLACEMENT,non_equity_series,False,series_sme(-SM/-ST),648,0,0,648,0,0.0,2023-11-06,2026-06-18,,
SARTELE-SM.NS,NO_REPLACEMENT,non_equity_series,False,series_sme(-SM/-ST),647,0,0,647,0,0.0,2023-11-08,2026-06-18,,
GOYALSALT-SM.NS,NO_REPLACEMENT,non_equity_series,False,series_sme(-SM/-ST),646,0,0,646,0,0.0,2023-10-11,2026-06-18,,
ESAFSFB.NS,NO_REPLACEMENT,nse_equity,False,unknown_no_master_entry,645,0,0,645,0,0.0,2023-11-10,2026-06-18,,
KARNIKA-SM.NS,NO_REPLACEMENT,non_equity_series,False,series_sme(-SM/-ST),645,0,0,645,0,0.0,2023-10-12,2026-06-18,,
GLOBALPET-ST.NS,NO_REPLACEMENT,non_equity_series,False,series_sme(-SM/-ST),643,0,0,643,0,0.0,2023-07-10,2026-06-18,,
EFACTOR-SM.NS,NO_REPLACEMENT,non_equity_series,False,series_sme(-SM/-ST),642,0,0,642,0,0.0,2023-10-09,2026-06-18,,
PARAMPARA-SM.NS,NO_REPLACEMENT,non_equity_series,False,series_sme(-SM/-ST),642,0,0,642,0,0.0,2018-02-12,2026-06-15,,
TRIDHYA-SM.NS,NO_REPLACEMENT,non_equity_series,False,series_sme(-SM/-ST),642,0,0,642,0,0.0,2023-07-13,2026-06-17,,
MAL-SM.NS,NO_REPLACEMENT,non_equity_series,False,series_sme(-SM/-ST),639,0,0,639,0,0.0,2023-10-04,2026-06-18,,
KONTOR-SM.NS,NO_REPLACEMENT,non_equity_series,False,series_sme(-SM/-ST),638,0,0,638,0,0.0,2023-10-10,2026-06-18,,
PARAGON-SM.NS,NO_REPLACEMENT,non_equity_series,False,series_sme(-SM/-ST),638,0,0,638,0,0.0,2023-11-03,2026-06-18,,
ROXHITECH-ST.NS,NO_REPLACEMENT,non_equity_series,False,series_sme(-SM/-ST),636,0,0,636,0,0.0,2023-11-16,2026-06-18,,
PROV-SM.NS,NO_REPLACEMENT,non_equity_series,False,series_sme(-SM/-ST),633,0,0,633,0,0.0,2018-01-30,2026-06-18,,
ARVINDPORT-ST.NS,NO_REPLACEMENT,non_equity_series,False,series_sme(-SM/-ST),631,0,0,631,0,0.0,2023-10-25,2026-06-18,,
HOLMARC-SM.NS,NO_REPLACEMENT,non_equity_series,False,series_sme(-SM/-ST),631,0,0,631,0,0.0,2023-09-25,2026-06-18,,
SCML-SM.NS,NO_REPLACEMENT,non_equity_series,False,series_sme(-SM/-ST),630,0,0,630,0,0.0,2023-10-12,2026-06-18,,
SHEETAL-SM.NS,NO_REPLACEMENT,non_equity_series,False,series_sme(-SM/-ST),625,0,0,625,0,0.0,2023-12-11,2026-06-18,,
OLIL-ST.NS,NO_REPLACEMENT,non_equity_series,False,series_sme(-SM/-ST),624,0,0,624,0,0.0,2023-10-11,2026-06-17,,
TAPIFRUIT-SM.NS,NO_REPLACEMENT,non_equity_series,False,series_sme(-SM/-ST),623,0,0,623,0,0.0,2022-09-22,2026-06-17,,
ACCENTMIC-SM.NS,NO_REPLACEMENT,non_equity_series,False,series_sme(-SM/-ST),622,0,0,622,0,0.0,2023-12-15,2026-07-06,,
MAGSON-ST.NS,NO_REPLACEMENT,non_equity_series,False,series_sme(-SM/-ST),622,0,0,622,0,0.0,2023-07-06,2026-06-18,,
SHRITECH-SM.NS,NO_REPLACEMENT,non_equity_series,False,series_sme(-SM/-ST),622,0,0,622,0,0.0,2023-08-04,2026-06-18,,
ROCKINGDCE-SM.NS,NO_REPLACEMENT,non_equity_series,False,series_sme(-SM/-ST),619,0,0,619,0,0.0,2023-11-30,2026-06-18,,
SJLOGISTIC-SM.NS,NO_REPLACEMENT,non_equity_series,False,series_sme(-SM/-ST),619,0,0,619,0,0.0,2023-12-19,2026-06-18,,
ONDOOR-ST.NS,NO_REPLACEMENT,non_equity_series,False,series_sme(-SM/-ST),618,0,0,618,0,0.0,2023-11-01,2026-06-17,,
WOMANCART-SM.NS,NO_REPLACEMENT,non_equity_series,False,series_sme(-SM/-ST),617,0,0,617,0,0.0,2023-10-27,2026-06-18,,
CLSL-SM.NS,NO_REPLACEMENT,non_equity_series,False,series_sme(-SM/-ST),615,0,0,615,0,0.0,2023-08-30,2026-06-16,,
PRESSTONIC-SM.NS,NO_REPLACEMENT,non_equity_series,False,series_sme(-SM/-ST),615,0,0,615,0,0.0,2023-12-18,2026-06-18,,
RITEZONE-ST.NS,NO_REPLACEMENT,non_equity_series,False,series_sme(-SM/-ST),615,0,0,615,0,0.0,2022-11-11,2026-06-16,,
VIAZ-SM.NS,NO_REPLACEMENT,non_equity_series,False,series_sme(-SM/-ST),615,0,0,615,0,0.0,2023-03-01,2026-06-18,,
PRUDMOULI-BE.NS,NO_REPLACEMENT,non_equity_series,False,series_trade_for_trade(-BE/-BZ),614,0,0,614,0,0.0,2023-12-22,2026-06-18,,
RBZJEWEL.NS,NO_REPLACEMENT,nse_equity,True,in_upstox_master,614,11,0,614,11,0.0,2023-12-27,2026-06-18,2026-08-24,2026-09-07
SUPREMEPWR-ST.NS,NO_REPLACEMENT,non_equity_series,False,series_sme(-SM/-ST),612,0,0,612,0,0.0,2023-12-29,2026-06-18,,
TECHLABS-ST.NS,NO_REPLACEMENT,non_equity_series,False,series_sme(-SM/-ST),611,0,0,611,0,0.0,2023-12-29,2026-06-18,,
MAITREYA-SM.NS,NO_REPLACEMENT,non_equity_series,False,series_sme(-SM/-ST),609,0,0,609,0,0.0,2023-11-07,2026-06-18,,
KCEIL-ST.NS,NO_REPLACEMENT,non_equity_series,False,series_sme(-SM/-ST),606,0,0,606,0,0.0,2024-01-05,2026-06-18,,
YCCL-SM.NS,NO_REPLACEMENT,non_equity_series,False,series_sme(-SM/-ST),604,0,0,604,0,0.0,2023-08-03,2026-06-18,,
EFORCE-SM.NS,NO_REPLACEMENT,non_equity_series,False,series_sme(-SM/-ST),602,0,0,602,0,0.0,2023-12-27,2026-06-18,,
KLL-SM.NS,NO_REPLACEMENT,non_equity_series,False,series_sme(-SM/-ST),600,0,0,600,0,0.0,2024-01-08,2026-06-18,,
APS-SM.NS,NO_REPLACEMENT,non_equity_series,False,series_sme(-SM/-ST),599,0,0,599,0,0.0,2024-01-18,2026-07-06,,
SHREEOSFM-SM.NS,NO_REPLACEMENT,non_equity_series,False,series_sme(-SM/-ST),598,0,0,598,0,0.0,2023-12-21,2026-06-18,,
KEL-SM.NS,NO_REPLACEMENT,non_equity_series,False,series_sme(-SM/-ST),596,0,0,596,0,0.0,2023-09-26,2026-06-18,,
AKANKSHA-ST.NS,NO_REPLACEMENT,non_equity_series,False,series_sme(-SM/-ST),594,0,0,594,0,0.0,2024-01-03,2026-06-18,,
SGBDE31III-GB.NS,NO_REPLACEMENT,non_equity_series,False,unknown_no_master_entry,591,0,0,591,0,0.0,2024-01-30,2026-06-18,,
ADDICTIVE-SM.NS,NO_REPLACEMENT,non_equity_series,False,series_sme(-SM/-ST),590,0,0,590,0,0.0,2024-01-30,2026-07-06,,
GRAPHISAD-SM.NS,NO_REPLACEMENT,non_equity_series,False,series_sme(-SM/-ST),590,0,0,590,0,0.0,2023-12-13,2026-06-18,,
NOVAAGRI-BE.NS,NO_REPLACEMENT,non_equity_series,False,series_trade_for_trade(-BE/-BZ),589,0,0,589,0,0.0,2024-01-31,2026-06-17,,
MEGATHERM-SM.NS,NO_REPLACEMENT,non_equity_series,False,series_sme(-SM/-ST),587,0,0,587,0,0.0,2024-02-05,2026-06-18,,
INSPIRE-ST.NS,NO_REPLACEMENT,non_equity_series,False,series_sme(-SM/-ST),586,0,0,586,0,0.0,2023-10-05,2026-06-16,,
GRCL-ST.NS,NO_REPLACEMENT,non_equity_series,False,series_sme(-SM/-ST),585,0,0,585,0,0.0,2023-02-07,2026-06-18,,
DELAPLEX-SM.NS,NO_REPLACEMENT,non_equity_series,False,series_sme(-SM/-ST),582,0,0,582,0,0.0,2024-02-02,2026-06-18,,
JETKNIT-ST.NS,NO_REPLACEMENT,non_equity_series,False,series_sme(-SM/-ST),582,0,0,582,0,0.0,2016-10-07,2026-06-18,,
ALPEXSOLAR-SM.NS,NO_REPLACEMENT,non_equity_series,False,series_sme(-SM/-ST),580,0,0,580,0,0.0,2024-02-15,2026-07-06,,
ARABIAN-SM.NS,NO_REPLACEMENT,non_equity_series,False,series_sme(-SM/-ST),579,0,0,579,0,0.0,2023-10-09,2026-07-03,,
BABAFP-SM.NS,NO_REPLACEMENT,non_equity_series,False,series_sme(-SM/-ST),576,0,0,576,0,0.0,2023-11-15,2026-06-18,,
KONSTELEC-ST.NS,NO_REPLACEMENT,non_equity_series,False,series_sme(-SM/-ST),576,0,0,576,0,0.0,2024-01-30,2026-06-18,,
RCDL-SM.NS,NO_REPLACEMENT,non_equity_series,False,series_sme(-SM/-ST),576,0,0,576,0,0.0,2023-10-31,2026-06-18,,
WTICAB-SM.NS,NO_REPLACEMENT,non_equity_series,False,series_sme(-SM/-ST),576,0,0,576,0,0.0,2024-02-19,2026-06-18,,
MAXPOSURE-SM.NS,NO_REPLACEMENT,non_equity_series,False,series_sme(-SM/-ST),574,0,0,574,0,0.0,2024-01-23,2026-06-18,,
SAIFL-SM.NS,NO_REPLACEMENT,non_equity_series,False,series_sme(-SM/-ST),574,0,0,574,0,0.0,2024-01-01,2026-06-18,,
ATMASTCO-ST.NS,NO_REPLACEMENT,non_equity_series,False,series_sme(-SM/-ST),573,0,0,573,0,0.0,2024-02-23,2026-06-18,,
ESCONET-ST.NS,NO_REPLACEMENT,non_equity_series,False,series_sme(-SM/-ST),573,0,0,573,0,0.0,2024-02-23,2026-06-18,,
BAWEJA-ST.NS,NO_REPLACEMENT,non_equity_series,False,series_sme(-SM/-ST),572,0,0,572,0,0.0,2024-02-06,2026-06-18,,
JIWANRAM-SM.NS,NO_REPLACEMENT,non_equity_series,False,series_sme(-SM/-ST),572,0,0,572,0,0.0,2023-09-18,2026-06-16,,
MANAV-SM.NS,NO_REPLACEMENT,non_equity_series,False,series_sme(-SM/-ST),572,0,0,572,0,0.0,2017-09-18,2026-06-16,,
TCL-SM.NS,NO_REPLACEMENT,non_equity_series,False,series_sme(-SM/-ST),571,0,0,571,0,0.0,2024-02-23,2026-06-18,,
AMBANIORGO-SM.NS,NO_REPLACEMENT,non_equity_series,False,series_sme(-SM/-ST),568,0,0,568,0,0.0,2018-07-18,2026-06-30,,
CPS-SM.NS,NO_REPLACEMENT,non_equity_series,False,series_sme(-SM/-ST),568,0,0,568,0,0.0,2023-09-07,2026-06-18,,
SERVICE-SM.NS,NO_REPLACEMENT,non_equity_series,False,series_sme(-SM/-ST),568,0,0,568,0,0.0,2023-07-26,2026-06-16,,
SGBFEB32IV-GB.NS,NO_REPLACEMENT,non_equity_series,False,unknown_no_master_entry,568,0,0,568,0,0.0,2024-03-01,2026-06-18,,
SADHAV-SM.NS,NO_REPLACEMENT,non_equity_series,False,series_sme(-SM/-ST),566,0,0,566,0,0.0,2024-03-01,2026-06-18,,
ZENITHDRUG-SM.NS,NO_REPLACEMENT,non_equity_series,False,series_sme(-SM/-ST),565,0,0,565,0,0.0,2024-02-27,2026-06-18,,
OWAIS-SM.NS,NO_REPLACEMENT,non_equity_series,False,series_sme(-SM/-ST),563,0,0,563,0,0.0,2024-03-04,2026-06-17,,
MVKAGRO-SM.NS,NO_REPLACEMENT,non_equity_series,False,series_sme(-SM/-ST),562,0,0,562,0,0.0,2024-03-07,2026-06-18,,
INDUSINVIT-IV.NS,NO_REPLACEMENT,non_equity_series,False,series_other(-IV),561,0,0,561,0,0.0,2024-03-12,2026-06-18,,
VELS-SM.NS,NO_REPLACEMENT,non_equity_series,False,series_sme(-SM/-ST),560,0,0,560,0,0.0,2017-06-28,2026-05-08,,
SONAMAC-ST.NS,NO_REPLACEMENT,non_equity_series,False,series_sme(-SM/-ST),557,0,0,557,0,0.0,2024-03-13,2026-06-18,,
COMMITTED-ST.NS,NO_REPLACEMENT,non_equity_series,False,series_sme(-SM/-ST),556,0,0,556,0,0.0,2023-10-18,2026-06-18,,
AVPINFRA-SM.NS,NO_REPLACEMENT,non_equity_series,False,series_sme(-SM/-ST),555,0,0,555,0,0.0,2024-03-20,2026-06-18,,
PRATHAM-SM.NS,NO_REPLACEMENT,non_equity_series,False,series_sme(-SM/-ST),555,0,0,555,0,0.0,2024-03-18,2026-06-18,,
SHREEKARNI-SM.NS,NO_REPLACEMENT,non_equity_series,False,series_sme(-SM/-ST),552,0,0,552,0,0.0,2024-03-14,2026-06-18,,
HRHNEXT-SM.NS,NO_REPLACEMENT,non_equity_series,False,series_sme(-SM/-ST),547,0,0,547,0,0.0,2024-01-03,2026-06-18,,
SICALLOG-BE.NS,NO_REPLACEMENT,non_equity_series,False,series_trade_for_trade(-BE/-BZ),547,0,0,547,0,0.0,2023-10-12,2026-06-18,,
MAKS-SM.NS,NO_REPLACEMENT,non_equity_series,False,series_sme(-SM/-ST),545,0,0,545,0,0.0,2022-09-28,2026-06-18,,
MICROPRO-SM.NS,NO_REPLACEMENT,non_equity_series,False,series_sme(-SM/-ST),545,0,0,545,0,0.0,2023-11-10,2026-06-18,,
TAC-SM.NS,NO_REPLACEMENT,non_equity_series,False,series_sme(-SM/-ST),545,0,0,545,0,0.0,2024-04-05,2026-06-18,,
TRUST-SM.NS,NO_REPLACEMENT,non_equity_series,False,series_sme(-SM/-ST),545,0,0,545,0,0.0,2024-04-04,2026-06-18,,
POLYSIL-SM.NS,NO_REPLACEMENT,non_equity_series,False,series_sme(-SM/-ST),543,0,0,543,0,0.0,2024-02-16,2026-06-18,,
CGRAPHICS-SM.NS,NO_REPLACEMENT,non_equity_series,False,series_sme(-SM/-ST),541,0,0,541,0,0.0,2024-04-09,2026-06-18,,
PURVFLEXI-ST.NS,NO_REPLACEMENT,non_equity_series,False,series_sme(-SM/-ST),541,0,0,541,0,0.0,2024-03-05,2026-06-18,,
VILINBIO-ST.NS,NO_REPLACEMENT,non_equity_series,False,series_sme(-SM/-ST),541,0,0,541,0,0.0,2023-06-30,2026-06-18,,
K2INFRA-SM.NS,NO_REPLACEMENT,non_equity_series,False,series_sme(-SM/-ST),540,0,0,540,0,0.0,2024-04-08,2026-06-18,,
BLUEPEBBLE-SM.NS,NO_REPLACEMENT,non_equity_series,False,series_sme(-SM/-ST),539,0,0,539,0,0.0,2024-04-03,2026-06-17,,
IBLFL-SM.NS,NO_REPLACEMENT,non_equity_series,False,series_sme(-SM/-ST),539,0,0,539,0,0.0,2024-01-16,2026-06-18,,
TGL-SM.NS,NO_REPLACEMENT,non_equity_series,False,series_sme(-SM/-ST),539,0,0,539,0,0.0,2024-04-16,2026-06-18,,
YASHOPTICS-SM.NS,NO_REPLACEMENT,non_equity_series,False,series_sme(-SM/-ST),532,0,0,532,0,0.0,2024-04-08,2026-06-18,,
NAMAN-SM.NS,NO_REPLACEMENT,non_equity_series,False,series_sme(-SM/-ST),531,0,0,531,0,0.0,2024-04-02,2026-06-18,,
DCG-SM.NS,NO_REPLACEMENT,non_equity_series,False,series_sme(-SM/-ST),530,0,0,530,0,0.0,2024-04-16,2026-06-18,,
SANGANI-SM.NS,NO_REPLACEMENT,non_equity_series,False,series_sme(-SM/-ST),530,0,0,530,0,0.0,2023-08-17,2026-06-17,,
RBS-ST.NS,NO_REPLACEMENT,non_equity_series,False,series_sme(-SM/-ST),528,0,0,528,0,0.0,2024-04-23,2026-06-18,,
FILATFASH-BE.NS,NO_REPLACEMENT,non_equity_series,False,series_trade_for_trade(-BE/-BZ),527,0,0,527,0,0.0,2024-05-06,2026-06-18,,
ENSER-ST.NS,NO_REPLACEMENT,non_equity_series,False,series_sme(-SM/-ST),524,0,0,524,0,0.0,2024-03-22,2026-06-18,,
AGUL-SM.NS,NO_REPLACEMENT,non_equity_series,False,series_sme(-SM/-ST),523,0,0,523,0,0.0,2023-04-24,2026-07-06,,
ALUWIND-SM.NS,NO_REPLACEMENT,non_equity_series,False,series_sme(-SM/-ST),523,0,0,523,0,0.0,2024-04-09,2026-07-06,,
DIRL-SM.NS,NO_REPLACEMENT,non_equity_series,False,series_sme(-SM/-ST),522,0,0,522,0,0.0,2016-10-18,2026-06-17,,
WINSOL-SM.NS,NO_REPLACEMENT,non_equity_series,False,series_sme(-SM/-ST),521,0,0,521,0,0.0,2024-05-14,2026-06-18,,
ABSMARINE-ST.NS,NO_REPLACEMENT,non_equity_series,False,series_sme(-SM/-ST),516,0,0,516,0,0.0,2024-05-21,2026-06-18,,
VIVO-SM.NS,NO_REPLACEMENT,non_equity_series,False,series_sme(-SM/-ST),516,0,0,516,0,0.0,2021-12-31,2026-06-12,,
EMMIL-SM.NS,NO_REPLACEMENT,non_equity_series,False,series_sme(-SM/-ST),515,0,0,515,0,0.0,2024-05-16,2026-06-18,,
IEML-SM.NS,NO_REPLACEMENT,non_equity_series,False,series_sme(-SM/-ST),514,0,0,514,0,0.0,2024-05-22,2026-06-18,,
DEEM-SM.NS,NO_REPLACEMENT,non_equity_series,False,series_sme(-SM/-ST),513,0,0,513,0,0.0,2024-02-27,2026-06-18,,
PRLIND-SM.NS,NO_REPLACEMENT,non_equity_series,False,series_sme(-SM/-ST),511,0,0,511,0,0.0,2024-05-17,2026-06-18,,
RULKA-SM.NS,NO_REPLACEMENT,non_equity_series,False,series_sme(-SM/-ST),507,0,0,507,0,0.0,2024-05-24,2026-06-18,,
VILAS-SM.NS,NO_REPLACEMENT,non_equity_series,False,series_sme(-SM/-ST),507,0,0,507,0,0.0,2024-06-03,2026-06-18,,
AIMTRON-SM.NS,NO_REPLACEMENT,non_equity_series,False,series_sme(-SM/-ST),505,0,0,505,0,0.0,2024-06-06,2026-07-06,,
QUESTLAB-SM.NS,NO_REPLACEMENT,non_equity_series,False,series_sme(-SM/-ST),505,0,0,505,0,0.0,2024-05-23,2026-06-18,,
ZTECH-SM.NS,NO_REPLACEMENT,non_equity_series,False,series_sme(-SM/-ST),505,0,0,505,0,0.0,2024-06-05,2026-06-18,,
ENFUSE-SM.NS,NO_REPLACEMENT,non_equity_series,False,series_sme(-SM/-ST),504,0,0,504,0,0.0,2024-03-22,2026-06-18,,
FONEBOX-SM.NS,NO_REPLACEMENT,non_equity_series,False,series_sme(-SM/-ST),504,0,0,504,0,0.0,2024-02-02,2026-06-18,,
BEACON-ST.NS,NO_REPLACEMENT,non_equity_series,False,series_sme(-SM/-ST),503,0,0,503,0,0.0,2024-06-04,2026-06-18,,
IPSL-SM.NS,NO_REPLACEMENT,non_equity_series,False,series_sme(-SM/-ST),503,0,0,503,0,0.0,2022-11-11,2026-06-15,,
SHANTHALA-SM.NS,NO_REPLACEMENT,non_equity_series,False,series_sme(-SM/-ST),503,0,0,503,0,0.0,2023-11-03,2026-06-17,,
TBI-SM.NS,NO_REPLACEMENT,non_equity_series,False,series_sme(-SM/-ST),503,0,0,503,0,0.0,2024-06-07,2026-06-18,,
MONOPHARMA-SM.NS,NO_REPLACEMENT,non_equity_series,False,series_sme(-SM/-ST),502,0,0,502,0,0.0,2023-09-07,2026-06-18,,
MOXSH-ST.NS,NO_REPLACEMENT,non_equity_series,False,series_sme(-SM/-ST),500,0,0,500,0,0.0,2022-12-30,2026-06-11,,
ITALIANE-SM.NS,NO_REPLACEMENT,non_equity_series,False,series_sme(-SM/-ST),498,0,0,498,0,0.0,2024-02-12,2026-06-18,,
GSMFOILS-SM.NS,NO_REPLACEMENT,non_equity_series,False,series_sme(-SM/-ST),497,0,0,497,0,0.0,2024-05-31,2026-06-18,,
GPECO-ST.NS,NO_REPLACEMENT,non_equity_series,False,series_sme(-SM/-ST),493,0,0,493,0,0.0,2024-06-24,2026-06-18,,
VHLTD-BE.NS,NO_REPLACEMENT,non_equity_series,False,series_trade_for_trade(-BE/-BZ),492,0,0,492,0,0.0,2024-04-03,2026-06-18,,
AFIL-BE.NS,NO_REPLACEMENT,non_equity_series,False,series_trade_for_trade(-BE/-BZ),491,0,0,491,0,0.0,2024-06-26,2026-06-18,,
DEEDEV-BE.NS,NO_REPLACEMENT,non_equity_series,False,series_trade_for_trade(-BE/-BZ),491,0,0,491,0,0.0,2024-06-26,2026-06-18,,
SPCL-SM.NS,NO_REPLACEMENT,non_equity_series,False,series_sme(-SM/-ST),488,0,0,488,0,0.0,2024-07-01,2026-06-18,,
INM-SM.NS,NO_REPLACEMENT,non_equity_series,False,series_sme(-SM/-ST),486,0,0,486,0,0.0,2024-02-23,2026-06-18,,
MASON-SM.NS,NO_REPLACEMENT,non_equity_series,False,series_sme(-SM/-ST),486,0,0,486,0,0.0,2024-07-01,2026-06-18,,
PCCL-SM.NS,NO_REPLACEMENT,non_equity_series,False,series_sme(-SM/-ST),486,0,0,486,0,0.0,2024-07-02,2026-06-18,,
REFRACTORY-SM.NS,NO_REPLACEMENT,non_equity_series,False,series_sme(-SM/-ST),484,0,0,484,0,0.0,2024-05-14,2026-06-17,,
NEPHROCARE-ST.NS,NO_REPLACEMENT,non_equity_series,False,series_sme(-SM/-ST),483,0,0,483,0,0.0,2024-07-05,2026-06-18,,
VERTEXPLUS-SM.NS,NO_REPLACEMENT,non_equity_series,False,series_sme(-SM/-ST),483,0,0,483,0,0.0,2023-03-15,2026-06-18,,
DPEL-SM.NS,NO_REPLACEMENT,non_equity_series,False,series_sme(-SM/-ST),482,0,0,482,0,0.0,2024-07-02,2026-06-18,,
ASPIRE-SM.NS,NO_REPLACEMENT,non_equity_series,False,series_sme(-SM/-ST),480,0,0,480,0,0.0,2024-04-03,2026-06-18,,
SLONE-SM.NS,NO_REPLACEMENT,non_equity_series,False,series_sme(-SM/-ST),480,0,0,480,0,0.0,2024-05-10,2026-06-18,,
EFFWA-ST.NS,NO_REPLACEMENT,non_equity_series,False,series_sme(-SM/-ST),479,0,0,479,0,0.0,2024-07-12,2026-06-18,,
GGBL-SM.NS,NO_REPLACEMENT,non_equity_series,False,series_sme(-SM/-ST),479,0,0,479,0,0.0,2024-07-12,2026-06-18,,
HOACFOODS-ST.NS,NO_REPLACEMENT,non_equity_series,False,series_sme(-SM/-ST),479,0,0,479,0,0.0,2024-05-24,2026-06-18,,
QFIL-SM.NS,NO_REPLACEMENT,non_equity_series,False,series_sme(-SM/-ST),478,0,0,478,0,0.0,2023-03-24,2026-06-17,,
AMIABLE-SM.NS,NO_REPLACEMENT,non_equity_series,False,series_sme(-SM/-ST),477,0,0,477,0,0.0,2022-11-16,2026-07-03,,
CBAZAAR-SM.NS,NO_REPLACEMENT,non_equity_series,False,series_sme(-SM/-ST),476,0,0,476,0,0.0,2023-12-08,2026-06-18,,
DURLAX-ST.NS,NO_REPLACEMENT,non_equity_series,False,series_sme(-SM/-ST),475,0,0,475,0,0.0,2024-06-26,2026-06-18,,
SAHAJSOLAR-SM.NS,NO_REPLACEMENT,non_equity_series,False,series_sme(-SM/-ST),475,0,0,475,0,0.0,2024-07-19,2026-06-18,,
PRIZOR-ST.NS,NO_REPLACEMENT,non_equity_series,False,series_sme(-SM/-ST),474,0,0,474,0,0.0,2024-07-22,2026-06-18,,
TUNWAL-SM.NS,NO_REPLACEMENT,non_equity_series,False,series_sme(-SM/-ST),473,0,0,473,0,0.0,2024-07-23,2026-06-18,,
AKIKO-ST.NS,NO_REPLACEMENT,non_equity_series,False,series_sme(-SM/-ST),472,0,0,472,0,0.0,2024-07-02,2026-06-18,,
MASTER-SM.NS,NO_REPLACEMENT,non_equity_series,False,series_sme(-SM/-ST),472,0,0,472,0,0.0,2023-09-29,2026-06-18,,
RADIOWALLA-SM.NS,NO_REPLACEMENT,non_equity_series,False,series_sme(-SM/-ST),469,0,0,469,0,0.0,2024-04-05,2026-06-18,,
RNFI-SM.NS,NO_REPLACEMENT,non_equity_series,False,series_sme(-SM/-ST),463,0,0,463,0,0.0,2024-07-29,2026-06-18,,
SSEGL-SM.NS,NO_REPLACEMENT,non_equity_series,False,series_sme(-SM/-ST),463,0,0,463,0,0.0,2024-08-06,2026-06-18,,
UTSSAV-ST.NS,NO_REPLACEMENT,non_equity_series,False,series_sme(-SM/-ST),462,0,0,462,0,0.0,2024-08-07,2026-06-18,,
SATECH-SM.NS,NO_REPLACEMENT,non_equity_series,False,series_sme(-SM/-ST),461,0,0,461,0,0.0,2024-08-02,2026-06-18,,
KATARIA-SM.NS,NO_REPLACEMENT,non_equity_series,False,series_sme(-SM/-ST),459,0,0,459,0,0.0,2024-07-24,2026-06-18,,
PATTECH-ST.NS,NO_REPLACEMENT,non_equity_series,False,series_sme(-SM/-ST),457,0,0,457,0,0.0,2023-04-21,2026-06-09,,
TROM-ST.NS,NO_REPLACEMENT,non_equity_series,False,series_sme(-SM/-ST),457,0,0,457,0,0.0,2024-08-01,2026-06-18,,
POSITRON-ST.NS,NO_REPLACEMENT,non_equity_series,False,series_sme(-SM/-ST),454,0,0,454,0,0.0,2024-08-20,2026-06-18,,
SUYOG.NS,NO_REPLACEMENT,nse_equity,True,in_upstox_master,454,10,0,454,10,0.0,2024-08-20,2026-06-18,2026-08-24,2026-09-04
ESPRIT-SM.NS,NO_REPLACEMENT,non_equity_series,False,series_sme(-SM/-ST),453,0,0,453,0,0.0,2024-08-02,2026-06-17,,
VLINFRA-ST.NS,NO_REPLACEMENT,non_equity_series,False,series_sme(-SM/-ST),453,0,0,453,0,0.0,2024-07-30,2026-06-18,,
GLOBALE-BE.NS,NO_REPLACEMENT,non_equity_series,False,series_trade_for_trade(-BE/-BZ),449,0,0,449,0,0.0,2024-08-27,2026-06-18,,
ASHALOG-SM.NS,NO_REPLACEMENT,non_equity_series,False,series_sme(-SM/-ST),447,0,0,447,0,0.0,2024-08-06,2026-07-06,,
ASCOM-ST.NS,NO_REPLACEMENT,non_equity_series,False,series_sme(-SM/-ST),445,0,0,445,0,0.0,2019-12-06,2026-06-09,,
DHANSA-ST.NS,NO_REPLACEMENT,non_equity_series,False,series_sme(-SM/-ST),444,0,0,444,0,0.0,2024-07-11,2026-06-18,,
JAYBEE-ST.NS,NO_REPLACEMENT,non_equity_series,False,series_sme(-SM/-ST),444,0,0,444,0,0.0,2024-09-03,2026-06-18,,
AERON-SM.NS,NO_REPLACEMENT,non_equity_series,False,series_sme(-SM/-ST),443,0,0,443,0,0.0,2024-09-04,2026-07-06,,
APRAMEYA-SM.NS,NO_REPLACEMENT,non_equity_series,False,series_sme(-SM/-ST),443,0,0,443,0,0.0,2024-08-01,2026-07-06,,
ECOSMOBLTY-BE.NS,NO_REPLACEMENT,non_equity_series,False,series_trade_for_trade(-BE/-BZ),443,0,0,443,0,0.0,2024-09-04,2026-06-18,,
MIEL-SM.NS,NO_REPLACEMENT,non_equity_series,False,series_sme(-SM/-ST),441,0,0,441,0,0.0,2024-07-31,2026-06-18,,
SOTAC-SM.NS,NO_REPLACEMENT,non_equity_series,False,series_sme(-SM/-ST),441,0,0,441,0,0.0,2023-04-13,2026-05-29,,
STYLEBAAZA-BE.NS,NO_REPLACEMENT,non_equity_series,False,series_trade_for_trade(-BE/-BZ),441,0,0,441,0,0.0,2024-09-06,2026-06-18,,
FALCONTECH-SM.NS,NO_REPLACEMENT,non_equity_series,False,series_sme(-SM/-ST),440,0,0,440,0,0.0,2024-06-26,2026-06-18,,
PPSL-ST.NS,NO_REPLACEMENT,non_equity_series,False,series_sme(-SM/-ST),440,0,0,440,0,0.0,2024-08-09,2026-06-18,,
MEDIORG-SM.NS,NO_REPLACEMENT,non_equity_series,False,series_sme(-SM/-ST),439,0,0,439,0,0.0,2024-06-28,2026-06-18,,
SPRL-SM.NS,NO_REPLACEMENT,non_equity_series,False,series_sme(-SM/-ST),439,0,0,439,0,0.0,2022-03-22,2026-06-17,,
JEYYAM-SM.NS,NO_REPLACEMENT,non_equity_series,False,series_sme(-SM/-ST),438,0,0,438,0,0.0,2024-09-09,2026-06-18,,
NAMOEWASTE-SM.NS,NO_REPLACEMENT,non_equity_series,False,series_sme(-SM/-ST),438,0,0,438,0,0.0,2024-09-11,2026-06-18,,
RAJINDLTD-SM.NS,NO_REPLACEMENT,non_equity_series,False,series_sme(-SM/-ST),437,0,0,437,0,0.0,2024-08-06,2026-06-18,,
IPHL-SM.NS,NO_REPLACEMENT,non_equity_series,False,series_sme(-SM/-ST),436,0,0,436,0,0.0,2024-09-03,2026-06-18,,
SUNLITE-ST.NS,NO_REPLACEMENT,non_equity_series,False,series_sme(-SM/-ST),436,0,0,436,0,0.0,2024-08-20,2026-06-18,,
VIESL-SM.NS,NO_REPLACEMENT,non_equity_series,False,series_sme(-SM/-ST),436,0,0,436,0,0.0,2024-09-13,2026-06-18,,
CHETANA-ST.NS,NO_REPLACEMENT,non_equity_series,False,series_sme(-SM/-ST),433,0,0,433,0,0.0,2024-07-31,2026-06-17,,
GRETEX-ST.NS,NO_REPLACEMENT,non_equity_series,False,series_sme(-SM/-ST),432,0,0,432,0,0.0,2016-10-14,2026-06-18,,
AESTHETIK-SM.NS,NO_REPLACEMENT,non_equity_series,False,series_sme(-SM/-ST),429,0,0,429,0,0.0,2024-08-16,2026-07-03,,
OSELDEVICE-SM.NS,NO_REPLACEMENT,non_equity_series,False,series_sme(-SM/-ST),428,0,0,428,0,0.0,2024-09-24,2026-06-17,,
SILKFLEX-ST.NS,NO_REPLACEMENT,non_equity_series,False,series_sme(-SM/-ST),427,0,0,427,0,0.0,2024-05-15,2026-06-18,,
AVIANSH-SM.NS,NO_REPLACEMENT,non_equity_series,False,series_sme(-SM/-ST),426,0,0,426,0,0.0,2024-09-27,2026-06-18,,
ENVIRO-SM.NS,NO_REPLACEMENT,non_equity_series,False,series_sme(-SM/-ST),425,0,0,425,0,0.0,2024-09-24,2026-06-18,,
SATIPOLY-SM.NS,NO_REPLACEMENT,non_equity_series,False,series_sme(-SM/-ST),425,0,0,425,0,0.0,2024-07-22,2026-06-18,,
DRSDILIP-SM.NS,NO_REPLACEMENT,non_equity_series,False,series_sme(-SM/-ST),424,0,0,424,0,0.0,2019-02-22,2026-06-09,,
PLADAINFO-SM.NS,NO_REPLACEMENT,non_equity_series,False,series_sme(-SM/-ST),424,0,0,424,0,0.0,2023-10-13,2026-06-12,,
VISHWAS-SM.NS,NO_REPLACEMENT,non_equity_series,False,series_sme(-SM/-ST),424,0,0,424,0,0.0,2024-04-01,2026-06-18,,
FORCAS-SM.NS,NO_REPLACEMENT,non_equity_series,False,series_sme(-SM/-ST),423,0,0,423,0,0.0,2024-08-26,2026-06-18,,
KRN-BE.NS,NO_REPLACEMENT,non_equity_series,False,series_trade_for_trade(-BE/-BZ),423,0,0,423,0,0.0,2024-10-03,2026-06-18,,
MACOBSTECH-SM.NS,NO_REPLACEMENT,non_equity_series,False,series_sme(-SM/-ST),423,0,0,423,0,0.0,2024-07-24,2026-06-18,,
UYFINCORP.NS,NO_REPLACEMENT,nse_equity,False,unknown_no_master_entry,423,0,0,423,0,0.0,2024-10-03,2026-06-18,,
MYMUDRA-SM.NS,NO_REPLACEMENT,non_equity_series,False,series_sme(-SM/-ST),422,0,0,422,0,0.0,2024-09-12,2026-06-18,,
SAHASRA-ST.NS,NO_REPLACEMENT,non_equity_series,False,series_sme(-SM/-ST),422,0,0,422,0,0.0,2024-10-04,2026-06-18,,
INNOMET-ST.NS,NO_REPLACEMENT,non_equity_series,False,series_sme(-SM/-ST),417,0,0,417,0,0.0,2024-09-18,2026-06-18,,
RAPPID-SM.NS,NO_REPLACEMENT,non_equity_series,False,series_sme(-SM/-ST),417,0,0,417,0,0.0,2024-09-30,2026-06-18,,
PELATRO-SM.NS,NO_REPLACEMENT,non_equity_series,False,series_sme(-SM/-ST),415,0,0,415,0,0.0,2024-09-24,2026-06-18,,
TECHERA-SM.NS,NO_REPLACEMENT,non_equity_series,False,series_sme(-SM/-ST),415,0,0,415,0,0.0,2024-10-03,2026-06-18,,
DHARIWAL-SM.NS,NO_REPLACEMENT,non_equity_series,False,series_sme(-SM/-ST),414,0,0,414,0,0.0,2024-08-08,2026-06-18,,
DHTL-SM.NS,NO_REPLACEMENT,non_equity_series,False,series_sme(-SM/-ST),413,0,0,413,0,0.0,2024-02-02,2026-06-17,,
PSFL-SM.NS,NO_REPLACEMENT,non_equity_series,False,series_sme(-SM/-ST),412,0,0,412,0,0.0,2024-09-25,2026-06-25,,
VR-SM.NS,NO_REPLACEMENT,non_equity_series,False,series_sme(-SM/-ST),410,0,0,410,0,0.0,2024-03-12,2026-06-17,,
AFFORDABLE-BE.NS,NO_REPLACEMENT,non_equity_series,False,series_trade_for_trade(-BE/-BZ),409,0,0,409,0,0.0,2024-10-23,2026-06-18,,
FRESHARA-SM.NS,NO_REPLACEMENT,non_equity_series,False,series_sme(-SM/-ST),408,0,0,408,0,0.0,2024-10-24,2026-06-18,,
DBEIL-BE.NS,NO_REPLACEMENT,non_equity_series,False,series_trade_for_trade(-BE/-BZ),406,0,0,406,0,0.0,2024-10-28,2026-06-18,,
LAKSHYA-ST.NS,NO_REPLACEMENT,non_equity_series,False,series_sme(-SM/-ST),406,0,0,406,0,0.0,2024-10-23,2026-06-18,,
DANISH-SM.NS,NO_REPLACEMENT,non_equity_series,False,series_sme(-SM/-ST),405,0,0,405,0,0.0,2024-10-29,2026-06-18,,
GODAVARIB.NS,NO_REPLACEMENT,nse_equity,True,in_upstox_master,404,11,0,404,11,0.0,2024-10-30,2026-06-18,2026-08-24,2026-09-07
OCCLLTD-BE.NS,NO_REPLACEMENT,non_equity_series,False,series_trade_for_trade(-BE/-BZ),404,0,0,404,0,0.0,2024-10-29,2026-06-17,,
SAROJA-SM.NS,NO_REPLACEMENT,non_equity_series,False,series_sme(-SM/-ST),404,0,0,404,0,0.0,2023-09-13,2026-06-18,,
VDEAL-SM.NS,NO_REPLACEMENT,non_equity_series,False,series_sme(-SM/-ST),404,0,0,404,0,0.0,2024-09-03,2026-06-18,,
INDIFRA-SM.NS,NO_REPLACEMENT,non_equity_series,False,series_sme(-SM/-ST),403,0,0,403,0,0.0,2023-12-29,2026-06-17,,
SDREAMS-SM.NS,NO_REPLACEMENT,non_equity_series,False,series_sme(-SM/-ST),403,0,0,403,0,0.0,2024-09-27,2026-06-18,,
WOL3D-ST.NS,NO_REPLACEMENT,non_equity_series,False,series_sme(-SM/-ST),403,0,0,403,0,0.0,2024-09-30,2026-06-18,,
OBSCP-SM.NS,NO_REPLACEMENT,non_equity_series,False,series_sme(-SM/-ST),402,0,0,402,0,0.0,2024-10-29,2026-06-17,,
UHTL-ST.NS,NO_REPLACEMENT,non_equity_series,False,series_sme(-SM/-ST),401,0,0,401,0,0.0,2024-10-29,2026-06-18,,
BRACEPORT-SM.NS,NO_REPLACEMENT,non_equity_series,False,series_sme(-SM/-ST),396,0,0,396,0,0.0,2024-08-26,2026-06-18,,
DECCANTRAN-SM.NS,NO_REPLACEMENT,non_equity_series,False,series_sme(-SM/-ST),396,0,0,396,0,0.0,2024-09-24,2026-06-18,,
SHUBHSHREE-SM.NS,NO_REPLACEMENT,non_equity_series,False,series_sme(-SM/-ST),395,0,0,395,0,0.0,2024-09-16,2026-06-18,,
MANDEEP-SM.NS,NO_REPLACEMENT,non_equity_series,False,series_sme(-SM/-ST),394,0,0,394,0,0.0,2024-05-21,2026-06-17,,
QVCEL-SM.NS,NO_REPLACEMENT,non_equity_series,False,series_sme(-SM/-ST),394,0,0,394,0,0.0,2024-08-28,2026-06-18,,
KALANA-SM.NS,NO_REPLACEMENT,non_equity_series,False,series_sme(-SM/-ST),391,0,0,391,0,0.0,2024-09-26,2026-06-18,,
PHOGLOBAL-SM.NS,NO_REPLACEMENT,non_equity_series,False,series_sme(-SM/-ST),388,0,0,388,0,0.0,2024-09-27,2026-06-18,,
SYLVANPLY-SM.NS,NO_REPLACEMENT,non_equity_series,False,series_sme(-SM/-ST),388,0,0,388,0,0.0,2024-07-01,2026-06-17,,
ROSSTECH.NS,NO_REPLACEMENT,nse_equity,True,in_upstox_master,383,11,0,383,11,0.0,2024-12-09,2026-06-22,2026-08-24,2026-09-07
SUNREST-SM.NS,NO_REPLACEMENT,non_equity_series,False,series_sme(-SM/-ST),383,0,0,383,0,0.0,2023-11-20,2026-06-12,,
C2C-SM.NS,NO_REPLACEMENT,non_equity_series,False,series_sme(-SM/-ST),382,0,0,382,0,0.0,2024-12-03,2026-06-18,,
UWCSL-SM.NS,NO_REPLACEMENT,non_equity_series,False,series_sme(-SM/-ST),380,0,0,380,0,0.0,2018-10-26,2026-06-15,,
AGARWALTUF-SM.NS,NO_REPLACEMENT,non_equity_series,False,series_sme(-SM/-ST),379,0,0,379,0,0.0,2024-12-05,2026-07-06,,
GANESHIN-ST.NS,NO_REPLACEMENT,non_equity_series,False,series_sme(-SM/-ST),379,0,0,379,0,0.0,2024-12-06,2026-06-18,,
LAMOSAIC-SM.NS,NO_REPLACEMENT,non_equity_series,False,series_sme(-SM/-ST),379,0,0,379,0,0.0,2024-11-29,2026-06-25,,
USHAFIN-SM.NS,NO_REPLACEMENT,non_equity_series,False,series_sme(-SM/-ST),379,0,0,379,0,0.0,2024-10-31,2026-06-18,,
DTL-SM.NS,NO_REPLACEMENT,non_equity_series,False,series_sme(-SM/-ST),375,0,0,375,0,0.0,2024-07-03,2026-06-17,,
ODIGMA.NS,NO_REPLACEMENT,nse_equity,True,in_upstox_master,374,10,0,374,10,0.0,2024-12-12,2026-06-17,2026-08-24,2026-09-04
APEXECO-ST.NS,NO_REPLACEMENT,non_equity_series,False,series_sme(-SM/-ST),372,0,0,372,0,0.0,2024-12-04,2026-06-18,,
BIRDYS-ST.NS,NO_REPLACEMENT,non_equity_series,False,series_sme(-SM/-ST),370,0,0,370,0,0.0,2024-04-23,2026-06-17,,
PURPLEUTED-SM.NS,NO_REPLACEMENT,non_equity_series,False,series_sme(-SM/-ST),369,0,0,369,0,0.0,2024-12-18,2026-06-18,,
ABHAPOWER-SM.NS,NO_REPLACEMENT,non_equity_series,False,series_sme(-SM/-ST),366,0,0,366,0,0.0,2024-12-04,2026-07-06,,
RAJPUTANA-SM.NS,NO_REPLACEMENT,non_equity_series,False,series_sme(-SM/-ST),365,0,0,365,0,0.0,2024-12-03,2026-06-17,,
SIGNORIA-SM.NS,NO_REPLACEMENT,non_equity_series,False,series_sme(-SM/-ST),364,0,0,364,0,0.0,2024-03-19,2026-06-25,,
AUSL-SM.NS,NO_REPLACEMENT,non_equity_series,False,series_sme(-SM/-ST),363,0,0,363,0,0.0,2024-09-16,2026-06-18,,
ETML-SM.NS,NO_REPLACEMENT,non_equity_series,False,series_sme(-SM/-ST),362,0,0,362,0,0.0,2024-12-12,2026-06-18,,
MARINETRAN-SM.NS,NO_REPLACEMENT,non_equity_series,False,series_sme(-SM/-ST),360,0,0,360,0,0.0,2023-12-08,2026-06-17,,
SAJHOTELS-SM.NS,NO_REPLACEMENT,non_equity_series,False,series_sme(-SM/-ST),360,0,0,360,0,0.0,2024-10-07,2026-06-17,,
KKVAPOW-SM.NS,NO_REPLACEMENT,non_equity_series,False,series_sme(-SM/-ST),357,0,0,357,0,0.0,2016-07-15,2026-06-18,,
SFML-SM.NS,NO_REPLACEMENT,non_equity_series,False,series_sme(-SM/-ST),356,0,0,356,0,0.0,2024-12-18,2026-06-18,,
FORGEAUTO-SM.NS,NO_REPLACEMENT,non_equity_series,False,series_sme(-SM/-ST),355,0,0,355,0,0.0,2024-10-04,2026-06-18,,
STALLION.NS,NO_REPLACEMENT,nse_equity,False,unknown_no_master_entry,354,0,0,354,0,0.0,2025-01-23,2026-06-25,,
UNILEX-SM.NS,NO_REPLACEMENT,non_equity_series,False,series_sme(-SM/-ST),353,0,0,353,0,0.0,2024-10-03,2026-06-17,,
DELTIC-ST.NS,NO_REPLACEMENT,non_equity_series,False,series_sme(-SM/-ST),352,0,0,352,0,0.0,2025-01-14,2026-06-18,,
CAPINVIT-IV.NS,NO_REPLACEMENT,non_equity_series,False,series_other(-IV),350,0,0,350,0,0.0,2025-01-17,2026-06-18,,
BARFLEX-SM.NS,NO_REPLACEMENT,non_equity_series,False,series_sme(-SM/-ST),349,0,0,349,0,0.0,2025-01-20,2026-06-18,,
NAVKARURB.NS,NO_REPLACEMENT,nse_equity,False,unknown_no_master_entry,349,0,0,349,0,0.0,2025-01-17,2026-06-17,,
HVAX-SM.NS,NO_REPLACEMENT,non_equity_series,False,series_sme(-SM/-ST),347,0,0,347,0,0.0,2024-10-07,2026-06-18,,
SPPPOLY-SM.NS,NO_REPLACEMENT,non_equity_series,False,series_sme(-SM/-ST),347,0,0,347,0,0.0,2024-09-17,2026-06-18,,
SATKARTAR-ST.NS,NO_REPLACEMENT,non_equity_series,False,series_sme(-SM/-ST),346,0,0,346,0,0.0,2025-01-17,2026-06-18,,
PARAMOUNT-ST.NS,NO_REPLACEMENT,non_equity_series,False,series_sme(-SM/-ST),345,0,0,345,0,0.0,2024-10-08,2026-06-15,,
IDENTICAL-ST.NS,NO_REPLACEMENT,non_equity_series,False,series_sme(-SM/-ST),344,0,0,344,0,0.0,2024-12-26,2026-06-17,,
ONYX-ST.NS,NO_REPLACEMENT,non_equity_series,False,series_sme(-SM/-ST),343,0,0,343,0,0.0,2024-11-22,2026-06-17,,
DHANLAXMI-SM.NS,NO_REPLACEMENT,non_equity_series,False,series_sme(-SM/-ST),342,0,0,342,0,0.0,2024-12-16,2026-06-18,,
KKJEWELS-SM.NS,NO_REPLACEMENT,non_equity_series,False,series_sme(-SM/-ST),342,0,0,342,0,0.0,2025-01-22,2026-06-18,,
BALCO-ST.NS,NO_REPLACEMENT,non_equity_series,False,series_sme(-SM/-ST),341,0,0,341,0,0.0,2024-08-21,2026-06-17,,
DIVYADHAN-ST.NS,NO_REPLACEMENT,non_equity_series,False,series_sme(-SM/-ST),340,0,0,340,0,0.0,2024-10-04,2026-06-18,,
GAJANAND-SM.NS,NO_REPLACEMENT,non_equity_series,False,series_sme(-SM/-ST),339,0,0,339,0,0.0,2024-09-16,2026-06-15,,
ANYA-SM.NS,NO_REPLACEMENT,non_equity_series,False,series_sme(-SM/-ST),336,0,0,336,0,0.0,2025-01-02,2026-07-06,,
BULKCORP-SM.NS,NO_REPLACEMENT,non_equity_series,False,series_sme(-SM/-ST),336,0,0,336,0,0.0,2024-08-06,2026-06-18,,
IDEALTECHO-SM.NS,NO_REPLACEMENT,non_equity_series,False,series_sme(-SM/-ST),336,0,0,336,0,0.0,2024-08-28,2026-06-17,,
PREMIUM-SM.NS,NO_REPLACEMENT,non_equity_series,False,series_sme(-SM/-ST),335,0,0,335,0,0.0,2024-10-28,2026-06-18,,
CHANDAN-SM.NS,NO_REPLACEMENT,non_equity_series,False,series_sme(-SM/-ST),328,0,0,328,0,0.0,2025-02-17,2026-06-18,,
ELGNZ-SM.NS,NO_REPLACEMENT,non_equity_series,False,series_sme(-SM/-ST),328,0,0,328,0,0.0,2025-02-14,2026-06-18,,
EMAPARTNER-SM.NS,NO_REPLACEMENT,non_equity_series,False,series_sme(-SM/-ST),328,0,0,328,0,0.0,2025-01-24,2026-06-18,,
PRANIK-SM.NS,NO_REPLACEMENT,non_equity_series,False,series_sme(-SM/-ST),327,0,0,327,0,0.0,2024-10-17,2026-06-12,,
VISAMAN-ST.NS,NO_REPLACEMENT,non_equity_series,False,series_sme(-SM/-ST),327,0,0,327,0,0.0,2024-07-01,2026-05-14,,
JAKHARIA-ST.NS,NO_REPLACEMENT,non_equity_series,False,series_sme(-SM/-ST),326,0,0,326,0,0.0,2018-07-11,2025-10-16,,
KEN-SM.NS,NO_REPLACEMENT,non_equity_series,False,series_sme(-SM/-ST),326,0,0,326,0,0.0,2025-02-12,2026-06-18,,
MAXVOLT-ST.NS,NO_REPLACEMENT,non_equity_series,False,series_sme(-SM/-ST),325,0,0,325,0,0.0,2025-02-19,2026-06-18,,
QPOWER-BE.NS,NO_REPLACEMENT,non_equity_series,False,series_trade_for_trade(-BE/-BZ),323,0,0,323,0,0.0,2025-02-24,2026-06-18,,
VERA-SM.NS,NO_REPLACEMENT,non_equity_series,False,series_sme(-SM/-ST),321,0,0,321,0,0.0,2018-04-12,2026-03-23,,
CHAMUNDA-SM.NS,NO_REPLACEMENT,non_equity_series,False,series_sme(-SM/-ST),320,0,0,320,0,0.0,2025-02-11,2026-06-18,,
NMSTEEL-SM.NS,NO_REPLACEMENT,non_equity_series,False,series_sme(-SM/-ST),320,0,0,320,0,0.0,2024-12-27,2026-06-17,,
AARTISURF-P1.NS,NO_REPLACEMENT,non_equity_series,False,series_other(-P1),318,0,0,318,0,0.0,2023-01-30,2026-06-29,,
REXPRO-SM.NS,NO_REPLACEMENT,non_equity_series,False,series_sme(-SM/-ST),316,0,0,316,0,0.0,2025-01-29,2026-06-18,,
PARAMATRIX-SM.NS,NO_REPLACEMENT,non_equity_series,False,series_sme(-SM/-ST),311,0,0,311,0,0.0,2024-09-04,2026-06-18,,
READYMIX-SM.NS,NO_REPLACEMENT,non_equity_series,False,series_sme(-SM/-ST),309,0,0,309,0,0.0,2025-02-13,2026-06-18,,
THESL-SM.NS,NO_REPLACEMENT,non_equity_series,False,series_sme(-SM/-ST),308,0,0,308,0,0.0,2024-10-03,2026-06-17,,
VOLERCAR-SM.NS,NO_REPLACEMENT,non_equity_series,False,series_sme(-SM/-ST),308,0,0,308,0,0.0,2025-02-19,2026-06-18,,
AXISVALUE.NS,NO_REPLACEMENT,etf_or_inav,False,unknown_no_master_entry,307,0,0,307,0,0.0,2025-03-20,2026-06-18,,
VERITAAS-SM.NS,NO_REPLACEMENT,non_equity_series,False,series_sme(-SM/-ST),304,0,0,304,0,0.0,2024-05-21,2026-06-16,,
DIVINEHIRA-ST.NS,NO_REPLACEMENT,non_equity_series,False,series_sme(-SM/-ST),302,0,0,302,0,0.0,2025-03-24,2026-06-18,,
BOSS-SM.NS,NO_REPLACEMENT,non_equity_series,False,series_sme(-SM/-ST),300,0,0,300,0,0.0,2024-09-06,2026-06-17,,
CURAA.NS,NO_REPLACEMENT,nse_equity,True,in_upstox_master,300,11,0,300,11,0.0,2025-03-24,2026-06-18,2026-08-24,2026-09-07
ATCENERGY-ST.NS,NO_REPLACEMENT,non_equity_series,False,series_sme(-SM/-ST),299,0,0,299,0,0.0,2025-04-02,2026-06-18,,
GCHOTELS-SM.NS,NO_REPLACEMENT,non_equity_series,False,series_sme(-SM/-ST),299,0,0,299,0,0.0,2025-03-27,2026-06-18,,
SHRIAHIMSA-ST.NS,NO_REPLACEMENT,non_equity_series,False,series_sme(-SM/-ST),298,0,0,298,0,0.0,2025-04-02,2026-06-18,,
NEELAM-SM.NS,NO_REPLACEMENT,non_equity_series,False,series_sme(-SM/-ST),297,0,0,297,0,0.0,2024-11-18,2026-06-18,,
NHIT-IV.NS,NO_REPLACEMENT,non_equity_series,False,series_other(-IV),295,0,0,295,0,0.0,2021-11-11,2026-06-17,,
BALAJIPHOS-SM.NS,NO_REPLACEMENT,non_equity_series,False,series_sme(-SM/-ST),294,0,0,294,0,0.0,2025-03-07,2026-06-18,,
IWARE-ST.NS,NO_REPLACEMENT,non_equity_series,False,series_sme(-SM/-ST),277,0,0,277,0,0.0,2025-05-06,2026-06-18,,
EXCELLENT-ST.NS,NO_REPLACEMENT,non_equity_series,False,series_sme(-SM/-ST),276,0,0,276,0,0.0,2024-09-19,2026-06-18,,
GOLDKART-SM.NS,NO_REPLACEMENT,non_equity_series,False,series_sme(-SM/-ST),274,0,0,274,0,0.0,2019-10-15,2026-06-18,,
PSRAJ-ST.NS,NO_REPLACEMENT,non_equity_series,False,series_sme(-SM/-ST),272,0,0,272,0,0.0,2025-02-19,2026-06-18,,
VGINFOTECH-SM.NS,NO_REPLACEMENT,non_equity_series,False,series_sme(-SM/-ST),270,0,0,270,0,0.0,2025-05-19,2026-06-18,,
ARUNAYA-ST.NS,NO_REPLACEMENT,non_equity_series,False,series_sme(-SM/-ST),268,0,0,268,0,0.0,2025-05-07,2026-06-18,,
WINNY-SM.NS,NO_REPLACEMENT,non_equity_series,False,series_sme(-SM/-ST),264,0,0,264,0,0.0,2024-06-27,2026-06-15,,
ACCPL-ST.NS,NO_REPLACEMENT,non_equity_series,False,series_sme(-SM/-ST),263,0,0,263,0,0.0,2025-05-21,2026-06-18,,
RAJOOENG.NS,NO_REPLACEMENT,nse_equity,False,unknown_no_master_entry,262,0,0,262,0,0.0,2025-05-29,2026-06-18,,
ITTL-ST.NS,NO_REPLACEMENT,non_equity_series,False,series_sme(-SM/-ST),260,0,0,260,0,0.0,2024-12-30,2026-06-17,,
TANKUP-ST.NS,NO_REPLACEMENT,non_equity_series,False,series_sme(-SM/-ST),254,0,0,254,0,0.0,2025-04-30,2026-06-18,,
NIKITA-SM.NS,NO_REPLACEMENT,non_equity_series,False,series_sme(-SM/-ST),252,0,0,252,0,0.0,2025-06-03,2026-06-17,,
NRVANDANA-ST.NS,NO_REPLACEMENT,non_equity_series,False,series_sme(-SM/-ST),252,0,0,252,0,0.0,2025-06-04,2026-06-17,,
BLUEWATER-ST.NS,NO_REPLACEMENT,non_equity_series,False,series_sme(-SM/-ST),249,0,0,249,0,0.0,2025-06-03,2026-06-18,,
SACHEEROME-SM.NS,NO_REPLACEMENT,non_equity_series,False,series_sme(-SM/-ST),249,0,0,249,0,0.0,2025-06-16,2026-06-18,,
NEPTUNE-SM.NS,NO_REPLACEMENT,non_equity_series,False,series_sme(-SM/-ST),248,0,0,248,0,0.0,2025-06-04,2026-06-18,,
MONOLITH-SM.NS,NO_REPLACEMENT,non_equity_series,False,series_sme(-SM/-ST),247,0,0,247,0,0.0,2025-06-19,2026-06-18,,
PATILAUTOM-ST.NS,NO_REPLACEMENT,non_equity_series,False,series_sme(-SM/-ST),245,0,0,245,0,0.0,2025-06-23,2026-06-18,,
AVSL-ST.NS,NO_REPLACEMENT,non_equity_series,False,series_sme(-SM/-ST),244,0,0,244,0,0.0,2016-10-06,2026-05-18,,
EEPL-SM.NS,NO_REPLACEMENT,non_equity_series,False,series_sme(-SM/-ST),243,0,0,243,0,0.0,2025-06-24,2026-06-18,,
INFLUX-SM.NS,NO_REPLACEMENT,non_equity_series,False,series_sme(-SM/-ST),243,0,0,243,0,0.0,2025-06-25,2026-06-18,,
GANGABATH-SM.NS,NO_REPLACEMENT,non_equity_series,False,series_sme(-SM/-ST),241,0,0,241,0,0.0,2025-06-11,2026-06-18,,
SAFEENTP-SM.NS,NO_REPLACEMENT,non_equity_series,False,series_sme(-SM/-ST),241,0,0,241,0,0.0,2025-06-27,2026-06-18,,
GLOBECIVIL-BE.NS,NO_REPLACEMENT,non_equity_series,False,series_trade_for_trade(-BE/-BZ),239,0,0,239,0,0.0,2025-07-01,2026-06-18,,
HPTL-SM.NS,NO_REPLACEMENT,non_equity_series,False,series_sme(-SM/-ST),238,0,0,238,0,0.0,2025-02-28,2026-06-18,,
MINDPOOL-SM.NS,NO_REPLACEMENT,non_equity_series,False,series_sme(-SM/-ST),238,0,0,238,0,0.0,2019-02-28,2025-09-11,,
TEJASCARGO-SM.NS,NO_REPLACEMENT,non_equity_series,False,series_sme(-SM/-ST),237,0,0,237,0,0.0,2025-02-24,2026-06-17,,
JAINIK-SM.NS,NO_REPLACEMENT,non_equity_series,False,series_sme(-SM/-ST),236,0,0,236,0,0.0,2025-06-17,2026-06-18,,
PUSHPA-SM.NS,NO_REPLACEMENT,non_equity_series,False,series_sme(-SM/-ST),233,0,0,233,0,0.0,2025-07-07,2026-06-18,,
SUNTECH-ST.NS,NO_REPLACEMENT,non_equity_series,False,series_sme(-SM/-ST),233,0,0,233,0,0.0,2025-07-02,2026-06-18,,
VERTOZ-BE.NS,NO_REPLACEMENT,non_equity_series,False,series_trade_for_trade(-BE/-BZ),231,0,0,231,0,0.0,2025-07-11,2026-06-18,,
SMARTEN-SM.NS,NO_REPLACEMENT,non_equity_series,False,series_sme(-SM/-ST),229,0,0,229,0,0.0,2025-07-14,2026-06-18,,
CEDAAR-SM.NS,NO_REPLACEMENT,non_equity_series,False,series_sme(-SM/-ST),228,0,0,228,0,0.0,2025-07-07,2026-06-18,,
AHIMSA-ST.NS,NO_REPLACEMENT,non_equity_series,False,series_sme(-SM/-ST),226,0,0,226,0,0.0,2016-02-02,2026-03-23,,
DCCL-SM.NS,NO_REPLACEMENT,non_equity_series,False,series_sme(-SM/-ST),226,0,0,226,0,0.0,2025-05-28,2026-06-17,,
AAKAAR-SM.NS,NO_REPLACEMENT,non_equity_series,False,series_sme(-SM/-ST),224,0,0,224,0,0.0,2025-06-27,2026-07-06,,
CHEMBONDCH-BE.NS,NO_REPLACEMENT,non_equity_series,False,series_trade_for_trade(-BE/-BZ),223,0,0,223,0,0.0,2025-07-23,2026-06-18,,
PROFX-SM.NS,NO_REPLACEMENT,non_equity_series,False,series_sme(-SM/-ST),221,0,0,221,0,0.0,2025-07-03,2026-06-18,,
ROYALARC-SM.NS,NO_REPLACEMENT,non_equity_series,False,series_sme(-SM/-ST),221,0,0,221,0,0.0,2025-02-24,2026-06-11,,
SHREMINVIT-IV.NS,NO_REPLACEMENT,non_equity_series,False,series_other(-IV),219,0,0,219,0,0.0,2021-09-22,2026-06-18,,
SPUNWEB-SM.NS,NO_REPLACEMENT,non_equity_series,False,series_sme(-SM/-ST),219,0,0,219,0,0.0,2025-07-21,2026-06-18,,
LAXMIINDIA-BE.NS,NO_REPLACEMENT,non_equity_series,False,series_trade_for_trade(-BE/-BZ),214,0,0,214,0,0.0,2025-08-05,2026-06-18,,
LOTUSDEV.NS,NO_REPLACEMENT,nse_equity,False,unknown_no_master_entry,213,0,0,213,0,0.0,2025-08-06,2026-06-18,,
GVPTECHPP-E1.NS,NO_REPLACEMENT,non_equity_series,False,series_other(-E1),212,0,0,212,0,0.0,2025-08-06,2026-06-18,,
SAVY-SM.NS,NO_REPLACEMENT,non_equity_series,False,series_sme(-SM/-ST),212,0,0,212,0,0.0,2025-07-28,2026-06-18,,
FLYSBS-SM.NS,NO_REPLACEMENT,non_equity_series,False,series_sme(-SM/-ST),211,0,0,211,0,0.0,2025-08-08,2026-06-18,,
KAYTEX-SM.NS,NO_REPLACEMENT,non_equity_series,False,series_sme(-SM/-ST),210,0,0,210,0,0.0,2025-08-05,2026-06-18,,
PARTH-ST.NS,NO_REPLACEMENT,non_equity_series,False,series_sme(-SM/-ST),210,0,0,210,0,0.0,2025-08-11,2026-06-18,,
HILINFRA-BE.NS,NO_REPLACEMENT,non_equity_series,False,series_trade_for_trade(-BE/-BZ),209,0,0,209,0,0.0,2025-08-12,2026-06-18,,
CONNPLEX-SM.NS,NO_REPLACEMENT,non_equity_series,False,series_sme(-SM/-ST),207,0,0,207,0,0.0,2025-08-14,2026-06-18,,
SAWALIYA-SM.NS,NO_REPLACEMENT,non_equity_series,False,series_sme(-SM/-ST),207,0,0,207,0,0.0,2025-08-14,2026-06-18,,
KRT-RR.NS,NO_REPLACEMENT,non_equity_series,False,unknown_no_master_entry,206,0,0,206,0,0.0,2025-08-18,2026-06-18,,
SSFLPP-E1.NS,NO_REPLACEMENT,non_equity_series,False,series_other(-E1),206,0,0,206,0,0.0,2025-08-18,2026-06-18,,
BHADORA-SM.NS,NO_REPLACEMENT,non_equity_series,False,series_sme(-SM/-ST),205,0,0,205,0,0.0,2025-08-11,2026-06-18,,
RNPL-SM.NS,NO_REPLACEMENT,non_equity_series,False,series_sme(-SM/-ST),205,0,0,205,0,0.0,2025-08-07,2026-06-18,,
REGAAL-BE.NS,NO_REPLACEMENT,non_equity_series,False,series_trade_for_trade(-BE/-BZ),204,0,0,204,0,0.0,2025-08-20,2026-06-18,,
MMEL-ST.NS,NO_REPLACEMENT,non_equity_series,False,series_sme(-SM/-ST),203,0,0,203,0,0.0,2025-07-03,2026-06-18,,
JYOTIGLOBL-ST.NS,NO_REPLACEMENT,non_equity_series,False,series_sme(-SM/-ST),201,0,0,201,0,0.0,2025-08-11,2026-06-18,,
MAYASHEEL-SM.NS,NO_REPLACEMENT,non_equity_series,False,series_sme(-SM/-ST),201,0,0,201,0,0.0,2025-06-27,2026-06-18,,
STUDIOLSD-ST.NS,NO_REPLACEMENT,non_equity_series,False,series_sme(-SM/-ST),201,0,0,201,0,0.0,2025-08-25,2026-06-18,,
CUDML-ST.NS,NO_REPLACEMENT,non_equity_series,False,series_sme(-SM/-ST),200,0,0,200,0,0.0,2025-08-07,2026-06-18,,
MEIL-BE.NS,NO_REPLACEMENT,non_equity_series,False,series_trade_for_trade(-BE/-BZ),199,0,0,199,0,0.0,2025-08-28,2026-06-18,,
AMCL-SM.NS,NO_REPLACEMENT,non_equity_series,False,series_sme(-SM/-ST),195,0,0,195,0,0.0,2025-08-18,2026-07-06,,
SHKSIL-SM.NS,NO_REPLACEMENT,non_equity_series,False,series_sme(-SM/-ST),194,0,0,194,0,0.0,2025-07-01,2026-06-18,,
STLNETWORK-BE.NS,NO_REPLACEMENT,non_equity_series,False,series_trade_for_trade(-BE/-BZ),194,0,0,194,0,0.0,2025-09-04,2026-06-18,,
RTL-ST.NS,NO_REPLACEMENT,non_equity_series,False,series_sme(-SM/-ST),193,0,0,193,0,0.0,2025-07-02,2026-06-17,,
ETL-SM.NS,NO_REPLACEMENT,non_equity_series,False,series_sme(-SM/-ST),192,0,0,192,0,0.0,2025-07-08,2026-06-18,,
SHIVASHRIT-SM.NS,NO_REPLACEMENT,non_equity_series,False,series_sme(-SM/-ST),192,0,0,192,0,0.0,2025-09-01,2026-06-18,,
SATTVAENGG-SM.NS,NO_REPLACEMENT,non_equity_series,False,series_sme(-SM/-ST),190,0,0,190,0,0.0,2025-09-03,2026-06-18,,
SAMAY-SM.NS,NO_REPLACEMENT,non_equity_series,False,series_sme(-SM/-ST),189,0,0,189,0,0.0,2025-06-23,2026-06-18,,
TSC-SM.NS,NO_REPLACEMENT,non_equity_series,False,series_sme(-SM/-ST),189,0,0,189,0,0.0,2025-07-30,2026-06-18,,
CLASSICEIL-ST.NS,NO_REPLACEMENT,non_equity_series,False,series_sme(-SM/-ST),188,0,0,188,0,0.0,2025-09-01,2026-06-18,,
OPTIVALUE-SM.NS,NO_REPLACEMENT,non_equity_series,False,series_sme(-SM/-ST),188,0,0,188,0,0.0,2025-09-10,2026-06-17,,
ARCIIL-ST.NS,NO_REPLACEMENT,non_equity_series,False,series_sme(-SM/-ST),187,0,0,187,0,0.0,2025-08-29,2026-06-17,,
TAURIAN-SM.NS,NO_REPLACEMENT,non_equity_series,False,series_sme(-SM/-ST),186,0,0,186,0,0.0,2025-09-16,2026-06-18,,
ACTIVEINFR-SM.NS,NO_REPLACEMENT,non_equity_series,False,series_sme(-SM/-ST),185,0,0,185,0,0.0,2025-03-28,2026-06-30,,
SNEHAA-ST.NS,NO_REPLACEMENT,non_equity_series,False,series_sme(-SM/-ST),185,0,0,185,0,0.0,2025-09-05,2026-06-18,,
MRIL-SM.NS,NO_REPLACEMENT,non_equity_series,False,series_sme(-SM/-ST),184,0,0,184,0,0.0,2025-08-20,2026-06-18,,
TIGERLOGS-BE.NS,NO_REPLACEMENT,non_equity_series,False,series_trade_for_trade(-BE/-BZ),184,0,0,184,0,0.0,2025-09-18,2026-06-18,,
SELLOWRAP-SM.NS,NO_REPLACEMENT,non_equity_series,False,series_sme(-SM/-ST),183,0,0,183,0,0.0,2025-08-01,2026-06-16,,
TECHD-ST.NS,NO_REPLACEMENT,non_equity_series,False,series_sme(-SM/-ST),182,0,0,182,0,0.0,2025-09-22,2026-06-18,,
VMSTMT-BE.NS,NO_REPLACEMENT,non_equity_series,False,series_trade_for_trade(-BE/-BZ),180,0,0,180,0,0.0,2025-09-24,2026-06-18,,
ATLANTAELE-BE.NS,NO_REPLACEMENT,non_equity_series,False,series_trade_for_trade(-BE/-BZ),177,0,0,177,0,0.0,2025-09-29,2026-06-18,,
PRIMECAB-ST.NS,NO_REPLACEMENT,non_equity_series,False,series_sme(-SM/-ST),177,0,0,177,0,0.0,2025-09-29,2026-06-18,,
SILKY-SM.NS,NO_REPLACEMENT,non_equity_series,False,series_sme(-SM/-ST),177,0,0,177,0,0.0,2025-07-07,2026-06-11,,
SIDDHICOTS-SM.NS,NO_REPLACEMENT,non_equity_series,False,series_sme(-SM/-ST),176,0,0,176,0,0.0,2025-09-26,2026-06-18,,
WHITEFORCE-ST.NS,NO_REPLACEMENT,non_equity_series,False,series_sme(-SM/-ST),176,0,0,176,0,0.0,2025-07-10,2026-06-18,,
ANONDITA-SM.NS,NO_REPLACEMENT,non_equity_series,False,series_sme(-SM/-ST),175,0,0,175,0,0.0,2025-09-01,2026-07-06,,
JKIPL-BE.NS,NO_REPLACEMENT,non_equity_series,False,series_trade_for_trade(-BE/-BZ),174,0,0,174,0,0.0,2025-10-03,2026-06-18,,
RAPIDFLEET-SM.NS,NO_REPLACEMENT,non_equity_series,False,series_sme(-SM/-ST),173,0,0,173,0,0.0,2025-03-28,2026-06-18,,
GLOTTIS-BE.NS,NO_REPLACEMENT,non_equity_series,False,series_trade_for_trade(-BE/-BZ),172,0,0,172,0,0.0,2025-10-07,2026-06-18,,
SUBAHOTELS-SM.NS,NO_REPLACEMENT,non_equity_series,False,series_sme(-SM/-ST),172,0,0,172,0,0.0,2025-10-07,2026-06-18,,
SYSTMTXC.NS,NO_REPLACEMENT,nse_equity,False,unknown_no_master_entry,172,0,0,172,0,0.0,2025-10-06,2026-06-17,,
CUBEINVIT-IV.NS,NO_REPLACEMENT,non_equity_series,False,series_other(-IV),171,0,0,171,0,0.0,2023-10-10,2026-06-18,,
OMFREIGHT.NS,NO_REPLACEMENT,nse_equity,False,unknown_no_master_entry,170,0,0,170,0,0.0,2025-10-08,2026-06-17,,
GREENLEAF-SM.NS,NO_REPLACEMENT,non_equity_series,False,series_sme(-SM/-ST),168,0,0,168,0,0.0,2025-10-09,2026-06-18,,
GML-SM.NS,NO_REPLACEMENT,non_equity_series,False,series_sme(-SM/-ST),167,0,0,167,0,0.0,2025-09-17,2026-06-17,,
MEDISTEP-SM.NS,NO_REPLACEMENT,non_equity_series,False,series_sme(-SM/-ST),167,0,0,167,0,0.0,2025-08-18,2026-06-18,,
MUNISH-ST.NS,NO_REPLACEMENT,non_equity_series,False,series_sme(-SM/-ST),167,0,0,167,0,0.0,2025-10-08,2026-06-18,,
VIGOR-ST.NS,NO_REPLACEMENT,non_equity_series,False,series_sme(-SM/-ST),167,0,0,167,0,0.0,2025-09-12,2026-06-18,,
ANANTAM-IV.NS,NO_REPLACEMENT,non_equity_series,False,series_other(-IV),166,0,0,166,0,0.0,2025-10-16,2026-07-06,,
ANZEN-IV.NS,NO_REPLACEMENT,non_equity_series,False,series_other(-IV),166,0,0,166,0,0.0,2022-12-07,2026-07-06,,
GURUNANAK-ST.NS,NO_REPLACEMENT,non_equity_series,False,series_sme(-SM/-ST),164,0,0,164,0,0.0,2025-10-01,2026-06-18,,
CURRENT-SM.NS,NO_REPLACEMENT,non_equity_series,False,series_sme(-SM/-ST),162,0,0,162,0,0.0,2025-09-03,2026-06-18,,
SHEEL-SM.NS,NO_REPLACEMENT,non_equity_series,False,series_sme(-SM/-ST),162,0,0,162,0,0.0,2025-10-08,2026-06-18,,
MGSL-SM.NS,NO_REPLACEMENT,non_equity_series,False,series_sme(-SM/-ST),161,0,0,161,0,0.0,2025-09-30,2026-06-18,,
INTEGRITY-ST.NS,NO_REPLACEMENT,non_equity_series,False,series_sme(-SM/-ST),160,0,0,160,0,0.0,2025-05-20,2026-06-18,,
SWANDEF-BE.NS,NO_REPLACEMENT,non_equity_series,False,series_trade_for_trade(-BE/-BZ),160,0,0,160,0,0.0,2025-01-21,2026-06-18,,
AARADHYA-SM.NS,NO_REPLACEMENT,non_equity_series,False,series_sme(-SM/-ST),159,0,0,159,0,0.0,2025-08-11,2026-07-06,,
ECOLINE-SM.NS,NO_REPLACEMENT,non_equity_series,False,series_sme(-SM/-ST),158,0,0,158,0,0.0,2025-09-30,2026-06-18,,
VIJAYPD-ST.NS,NO_REPLACEMENT,non_equity_series,False,series_sme(-SM/-ST),158,0,0,158,0,0.0,2025-10-07,2026-06-18,,
BAGDIGITAL-SM.NS,NO_REPLACEMENT,non_equity_series,False,series_sme(-SM/-ST),157,0,0,157,0,0.0,2025-10-08,2026-06-18,,
MPEL-SM.NS,NO_REPLACEMENT,non_equity_series,False,series_sme(-SM/-ST),154,0,0,154,0,0.0,2025-10-06,2026-06-18,,
VERTIS-IV.NS,NO_REPLACEMENT,non_equity_series,False,series_other(-IV),153,0,0,153,0,0.0,2025-09-01,2026-06-15,,
SHETHJI-ST.NS,NO_REPLACEMENT,non_equity_series,False,series_sme(-SM/-ST),148,0,0,148,0,0.0,2025-11-12,2026-06-18,,
FINBUD-SM.NS,NO_REPLACEMENT,non_equity_series,False,series_sme(-SM/-ST),147,0,0,147,0,0.0,2025-11-13,2026-06-18,,
UTLSOLAR-BE.NS,NO_REPLACEMENT,non_equity_series,False,series_trade_for_trade(-BE/-BZ),142,0,0,142,0,0.0,2025-11-20,2026-06-18,,
NDRINVIT-IV.NS,NO_REPLACEMENT,non_equity_series,False,series_other(-IV),139,0,0,139,0,0.0,2024-02-14,2026-06-15,,
JAYESH-SM.NS,NO_REPLACEMENT,non_equity_series,False,series_sme(-SM/-ST),138,0,0,138,0,0.0,2025-11-03,2026-06-18,,
CURIS-SM.NS,NO_REPLACEMENT,non_equity_series,False,series_sme(-SM/-ST),135,0,0,135,0,0.0,2025-11-14,2026-06-18,,
CSSL-SM.NS,NO_REPLACEMENT,non_equity_series,False,series_sme(-SM/-ST),128,0,0,128,0,0.0,2025-12-08,2026-06-18,,
MODINATUR-BE.NS,NO_REPLACEMENT,non_equity_series,False,series_trade_for_trade(-BE/-BZ),127,0,0,127,0,0.0,2025-12-11,2026-06-18,,
ENCOMPAS-SM.NS,NO_REPLACEMENT,non_equity_series,False,series_sme(-SM/-ST),125,0,0,125,0,0.0,2025-12-12,2026-06-18,,
INVICTA-ST.NS,NO_REPLACEMENT,non_equity_series,False,series_sme(-SM/-ST),124,0,0,124,0,0.0,2025-12-08,2026-06-18,,
ATLPP-E1.NS,NO_REPLACEMENT,non_equity_series,False,series_other(-E1),123,0,0,123,0,0.0,2025-12-16,2026-06-18,,
NEOCHEM-ST.NS,NO_REPLACEMENT,non_equity_series,False,series_sme(-SM/-ST),123,0,0,123,0,0.0,2025-12-09,2026-06-18,,
SHRIKANHA-ST.NS,NO_REPLACEMENT,non_equity_series,False,series_sme(-SM/-ST),122,0,0,122,0,0.0,2025-12-10,2026-06-17,,
RUDRA-BE.NS,NO_REPLACEMENT,non_equity_series,False,series_trade_for_trade(-BE/-BZ),121,0,0,121,0,0.0,2025-12-19,2026-06-18,,
EXIMROUTES-SM.NS,NO_REPLACEMENT,non_equity_series,False,series_sme(-SM/-ST),118,0,0,118,0,0.0,2025-12-19,2026-06-18,,
ASHWINI-SM.NS,NO_REPLACEMENT,non_equity_series,False,series_sme(-SM/-ST),116,0,0,116,0,0.0,2025-12-19,2026-06-17,,
EASTSILK-BE.NS,NO_REPLACEMENT,non_equity_series,False,series_trade_for_trade(-BE/-BZ),115,0,0,115,0,0.0,2025-08-18,2026-06-18,,
DHARARAIL-SM.NS,NO_REPLACEMENT,non_equity_series,False,series_sme(-SM/-ST),114,0,0,114,0,0.0,2025-12-31,2026-06-18,,
MARC-ST.NS,NO_REPLACEMENT,non_equity_series,False,series_sme(-SM/-ST),113,0,0,113,0,0.0,2025-12-24,2026-06-18,,
E2ERAIL-ST.NS,NO_REPLACEMENT,non_equity_series,False,series_sme(-SM/-ST),112,0,0,112,0,0.0,2026-01-02,2026-06-18,,
SHYAMDHANI-SM.NS,NO_REPLACEMENT,non_equity_series,False,series_sme(-SM/-ST),111,0,0,111,0,0.0,2025-12-30,2026-06-18,,
SOCL-ST.NS,NO_REPLACEMENT,non_equity_series,False,series_sme(-SM/-ST),109,0,0,109,0,0.0,2025-12-30,2026-06-18,,
VICTORYEV-ST.NS,NO_REPLACEMENT,non_equity_series,False,series_sme(-SM/-ST),104,0,0,104,0,0.0,2026-01-14,2026-06-18,,
AVANA-ST.NS,NO_REPLACEMENT,non_equity_series,False,series_sme(-SM/-ST),98,0,0,98,0,0.0,2026-01-20,2026-06-18,,
FWSTC-SM.NS,NO_REPLACEMENT,non_equity_series,False,series_sme(-SM/-ST),98,0,0,98,0,0.0,2025-12-12,2026-06-25,,
SPEB-ST.NS,NO_REPLACEMENT,non_equity_series,False,series_sme(-SM/-ST),98,0,0,98,0,0.0,2025-12-08,2026-06-18,,
EPWINDIA-ST.NS,NO_REPLACEMENT,non_equity_series,False,series_sme(-SM/-ST),95,0,0,95,0,0.0,2025-12-30,2026-06-18,,
KRMAYURVED-ST.NS,NO_REPLACEMENT,non_equity_series,False,series_sme(-SM/-ST),95,0,0,95,0,0.0,2026-01-29,2026-06-18,,
KRISHPP-E1.NS,NO_REPLACEMENT,non_equity_series,False,series_other(-E1),89,0,0,89,0,0.0,2026-01-14,2026-06-18,,
CKKRETAIL-SM.NS,NO_REPLACEMENT,non_equity_series,False,series_sme(-SM/-ST),87,0,0,87,0,0.0,2026-02-06,2026-06-18,,
BRANDMAN-ST.NS,NO_REPLACEMENT,non_equity_series,False,series_sme(-SM/-ST),85,0,0,85,0,0.0,2026-02-11,2026-06-18,,
ARMOUR-SM.NS,NO_REPLACEMENT,non_equity_series,False,series_sme(-SM/-ST),82,0,0,82,0,0.0,2026-01-22,2026-07-06,,
BIOPOL-SM.NS,NO_REPLACEMENT,non_equity_series,False,series_sme(-SM/-ST),82,0,0,82,0,0.0,2026-02-13,2026-06-18,,
DCMSIL-BE.NS,NO_REPLACEMENT,non_equity_series,False,series_trade_for_trade(-BE/-BZ),81,0,0,81,0,0.0,2026-02-17,2026-06-18,,
DSFCL.NS,NO_REPLACEMENT,nse_equity,False,unknown_no_master_entry,81,0,0,81,0,0.0,2026-02-17,2026-06-18,,
GJL-ST.NS,NO_REPLACEMENT,non_equity_series,False,series_sme(-SM/-ST),78,0,0,78,0,0.0,2026-02-11,2026-06-18,,
GAUDIUMIVF-BE.NS,NO_REPLACEMENT,non_equity_series,False,series_trade_for_trade(-BE/-BZ),73,0,0,73,0,0.0,2026-02-27,2026-06-18,,
MOBILISE-ST.NS,NO_REPLACEMENT,non_equity_series,False,series_sme(-SM/-ST),69,0,0,69,0,0.0,2026-03-02,2026-06-18,,
YAAP-ST.NS,NO_REPLACEMENT,non_equity_series,False,series_sme(-SM/-ST),69,0,0,69,0,0.0,2026-03-05,2026-06-18,,
MANILAM-SM.NS,NO_REPLACEMENT,non_equity_series,False,series_sme(-SM/-ST),67,0,0,67,0,0.0,2026-02-27,2026-06-18,,
TVSMNCRPS-P1.NS,NO_REPLACEMENT,non_equity_series,False,series_other(-P1),67,0,0,67,0,0.0,2026-03-10,2026-06-18,,
AMIRCHAND.NS,NO_REPLACEMENT,nse_equity,False,unknown_no_master_entry,66,0,0,66,0,0.0,2026-04-02,2026-07-06,,
SHAIVAL-ST.NS,NO_REPLACEMENT,non_equity_series,False,series_sme(-SM/-ST),65,0,0,65,0,0.0,2016-01-14,2026-03-20,,
STRIDERS-SM.NS,NO_REPLACEMENT,non_equity_series,False,series_sme(-SM/-ST),63,0,0,63,0,0.0,2026-03-06,2026-06-18,,
APSISAERO-ST.NS,NO_REPLACEMENT,non_equity_series,False,series_sme(-SM/-ST),61,0,0,61,0,0.0,2026-03-18,2026-06-18,,
MARUSHIKA-SM.NS,NO_REPLACEMENT,non_equity_series,False,series_sme(-SM/-ST),60,0,0,60,0,0.0,2026-02-19,2026-06-16,,
RIIT-IV.NS,NO_REPLACEMENT,non_equity_series,False,series_other(-IV),57,0,0,57,0,0.0,2026-03-24,2026-06-18,,
ACETEC-SM.NS,NO_REPLACEMENT,non_equity_series,False,series_sme(-SM/-ST),56,0,0,56,0,0.0,2026-03-09,2026-07-02,,
ASHIKA.NS,NO_REPLACEMENT,nse_equity,False,unknown_no_master_entry,53,0,0,53,0,0.0,2026-04-20,2026-07-06,,
RMC-BE.NS,NO_REPLACEMENT,non_equity_series,False,series_trade_for_trade(-BE/-BZ),53,0,0,53,0,0.0,2026-04-01,2026-06-18,,
NIMBSPROJ-BE.NS,NO_REPLACEMENT,non_equity_series,False,series_trade_for_trade(-BE/-BZ),50,0,0,50,0,0.0,2026-04-06,2026-06-17,,
VIVIDEL-ST.NS,NO_REPLACEMENT,non_equity_series,False,series_sme(-SM/-ST),50,0,0,50,0,0.0,2026-04-07,2026-06-18,,
TVSINVIT-IV.NS,NO_REPLACEMENT,non_equity_series,False,series_other(-IV),48,0,0,48,0,0.0,2025-07-08,2026-06-09,,
SPCON-SM.NS,NO_REPLACEMENT,non_equity_series,False,series_sme(-SM/-ST),44,0,0,44,0,0.0,2026-03-13,2026-06-17,,
ABANSENT-BE.NS,NO_REPLACEMENT,non_equity_series,False,series_trade_for_trade(-BE/-BZ),42,0,0,42,0,0.0,2026-04-20,2026-06-18,,
BI.NS,NO_REPLACEMENT,nse_equity,False,unknown_no_master_entry,42,0,0,42,0,0.0,2026-04-20,2026-06-18,,
BLACKROSE.NS,NO_REPLACEMENT,nse_equity,False,unknown_no_master_entry,42,0,0,42,0,0.0,2026-04-20,2026-06-18,,
BNAGROCHEM-BE.NS,NO_REPLACEMENT,non_equity_series,False,series_trade_for_trade(-BE/-BZ),42,0,0,42,0,0.0,2026-04-20,2026-06-18,,
BTTL.NS,NO_REPLACEMENT,nse_equity,False,unknown_no_master_entry,42,0,0,42,0,0.0,2026-04-20,2026-06-18,,
EMPOWER-BE.NS,NO_REPLACEMENT,non_equity_series,False,series_trade_for_trade(-BE/-BZ),42,0,0,42,0,0.0,2026-04-20,2026-06-18,,
HALDYNGL.NS,NO_REPLACEMENT,nse_equity,False,unknown_no_master_entry,42,0,0,42,0,0.0,2026-04-20,2026-06-18,,
INVPRECQ.NS,NO_REPLACEMENT,nse_equity,False,unknown_no_master_entry,42,0,0,42,0,0.0,2026-04-20,2026-06-18,,
KANCHI-BE.NS,NO_REPLACEMENT,non_equity_series,False,series_trade_for_trade(-BE/-BZ),42,0,0,42,0,0.0,2026-04-20,2026-06-18,,
MAJESAUT.NS,NO_REPLACEMENT,nse_equity,False,unknown_no_master_entry,42,0,0,42,0,0.0,2026-04-20,2026-06-18,,
MMWL-BE.NS,NO_REPLACEMENT,non_equity_series,False,series_trade_for_trade(-BE/-BZ),42,0,0,42,0,0.0,2026-04-20,2026-06-18,,
PIONRINV.NS,NO_REPLACEMENT,nse_equity,False,unknown_no_master_entry,42,0,0,42,0,0.0,2026-04-20,2026-06-18,,
PRADPME.NS,NO_REPLACEMENT,nse_equity,False,unknown_no_master_entry,42,0,0,42,0,0.0,2026-04-20,2026-06-18,,
SCANSTL.NS,NO_REPLACEMENT,nse_equity,False,unknown_no_master_entry,42,0,0,42,0,0.0,2026-04-20,2026-06-18,,
SHARDUL.NS,NO_REPLACEMENT,nse_equity,False,unknown_no_master_entry,42,0,0,42,0,0.0,2026-04-20,2026-06-18,,
TAMBOLIIN.NS,NO_REPLACEMENT,nse_equity,False,unknown_no_master_entry,42,0,0,42,0,0.0,2026-04-20,2026-06-18,,
TRANSPEK.NS,NO_REPLACEMENT,nse_equity,False,unknown_no_master_entry,42,0,0,42,0,0.0,2026-04-20,2026-06-18,,
VELJAN.NS,NO_REPLACEMENT,nse_equity,False,unknown_no_master_entry,42,0,0,42,0,0.0,2026-04-20,2026-06-18,,
THACKER-BE.NS,NO_REPLACEMENT,non_equity_series,False,series_trade_for_trade(-BE/-BZ),40,0,0,40,0,0.0,2026-04-20,2026-06-18,,
RSDFIN.NS,NO_REPLACEMENT,nse_equity,False,unknown_no_master_entry,38,0,0,38,0,0.0,2026-04-20,2026-06-18,,
ADISOFT-SM.NS,NO_REPLACEMENT,non_equity_series,False,series_sme(-SM/-ST),35,0,0,35,0,0.0,2026-04-30,2026-07-06,,
CITIUSINVT-IV.NS,NO_REPLACEMENT,non_equity_series,False,series_other(-IV),35,0,0,35,0,0.0,2026-04-29,2026-06-18,,
^BSESN,NO_REPLACEMENT,other_index,False,index,35,0,0,35,0,0.0,2026-07-13,2026-08-28,,
BNALTD.NS,NO_REPLACEMENT,nse_equity,False,unknown_no_master_entry,34,0,0,34,0,0.0,2026-04-20,2026-06-18,,
AMBAAUTO-SM.NS,NO_REPLACEMENT,non_equity_series,False,series_sme(-SM/-ST),33,0,0,33,0,0.0,2026-05-05,2026-07-06,,
DRSCARGO-SM.NS,NO_REPLACEMENT,non_equity_series,False,series_sme(-SM/-ST),31,0,0,31,0,0.0,2025-07-10,2026-04-15,,
SEITINVIT-IV.NS,NO_REPLACEMENT,non_equity_series,False,series_other(-IV),31,0,0,31,0,0.0,2024-02-12,2026-06-18,,
NXT-INFRA-IV.NS,NO_REPLACEMENT,non_equity_series,False,series_other(-IV),30,0,0,30,0,0.0,2024-07-02,2026-06-16,,
VALUE360-SM.NS,NO_REPLACEMENT,non_equity_series,False,series_sme(-SM/-ST),28,0,0,28,0,0.0,2026-05-11,2026-06-18,,
BAGMANE-RR.NS,NO_REPLACEMENT,non_equity_series,False,unknown_no_master_entry,25,0,0,25,0,0.0,2026-05-14,2026-06-18,,
ROCKPP-E1.NS,NO_REPLACEMENT,non_equity_series,False,series_other(-E1),25,0,0,25,0,0.0,2025-12-01,2026-06-17,,
SIMCA-SM.NS,NO_REPLACEMENT,non_equity_series,False,series_sme(-SM/-ST),24,0,0,24,0,0.0,2026-05-15,2026-06-18,,
RFBL-SM.NS,NO_REPLACEMENT,non_equity_series,False,series_sme(-SM/-ST),22,0,0,22,0,0.0,2026-05-19,2026-06-18,,
TEAMTECH-SM.NS,NO_REPLACEMENT,non_equity_series,False,series_sme(-SM/-ST),17,0,0,17,0,0.0,2026-05-26,2026-06-18,,
NFPSAMPOOR-SM.NS,NO_REPLACEMENT,non_equity_series,False,series_sme(-SM/-ST),16,0,0,16,0,0.0,2026-05-25,2026-06-17,,
BMLL-SM.NS,NO_REPLACEMENT,non_equity_series,False,series_sme(-SM/-ST),15,0,0,15,0,0.0,2026-05-29,2026-06-18,,
QLINE-SM.NS,NO_REPLACEMENT,non_equity_series,False,series_sme(-SM/-ST),15,0,0,15,0,0.0,2026-05-29,2026-06-18,,
MERCURYEV-BE.NS,NO_REPLACEMENT,non_equity_series,False,series_trade_for_trade(-BE/-BZ),13,0,0,13,0,0.0,2026-06-02,2026-06-18,,
INTERISE-IV.NS,NO_REPLACEMENT,non_equity_series,False,series_other(-IV),8,0,0,8,0,0.0,2018-05-14,2025-09-16,,
SHAH-RE1-BE.NS,NO_REPLACEMENT,non_equity_series,False,series_trade_for_trade(-BE/-BZ),6,0,0,6,0,0.0,2026-06-11,2026-06-18,,
GENXAI-ST.NS,NO_REPLACEMENT,non_equity_series,False,series_sme(-SM/-ST),5,0,0,5,0,0.0,2026-06-12,2026-06-18,,
HEXAGON-BE.NS,NO_REPLACEMENT,non_equity_series,False,series_trade_for_trade(-BE/-BZ),5,0,0,5,0,0.0,2026-06-12,2026-06-18,,
KALYANI-BE.NS,NO_REPLACEMENT,non_equity_series,False,series_trade_for_trade(-BE/-BZ),4,0,0,4,0,0.0,2022-03-02,2025-07-04,,
VAML-BE.NS,NO_REPLACEMENT,non_equity_series,False,series_trade_for_trade(-BE/-BZ),4,0,0,4,0,0.0,2026-06-15,2026-06-18,,
VEDPOWER-BE.NS,NO_REPLACEMENT,non_equity_series,False,series_trade_for_trade(-BE/-BZ),4,0,0,4,0,0.0,2026-06-15,2026-06-18,,
VISL-BE.NS,NO_REPLACEMENT,non_equity_series,False,series_trade_for_trade(-BE/-BZ),4,0,0,4,0,0.0,2026-06-15,2026-06-18,,
VOGL-BE.NS,NO_REPLACEMENT,non_equity_series,False,series_trade_for_trade(-BE/-BZ),4,0,0,4,0,0.0,2026-06-15,2026-06-18,,
RELTD-RE-BE.NS,NO_REPLACEMENT,non_equity_series,False,series_trade_for_trade(-BE/-BZ),3,0,0,3,0,0.0,2026-06-16,2026-06-18,,
AB10BKINAV.NS,NO_REPLACEMENT,etf_or_inav,False,unknown_no_master_entry,1,0,0,1,0,0.0,2026-07-06,2026-07-06,,
ABGSECINAV.NS,NO_REPLACEMENT,etf_or_inav,False,unknown_no_master_entry,1,0,0,1,0,0.0,2026-07-03,2026-07-03,,
ABSLBAINAV.NS,NO_REPLACEMENT,etf_or_inav,False,unknown_no_master_entry,1,0,0,1,0,0.0,2026-07-06,2026-07-06,,
ABSLLQINAV.NS,NO_REPLACEMENT,etf_or_inav,False,unknown_no_master_entry,1,0,0,1,0,0.0,2026-07-06,2026-07-06,,
ABSLNNINAV.NS,NO_REPLACEMENT,etf_or_inav,False,unknown_no_master_entry,1,0,0,1,0,0.0,2026-07-06,2026-07-06,,
ABSMSCINAV.NS,NO_REPLACEMENT,etf_or_inav,False,unknown_no_master_entry,1,0,0,1,0,0.0,2026-07-06,2026-07-06,,
ABSPSEINAV.NS,NO_REPLACEMENT,etf_or_inav,False,unknown_no_master_entry,1,0,0,1,0,0.0,2026-07-06,2026-07-06,,
ALPHAINAV.NS,NO_REPLACEMENT,etf_or_inav,False,unknown_no_master_entry,1,0,0,1,0,0.0,2026-07-03,2026-07-03,,
AOGOLDINAV.NS,NO_REPLACEMENT,etf_or_inav,False,unknown_no_master_entry,1,0,0,1,0,0.0,2026-07-06,2026-07-06,,
AONE50INAV.NS,NO_REPLACEMENT,etf_or_inav,False,unknown_no_master_entry,1,0,0,1,0,0.0,2026-07-06,2026-07-06,,
AONELIINAV.NS,NO_REPLACEMENT,etf_or_inav,False,unknown_no_master_entry,1,0,0,1,0,0.0,2026-07-06,2026-07-06,,
AONENFINAV.NS,NO_REPLACEMENT,etf_or_inav,False,unknown_no_master_entry,1,0,0,1,0,0.0,2026-07-06,2026-07-06,,
AONESIINAV.NS,NO_REPLACEMENT,etf_or_inav,False,unknown_no_master_entry,1,0,0,1,0,0.0,2026-07-06,2026-07-06,,
AONETOINAV.NS,NO_REPLACEMENT,etf_or_inav,False,unknown_no_master_entry,1,0,0,1,0,0.0,2026-07-06,2026-07-06,,
IRBIT-IV.NS,NO_REPLACEMENT,non_equity_series,False,series_other(-IV),1,0,0,1,0,0.0,2024-06-13,2024-06-13,,
AARTIDRUGS.NS,PARTIAL_REPLACEMENT,nse_equity,True,in_upstox_master,2603,2477,2432,171,45,93.43,2016-01-01,2026-07-06,2016-09-06,2026-09-07
AARTIIND.NS,PARTIAL_REPLACEMENT,nse_equity,True,in_upstox_master,2603,2477,2432,171,45,93.43,2016-01-01,2026-07-06,2016-09-06,2026-09-07
ABB.NS,PARTIAL_REPLACEMENT,nse_equity,True,in_upstox_master,2603,2477,2432,171,45,93.43,2016-01-01,2026-07-06,2016-09-06,2026-09-07
ABBOTINDIA.NS,PARTIAL_REPLACEMENT,nse_equity,True,in_upstox_master,2603,2477,2432,171,45,93.43,2016-01-01,2026-07-06,2016-09-06,2026-09-07
ABFRL.NS,PARTIAL_REPLACEMENT,nse_equity,True,in_upstox_master,2603,2477,2432,171,45,93.43,2016-01-01,2026-07-06,2016-09-06,2026-09-07
ABREL.NS,PARTIAL_REPLACEMENT,nse_equity,True,in_upstox_master,2603,2477,2432,171,45,93.43,2016-01-01,2026-07-06,2016-09-06,2026-09-07
ACC.NS,PARTIAL_REPLACEMENT,nse_equity,True,in_upstox_master,2603,2477,2432,171,45,93.43,2016-01-01,2026-07-06,2016-09-06,2026-09-07
ACCELYA.NS,PARTIAL_REPLACEMENT,nse_equity,True,in_upstox_master,2603,2477,2432,171,45,93.43,2016-01-01,2026-07-06,2016-09-06,2026-09-07
ACE.NS,PARTIAL_REPLACEMENT,nse_equity,True,in_upstox_master,2603,2477,2432,171,45,93.43,2016-01-01,2026-07-06,2016-09-06,2026-09-07
ADANIENSOL.NS,PARTIAL_REPLACEMENT,nse_equity,True,in_upstox_master,2603,2477,2432,171,45,93.43,2016-01-01,2026-07-06,2016-09-06,2026-09-07
ADANIENT.NS,PARTIAL_REPLACEMENT,nse_equity,True,in_upstox_master,2603,2477,2432,171,45,93.43,2016-01-01,2026-07-06,2016-09-06,2026-09-07
ADANIPORTS.NS,PARTIAL_REPLACEMENT,nse_equity,True,in_upstox_master,2603,2477,2432,171,45,93.43,2016-01-01,2026-07-06,2016-09-06,2026-09-07
ADANIPOWER.NS,PARTIAL_REPLACEMENT,nse_equity,True,in_upstox_master,2603,2477,2432,171,45,93.43,2016-01-01,2026-07-06,2016-09-06,2026-09-07
ADFFOODS.NS,PARTIAL_REPLACEMENT,nse_equity,True,in_upstox_master,2603,2477,2432,171,45,93.43,2016-01-01,2026-07-06,2016-09-06,2026-09-07
ADSL.NS,PARTIAL_REPLACEMENT,nse_equity,True,in_upstox_master,2603,2477,2432,171,45,93.43,2016-01-01,2026-07-06,2016-09-06,2026-09-07
AJMERA.NS,PARTIAL_REPLACEMENT,nse_equity,True,in_upstox_master,2603,2477,2432,171,45,93.43,2016-01-01,2026-07-06,2016-09-06,2026-09-07
ALEMBICLTD.NS,PARTIAL_REPLACEMENT,nse_equity,True,in_upstox_master,2603,2477,2432,171,45,93.43,2016-01-01,2026-07-06,2016-09-06,2026-09-07
ALKYLAMINE.NS,PARTIAL_REPLACEMENT,nse_equity,True,in_upstox_master,2603,2477,2432,171,45,93.43,2016-01-01,2026-07-06,2016-09-06,2026-09-07
ALLCARGO.NS,PARTIAL_REPLACEMENT,nse_equity,True,in_upstox_master,2603,2477,2432,171,45,93.43,2016-01-01,2026-07-06,2016-09-06,2026-09-07
AMBUJACEM.NS,PARTIAL_REPLACEMENT,nse_equity,True,in_upstox_master,2603,2477,2432,171,45,93.43,2016-01-01,2026-07-06,2016-09-06,2026-09-07
AMRUTANJAN.NS,PARTIAL_REPLACEMENT,nse_equity,True,in_upstox_master,2603,2477,2432,171,45,93.43,2016-01-01,2026-07-06,2016-09-06,2026-09-07
ANANTRAJ.NS,PARTIAL_REPLACEMENT,nse_equity,True,in_upstox_master,2603,2477,2432,171,45,93.43,2016-01-01,2026-07-06,2016-09-06,2026-09-07
ANDHRSUGAR.NS,PARTIAL_REPLACEMENT,nse_equity,True,in_upstox_master,2603,2477,2432,171,45,93.43,2016-01-01,2026-07-06,2016-09-06,2026-09-07
ANTELOPUS.NS,PARTIAL_REPLACEMENT,nse_equity,True,in_upstox_master,2603,2477,2432,171,45,93.43,2016-01-01,2026-07-06,2016-09-06,2026-09-07
APARINDS.NS,PARTIAL_REPLACEMENT,nse_equity,True,in_upstox_master,2603,2477,2432,171,45,93.43,2016-01-01,2026-07-06,2016-09-06,2026-09-07
APLAPOLLO.NS,PARTIAL_REPLACEMENT,nse_equity,True,in_upstox_master,2603,2477,2432,171,45,93.43,2016-01-01,2026-07-06,2016-09-06,2026-09-07
APLLTD.NS,PARTIAL_REPLACEMENT,nse_equity,True,in_upstox_master,2603,2477,2432,171,45,93.43,2016-01-01,2026-07-06,2016-09-06,2026-09-07
APOLLOHOSP.NS,PARTIAL_REPLACEMENT,nse_equity,True,in_upstox_master,2603,2477,2432,171,45,93.43,2016-01-01,2026-07-06,2016-09-06,2026-09-07
APOLLOTYRE.NS,PARTIAL_REPLACEMENT,nse_equity,True,in_upstox_master,2603,2477,2432,171,45,93.43,2016-01-01,2026-07-06,2016-09-06,2026-09-07
ARE&M.NS,PARTIAL_REPLACEMENT,nse_equity,True,in_upstox_master,2603,2477,2432,171,45,93.43,2016-01-01,2026-07-06,2016-09-06,2026-09-07
ARVIND.NS,PARTIAL_REPLACEMENT,nse_equity,True,in_upstox_master,2603,2477,2432,171,45,93.43,2016-01-01,2026-07-06,2016-09-06,2026-09-07
A2ZINFRA.NS,PARTIAL_REPLACEMENT,nse_equity,True,in_upstox_master,2602,2477,2432,170,45,93.47,2016-01-01,2026-07-06,2016-09-06,2026-09-07
ADOR.NS,PARTIAL_REPLACEMENT,nse_equity,True,in_upstox_master,2602,2477,2432,170,45,93.47,2016-01-01,2026-07-06,2016-09-06,2026-09-07
AEGISLOG.NS,PARTIAL_REPLACEMENT,nse_equity,True,in_upstox_master,2602,2477,2432,170,45,93.47,2016-01-01,2026-07-06,2016-09-06,2026-09-07
AGI.NS,PARTIAL_REPLACEMENT,nse_equity,True,in_upstox_master,2602,2477,2432,170,45,93.47,2016-01-01,2026-07-06,2016-09-06,2026-09-07
AHLUCONT.NS,PARTIAL_REPLACEMENT,nse_equity,True,in_upstox_master,2602,2477,2431,171,46,93.43,2016-01-01,2026-07-06,2016-09-06,2026-09-07
AJANTPHARM.NS,PARTIAL_REPLACEMENT,nse_equity,True,in_upstox_master,2602,2477,2432,170,45,93.47,2016-01-01,2026-07-06,2016-09-06,2026-09-07
ALKEM.NS,PARTIAL_REPLACEMENT,nse_equity,True,in_upstox_master,2602,2477,2432,170,45,93.47,2016-01-01,2026-07-06,2016-09-06,2026-09-07
AMBIKCO.NS,PARTIAL_REPLACEMENT,nse_equity,True,in_upstox_master,2602,2477,2432,170,45,93.47,2016-01-01,2026-07-06,2016-09-06,2026-09-07
ANDHRAPAP.NS,PARTIAL_REPLACEMENT,nse_equity,True,in_upstox_master,2602,2477,2432,170,45,93.47,2016-01-01,2026-07-06,2016-09-06,2026-09-07
ARCHIDPLY.NS,PARTIAL_REPLACEMENT,nse_equity,True,in_upstox_master,2602,2477,2432,170,45,93.47,2016-01-01,2026-07-06,2016-09-06,2026-09-07
ARVSMART.NS,PARTIAL_REPLACEMENT,nse_equity,True,in_upstox_master,2602,2477,2432,170,45,93.47,2016-01-01,2026-07-06,2016-09-06,2026-09-07
AIAENG.NS,PARTIAL_REPLACEMENT,nse_equity,True,in_upstox_master,2601,2477,2432,169,45,93.5,2016-01-01,2026-07-06,2016-09-06,2026-09-07
ALANKIT.NS,PARTIAL_REPLACEMENT,nse_equity,True,in_upstox_master,2601,2477,2432,169,45,93.5,2016-01-01,2026-07-06,2016-09-06,2026-09-07
ALLDIGI.NS,PARTIAL_REPLACEMENT,nse_equity,True,in_upstox_master,2601,2477,2432,169,45,93.5,2016-01-01,2026-07-06,2016-09-06,2026-09-07
APCOTEXIND.NS,PARTIAL_REPLACEMENT,nse_equity,True,in_upstox_master,2601,2477,2432,169,45,93.5,2016-01-01,2026-07-06,2016-09-06,2026-09-07
ARCHIES.NS,PARTIAL_REPLACEMENT,nse_equity,True,in_upstox_master,2601,2477,2432,169,45,93.5,2016-01-01,2026-07-06,2016-09-06,2026-09-07
ARIES.NS,PARTIAL_REPLACEMENT,nse_equity,True,in_upstox_master,2601,2477,2432,169,45,93.5,2016-01-01,2026-07-06,2016-09-06,2026-09-07
AMJLAND.NS,PARTIAL_REPLACEMENT,nse_equity,True,in_upstox_master,2600,2477,2431,169,46,93.5,2016-01-01,2026-07-06,2016-09-06,2026-09-07
AROGRANITE.NS,PARTIAL_REPLACEMENT,nse_equity,True,in_upstox_master,2600,2477,2432,168,45,93.54,2016-01-01,2026-07-06,2016-09-06,2026-09-07
ALPA.NS,PARTIAL_REPLACEMENT,nse_equity,True,in_upstox_master,2599,2477,2430,169,47,93.5,2016-01-01,2026-07-06,2016-09-06,2026-09-07
FEDERALBNK.NS,PARTIAL_REPLACEMENT,nse_equity,True,in_upstox_master,2599,2480,2429,170,51,93.46,2016-01-01,2026-06-25,2016-09-06,2026-09-07
HINDZINC.NS,PARTIAL_REPLACEMENT,nse_equity,True,in_upstox_master,2599,2480,2429,170,51,93.46,2016-01-01,2026-06-25,2016-09-06,2026-09-07
ALICON.NS,PARTIAL_REPLACEMENT,nse_equity,True,in_upstox_master,2598,2477,2429,169,48,93.49,2016-01-01,2026-07-06,2016-09-06,2026-09-07
AMDIND.NS,PARTIAL_REPLACEMENT,nse_equity,True,in_upstox_master,2598,2477,2430,168,47,93.53,2016-01-01,2026-07-06,2016-09-06,2026-09-07
TECHM.NS,PARTIAL_REPLACEMENT,nse_equity,True,in_upstox_master,2598,2479,2428,170,51,93.46,2016-01-01,2026-06-25,2016-09-06,2026-09-07
ASAHIINDIA.NS,PARTIAL_REPLACEMENT,nse_equity,True,in_upstox_master,2596,2477,2426,170,51,93.45,2016-01-01,2026-06-25,2016-09-06,2026-09-07
ASHAPURMIN.NS,PARTIAL_REPLACEMENT,nse_equity,True,in_upstox_master,2596,2477,2426,170,51,93.45,2016-01-01,2026-06-25,2016-09-06,2026-09-07
ASHOKA.NS,PARTIAL_REPLACEMENT,nse_equity,True,in_upstox_master,2596,2477,2426,170,51,93.45,2016-01-01,2026-06-25,2016-09-06,2026-09-07
ASHOKLEY.NS,PARTIAL_REPLACEMENT,nse_equity,True,in_upstox_master,2596,2477,2426,170,51,93.45,2016-01-01,2026-06-25,2016-09-06,2026-09-07
ASTRAMICRO.NS,PARTIAL_REPLACEMENT,nse_equity,True,in_upstox_master,2596,2477,2426,170,51,93.45,2016-01-01,2026-06-25,2016-09-06,2026-09-07
AXISCADES.NS,PARTIAL_REPLACEMENT,nse_equity,True,in_upstox_master,2596,2477,2426,170,51,93.45,2016-01-01,2026-06-25,2016-09-06,2026-09-07
BAJAJ-AUTO.NS,PARTIAL_REPLACEMENT,nse_equity,True,in_upstox_master,2596,2477,2426,170,51,93.45,2016-01-01,2026-06-25,2016-09-06,2026-09-07
BAJAJCON.NS,PARTIAL_REPLACEMENT,nse_equity,True,in_upstox_master,2596,2477,2426,170,51,93.45,2016-01-01,2026-06-25,2016-09-06,2026-09-07
BAJAJFINSV.NS,PARTIAL_REPLACEMENT,nse_equity,True,in_upstox_master,2596,2477,2426,170,51,93.45,2016-01-01,2026-06-25,2016-09-06,2026-09-07
BAJAJHLDNG.NS,PARTIAL_REPLACEMENT,nse_equity,True,in_upstox_master,2596,2477,2426,170,51,93.45,2016-01-01,2026-06-25,2016-09-06,2026-09-07
BALAMINES.NS,PARTIAL_REPLACEMENT,nse_equity,True,in_upstox_master,2596,2477,2426,170,51,93.45,2016-01-01,2026-06-25,2016-09-06,2026-09-07
BALRAMCHIN.NS,PARTIAL_REPLACEMENT,nse_equity,True,in_upstox_master,2596,2477,2426,170,51,93.45,2016-01-01,2026-06-25,2016-09-06,2026-09-07
BANKBARODA.NS,PARTIAL_REPLACEMENT,nse_equity,True,in_upstox_master,2596,2477,2426,170,51,93.45,2016-01-01,2026-06-25,2016-09-06,2026-09-07
BANKINDIA.NS,PARTIAL_REPLACEMENT,nse_equity,True,in_upstox_master,2596,2477,2426,170,51,93.45,2016-01-01,2026-06-25,2016-09-06,2026-09-07
BATAINDIA.NS,PARTIAL_REPLACEMENT,nse_equity,True,in_upstox_master,2596,2477,2426,170,51,93.45,2016-01-01,2026-06-25,2016-09-06,2026-09-07
BEL.NS,PARTIAL_REPLACEMENT,nse_equity,True,in_upstox_master,2596,2477,2426,170,51,93.45,2016-01-01,2026-06-25,2016-09-06,2026-09-07
BEML.NS,PARTIAL_REPLACEMENT,nse_equity,True,in_upstox_master,2596,2477,2426,170,51,93.45,2016-01-01,2026-06-25,2016-09-06,2026-09-07
BERGEPAINT.NS,PARTIAL_REPLACEMENT,nse_equity,True,in_upstox_master,2596,2477,2426,170,51,93.45,2016-01-01,2026-06-25,2016-09-06,2026-09-07
BHEL.NS,PARTIAL_REPLACEMENT,nse_equity,True,in_upstox_master,2596,2477,2426,170,51,93.45,2016-01-01,2026-06-25,2016-09-06,2026-09-07
BIOCON.NS,PARTIAL_REPLACEMENT,nse_equity,True,in_upstox_master,2596,2477,2426,170,51,93.45,2016-01-01,2026-06-25,2016-09-06,2026-09-07
BLUESTARCO.NS,PARTIAL_REPLACEMENT,nse_equity,True,in_upstox_master,2596,2477,2426,170,51,93.45,2016-01-01,2026-06-25,2016-09-06,2026-09-07
BOSCH-HCIL.NS,PARTIAL_REPLACEMENT,nse_equity,True,in_upstox_master,2596,2477,2426,170,51,93.45,2016-01-01,2026-06-25,2016-09-06,2026-09-07
BPCL.NS,PARTIAL_REPLACEMENT,nse_equity,True,in_upstox_master,2596,2477,2426,170,51,93.45,2016-01-01,2026-06-25,2016-09-06,2026-09-07
BRIGADE.NS,PARTIAL_REPLACEMENT,nse_equity,True,in_upstox_master,2596,2477,2426,170,51,93.45,2016-01-01,2026-06-25,2016-09-06,2026-09-07
BRITANNIA.NS,PARTIAL_REPLACEMENT,nse_equity,True,in_upstox_master,2596,2477,2426,170,51,93.45,2016-01-01,2026-06-25,2016-09-06,2026-09-07
BSOFT.NS,PARTIAL_REPLACEMENT,nse_equity,True,in_upstox_master,2596,2477,2426,170,51,93.45,2016-01-01,2026-06-25,2016-09-06,2026-09-07
CANBK.NS,PARTIAL_REPLACEMENT,nse_equity,True,in_upstox_master,2596,2477,2426,170,51,93.45,2016-01-01,2026-06-25,2016-09-06,2026-09-07
CASTROLIND.NS,PARTIAL_REPLACEMENT,nse_equity,True,in_upstox_master,2596,2477,2426,170,51,93.45,2016-01-01,2026-06-25,2016-09-06,2026-09-07
CCL.NS,PARTIAL_REPLACEMENT,nse_equity,True,in_upstox_master,2596,2477,2426,170,51,93.45,2016-01-01,2026-06-25,2016-09-06,2026-09-07
CEATLTD.NS,PARTIAL_REPLACEMENT,nse_equity,True,in_upstox_master,2596,2477,2426,170,51,93.45,2016-01-01,2026-06-25,2016-09-06,2026-09-07
CEMPRO.NS,PARTIAL_REPLACEMENT,nse_equity,True,in_upstox_master,2596,2477,2426,170,51,93.45,2016-01-01,2026-06-25,2016-09-06,2026-09-07
CENTRALBK.NS,PARTIAL_REPLACEMENT,nse_equity,True,in_upstox_master,2596,2477,2426,170,51,93.45,2016-01-01,2026-06-25,2016-09-06,2026-09-07
CESC.NS,PARTIAL_REPLACEMENT,nse_equity,True,in_upstox_master,2596,2477,2426,170,51,93.45,2016-01-01,2026-06-25,2016-09-06,2026-09-07
CGPOWER.NS,PARTIAL_REPLACEMENT,nse_equity,True,in_upstox_master,2596,2477,2426,170,51,93.45,2016-01-01,2026-06-25,2016-09-06,2026-09-07
CHAMBLFERT.NS,PARTIAL_REPLACEMENT,nse_equity,True,in_upstox_master,2596,2477,2426,170,51,93.45,2016-01-01,2026-06-25,2016-09-06,2026-09-07
CHENNPETRO.NS,PARTIAL_REPLACEMENT,nse_equity,True,in_upstox_master,2596,2477,2426,170,51,93.45,2016-01-01,2026-06-25,2016-09-06,2026-09-07
CHOLAFIN.NS,PARTIAL_REPLACEMENT,nse_equity,True,in_upstox_master,2596,2477,2426,170,51,93.45,2016-01-01,2026-06-25,2016-09-06,2026-09-07
CIPLA.NS,PARTIAL_REPLACEMENT,nse_equity,True,in_upstox_master,2596,2477,2426,170,51,93.45,2016-01-01,2026-06-25,2016-09-06,2026-09-07
COLPAL.NS,PARTIAL_REPLACEMENT,nse_equity,True,in_upstox_master,2596,2477,2426,170,51,93.45,2016-01-01,2026-06-25,2016-09-06,2026-09-07
CONCOR.NS,PARTIAL_REPLACEMENT,nse_equity,True,in_upstox_master,2596,2477,2426,170,51,93.45,2016-01-01,2026-06-25,2016-09-06,2026-09-07
COROMANDEL.NS,PARTIAL_REPLACEMENT,nse_equity,True,in_upstox_master,2596,2477,2426,170,51,93.45,2016-01-01,2026-06-25,2016-09-06,2026-09-07
CUB.NS,PARTIAL_REPLACEMENT,nse_equity,True,in_upstox_master,2596,2477,2426,170,51,93.45,2016-01-01,2026-06-25,2016-09-06,2026-09-07
CUMMINSIND.NS,PARTIAL_REPLACEMENT,nse_equity,True,in_upstox_master,2596,2477,2426,170,51,93.45,2016-01-01,2026-06-25,2016-09-06,2026-09-07
CYIENT.NS,PARTIAL_REPLACEMENT,nse_equity,True,in_upstox_master,2596,2477,2426,170,51,93.45,2016-01-01,2026-06-25,2016-09-06,2026-09-07
DABUR.NS,PARTIAL_REPLACEMENT,nse_equity,True,in_upstox_master,2596,2477,2426,170,51,93.45,2016-01-01,2026-06-25,2016-09-06,2026-09-07
DEEPAKFERT.NS,PARTIAL_REPLACEMENT,nse_equity,True,in_upstox_master,2596,2477,2426,170,51,93.45,2016-01-01,2026-06-25,2016-09-06,2026-09-07
DELTACORP.NS,PARTIAL_REPLACEMENT,nse_equity,True,in_upstox_master,2596,2477,2426,170,51,93.45,2016-01-01,2026-06-25,2016-09-06,2026-09-07
DLF.NS,PARTIAL_REPLACEMENT,nse_equity,True,in_upstox_master,2596,2477,2426,170,51,93.45,2016-01-01,2026-06-25,2016-09-06,2026-09-07
DREDGECORP.NS,PARTIAL_REPLACEMENT,nse_equity,True,in_upstox_master,2596,2477,2426,170,51,93.45,2016-01-01,2026-06-25,2016-09-06,2026-09-07
ECLERX.NS,PARTIAL_REPLACEMENT,nse_equity,True,in_upstox_master,2596,2477,2426,170,51,93.45,2016-01-01,2026-06-25,2016-09-06,2026-09-07
EDELWEISS.NS,PARTIAL_REPLACEMENT,nse_equity,True,in_upstox_master,2596,2477,2426,170,51,93.45,2016-01-01,2026-06-25,2016-09-06,2026-09-07
EICHERMOT.NS,PARTIAL_REPLACEMENT,nse_equity,True,in_upstox_master,2596,2477,2426,170,51,93.45,2016-01-01,2026-06-25,2016-09-06,2026-09-07
ELECON.NS,PARTIAL_REPLACEMENT,nse_equity,True,in_upstox_master,2596,2477,2426,170,51,93.45,2016-01-01,2026-06-25,2016-09-06,2026-09-07
ELECTCAST.NS,PARTIAL_REPLACEMENT,nse_equity,True,in_upstox_master,2596,2477,2426,170,51,93.45,2016-01-01,2026-06-25,2016-09-06,2026-09-07
ELGIEQUIP.NS,PARTIAL_REPLACEMENT,nse_equity,True,in_upstox_master,2596,2477,2426,170,51,93.45,2016-01-01,2026-06-25,2016-09-06,2026-09-07
ENGINERSIN.NS,PARTIAL_REPLACEMENT,nse_equity,True,in_upstox_master,2596,2477,2426,170,51,93.45,2016-01-01,2026-06-25,2016-09-06,2026-09-07
ESCORTS.NS,PARTIAL_REPLACEMENT,nse_equity,True,in_upstox_master,2596,2477,2426,170,51,93.45,2016-01-01,2026-06-25,2016-09-06,2026-09-07
EXIDEIND.NS,PARTIAL_REPLACEMENT,nse_equity,True,in_upstox_master,2596,2477,2426,170,51,93.45,2016-01-01,2026-06-25,2016-09-06,2026-09-07
FACT.NS,PARTIAL_REPLACEMENT,nse_equity,True,in_upstox_master,2596,2477,2426,170,51,93.45,2016-01-01,2026-06-25,2016-09-06,2026-09-07
FCL.NS,PARTIAL_REPLACEMENT,nse_equity,True,in_upstox_master,2596,2477,2426,170,51,93.45,2016-01-01,2026-06-25,2016-09-06,2026-09-07
FINCABLES.NS,PARTIAL_REPLACEMENT,nse_equity,True,in_upstox_master,2596,2477,2426,170,51,93.45,2016-01-01,2026-06-25,2016-09-06,2026-09-07
FORTIS.NS,PARTIAL_REPLACEMENT,nse_equity,True,in_upstox_master,2596,2477,2426,170,51,93.45,2016-01-01,2026-06-25,2016-09-06,2026-09-07
FSL.NS,PARTIAL_REPLACEMENT,nse_equity,True,in_upstox_master,2596,2477,2426,170,51,93.45,2016-01-01,2026-06-25,2016-09-06,2026-09-07
GABRIEL.NS,PARTIAL_REPLACEMENT,nse_equity,True,in_upstox_master,2596,2477,2426,170,51,93.45,2016-01-01,2026-06-25,2016-09-06,2026-09-07
GAIL.NS,PARTIAL_REPLACEMENT,nse_equity,True,in_upstox_master,2596,2477,2426,170,51,93.45,2016-01-01,2026-06-25,2016-09-06,2026-09-07
GENUSPOWER.NS,PARTIAL_REPLACEMENT,nse_equity,True,in_upstox_master,2596,2477,2426,170,51,93.45,2016-01-01,2026-06-25,2016-09-06,2026-09-07
GESHIP.NS,PARTIAL_REPLACEMENT,nse_equity,True,in_upstox_master,2596,2477,2426,170,51,93.45,2016-01-01,2026-06-25,2016-09-06,2026-09-07
GHCL.NS,PARTIAL_REPLACEMENT,nse_equity,True,in_upstox_master,2596,2477,2426,170,51,93.45,2016-01-01,2026-06-25,2016-09-06,2026-09-07
GILLETTE.NS,PARTIAL_REPLACEMENT,nse_equity,True,in_upstox_master,2596,2477,2426,170,51,93.45,2016-01-01,2026-06-25,2016-09-06,2026-09-07
GLAXO.NS,PARTIAL_REPLACEMENT,nse_equity,True,in_upstox_master,2596,2477,2426,170,51,93.45,2016-01-01,2026-06-25,2016-09-06,2026-09-07
GLENMARK.NS,PARTIAL_REPLACEMENT,nse_equity,True,in_upstox_master,2596,2477,2426,170,51,93.45,2016-01-01,2026-06-25,2016-09-06,2026-09-07
GMDCLTD.NS,PARTIAL_REPLACEMENT,nse_equity,True,in_upstox_master,2596,2477,2426,170,51,93.45,2016-01-01,2026-06-25,2016-09-06,2026-09-07
GMRAIRPORT.NS,PARTIAL_REPLACEMENT,nse_equity,True,in_upstox_master,2596,2477,2426,170,51,93.45,2016-01-01,2026-06-25,2016-09-06,2026-09-07
GNFC.NS,PARTIAL_REPLACEMENT,nse_equity,True,in_upstox_master,2596,2477,2426,170,51,93.45,2016-01-01,2026-06-25,2016-09-06,2026-09-07
GODFRYPHLP.NS,PARTIAL_REPLACEMENT,nse_equity,True,in_upstox_master,2596,2477,2426,170,51,93.45,2016-01-01,2026-06-25,2016-09-06,2026-09-07
GODREJCP.NS,PARTIAL_REPLACEMENT,nse_equity,True,in_upstox_master,2596,2477,2426,170,51,93.45,2016-01-01,2026-06-25,2016-09-06,2026-09-07
GODREJPROP.NS,PARTIAL_REPLACEMENT,nse_equity,True,in_upstox_master,2596,2477,2426,170,51,93.45,2016-01-01,2026-06-25,2016-09-06,2026-09-07
GOKEX.NS,PARTIAL_REPLACEMENT,nse_equity,True,in_upstox_master,2596,2477,2426,170,51,93.45,2016-01-01,2026-06-25,2016-09-06,2026-09-07
GPIL.NS,PARTIAL_REPLACEMENT,nse_equity,True,in_upstox_master,2596,2477,2426,170,51,93.45,2016-01-01,2026-06-25,2016-09-06,2026-09-07
GPPL.NS,PARTIAL_REPLACEMENT,nse_equity,True,in_upstox_master,2596,2477,2426,170,51,93.45,2016-01-01,2026-06-25,2016-09-06,2026-09-07
GRAPHITE.NS,PARTIAL_REPLACEMENT,nse_equity,True,in_upstox_master,2596,2477,2426,170,51,93.45,2016-01-01,2026-06-25,2016-09-06,2026-09-07
GRASIM.NS,PARTIAL_REPLACEMENT,nse_equity,True,in_upstox_master,2596,2477,2426,170,51,93.45,2016-01-01,2026-06-25,2016-09-06,2026-09-07
GRAVITA.NS,PARTIAL_REPLACEMENT,nse_equity,True,in_upstox_master,2596,2477,2426,170,51,93.45,2016-01-01,2026-06-25,2016-09-06,2026-09-07
GREAVESCOT.NS,PARTIAL_REPLACEMENT,nse_equity,True,in_upstox_master,2596,2477,2426,170,51,93.45,2016-01-01,2026-06-25,2016-09-06,2026-09-07
GVPIL.NS,PARTIAL_REPLACEMENT,nse_equity,True,in_upstox_master,2596,2477,2426,170,51,93.45,2016-01-01,2026-06-25,2016-09-06,2026-09-07
GVT&D.NS,PARTIAL_REPLACEMENT,nse_equity,True,in_upstox_master,2596,2477,2426,170,51,93.45,2016-01-01,2026-06-25,2016-09-06,2026-09-07
HAVELLS.NS,PARTIAL_REPLACEMENT,nse_equity,True,in_upstox_master,2596,2477,2426,170,51,93.45,2016-01-01,2026-06-25,2016-09-06,2026-09-07
HBLENGINE.NS,PARTIAL_REPLACEMENT,nse_equity,True,in_upstox_master,2596,2477,2426,170,51,93.45,2016-01-01,2026-06-25,2016-09-06,2026-09-07
HCC.NS,PARTIAL_REPLACEMENT,nse_equity,True,in_upstox_master,2596,2477,2426,170,51,93.45,2016-01-01,2026-06-25,2016-09-06,2026-09-07
HEG.NS,PARTIAL_REPLACEMENT,nse_equity,True,in_upstox_master,2596,2477,2426,170,51,93.45,2016-01-01,2026-06-25,2016-09-06,2026-09-07
HEROMOTOCO.NS,PARTIAL_REPLACEMENT,nse_equity,True,in_upstox_master,2596,2477,2426,170,51,93.45,2016-01-01,2026-06-25,2016-09-06,2026-09-07
HFCL.NS,PARTIAL_REPLACEMENT,nse_equity,True,in_upstox_master,2596,2477,2426,170,51,93.45,2016-01-01,2026-06-25,2016-09-06,2026-09-07
HINDALCO.NS,PARTIAL_REPLACEMENT,nse_equity,True,in_upstox_master,2596,2477,2426,170,51,93.45,2016-01-01,2026-06-25,2016-09-06,2026-09-07
HINDCOPPER.NS,PARTIAL_REPLACEMENT,nse_equity,True,in_upstox_master,2596,2477,2426,170,51,93.45,2016-01-01,2026-06-25,2016-09-06,2026-09-07
HINDOILEXP.NS,PARTIAL_REPLACEMENT,nse_equity,True,in_upstox_master,2596,2477,2426,170,51,93.45,2016-01-01,2026-06-25,2016-09-06,2026-09-07
HINDPETRO.NS,PARTIAL_REPLACEMENT,nse_equity,True,in_upstox_master,2596,2477,2426,170,51,93.45,2016-01-01,2026-06-25,2016-09-06,2026-09-07
HSCL.NS,PARTIAL_REPLACEMENT,nse_equity,True,in_upstox_master,2596,2477,2426,170,51,93.45,2016-01-01,2026-06-25,2016-09-06,2026-09-07
ICIL.NS,PARTIAL_REPLACEMENT,nse_equity,True,in_upstox_master,2596,2477,2426,170,51,93.45,2016-01-01,2026-06-25,2016-09-06,2026-09-07
IDBI.NS,PARTIAL_REPLACEMENT,nse_equity,True,in_upstox_master,2596,2477,2426,170,51,93.45,2016-01-01,2026-06-25,2016-09-06,2026-09-07
IDFCFIRSTB.NS,PARTIAL_REPLACEMENT,nse_equity,True,in_upstox_master,2596,2477,2426,170,51,93.45,2016-01-01,2026-06-25,2016-09-06,2026-09-07
IFCI.NS,PARTIAL_REPLACEMENT,nse_equity,True,in_upstox_master,2596,2477,2426,170,51,93.45,2016-01-01,2026-06-25,2016-09-06,2026-09-07
IGARASHI.NS,PARTIAL_REPLACEMENT,nse_equity,True,in_upstox_master,2596,2477,2426,170,51,93.45,2016-01-01,2026-06-25,2016-09-06,2026-09-07
IGL.NS,PARTIAL_REPLACEMENT,nse_equity,True,in_upstox_master,2596,2477,2426,170,51,93.45,2016-01-01,2026-06-25,2016-09-06,2026-09-07
IIFL.NS,PARTIAL_REPLACEMENT,nse_equity,True,in_upstox_master,2596,2477,2426,170,51,93.45,2016-01-01,2026-06-25,2016-09-06,2026-09-07
INDHOTEL.NS,PARTIAL_REPLACEMENT,nse_equity,True,in_upstox_master,2596,2477,2426,170,51,93.45,2016-01-01,2026-06-25,2016-09-06,2026-09-07
INDIANB.NS,PARTIAL_REPLACEMENT,nse_equity,True,in_upstox_master,2596,2477,2426,170,51,93.45,2016-01-01,2026-06-25,2016-09-06,2026-09-07
INDOCO.NS,PARTIAL_REPLACEMENT,nse_equity,True,in_upstox_master,2596,2477,2426,170,51,93.45,2016-01-01,2026-06-25,2016-09-06,2026-09-07
INDUSINDBK.NS,PARTIAL_REPLACEMENT,nse_equity,True,in_upstox_master,2596,2477,2426,170,51,93.45,2016-01-01,2026-06-25,2016-09-06,2026-09-07
INDUSTOWER.NS,PARTIAL_REPLACEMENT,nse_equity,True,in_upstox_master,2596,2477,2426,170,51,93.45,2016-01-01,2026-06-25,2016-09-06,2026-09-07
INOXWIND.NS,PARTIAL_REPLACEMENT,nse_equity,True,in_upstox_master,2596,2477,2426,170,51,93.45,2016-01-01,2026-06-25,2016-09-06,2026-09-07
INTELLECT.NS,PARTIAL_REPLACEMENT,nse_equity,True,in_upstox_master,2596,2477,2426,170,51,93.45,2016-01-01,2026-06-25,2016-09-06,2026-09-07
IOC.NS,PARTIAL_REPLACEMENT,nse_equity,True,in_upstox_master,2596,2477,2426,170,51,93.45,2016-01-01,2026-06-25,2016-09-06,2026-09-07
IOLCP.NS,PARTIAL_REPLACEMENT,nse_equity,True,in_upstox_master,2596,2477,2426,170,51,93.45,2016-01-01,2026-06-25,2016-09-06,2026-09-07
IRB.NS,PARTIAL_REPLACEMENT,nse_equity,True,in_upstox_master,2596,2477,2426,170,51,93.45,2016-01-01,2026-06-25,2016-09-06,2026-09-07
ITI.NS,PARTIAL_REPLACEMENT,nse_equity,True,in_upstox_master,2596,2477,2426,170,51,93.45,2016-01-01,2026-06-25,2016-09-06,2026-09-07
J&KBANK.NS,PARTIAL_REPLACEMENT,nse_equity,True,in_upstox_master,2596,2477,2426,170,51,93.45,2016-01-01,2026-06-25,2016-09-06,2026-09-07
JAMNAAUTO.NS,PARTIAL_REPLACEMENT,nse_equity,True,in_upstox_master,2596,2477,2426,170,51,93.45,2016-01-01,2026-06-25,2016-09-06,2026-09-07
JINDALSAW.NS,PARTIAL_REPLACEMENT,nse_equity,True,in_upstox_master,2596,2477,2426,170,51,93.45,2016-01-01,2026-06-25,2016-09-06,2026-09-07
JINDALSTEL.NS,PARTIAL_REPLACEMENT,nse_equity,True,in_upstox_master,2596,2477,2426,170,51,93.45,2016-01-01,2026-06-25,2016-09-06,2026-09-07
JINDRILL.NS,PARTIAL_REPLACEMENT,nse_equity,True,in_upstox_master,2596,2477,2426,170,51,93.45,2016-01-01,2026-06-25,2016-09-06,2026-09-07
JKCEMENT.NS,PARTIAL_REPLACEMENT,nse_equity,True,in_upstox_master,2596,2477,2426,170,51,93.45,2016-01-01,2026-06-25,2016-09-06,2026-09-07
JKTYRE.NS,PARTIAL_REPLACEMENT,nse_equity,True,in_upstox_master,2596,2477,2426,170,51,93.45,2016-01-01,2026-06-25,2016-09-06,2026-09-07
JMFINANCIL.NS,PARTIAL_REPLACEMENT,nse_equity,True,in_upstox_master,2596,2477,2426,170,51,93.45,2016-01-01,2026-06-25,2016-09-06,2026-09-07
JPPOWER.NS,PARTIAL_REPLACEMENT,nse_equity,True,in_upstox_master,2596,2477,2426,170,51,93.45,2016-01-01,2026-06-25,2016-09-06,2026-09-07
JSL.NS,PARTIAL_REPLACEMENT,nse_equity,True,in_upstox_master,2596,2477,2426,170,51,93.45,2016-01-01,2026-06-25,2016-09-06,2026-09-07
JSWDULUX.NS,PARTIAL_REPLACEMENT,nse_equity,True,in_upstox_master,2596,2477,2426,170,51,93.45,2016-01-01,2026-06-25,2016-09-06,2026-09-07
JSWENERGY.NS,PARTIAL_REPLACEMENT,nse_equity,True,in_upstox_master,2596,2477,2426,170,51,93.45,2016-01-01,2026-06-25,2016-09-06,2026-09-07
JSWSTEEL.NS,PARTIAL_REPLACEMENT,nse_equity,True,in_upstox_master,2596,2477,2426,170,51,93.45,2016-01-01,2026-06-25,2016-09-06,2026-09-07
JUBLFOOD.NS,PARTIAL_REPLACEMENT,nse_equity,True,in_upstox_master,2596,2477,2426,170,51,93.45,2016-01-01,2026-06-25,2016-09-06,2026-09-07
KAJARIACER.NS,PARTIAL_REPLACEMENT,nse_equity,True,in_upstox_master,2596,2477,2426,170,51,93.45,2016-01-01,2026-06-25,2016-09-06,2026-09-07
KARURVYSYA.NS,PARTIAL_REPLACEMENT,nse_equity,True,in_upstox_master,2596,2477,2426,170,51,93.45,2016-01-01,2026-06-25,2016-09-06,2026-09-07
KEC.NS,PARTIAL_REPLACEMENT,nse_equity,True,in_upstox_master,2596,2477,2426,170,51,93.45,2016-01-01,2026-06-25,2016-09-06,2026-09-07
KEI.NS,PARTIAL_REPLACEMENT,nse_equity,True,in_upstox_master,2596,2477,2426,170,51,93.45,2016-01-01,2026-06-25,2016-09-06,2026-09-07
KIRLOSBROS.NS,PARTIAL_REPLACEMENT,nse_equity,True,in_upstox_master,2596,2477,2426,170,51,93.45,2016-01-01,2026-06-25,2016-09-06,2026-09-07
KITEX.NS,PARTIAL_REPLACEMENT,nse_equity,True,in_upstox_master,2596,2477,2426,170,51,93.45,2016-01-01,2026-06-25,2016-09-06,2026-09-07
KNRCON.NS,PARTIAL_REPLACEMENT,nse_equity,True,in_upstox_master,2596,2477,2426,170,51,93.45,2016-01-01,2026-06-25,2016-09-06,2026-09-07
KPRMILL.NS,PARTIAL_REPLACEMENT,nse_equity,True,in_upstox_master,2596,2477,2426,170,51,93.45,2016-01-01,2026-06-25,2016-09-06,2026-09-07
KTKBANK.NS,PARTIAL_REPLACEMENT,nse_equity,True,in_upstox_master,2596,2477,2426,170,51,93.45,2016-01-01,2026-06-25,2016-09-06,2026-09-07
LALPATHLAB.NS,PARTIAL_REPLACEMENT,nse_equity,True,in_upstox_master,2596,2477,2426,170,51,93.45,2016-01-01,2026-06-25,2016-09-06,2026-09-07
LICHSGFIN.NS,PARTIAL_REPLACEMENT,nse_equity,True,in_upstox_master,2596,2477,2426,170,51,93.45,2016-01-01,2026-06-25,2016-09-06,2026-09-07
LTF.NS,PARTIAL_REPLACEMENT,nse_equity,True,in_upstox_master,2596,2477,2426,170,51,93.45,2016-01-01,2026-06-25,2016-09-06,2026-09-07
LTFOODS.NS,PARTIAL_REPLACEMENT,nse_equity,True,in_upstox_master,2596,2477,2426,170,51,93.45,2016-01-01,2026-06-25,2016-09-06,2026-09-07
LUPIN.NS,PARTIAL_REPLACEMENT,nse_equity,True,in_upstox_master,2596,2477,2426,170,51,93.45,2016-01-01,2026-06-25,2016-09-06,2026-09-07
M&M.NS,PARTIAL_REPLACEMENT,nse_equity,True,in_upstox_master,2596,2477,2426,170,51,93.45,2016-01-01,2026-06-25,2016-09-06,2026-09-07
M&MFIN.NS,PARTIAL_REPLACEMENT,nse_equity,True,in_upstox_master,2596,2477,2426,170,51,93.45,2016-01-01,2026-06-25,2016-09-06,2026-09-07
MAHABANK.NS,PARTIAL_REPLACEMENT,nse_equity,True,in_upstox_master,2596,2477,2426,170,51,93.45,2016-01-01,2026-06-25,2016-09-06,2026-09-07
MANAPPURAM.NS,PARTIAL_REPLACEMENT,nse_equity,True,in_upstox_master,2596,2477,2426,170,51,93.45,2016-01-01,2026-06-25,2016-09-06,2026-09-07
MANINDS.NS,PARTIAL_REPLACEMENT,nse_equity,True,in_upstox_master,2596,2477,2426,170,51,93.45,2016-01-01,2026-06-25,2016-09-06,2026-09-07
MARICO.NS,PARTIAL_REPLACEMENT,nse_equity,True,in_upstox_master,2596,2477,2426,170,51,93.45,2016-01-01,2026-06-25,2016-09-06,2026-09-07
MARKSANS.NS,PARTIAL_REPLACEMENT,nse_equity,True,in_upstox_master,2596,2477,2426,170,51,93.45,2016-01-01,2026-06-25,2016-09-06,2026-09-07
MCX.NS,PARTIAL_REPLACEMENT,nse_equity,True,in_upstox_master,2596,2477,2426,170,51,93.45,2016-01-01,2026-06-25,2016-09-06,2026-09-07
MFSL.NS,PARTIAL_REPLACEMENT,nse_equity,True,in_upstox_master,2596,2477,2426,170,51,93.45,2016-01-01,2026-06-25,2016-09-06,2026-09-07
MHRIL.NS,PARTIAL_REPLACEMENT,nse_equity,True,in_upstox_master,2596,2477,2426,170,51,93.45,2016-01-01,2026-06-25,2016-09-06,2026-09-07
MMTC.NS,PARTIAL_REPLACEMENT,nse_equity,True,in_upstox_master,2596,2477,2426,170,51,93.45,2016-01-01,2026-06-25,2016-09-06,2026-09-07
MOREPENLAB.NS,PARTIAL_REPLACEMENT,nse_equity,True,in_upstox_master,2596,2477,2426,170,51,93.45,2016-01-01,2026-06-25,2016-09-06,2026-09-07
MOTHERSON.NS,PARTIAL_REPLACEMENT,nse_equity,True,in_upstox_master,2596,2477,2426,170,51,93.45,2016-01-01,2026-06-25,2016-09-06,2026-09-07
MOTILALOFS.NS,PARTIAL_REPLACEMENT,nse_equity,True,in_upstox_master,2596,2477,2426,170,51,93.45,2016-01-01,2026-06-25,2016-09-06,2026-09-07
MPHASIS.NS,PARTIAL_REPLACEMENT,nse_equity,True,in_upstox_master,2596,2477,2426,170,51,93.45,2016-01-01,2026-06-25,2016-09-06,2026-09-07
MRPL.NS,PARTIAL_REPLACEMENT,nse_equity,True,in_upstox_master,2596,2477,2426,170,51,93.45,2016-01-01,2026-06-25,2016-09-06,2026-09-07
NATCOPHARM.NS,PARTIAL_REPLACEMENT,nse_equity,True,in_upstox_master,2596,2477,2426,170,51,93.45,2016-01-01,2026-06-25,2016-09-06,2026-09-07
NATIONALUM.NS,PARTIAL_REPLACEMENT,nse_equity,True,in_upstox_master,2596,2477,2426,170,51,93.45,2016-01-01,2026-06-25,2016-09-06,2026-09-07
NAUKRI.NS,PARTIAL_REPLACEMENT,nse_equity,True,in_upstox_master,2596,2477,2426,170,51,93.45,2016-01-01,2026-06-25,2016-09-06,2026-09-07
NAVA.NS,PARTIAL_REPLACEMENT,nse_equity,True,in_upstox_master,2596,2477,2426,170,51,93.45,2016-01-01,2026-06-25,2016-09-06,2026-09-07
NBCC.NS,PARTIAL_REPLACEMENT,nse_equity,True,in_upstox_master,2596,2477,2426,170,51,93.45,2016-01-01,2026-06-25,2016-09-06,2026-09-07
NCC.NS,PARTIAL_REPLACEMENT,nse_equity,True,in_upstox_master,2596,2477,2426,170,51,93.45,2016-01-01,2026-06-25,2016-09-06,2026-09-07
NELCO.NS,PARTIAL_REPLACEMENT,nse_equity,True,in_upstox_master,2596,2477,2426,170,51,93.45,2016-01-01,2026-06-25,2016-09-06,2026-09-07
NEULANDLAB.NS,PARTIAL_REPLACEMENT,nse_equity,True,in_upstox_master,2596,2477,2426,170,51,93.45,2016-01-01,2026-06-25,2016-09-06,2026-09-07
NHPC.NS,PARTIAL_REPLACEMENT,nse_equity,True,in_upstox_master,2596,2477,2426,170,51,93.45,2016-01-01,2026-06-25,2016-09-06,2026-09-07
NIITLTD.NS,PARTIAL_REPLACEMENT,nse_equity,True,in_upstox_master,2596,2477,2426,170,51,93.45,2016-01-01,2026-06-25,2016-09-06,2026-09-07
NLCINDIA.NS,PARTIAL_REPLACEMENT,nse_equity,True,in_upstox_master,2596,2477,2426,170,51,93.45,2016-01-01,2026-06-25,2016-09-06,2026-09-07
OFSS.NS,PARTIAL_REPLACEMENT,nse_equity,True,in_upstox_master,2596,2477,2426,170,51,93.45,2016-01-01,2026-06-25,2016-09-06,2026-09-07
OIL.NS,PARTIAL_REPLACEMENT,nse_equity,True,in_upstox_master,2596,2477,2426,170,51,93.45,2016-01-01,2026-06-25,2016-09-06,2026-09-07
PANACEABIO.NS,PARTIAL_REPLACEMENT,nse_equity,True,in_upstox_master,2596,2477,2426,170,51,93.45,2016-01-01,2026-06-25,2016-09-06,2026-09-07
PCBL.NS,PARTIAL_REPLACEMENT,nse_equity,True,in_upstox_master,2596,2477,2426,170,51,93.45,2016-01-01,2026-06-25,2016-09-06,2026-09-07
PCJEWELLER.NS,PARTIAL_REPLACEMENT,nse_equity,True,in_upstox_master,2596,2477,2426,170,51,93.45,2016-01-01,2026-06-25,2016-09-06,2026-09-07
PFC.NS,PARTIAL_REPLACEMENT,nse_equity,True,in_upstox_master,2596,2477,2426,170,51,93.45,2016-01-01,2026-06-25,2016-09-06,2026-09-07
PGEL.NS,PARTIAL_REPLACEMENT,nse_equity,True,in_upstox_master,2596,2477,2426,170,51,93.45,2016-01-01,2026-06-25,2016-09-06,2026-09-07
PIIND.NS,PARTIAL_REPLACEMENT,nse_equity,True,in_upstox_master,2596,2477,2426,170,51,93.45,2016-01-01,2026-06-25,2016-09-06,2026-09-07
PNB.NS,PARTIAL_REPLACEMENT,nse_equity,True,in_upstox_master,2596,2477,2426,170,51,93.45,2016-01-01,2026-06-25,2016-09-06,2026-09-07
POLYMED.NS,PARTIAL_REPLACEMENT,nse_equity,True,in_upstox_master,2596,2477,2426,170,51,93.45,2016-01-01,2026-06-25,2016-09-06,2026-09-07
POONAWALLA.NS,PARTIAL_REPLACEMENT,nse_equity,True,in_upstox_master,2596,2477,2426,170,51,93.45,2016-01-01,2026-06-25,2016-09-06,2026-09-07
PRAJIND.NS,PARTIAL_REPLACEMENT,nse_equity,True,in_upstox_master,2596,2477,2426,170,51,93.45,2016-01-01,2026-06-25,2016-09-06,2026-09-07
PRESTIGE.NS,PARTIAL_REPLACEMENT,nse_equity,True,in_upstox_master,2596,2477,2426,170,51,93.45,2016-01-01,2026-06-25,2016-09-06,2026-09-07
PTC.NS,PARTIAL_REPLACEMENT,nse_equity,True,in_upstox_master,2596,2477,2426,170,51,93.45,2016-01-01,2026-06-25,2016-09-06,2026-09-07
RAIN.NS,PARTIAL_REPLACEMENT,nse_equity,True,in_upstox_master,2596,2477,2426,170,51,93.45,2016-01-01,2026-06-25,2016-09-06,2026-09-07
RAMCOSYS.NS,PARTIAL_REPLACEMENT,nse_equity,True,in_upstox_master,2596,2477,2426,170,51,93.45,2016-01-01,2026-06-25,2016-09-06,2026-09-07
RAYMOND.NS,PARTIAL_REPLACEMENT,nse_equity,True,in_upstox_master,2596,2477,2426,170,51,93.45,2016-01-01,2026-06-25,2016-09-06,2026-09-07
RCF.NS,PARTIAL_REPLACEMENT,nse_equity,True,in_upstox_master,2596,2477,2426,170,51,93.45,2016-01-01,2026-06-25,2016-09-06,2026-09-07
RECLTD.NS,PARTIAL_REPLACEMENT,nse_equity,True,in_upstox_master,2596,2477,2426,170,51,93.45,2016-01-01,2026-06-25,2016-09-06,2026-09-07
REDINGTON.NS,PARTIAL_REPLACEMENT,nse_equity,True,in_upstox_master,2596,2477,2426,170,51,93.45,2016-01-01,2026-06-25,2016-09-06,2026-09-07
RELIANCE.NS,PARTIAL_REPLACEMENT,nse_equity,True,in_upstox_master,2596,2480,2426,170,54,93.45,2016-01-01,2026-06-22,2016-09-06,2026-09-07
RENUKA.NS,PARTIAL_REPLACEMENT,nse_equity,True,in_upstox_master,2596,2477,2426,170,51,93.45,2016-01-01,2026-06-25,2016-09-06,2026-09-07
RICOAUTO.NS,PARTIAL_REPLACEMENT,nse_equity,True,in_upstox_master,2596,2477,2426,170,51,93.45,2016-01-01,2026-06-25,2016-09-06,2026-09-07
RIIL.NS,PARTIAL_REPLACEMENT,nse_equity,True,in_upstox_master,2596,2477,2426,170,51,93.45,2016-01-01,2026-06-25,2016-09-06,2026-09-07
RKFORGE.NS,PARTIAL_REPLACEMENT,nse_equity,True,in_upstox_master,2596,2477,2426,170,51,93.45,2016-01-01,2026-06-25,2016-09-06,2026-09-07
RPOWER.NS,PARTIAL_REPLACEMENT,nse_equity,True,in_upstox_master,2596,2477,2426,170,51,93.45,2016-01-01,2026-06-25,2016-09-06,2026-09-07
SAIL.NS,PARTIAL_REPLACEMENT,nse_equity,True,in_upstox_master,2596,2477,2426,170,51,93.45,2016-01-01,2026-06-25,2016-09-06,2026-09-07
SAMMAANCAP.NS,PARTIAL_REPLACEMENT,nse_equity,True,in_upstox_master,2596,2477,2426,170,51,93.45,2016-01-01,2026-06-25,2016-09-06,2026-09-07
SARDAEN.NS,PARTIAL_REPLACEMENT,nse_equity,True,in_upstox_master,2596,2477,2426,170,51,93.45,2016-01-01,2026-06-25,2016-09-06,2026-09-07
SCHAEFFLER.NS,PARTIAL_REPLACEMENT,nse_equity,True,in_upstox_master,2596,2477,2426,170,51,93.45,2016-01-01,2026-06-25,2016-09-06,2026-09-07
SCHNEIDER.NS,PARTIAL_REPLACEMENT,nse_equity,True,in_upstox_master,2596,2477,2426,170,51,93.45,2016-01-01,2026-06-25,2016-09-06,2026-09-07
SCI.NS,PARTIAL_REPLACEMENT,nse_equity,True,in_upstox_master,2596,2477,2426,170,51,93.45,2016-01-01,2026-06-25,2016-09-06,2026-09-07
SEPC.NS,PARTIAL_REPLACEMENT,nse_equity,True,in_upstox_master,2596,2477,2426,170,51,93.45,2016-01-01,2026-06-25,2016-09-06,2026-09-07
SHAKTIPUMP.NS,PARTIAL_REPLACEMENT,nse_equity,True,in_upstox_master,2596,2477,2426,170,51,93.45,2016-01-01,2026-06-25,2016-09-06,2026-09-07
SHILPAMED.NS,PARTIAL_REPLACEMENT,nse_equity,True,in_upstox_master,2596,2477,2426,170,51,93.45,2016-01-01,2026-06-25,2016-09-06,2026-09-07
SHREECEM.NS,PARTIAL_REPLACEMENT,nse_equity,True,in_upstox_master,2596,2477,2426,170,51,93.45,2016-01-01,2026-06-25,2016-09-06,2026-09-07
SHRIRAMFIN.NS,PARTIAL_REPLACEMENT,nse_equity,True,in_upstox_master,2596,2477,2426,170,51,93.45,2016-01-01,2026-06-25,2016-09-06,2026-09-07
SJVN.NS,PARTIAL_REPLACEMENT,nse_equity,True,in_upstox_master,2596,2477,2426,170,51,93.45,2016-01-01,2026-06-25,2016-09-06,2026-09-07
SKMEGGPROD.NS,PARTIAL_REPLACEMENT,nse_equity,True,in_upstox_master,2596,2477,2426,170,51,93.45,2016-01-01,2026-06-25,2016-09-06,2026-09-07
SMLMAH.NS,PARTIAL_REPLACEMENT,nse_equity,True,in_upstox_master,2596,2477,2426,170,51,93.45,2016-01-01,2026-06-25,2016-09-06,2026-09-07
SONATSOFTW.NS,PARTIAL_REPLACEMENT,nse_equity,True,in_upstox_master,2596,2477,2426,170,51,93.45,2016-01-01,2026-06-25,2016-09-06,2026-09-07
SOUTHBANK.NS,PARTIAL_REPLACEMENT,nse_equity,True,in_upstox_master,2596,2477,2426,170,51,93.45,2016-01-01,2026-06-25,2016-09-06,2026-09-07
SPARC.NS,PARTIAL_REPLACEMENT,nse_equity,True,in_upstox_master,2596,2477,2426,170,51,93.45,2016-01-01,2026-06-25,2016-09-06,2026-09-07
SRF.NS,PARTIAL_REPLACEMENT,nse_equity,True,in_upstox_master,2596,2477,2426,170,51,93.45,2016-01-01,2026-06-25,2016-09-06,2026-09-07
STAR.NS,PARTIAL_REPLACEMENT,nse_equity,True,in_upstox_master,2596,2477,2426,170,51,93.45,2016-01-01,2026-06-25,2016-09-06,2026-09-07
SUNDARMFIN.NS,PARTIAL_REPLACEMENT,nse_equity,True,in_upstox_master,2596,2477,2426,170,51,93.45,2016-01-01,2026-06-25,2016-09-06,2026-09-07
SUPREMEIND.NS,PARTIAL_REPLACEMENT,nse_equity,True,in_upstox_master,2596,2477,2426,170,51,93.45,2016-01-01,2026-06-25,2016-09-06,2026-09-07
SURYAROSNI.NS,PARTIAL_REPLACEMENT,nse_equity,True,in_upstox_master,2596,2477,2426,170,51,93.45,2016-01-01,2026-06-25,2016-09-06,2026-09-07
SUVEN.NS,PARTIAL_REPLACEMENT,nse_equity,True,in_upstox_master,2596,2477,2426,170,51,93.45,2016-01-01,2026-06-25,2016-09-06,2026-09-07
SUZLON.NS,PARTIAL_REPLACEMENT,nse_equity,True,in_upstox_master,2596,2477,2426,170,51,93.45,2016-01-01,2026-06-25,2016-09-06,2026-09-07
SWANCORP.NS,PARTIAL_REPLACEMENT,nse_equity,True,in_upstox_master,2596,2477,2426,170,51,93.45,2016-01-01,2026-06-25,2016-09-06,2026-09-07
SYNGENE.NS,PARTIAL_REPLACEMENT,nse_equity,True,in_upstox_master,2596,2477,2426,170,51,93.45,2016-01-01,2026-06-25,2016-09-06,2026-09-07
TANLA.NS,PARTIAL_REPLACEMENT,nse_equity,True,in_upstox_master,2596,2477,2426,170,51,93.45,2016-01-01,2026-06-25,2016-09-06,2026-09-07
TATACHEM.NS,PARTIAL_REPLACEMENT,nse_equity,True,in_upstox_master,2596,2477,2426,170,51,93.45,2016-01-01,2026-06-25,2016-09-06,2026-09-07
TATACOMM.NS,PARTIAL_REPLACEMENT,nse_equity,True,in_upstox_master,2596,2477,2426,170,51,93.45,2016-01-01,2026-06-25,2016-09-06,2026-09-07
TATACONSUM.NS,PARTIAL_REPLACEMENT,nse_equity,True,in_upstox_master,2596,2477,2426,170,51,93.45,2016-01-01,2026-06-25,2016-09-06,2026-09-07
TATAINVEST.NS,PARTIAL_REPLACEMENT,nse_equity,True,in_upstox_master,2596,2477,2426,170,51,93.45,2016-01-01,2026-06-25,2016-09-06,2026-09-07
TATAPOWER.NS,PARTIAL_REPLACEMENT,nse_equity,True,in_upstox_master,2596,2477,2426,170,51,93.45,2016-01-01,2026-06-25,2016-09-06,2026-09-07
TATASTEEL.NS,PARTIAL_REPLACEMENT,nse_equity,True,in_upstox_master,2596,2477,2426,170,51,93.45,2016-01-01,2026-06-25,2016-09-06,2026-09-07
TBZ.NS,PARTIAL_REPLACEMENT,nse_equity,True,in_upstox_master,2596,2477,2426,170,51,93.45,2016-01-01,2026-06-25,2016-09-06,2026-09-07
TEXRAIL.NS,PARTIAL_REPLACEMENT,nse_equity,True,in_upstox_master,2596,2477,2426,170,51,93.45,2016-01-01,2026-06-25,2016-09-06,2026-09-07
TFCILTD.NS,PARTIAL_REPLACEMENT,nse_equity,True,in_upstox_master,2596,2477,2426,170,51,93.45,2016-01-01,2026-06-25,2016-09-06,2026-09-07
TI.NS,PARTIAL_REPLACEMENT,nse_equity,True,in_upstox_master,2596,2477,2426,170,51,93.45,2016-01-01,2026-06-25,2016-09-06,2026-09-07
TIMETECHNO.NS,PARTIAL_REPLACEMENT,nse_equity,True,in_upstox_master,2596,2477,2426,170,51,93.45,2016-01-01,2026-06-25,2016-09-06,2026-09-07
TITAGARH.NS,PARTIAL_REPLACEMENT,nse_equity,True,in_upstox_master,2596,2477,2426,170,51,93.45,2016-01-01,2026-06-25,2016-09-06,2026-09-07
TITAN.NS,PARTIAL_REPLACEMENT,nse_equity,True,in_upstox_master,2596,2477,2426,170,51,93.45,2016-01-01,2026-06-25,2016-09-06,2026-09-07
TMPV.NS,PARTIAL_REPLACEMENT,nse_equity,True,in_upstox_master,2596,2477,2426,170,51,93.45,2016-01-01,2026-06-25,2016-09-06,2026-09-07
TORNTPHARM.NS,PARTIAL_REPLACEMENT,nse_equity,True,in_upstox_master,2596,2477,2426,170,51,93.45,2016-01-01,2026-06-25,2016-09-06,2026-09-07
TORNTPOWER.NS,PARTIAL_REPLACEMENT,nse_equity,True,in_upstox_master,2596,2477,2426,170,51,93.45,2016-01-01,2026-06-25,2016-09-06,2026-09-07
TRENT.NS,PARTIAL_REPLACEMENT,nse_equity,True,in_upstox_master,2596,2477,2426,170,51,93.45,2016-01-01,2026-06-25,2016-09-06,2026-09-07
TRITURBINE.NS,PARTIAL_REPLACEMENT,nse_equity,True,in_upstox_master,2596,2477,2426,170,51,93.45,2016-01-01,2026-06-25,2016-09-06,2026-09-07
TTML.NS,PARTIAL_REPLACEMENT,nse_equity,True,in_upstox_master,2596,2477,2426,170,51,93.45,2016-01-01,2026-06-25,2016-09-06,2026-09-07
TVSMOTOR.NS,PARTIAL_REPLACEMENT,nse_equity,True,in_upstox_master,2596,2477,2426,170,51,93.45,2016-01-01,2026-06-25,2016-09-06,2026-09-07
UCOBANK.NS,PARTIAL_REPLACEMENT,nse_equity,True,in_upstox_master,2596,2477,2426,170,51,93.45,2016-01-01,2026-06-25,2016-09-06,2026-09-07
UNICHEMLAB.NS,PARTIAL_REPLACEMENT,nse_equity,True,in_upstox_master,2596,2477,2426,170,51,93.45,2016-01-01,2026-06-25,2016-09-06,2026-09-07
UNIONBANK.NS,PARTIAL_REPLACEMENT,nse_equity,True,in_upstox_master,2596,2477,2426,170,51,93.45,2016-01-01,2026-06-25,2016-09-06,2026-09-07
UNOMINDA.NS,PARTIAL_REPLACEMENT,nse_equity,True,in_upstox_master,2596,2477,2426,170,51,93.45,2016-01-01,2026-06-25,2016-09-06,2026-09-07
UPL.NS,PARTIAL_REPLACEMENT,nse_equity,True,in_upstox_master,2596,2477,2426,170,51,93.45,2016-01-01,2026-06-25,2016-09-06,2026-09-07
USHAMART.NS,PARTIAL_REPLACEMENT,nse_equity,True,in_upstox_master,2596,2477,2426,170,51,93.45,2016-01-01,2026-06-25,2016-09-06,2026-09-07
VEDL.NS,PARTIAL_REPLACEMENT,nse_equity,True,in_upstox_master,2596,2477,2426,170,51,93.45,2016-01-01,2026-06-25,2016-09-06,2026-09-07
VIMTALABS.NS,PARTIAL_REPLACEMENT,nse_equity,True,in_upstox_master,2596,2477,2426,170,51,93.45,2016-01-01,2026-06-25,2016-09-06,2026-09-07
VINDHYATEL.NS,PARTIAL_REPLACEMENT,nse_equity,True,in_upstox_master,2596,2477,2426,170,51,93.45,2016-01-01,2026-06-25,2016-09-06,2026-09-07
VOLTAMP.NS,PARTIAL_REPLACEMENT,nse_equity,True,in_upstox_master,2596,2477,2426,170,51,93.45,2016-01-01,2026-06-25,2016-09-06,2026-09-07
VTL.NS,PARTIAL_REPLACEMENT,nse_equity,True,in_upstox_master,2596,2477,2426,170,51,93.45,2016-01-01,2026-06-25,2016-09-06,2026-09-07
WABAG.NS,PARTIAL_REPLACEMENT,nse_equity,True,in_upstox_master,2596,2477,2426,170,51,93.45,2016-01-01,2026-06-25,2016-09-06,2026-09-07
WALCHANNAG.NS,PARTIAL_REPLACEMENT,nse_equity,True,in_upstox_master,2596,2467,2416,180,51,93.07,2016-01-01,2026-06-25,2016-09-06,2026-09-07
WEBELSOLAR.NS,PARTIAL_REPLACEMENT,nse_equity,True,in_upstox_master,2596,2477,2426,170,51,93.45,2016-01-01,2026-06-25,2016-09-06,2026-09-07
WELCORP.NS,PARTIAL_REPLACEMENT,nse_equity,True,in_upstox_master,2596,2477,2426,170,51,93.45,2016-01-01,2026-06-25,2016-09-06,2026-09-07
WELSPUNLIV.NS,PARTIAL_REPLACEMENT,nse_equity,True,in_upstox_master,2596,2477,2426,170,51,93.45,2016-01-01,2026-06-25,2016-09-06,2026-09-07
WHEELS.NS,PARTIAL_REPLACEMENT,nse_equity,True,in_upstox_master,2596,2477,2426,170,51,93.45,2016-01-01,2026-06-25,2016-09-06,2026-09-07
WOCKPHARMA.NS,PARTIAL_REPLACEMENT,nse_equity,True,in_upstox_master,2596,2477,2426,170,51,93.45,2016-01-01,2026-06-25,2016-09-06,2026-09-07
YESBANK.NS,PARTIAL_REPLACEMENT,nse_equity,True,in_upstox_master,2596,2477,2426,170,51,93.45,2016-01-01,2026-06-25,2016-09-06,2026-09-07
ZEEL.NS,PARTIAL_REPLACEMENT,nse_equity,True,in_upstox_master,2596,2477,2426,170,51,93.45,2016-01-01,2026-06-25,2016-09-06,2026-09-07
ZENSARTECH.NS,PARTIAL_REPLACEMENT,nse_equity,True,in_upstox_master,2596,2477,2426,170,51,93.45,2016-01-01,2026-06-25,2016-09-06,2026-09-07
ZENTEC.NS,PARTIAL_REPLACEMENT,nse_equity,True,in_upstox_master,2596,2477,2426,170,51,93.45,2016-01-01,2026-06-25,2016-09-06,2026-09-07
ZFCVINDIA.NS,PARTIAL_REPLACEMENT,nse_equity,True,in_upstox_master,2596,2477,2426,170,51,93.45,2016-01-01,2026-06-25,2016-09-06,2026-09-07
ZYDUSLIFE.NS,PARTIAL_REPLACEMENT,nse_equity,True,in_upstox_master,2596,2477,2426,170,51,93.45,2016-01-01,2026-06-25,2016-09-06,2026-09-07
AGARIND.NS,PARTIAL_REPLACEMENT,nse_equity,True,in_upstox_master,2595,2475,2426,169,49,93.49,2016-01-01,2026-07-06,2016-09-06,2026-09-07
AURIONPRO.NS,PARTIAL_REPLACEMENT,nse_equity,True,in_upstox_master,2595,2477,2425,170,52,93.45,2016-01-01,2026-06-25,2016-09-06,2026-09-07
AUROPHARMA.NS,PARTIAL_REPLACEMENT,nse_equity,True,in_upstox_master,2595,2477,2426,169,51,93.49,2016-01-01,2026-06-25,2016-09-06,2026-09-07
AVANTIFEED.NS,PARTIAL_REPLACEMENT,nse_equity,True,in_upstox_master,2595,2477,2426,169,51,93.49,2016-01-01,2026-06-25,2016-09-06,2026-09-07
BALKRISIND.NS,PARTIAL_REPLACEMENT,nse_equity,True,in_upstox_master,2595,2477,2426,169,51,93.49,2016-01-01,2026-06-25,2016-09-06,2026-09-07
BANCOINDIA.NS,PARTIAL_REPLACEMENT,nse_equity,True,in_upstox_master,2595,2477,2426,169,51,93.49,2016-01-01,2026-06-25,2016-09-06,2026-09-07
BHARATFORG.NS,PARTIAL_REPLACEMENT,nse_equity,True,in_upstox_master,2595,2477,2426,169,51,93.49,2016-01-01,2026-06-25,2016-09-06,2026-09-07
BOSCHLTD.NS,PARTIAL_REPLACEMENT,nse_equity,True,in_upstox_master,2595,2477,2426,169,51,93.49,2016-01-01,2026-06-25,2016-09-06,2026-09-07
CAMLINFINE.NS,PARTIAL_REPLACEMENT,nse_equity,True,in_upstox_master,2595,2477,2426,169,51,93.49,2016-01-01,2026-06-25,2016-09-06,2026-09-07
CAPLIPOINT.NS,PARTIAL_REPLACEMENT,nse_equity,True,in_upstox_master,2595,2477,2426,169,51,93.49,2016-01-01,2026-06-25,2016-09-06,2026-09-07
CARBORUNIV.NS,PARTIAL_REPLACEMENT,nse_equity,True,in_upstox_master,2595,2477,2426,169,51,93.49,2016-01-01,2026-06-25,2016-09-06,2026-09-07
CERA.NS,PARTIAL_REPLACEMENT,nse_equity,True,in_upstox_master,2595,2477,2426,169,51,93.49,2016-01-01,2026-06-25,2016-09-06,2026-09-07
DIVISLAB.NS,PARTIAL_REPLACEMENT,nse_equity,True,in_upstox_master,2595,2477,2426,169,51,93.49,2016-01-01,2026-06-25,2016-09-06,2026-09-07
EIDPARRY.NS,PARTIAL_REPLACEMENT,nse_equity,True,in_upstox_master,2595,2477,2426,169,51,93.49,2016-01-01,2026-06-25,2016-09-06,2026-09-07
FDC.NS,PARTIAL_REPLACEMENT,nse_equity,True,in_upstox_master,2595,2477,2426,169,51,93.49,2016-01-01,2026-06-25,2016-09-06,2026-09-07
GRANULES.NS,PARTIAL_REPLACEMENT,nse_equity,True,in_upstox_master,2595,2477,2426,169,51,93.49,2016-01-01,2026-06-25,2016-09-06,2026-09-07
IMFA.NS,PARTIAL_REPLACEMENT,nse_equity,True,in_upstox_master,2595,2477,2426,169,51,93.49,2016-01-01,2026-06-25,2016-09-06,2026-09-07
INDIGO.NS,PARTIAL_REPLACEMENT,nse_equity,True,in_upstox_master,2595,2477,2426,169,51,93.49,2016-01-01,2026-06-25,2016-09-06,2026-09-07
INDSWFTLAB.NS,PARTIAL_REPLACEMENT,nse_equity,True,in_upstox_master,2595,2477,2426,169,51,93.49,2016-01-01,2026-06-25,2016-09-06,2026-09-07
IPCALAB.NS,PARTIAL_REPLACEMENT,nse_equity,True,in_upstox_master,2595,2477,2426,169,51,93.49,2016-01-01,2026-06-25,2016-09-06,2026-09-07
JAYBARMARU.NS,PARTIAL_REPLACEMENT,nse_equity,True,in_upstox_master,2595,2477,2426,169,51,93.49,2016-01-01,2026-06-25,2016-09-06,2026-09-07
JBMA.NS,PARTIAL_REPLACEMENT,nse_equity,True,in_upstox_master,2595,2477,2426,169,51,93.49,2016-01-01,2026-06-25,2016-09-06,2026-09-07
KIRLOSENG.NS,PARTIAL_REPLACEMENT,nse_equity,True,in_upstox_master,2595,2477,2426,169,51,93.49,2016-01-01,2026-06-25,2016-09-06,2026-09-07
KPIL.NS,PARTIAL_REPLACEMENT,nse_equity,True,in_upstox_master,2595,2477,2426,169,51,93.49,2016-01-01,2026-06-25,2016-09-06,2026-09-07
LUMAXTECH.NS,PARTIAL_REPLACEMENT,nse_equity,True,in_upstox_master,2595,2477,2426,169,51,93.49,2016-01-01,2026-06-25,2016-09-06,2026-09-07
MANINFRA.NS,PARTIAL_REPLACEMENT,nse_equity,True,in_upstox_master,2595,2477,2426,169,51,93.49,2016-01-01,2026-06-25,2016-09-06,2026-09-07
MINDACORP.NS,PARTIAL_REPLACEMENT,nse_equity,True,in_upstox_master,2595,2477,2426,169,51,93.49,2016-01-01,2026-06-25,2016-09-06,2026-09-07
MRF.NS,PARTIAL_REPLACEMENT,nse_equity,True,in_upstox_master,2595,2477,2426,169,51,93.49,2016-01-01,2026-06-25,2016-09-06,2026-09-07
NAVINFLUOR.NS,PARTIAL_REPLACEMENT,nse_equity,True,in_upstox_master,2595,2477,2426,169,51,93.49,2016-01-01,2026-06-25,2016-09-06,2026-09-07
OBEROIRLTY.NS,PARTIAL_REPLACEMENT,nse_equity,True,in_upstox_master,2595,2477,2426,169,51,93.49,2016-01-01,2026-06-25,2016-09-06,2026-09-07
PENIND.NS,PARTIAL_REPLACEMENT,nse_equity,True,in_upstox_master,2595,2477,2426,169,51,93.49,2016-01-01,2026-06-25,2016-09-06,2026-09-07
POWERMECH.NS,PARTIAL_REPLACEMENT,nse_equity,True,in_upstox_master,2595,2477,2426,169,51,93.49,2016-01-01,2026-06-25,2016-09-06,2026-09-07
RADICO.NS,PARTIAL_REPLACEMENT,nse_equity,True,in_upstox_master,2595,2477,2426,169,51,93.49,2016-01-01,2026-06-25,2016-09-06,2026-09-07
RELAXO.NS,PARTIAL_REPLACEMENT,nse_equity,True,in_upstox_master,2595,2477,2426,169,51,93.49,2016-01-01,2026-06-25,2016-09-06,2026-09-07
RELIGARE.NS,PARTIAL_REPLACEMENT,nse_equity,True,in_upstox_master,2595,2477,2426,169,51,93.49,2016-01-01,2026-06-25,2016-09-06,2026-09-07
RHIM.NS,PARTIAL_REPLACEMENT,nse_equity,True,in_upstox_master,2595,2477,2426,169,51,93.49,2016-01-01,2026-06-25,2016-09-06,2026-09-07
SAREGAMA.NS,PARTIAL_REPLACEMENT,nse_equity,True,in_upstox_master,2595,2477,2426,169,51,93.49,2016-01-01,2026-06-25,2016-09-06,2026-09-07
SASKEN.NS,PARTIAL_REPLACEMENT,nse_equity,True,in_upstox_master,2595,2477,2426,169,51,93.49,2016-01-01,2026-06-25,2016-09-06,2026-09-07
SHARDACROP.NS,PARTIAL_REPLACEMENT,nse_equity,True,in_upstox_master,2595,2477,2426,169,51,93.49,2016-01-01,2026-06-25,2016-09-06,2026-09-07
SIEMENS.NS,PARTIAL_REPLACEMENT,nse_equity,True,in_upstox_master,2595,2477,2426,169,51,93.49,2016-01-01,2026-06-25,2016-09-06,2026-09-07
SKIPPER.NS,PARTIAL_REPLACEMENT,nse_equity,True,in_upstox_master,2595,2477,2426,169,51,93.49,2016-01-01,2026-06-25,2016-09-06,2026-09-07
SOLARINDS.NS,PARTIAL_REPLACEMENT,nse_equity,True,in_upstox_master,2595,2477,2426,169,51,93.49,2016-01-01,2026-06-25,2016-09-06,2026-09-07
TARIL.NS,PARTIAL_REPLACEMENT,nse_equity,True,in_upstox_master,2595,2477,2426,169,51,93.49,2016-01-01,2026-06-25,2016-09-06,2026-09-07
TDPOWERSYS.NS,PARTIAL_REPLACEMENT,nse_equity,True,in_upstox_master,2595,2477,2425,170,52,93.45,2016-01-01,2026-06-25,2016-09-06,2026-09-07
THERMAX.NS,PARTIAL_REPLACEMENT,nse_equity,True,in_upstox_master,2595,2477,2426,169,51,93.49,2016-01-01,2026-06-25,2016-09-06,2026-09-07
THOMASCOOK.NS,PARTIAL_REPLACEMENT,nse_equity,True,in_upstox_master,2595,2476,2425,170,51,93.45,2016-01-01,2026-06-25,2016-09-06,2026-09-07
UNITDSPR.NS,PARTIAL_REPLACEMENT,nse_equity,True,in_upstox_master,2595,2476,2425,170,51,93.45,2016-01-01,2026-06-25,2016-09-06,2026-09-07
UNIVCABLES.NS,PARTIAL_REPLACEMENT,nse_equity,True,in_upstox_master,2595,2477,2426,169,51,93.49,2016-01-01,2026-06-25,2016-09-06,2026-09-07
VIPIND.NS,PARTIAL_REPLACEMENT,nse_equity,True,in_upstox_master,2595,2477,2426,169,51,93.49,2016-01-01,2026-06-25,2016-09-06,2026-09-07
CENTUM.NS,PARTIAL_REPLACEMENT,nse_equity,True,in_upstox_master,2594,2477,2426,168,51,93.52,2016-01-01,2026-06-25,2016-09-06,2026-09-07
CGCL.NS,PARTIAL_REPLACEMENT,nse_equity,True,in_upstox_master,2594,2477,2426,168,51,93.52,2016-01-01,2026-06-25,2016-09-06,2026-09-07
FINPIPE.NS,PARTIAL_REPLACEMENT,nse_equity,True,in_upstox_master,2594,2477,2426,168,51,93.52,2016-01-01,2026-06-25,2016-09-06,2026-09-07
GOODLUCK.NS,PARTIAL_REPLACEMENT,nse_equity,True,in_upstox_master,2594,2477,2425,169,52,93.48,2016-01-01,2026-06-25,2016-09-06,2026-09-07
LINDEINDIA.NS,PARTIAL_REPLACEMENT,nse_equity,True,in_upstox_master,2594,2477,2425,169,52,93.48,2016-01-01,2026-06-25,2016-09-06,2026-09-07
MAYURUNIQ.NS,PARTIAL_REPLACEMENT,nse_equity,True,in_upstox_master,2594,2477,2426,168,51,93.52,2016-01-01,2026-06-25,2016-09-06,2026-09-07
NRBBEARING.NS,PARTIAL_REPLACEMENT,nse_equity,True,in_upstox_master,2594,2477,2425,169,52,93.48,2016-01-01,2026-06-25,2016-09-06,2026-09-07
OLECTRA.NS,PARTIAL_REPLACEMENT,nse_equity,True,in_upstox_master,2594,2477,2425,169,52,93.48,2016-01-01,2026-06-25,2016-09-06,2026-09-07
PAGEIND.NS,PARTIAL_REPLACEMENT,nse_equity,True,in_upstox_master,2594,2477,2426,168,51,93.52,2016-01-01,2026-06-25,2016-09-06,2026-09-07
PGHL.NS,PARTIAL_REPLACEMENT,nse_equity,True,in_upstox_master,2594,2477,2426,168,51,93.52,2016-01-01,2026-06-25,2016-09-06,2026-09-07
VADILALIND.NS,PARTIAL_REPLACEMENT,nse_equity,True,in_upstox_master,2594,2477,2426,168,51,93.52,2016-01-01,2026-06-25,2016-09-06,2026-09-07
ASIANPAINT.NS,PARTIAL_REPLACEMENT,nse_equity,True,in_upstox_master,2593,2477,2423,170,54,93.44,2016-01-01,2026-06-22,2016-09-06,2026-09-07
ASTRAL.NS,PARTIAL_REPLACEMENT,nse_equity,True,in_upstox_master,2593,2477,2423,170,54,93.44,2016-01-01,2026-06-22,2016-09-06,2026-09-07
AXISBANK.NS,PARTIAL_REPLACEMENT,nse_equity,True,in_upstox_master,2593,2477,2423,170,54,93.44,2016-01-01,2026-06-22,2016-09-06,2026-09-07
BAJFINANCE.NS,PARTIAL_REPLACEMENT,nse_equity,True,in_upstox_master,2593,2477,2423,170,54,93.44,2016-01-01,2026-06-22,2016-09-06,2026-09-07
BHARTIARTL.NS,PARTIAL_REPLACEMENT,nse_equity,True,in_upstox_master,2593,2477,2423,170,54,93.44,2016-01-01,2026-06-22,2016-09-06,2026-09-07
COFORGE.NS,PARTIAL_REPLACEMENT,nse_equity,True,in_upstox_master,2593,2477,2423,170,54,93.44,2016-01-01,2026-06-22,2016-09-06,2026-09-07
DRREDDY.NS,PARTIAL_REPLACEMENT,nse_equity,True,in_upstox_master,2593,2477,2423,170,54,93.44,2016-01-01,2026-06-22,2016-09-06,2026-09-07
GENESYS.NS,PARTIAL_REPLACEMENT,nse_equity,True,in_upstox_master,2593,2477,2426,167,51,93.56,2016-01-01,2026-06-25,2016-09-06,2026-09-07
HCLTECH.NS,PARTIAL_REPLACEMENT,nse_equity,True,in_upstox_master,2593,2477,2423,170,54,93.44,2016-01-01,2026-06-22,2016-09-06,2026-09-07
HDFCBANK.NS,PARTIAL_REPLACEMENT,nse_equity,True,in_upstox_master,2593,2477,2423,170,54,93.44,2016-01-01,2026-06-22,2016-09-06,2026-09-07
HINDUNILVR.NS,PARTIAL_REPLACEMENT,nse_equity,True,in_upstox_master,2593,2477,2423,170,54,93.44,2016-01-01,2026-06-22,2016-09-06,2026-09-07
ICICIBANK.NS,PARTIAL_REPLACEMENT,nse_equity,True,in_upstox_master,2593,2477,2423,170,54,93.44,2016-01-01,2026-06-22,2016-09-06,2026-09-07
IFBIND.NS,PARTIAL_REPLACEMENT,nse_equity,True,in_upstox_master,2593,2477,2423,170,54,93.44,2016-01-01,2026-06-22,2016-09-06,2026-09-07
INFY.NS,PARTIAL_REPLACEMENT,nse_equity,True,in_upstox_master,2593,2477,2423,170,54,93.44,2016-01-01,2026-06-22,2016-09-06,2026-09-07
ITC.NS,PARTIAL_REPLACEMENT,nse_equity,True,in_upstox_master,2593,2477,2423,170,54,93.44,2016-01-01,2026-06-22,2016-09-06,2026-09-07
KOTAKBANK.NS,PARTIAL_REPLACEMENT,nse_equity,True,in_upstox_master,2593,2477,2423,170,54,93.44,2016-01-01,2026-06-22,2016-09-06,2026-09-07
LT.NS,PARTIAL_REPLACEMENT,nse_equity,True,in_upstox_master,2593,2477,2423,170,54,93.44,2016-01-01,2026-06-22,2016-09-06,2026-09-07
MARUTI.NS,PARTIAL_REPLACEMENT,nse_equity,True,in_upstox_master,2593,2477,2423,170,54,93.44,2016-01-01,2026-06-22,2016-09-06,2026-09-07
MUTHOOTFIN.NS,PARTIAL_REPLACEMENT,nse_equity,True,in_upstox_master,2593,2477,2423,170,54,93.44,2016-01-01,2026-06-22,2016-09-06,2026-09-07
NESTLEIND.NS,PARTIAL_REPLACEMENT,nse_equity,True,in_upstox_master,2593,2477,2423,170,54,93.44,2016-01-01,2026-06-22,2016-09-06,2026-09-07
NH.NS,PARTIAL_REPLACEMENT,nse_equity,True,in_upstox_master,2593,2477,2426,167,51,93.56,2016-01-06,2026-06-25,2016-09-06,2026-09-07
NTPC.NS,PARTIAL_REPLACEMENT,nse_equity,True,in_upstox_master,2593,2477,2423,170,54,93.44,2016-01-01,2026-06-22,2016-09-06,2026-09-07
PERSISTENT.NS,PARTIAL_REPLACEMENT,nse_equity,True,in_upstox_master,2593,2477,2423,170,54,93.44,2016-01-01,2026-06-22,2016-09-06,2026-09-07
PIDILITIND.NS,PARTIAL_REPLACEMENT,nse_equity,True,in_upstox_master,2593,2477,2423,170,54,93.44,2016-01-01,2026-06-22,2016-09-06,2026-09-07
POWERGRID.NS,PARTIAL_REPLACEMENT,nse_equity,True,in_upstox_master,2593,2477,2423,170,54,93.44,2016-01-01,2026-06-22,2016-09-06,2026-09-07
PRECWIRE.NS,PARTIAL_REPLACEMENT,nse_equity,True,in_upstox_master,2593,2477,2423,170,54,93.44,2016-01-01,2026-06-22,2016-09-06,2026-09-07
SBIN.NS,PARTIAL_REPLACEMENT,nse_equity,True,in_upstox_master,2593,2477,2423,170,54,93.44,2016-01-01,2026-06-22,2016-09-06,2026-09-07
SUNPHARMA.NS,PARTIAL_REPLACEMENT,nse_equity,True,in_upstox_master,2593,2477,2423,170,54,93.44,2016-01-01,2026-06-22,2016-09-06,2026-09-07
SUNTV.NS,PARTIAL_REPLACEMENT,nse_equity,True,in_upstox_master,2593,2477,2423,170,54,93.44,2016-01-01,2026-06-22,2016-09-06,2026-09-07
TATAELXSI.NS,PARTIAL_REPLACEMENT,nse_equity,True,in_upstox_master,2593,2477,2423,170,54,93.44,2016-01-01,2026-06-22,2016-09-06,2026-09-07
TCS.NS,PARTIAL_REPLACEMENT,nse_equity,True,in_upstox_master,2593,2477,2423,170,54,93.44,2016-01-01,2026-06-22,2016-09-06,2026-09-07
UBL.NS,PARTIAL_REPLACEMENT,nse_equity,True,in_upstox_master,2593,2477,2423,170,54,93.44,2016-01-01,2026-06-22,2016-09-06,2026-09-07
ULTRACEMCO.NS,PARTIAL_REPLACEMENT,nse_equity,True,in_upstox_master,2593,2477,2423,170,54,93.44,2016-01-01,2026-06-22,2016-09-06,2026-09-07
VOLTAS.NS,PARTIAL_REPLACEMENT,nse_equity,True,in_upstox_master,2593,2477,2423,170,54,93.44,2016-01-01,2026-06-22,2016-09-06,2026-09-07
WIPRO.NS,PARTIAL_REPLACEMENT,nse_equity,True,in_upstox_master,2593,2477,2423,170,54,93.44,2016-01-01,2026-06-22,2016-09-06,2026-09-07
ADVANIHOTR.NS,PARTIAL_REPLACEMENT,nse_equity,True,in_upstox_master,2592,2477,2432,160,45,93.83,2016-01-01,2026-07-06,2016-09-06,2026-09-07
ATUL.NS,PARTIAL_REPLACEMENT,nse_equity,True,in_upstox_master,2592,2477,2422,170,55,93.44,2016-01-01,2026-06-19,2016-09-06,2026-09-07
BAYERCROP.NS,PARTIAL_REPLACEMENT,nse_equity,True,in_upstox_master,2592,2477,2422,170,55,93.44,2016-01-01,2026-06-19,2016-09-06,2026-09-07
BBTC.NS,PARTIAL_REPLACEMENT,nse_equity,True,in_upstox_master,2592,2477,2422,170,55,93.44,2016-01-01,2026-06-19,2016-09-06,2026-09-07
BLUEDART.NS,PARTIAL_REPLACEMENT,nse_equity,True,in_upstox_master,2592,2477,2422,170,55,93.44,2016-01-01,2026-06-19,2016-09-06,2026-09-07
CANFINHOME.NS,PARTIAL_REPLACEMENT,nse_equity,True,in_upstox_master,2592,2477,2422,170,55,93.44,2016-01-01,2026-06-19,2016-09-06,2026-09-07
CRISIL.NS,PARTIAL_REPLACEMENT,nse_equity,True,in_upstox_master,2592,2477,2422,170,55,93.44,2016-01-01,2026-06-19,2016-09-06,2026-09-07
EIHOTEL.NS,PARTIAL_REPLACEMENT,nse_equity,True,in_upstox_master,2592,2477,2422,170,55,93.44,2016-01-01,2026-06-19,2016-09-06,2026-09-07
EMAMILTD.NS,PARTIAL_REPLACEMENT,nse_equity,True,in_upstox_master,2592,2477,2422,170,55,93.44,2016-01-01,2026-06-19,2016-09-06,2026-09-07
GODREJIND.NS,PARTIAL_REPLACEMENT,nse_equity,True,in_upstox_master,2592,2477,2422,170,55,93.44,2016-01-01,2026-06-19,2016-09-06,2026-09-07
HIRECT.NS,PARTIAL_REPLACEMENT,nse_equity,True,in_upstox_master,2592,2477,2423,169,54,93.48,2016-01-01,2026-06-25,2016-09-06,2026-09-07
HONAUT.NS,PARTIAL_REPLACEMENT,nse_equity,True,in_upstox_master,2592,2477,2426,166,51,93.6,2016-01-01,2026-06-25,2016-09-06,2026-09-07
INDIACEM.NS,PARTIAL_REPLACEMENT,nse_equity,True,in_upstox_master,2592,2477,2422,170,55,93.44,2016-01-01,2026-06-19,2016-09-06,2026-09-07
IOB.NS,PARTIAL_REPLACEMENT,nse_equity,True,in_upstox_master,2592,2477,2422,170,55,93.44,2016-01-01,2026-06-19,2016-09-06,2026-09-07
PANAMAPET.NS,PARTIAL_REPLACEMENT,nse_equity,True,in_upstox_master,2592,2477,2426,166,51,93.6,2016-01-01,2026-06-25,2016-09-06,2026-09-07
PHOENIXLTD.NS,PARTIAL_REPLACEMENT,nse_equity,True,in_upstox_master,2592,2477,2426,166,51,93.6,2016-01-01,2026-06-25,2016-09-06,2026-09-07
PVRINOX.NS,PARTIAL_REPLACEMENT,nse_equity,True,in_upstox_master,2592,2477,2422,170,55,93.44,2016-01-01,2026-06-19,2016-09-06,2026-09-07
SUDARSCHEM.NS,PARTIAL_REPLACEMENT,nse_equity,True,in_upstox_master,2592,2477,2423,169,54,93.48,2016-01-01,2026-06-22,2016-09-06,2026-09-07
SUPRAJIT.NS,PARTIAL_REPLACEMENT,nse_equity,True,in_upstox_master,2592,2477,2423,169,54,93.48,2016-01-01,2026-06-22,2016-09-06,2026-09-07
TRIDENT.NS,PARTIAL_REPLACEMENT,nse_equity,True,in_upstox_master,2592,2477,2422,170,55,93.44,2016-01-01,2026-06-19,2016-09-06,2026-09-07
WHIRLPOOL.NS,PARTIAL_REPLACEMENT,nse_equity,True,in_upstox_master,2592,2477,2422,170,55,93.44,2016-01-01,2026-06-19,2016-09-06,2026-09-07
ZYDUSWELL.NS,PARTIAL_REPLACEMENT,nse_equity,True,in_upstox_master,2592,2477,2422,170,55,93.44,2016-01-01,2026-06-19,2016-09-06,2026-09-07
ASAL.NS,PARTIAL_REPLACEMENT,nse_equity,True,in_upstox_master,2591,2475,2428,163,47,93.71,2016-01-01,2026-07-06,2016-09-06,2026-09-07
DCMSHRIRAM.NS,PARTIAL_REPLACEMENT,nse_equity,True,in_upstox_master,2591,2477,2422,169,55,93.48,2016-01-01,2026-06-19,2016-09-06,2026-09-07
DEEPAKNTR.NS,PARTIAL_REPLACEMENT,nse_equity,True,in_upstox_master,2591,2477,2422,169,55,93.48,2016-01-01,2026-06-19,2016-09-06,2026-09-07
JUBLPHARMA.NS,PARTIAL_REPLACEMENT,nse_equity,True,in_upstox_master,2591,2477,2422,169,55,93.48,2016-01-01,2026-06-19,2016-09-06,2026-09-07
PARACABLES.NS,PARTIAL_REPLACEMENT,nse_equity,True,in_upstox_master,2591,2477,2424,167,53,93.55,2016-01-01,2026-06-25,2016-09-06,2026-09-07
PFIZER.NS,PARTIAL_REPLACEMENT,nse_equity,True,in_upstox_master,2591,2477,2422,169,55,93.48,2016-01-01,2026-06-19,2016-09-06,2026-09-07
PRIVISCL.NS,PARTIAL_REPLACEMENT,nse_equity,True,in_upstox_master,2591,2477,2422,169,55,93.48,2016-01-01,2026-06-25,2016-09-06,2026-09-07
RAMCOCEM.NS,PARTIAL_REPLACEMENT,nse_equity,True,in_upstox_master,2591,2477,2422,169,55,93.48,2016-01-01,2026-06-19,2016-09-06,2026-09-07
SOBHA.NS,PARTIAL_REPLACEMENT,nse_equity,True,in_upstox_master,2591,2477,2422,169,55,93.48,2016-01-01,2026-06-19,2016-09-06,2026-09-07
SOTL.NS,PARTIAL_REPLACEMENT,nse_equity,True,in_upstox_master,2591,2477,2423,168,54,93.52,2016-01-04,2026-06-25,2016-09-06,2026-09-07
TIMKEN.NS,PARTIAL_REPLACEMENT,nse_equity,True,in_upstox_master,2591,2477,2422,169,55,93.48,2016-01-01,2026-06-19,2016-09-06,2026-09-07
BBOX.NS,PARTIAL_REPLACEMENT,nse_equity,True,in_upstox_master,2590,2477,2421,169,56,93.47,2016-01-01,2026-06-25,2016-09-06,2026-09-07
CIEINDIA.NS,PARTIAL_REPLACEMENT,nse_equity,True,in_upstox_master,2590,2477,2422,168,55,93.51,2016-01-01,2026-06-19,2016-09-06,2026-09-07
MSPL.NS,PARTIAL_REPLACEMENT,nse_equity,True,in_upstox_master,2590,2477,2422,168,55,93.51,2016-01-01,2026-06-25,2016-09-06,2026-09-07
XPROINDIA.NS,PARTIAL_REPLACEMENT,nse_equity,True,in_upstox_master,2590,2477,2422,168,55,93.51,2016-01-01,2026-06-25,2016-09-06,2026-09-07
DYNAMATECH.NS,PARTIAL_REPLACEMENT,nse_equity,True,in_upstox_master,2589,2477,2422,167,55,93.55,2016-01-01,2026-06-19,2016-09-06,2026-09-07
SANGHVIMOV.NS,PARTIAL_REPLACEMENT,nse_equity,True,in_upstox_master,2589,2477,2422,167,55,93.55,2016-01-01,2026-06-19,2016-09-06,2026-09-07
ASHIANA.NS,PARTIAL_REPLACEMENT,nse_equity,True,in_upstox_master,2588,2477,2421,167,56,93.55,2016-01-01,2026-06-18,2016-09-06,2026-09-07
ASIANTILES.NS,PARTIAL_REPLACEMENT,nse_equity,True,in_upstox_master,2588,2477,2421,167,56,93.55,2016-01-01,2026-06-18,2016-09-06,2026-09-07
ASTEC.NS,PARTIAL_REPLACEMENT,nse_equity,True,in_upstox_master,2588,2477,2421,167,56,93.55,2016-01-01,2026-06-18,2016-09-06,2026-09-07
ASTRAZEN.NS,PARTIAL_REPLACEMENT,nse_equity,True,in_upstox_master,2588,2477,2421,167,56,93.55,2016-01-01,2026-06-18,2016-09-06,2026-09-07
ATLANTAA.NS,PARTIAL_REPLACEMENT,nse_equity,True,in_upstox_master,2588,2477,2421,167,56,93.55,2016-01-01,2026-06-18,2016-09-06,2026-09-07
ATULAUTO.NS,PARTIAL_REPLACEMENT,nse_equity,True,in_upstox_master,2588,2477,2421,167,56,93.55,2016-01-01,2026-06-18,2016-09-06,2026-09-07
AURUM.NS,PARTIAL_REPLACEMENT,nse_equity,True,in_upstox_master,2588,2477,2421,167,56,93.55,2016-01-01,2026-06-18,2016-09-06,2026-09-07
AUTOAXLES.NS,PARTIAL_REPLACEMENT,nse_equity,True,in_upstox_master,2588,2477,2421,167,56,93.55,2016-01-01,2026-06-18,2016-09-06,2026-09-07
AVTNPL.NS,PARTIAL_REPLACEMENT,nse_equity,True,in_upstox_master,2588,2477,2421,167,56,93.55,2016-01-01,2026-06-18,2016-09-06,2026-09-07
BAGFILMS.NS,PARTIAL_REPLACEMENT,nse_equity,True,in_upstox_master,2588,2477,2421,167,56,93.55,2016-01-01,2026-06-18,2016-09-06,2026-09-07
BAJAJELEC.NS,PARTIAL_REPLACEMENT,nse_equity,True,in_upstox_master,2588,2477,2421,167,56,93.55,2016-01-01,2026-06-18,2016-09-06,2026-09-07
BAJAJHIND.NS,PARTIAL_REPLACEMENT,nse_equity,True,in_upstox_master,2588,2477,2421,167,56,93.55,2016-01-01,2026-06-18,2016-09-06,2026-09-07
BALAJITELE.NS,PARTIAL_REPLACEMENT,nse_equity,True,in_upstox_master,2588,2477,2421,167,56,93.55,2016-01-01,2026-06-18,2016-09-06,2026-09-07
BALMLAWRIE.NS,PARTIAL_REPLACEMENT,nse_equity,True,in_upstox_master,2588,2477,2421,167,56,93.55,2016-01-01,2026-06-18,2016-09-06,2026-09-07
BASF.NS,PARTIAL_REPLACEMENT,nse_equity,True,in_upstox_master,2588,2477,2421,167,56,93.55,2016-01-01,2026-06-18,2016-09-06,2026-09-07
BBL.NS,PARTIAL_REPLACEMENT,nse_equity,True,in_upstox_master,2588,2477,2421,167,56,93.55,2016-01-01,2026-06-18,2016-09-06,2026-09-07
BEPL.NS,PARTIAL_REPLACEMENT,nse_equity,True,in_upstox_master,2588,2477,2421,167,56,93.55,2016-01-01,2026-06-18,2016-09-06,2026-09-07
BFINVEST.NS,PARTIAL_REPLACEMENT,nse_equity,True,in_upstox_master,2588,2477,2421,167,56,93.55,2016-01-01,2026-06-18,2016-09-06,2026-09-07
BFUTILITIE.NS,PARTIAL_REPLACEMENT,nse_equity,True,in_upstox_master,2588,2477,2421,167,56,93.55,2016-01-01,2026-06-18,2016-09-06,2026-09-07
BIRLACORPN.NS,PARTIAL_REPLACEMENT,nse_equity,True,in_upstox_master,2588,2477,2421,167,56,93.55,2016-01-01,2026-06-18,2016-09-06,2026-09-07
BIRLANU.NS,PARTIAL_REPLACEMENT,nse_equity,True,in_upstox_master,2588,2477,2421,167,56,93.55,2016-01-01,2026-06-18,2016-09-06,2026-09-07
BLKASHYAP.NS,PARTIAL_REPLACEMENT,nse_equity,True,in_upstox_master,2588,2477,2421,167,56,93.55,2016-01-01,2026-06-18,2016-09-06,2026-09-07
BOMDYEING.NS,PARTIAL_REPLACEMENT,nse_equity,True,in_upstox_master,2588,2477,2421,167,56,93.55,2016-01-01,2026-06-18,2016-09-06,2026-09-07
BPL.NS,PARTIAL_REPLACEMENT,nse_equity,True,in_upstox_master,2588,2477,2421,167,56,93.55,2016-01-01,2026-06-18,2016-09-06,2026-09-07
BUTTERFLY.NS,PARTIAL_REPLACEMENT,nse_equity,True,in_upstox_master,2588,2477,2421,167,56,93.55,2016-01-01,2026-06-18,2016-09-06,2026-09-07
CANTABIL.NS,PARTIAL_REPLACEMENT,nse_equity,True,in_upstox_master,2588,2477,2421,167,56,93.55,2016-01-01,2026-06-18,2016-09-06,2026-09-07
CARERATING.NS,PARTIAL_REPLACEMENT,nse_equity,True,in_upstox_master,2588,2477,2421,167,56,93.55,2016-01-01,2026-06-18,2016-09-06,2026-09-07
CCHHL.NS,PARTIAL_REPLACEMENT,nse_equity,True,in_upstox_master,2588,2477,2421,167,56,93.55,2016-01-01,2026-06-18,2016-09-06,2026-09-07
CELEBRITY.NS,PARTIAL_REPLACEMENT,nse_equity,True,in_upstox_master,2588,2477,2421,167,56,93.55,2016-01-01,2026-06-18,2016-09-06,2026-09-07
CENTENKA.NS,PARTIAL_REPLACEMENT,nse_equity,True,in_upstox_master,2588,2477,2421,167,56,93.55,2016-01-01,2026-06-18,2016-09-06,2026-09-07
CENTEXT.NS,PARTIAL_REPLACEMENT,nse_equity,True,in_upstox_master,2588,2477,2421,167,56,93.55,2016-01-01,2026-06-18,2016-09-06,2026-09-07
CENTURYPLY.NS,PARTIAL_REPLACEMENT,nse_equity,True,in_upstox_master,2588,2477,2421,167,56,93.55,2016-01-01,2026-06-18,2016-09-06,2026-09-07
CINELINE.NS,PARTIAL_REPLACEMENT,nse_equity,True,in_upstox_master,2588,2477,2421,167,56,93.55,2016-01-01,2026-06-18,2016-09-06,2026-09-07
COSMOFIRST.NS,PARTIAL_REPLACEMENT,nse_equity,True,in_upstox_master,2588,2477,2421,167,56,93.55,2016-01-01,2026-06-18,2016-09-06,2026-09-07
DALMIASUG.NS,PARTIAL_REPLACEMENT,nse_equity,True,in_upstox_master,2588,2477,2421,167,56,93.55,2016-01-01,2026-06-18,2016-09-06,2026-09-07
DATAMATICS.NS,PARTIAL_REPLACEMENT,nse_equity,True,in_upstox_master,2588,2477,2421,167,56,93.55,2016-01-01,2026-06-18,2016-09-06,2026-09-07
DBCORP.NS,PARTIAL_REPLACEMENT,nse_equity,True,in_upstox_master,2588,2477,2421,167,56,93.55,2016-01-01,2026-06-18,2016-09-06,2026-09-07
DCBBANK.NS,PARTIAL_REPLACEMENT,nse_equity,True,in_upstox_master,2588,2477,2421,167,56,93.55,2016-01-01,2026-06-18,2016-09-06,2026-09-07
DCW.NS,PARTIAL_REPLACEMENT,nse_equity,True,in_upstox_master,2588,2477,2421,167,56,93.55,2016-01-01,2026-06-18,2016-09-06,2026-09-07
DEN.NS,PARTIAL_REPLACEMENT,nse_equity,True,in_upstox_master,2588,2477,2421,167,56,93.55,2016-01-01,2026-06-18,2016-09-06,2026-09-07
DENORA.NS,PARTIAL_REPLACEMENT,nse_equity,True,in_upstox_master,2588,2477,2421,167,56,93.55,2016-01-01,2026-06-18,2016-09-06,2026-09-07
DHAMPURSUG.NS,PARTIAL_REPLACEMENT,nse_equity,True,in_upstox_master,2588,2477,2421,167,56,93.55,2016-01-01,2026-06-18,2016-09-06,2026-09-07
DHANUKA.NS,PARTIAL_REPLACEMENT,nse_equity,True,in_upstox_master,2588,2477,2421,167,56,93.55,2016-01-01,2026-06-18,2016-09-06,2026-09-07
DLINKINDIA.NS,PARTIAL_REPLACEMENT,nse_equity,True,in_upstox_master,2588,2477,2421,167,56,93.55,2016-01-01,2026-06-18,2016-09-06,2026-09-07
DONEAR.NS,PARTIAL_REPLACEMENT,nse_equity,True,in_upstox_master,2588,2477,2421,167,56,93.55,2016-01-01,2026-06-18,2016-09-06,2026-09-07
DVL.NS,PARTIAL_REPLACEMENT,nse_equity,True,in_upstox_master,2588,2477,2421,167,56,93.55,2016-01-01,2026-06-18,2016-09-06,2026-09-07
EKC.NS,PARTIAL_REPLACEMENT,nse_equity,True,in_upstox_master,2588,2477,2421,167,56,93.55,2016-01-01,2026-06-18,2016-09-06,2026-09-07
EPL.NS,PARTIAL_REPLACEMENT,nse_equity,True,in_upstox_master,2588,2477,2421,167,56,93.55,2016-01-01,2026-06-18,2016-09-06,2026-09-07
ESTER.NS,PARTIAL_REPLACEMENT,nse_equity,True,in_upstox_master,2588,2477,2421,167,56,93.55,2016-01-01,2026-06-18,2016-09-06,2026-09-07
EVEREADY.NS,PARTIAL_REPLACEMENT,nse_equity,True,in_upstox_master,2588,2477,2421,167,56,93.55,2016-01-01,2026-06-18,2016-09-06,2026-09-07
EXCELINDUS.NS,PARTIAL_REPLACEMENT,nse_equity,True,in_upstox_master,2588,2477,2421,167,56,93.55,2016-01-01,2026-06-18,2016-09-06,2026-09-07
FIEMIND.NS,PARTIAL_REPLACEMENT,nse_equity,True,in_upstox_master,2588,2477,2421,167,56,93.55,2016-01-01,2026-06-18,2016-09-06,2026-09-07
GAEL.NS,PARTIAL_REPLACEMENT,nse_equity,True,in_upstox_master,2588,2477,2421,167,56,93.55,2016-01-01,2026-06-18,2016-09-06,2026-09-07
GANESHHOU.NS,PARTIAL_REPLACEMENT,nse_equity,True,in_upstox_master,2588,2477,2421,167,56,93.55,2016-01-01,2026-06-18,2016-09-06,2026-09-07
GARFIBRES.NS,PARTIAL_REPLACEMENT,nse_equity,True,in_upstox_master,2588,2477,2421,167,56,93.55,2016-01-01,2026-06-18,2016-09-06,2026-09-07
GEOJITFSL.NS,PARTIAL_REPLACEMENT,nse_equity,True,in_upstox_master,2588,2477,2421,167,56,93.55,2016-01-01,2026-06-18,2016-09-06,2026-09-07
GFLLIMITED.NS,PARTIAL_REPLACEMENT,nse_equity,True,in_upstox_master,2588,2476,2420,168,56,93.51,2016-01-01,2026-06-18,2016-09-06,2026-09-07
GICHSGFIN.NS,PARTIAL_REPLACEMENT,nse_equity,True,in_upstox_master,2588,2477,2421,167,56,93.55,2016-01-01,2026-06-18,2016-09-06,2026-09-07
GIPCL.NS,PARTIAL_REPLACEMENT,nse_equity,True,in_upstox_master,2588,2477,2421,167,56,93.55,2016-01-01,2026-06-18,2016-09-06,2026-09-07
GLOBALVECT.NS,PARTIAL_REPLACEMENT,nse_equity,True,in_upstox_master,2588,2477,2421,167,56,93.55,2016-01-01,2026-06-18,2016-09-06,2026-09-07
GLOBUSSPR.NS,PARTIAL_REPLACEMENT,nse_equity,True,in_upstox_master,2588,2477,2421,167,56,93.55,2016-01-01,2026-06-18,2016-09-06,2026-09-07
GMBREW.NS,PARTIAL_REPLACEMENT,nse_equity,True,in_upstox_master,2588,2477,2421,167,56,93.55,2016-01-01,2026-06-18,2016-09-06,2026-09-07
GOACARBON.NS,PARTIAL_REPLACEMENT,nse_equity,True,in_upstox_master,2588,2477,2421,167,56,93.55,2016-01-01,2026-06-18,2016-09-06,2026-09-07
GREENPLY.NS,PARTIAL_REPLACEMENT,nse_equity,True,in_upstox_master,2588,2477,2421,167,56,93.55,2016-01-01,2026-06-18,2016-09-06,2026-09-07
GREENPOWER.NS,PARTIAL_REPLACEMENT,nse_equity,True,in_upstox_master,2588,2477,2421,167,56,93.55,2016-01-01,2026-06-18,2016-09-06,2026-09-07
GSFC.NS,PARTIAL_REPLACEMENT,nse_equity,True,in_upstox_master,2588,2477,2421,167,56,93.55,2016-01-01,2026-06-18,2016-09-06,2026-09-07
GTLINFRA.NS,PARTIAL_REPLACEMENT,nse_equity,True,in_upstox_master,2588,2477,2421,167,56,93.55,2016-01-01,2026-06-18,2016-09-06,2026-09-07
GUFICBIO.NS,PARTIAL_REPLACEMENT,nse_equity,True,in_upstox_master,2588,2477,2421,167,56,93.55,2016-01-01,2026-06-18,2016-09-06,2026-09-07
GUJALKALI.NS,PARTIAL_REPLACEMENT,nse_equity,True,in_upstox_master,2588,2477,2421,167,56,93.55,2016-01-01,2026-06-18,2016-09-06,2026-09-07
GULFOILLUB.NS,PARTIAL_REPLACEMENT,nse_equity,True,in_upstox_master,2588,2477,2421,167,56,93.55,2016-01-01,2026-06-18,2016-09-06,2026-09-07
GULPOLY.NS,PARTIAL_REPLACEMENT,nse_equity,True,in_upstox_master,2588,2477,2421,167,56,93.55,2016-01-01,2026-06-18,2016-09-06,2026-09-07
HARRMALAYA.NS,PARTIAL_REPLACEMENT,nse_equity,True,in_upstox_master,2588,2477,2421,167,56,93.55,2016-01-01,2026-06-18,2016-09-06,2026-09-07
HATHWAY.NS,PARTIAL_REPLACEMENT,nse_equity,True,in_upstox_master,2588,2477,2421,167,56,93.55,2016-01-01,2026-06-18,2016-09-06,2026-09-07
HCL-INSYS.NS,PARTIAL_REPLACEMENT,nse_equity,True,in_upstox_master,2588,2477,2421,167,56,93.55,2016-01-01,2026-06-18,2016-09-06,2026-09-07
HEIDELBERG.NS,PARTIAL_REPLACEMENT,nse_equity,True,in_upstox_master,2588,2477,2421,167,56,93.55,2016-01-01,2026-06-18,2016-09-06,2026-09-07
HERITGFOOD.NS,PARTIAL_REPLACEMENT,nse_equity,True,in_upstox_master,2588,2477,2421,167,56,93.55,2016-01-01,2026-06-18,2016-09-06,2026-09-07
HESTERBIO.NS,PARTIAL_REPLACEMENT,nse_equity,True,in_upstox_master,2588,2477,2421,167,56,93.55,2016-01-01,2026-06-18,2016-09-06,2026-09-07
HGM.NS,PARTIAL_REPLACEMENT,nse_equity,True,in_upstox_master,2588,2477,2421,167,56,93.55,2016-01-01,2026-06-18,2016-09-06,2026-09-07
HGS.NS,PARTIAL_REPLACEMENT,nse_equity,True,in_upstox_master,2588,2477,2421,167,56,93.55,2016-01-01,2026-06-18,2016-09-06,2026-09-07
HIKAL.NS,PARTIAL_REPLACEMENT,nse_equity,True,in_upstox_master,2588,2477,2421,167,56,93.55,2016-01-01,2026-06-18,2016-09-06,2026-09-07
HIMATSEIDE.NS,PARTIAL_REPLACEMENT,nse_equity,True,in_upstox_master,2588,2477,2421,167,56,93.55,2016-01-01,2026-06-18,2016-09-06,2026-09-07
HLVLTD.NS,PARTIAL_REPLACEMENT,nse_equity,True,in_upstox_master,2588,2477,2421,167,56,93.55,2016-01-01,2026-06-18,2016-09-06,2026-09-07
HONDAPOWER.NS,PARTIAL_REPLACEMENT,nse_equity,True,in_upstox_master,2588,2477,2421,167,56,93.55,2016-01-01,2026-06-18,2016-09-06,2026-09-07
HTMEDIA.NS,PARTIAL_REPLACEMENT,nse_equity,True,in_upstox_master,2588,2477,2421,167,56,93.55,2016-01-01,2026-06-18,2016-09-06,2026-09-07
HUHTAMAKI.NS,PARTIAL_REPLACEMENT,nse_equity,True,in_upstox_master,2588,2477,2421,167,56,93.55,2016-01-01,2026-06-18,2016-09-06,2026-09-07
IGPL.NS,PARTIAL_REPLACEMENT,nse_equity,True,in_upstox_master,2588,2477,2421,167,56,93.55,2016-01-01,2026-06-18,2016-09-06,2026-09-07
IMAGICAA.NS,PARTIAL_REPLACEMENT,nse_equity,True,in_upstox_master,2588,2477,2421,167,56,93.55,2016-01-01,2026-06-18,2016-09-06,2026-09-07
INDIAGLYCO.NS,PARTIAL_REPLACEMENT,nse_equity,True,in_upstox_master,2588,2477,2421,167,56,93.55,2016-01-01,2026-06-18,2016-09-06,2026-09-07
INDIANHUME.NS,PARTIAL_REPLACEMENT,nse_equity,True,in_upstox_master,2588,2477,2421,167,56,93.55,2016-01-01,2026-06-18,2016-09-06,2026-09-07
INDRAMEDCO.NS,PARTIAL_REPLACEMENT,nse_equity,True,in_upstox_master,2588,2477,2421,167,56,93.55,2016-01-01,2026-06-18,2016-09-06,2026-09-07
INDTERRAIN.NS,PARTIAL_REPLACEMENT,nse_equity,True,in_upstox_master,2588,2477,2421,167,56,93.55,2016-01-01,2026-06-18,2016-09-06,2026-09-07
INGERRAND.NS,PARTIAL_REPLACEMENT,nse_equity,True,in_upstox_master,2588,2477,2421,167,56,93.55,2016-01-01,2026-06-18,2016-09-06,2026-09-07
INSECTICID.NS,PARTIAL_REPLACEMENT,nse_equity,True,in_upstox_master,2588,2477,2421,167,56,93.55,2016-01-01,2026-06-18,2016-09-06,2026-09-07
IVC.NS,PARTIAL_REPLACEMENT,nse_equity,True,in_upstox_master,2588,2477,2421,167,56,93.55,2016-01-01,2026-06-18,2016-09-06,2026-09-07
IZMO.NS,PARTIAL_REPLACEMENT,nse_equity,True,in_upstox_master,2588,2477,2421,167,56,93.55,2016-01-01,2026-06-18,2016-09-06,2026-09-07
JAGRAN.NS,PARTIAL_REPLACEMENT,nse_equity,True,in_upstox_master,2588,2477,2421,167,56,93.55,2016-01-01,2026-06-18,2016-09-06,2026-09-07
JAGSNPHARM.NS,PARTIAL_REPLACEMENT,nse_equity,True,in_upstox_master,2588,2477,2421,167,56,93.55,2016-01-01,2026-06-18,2016-09-06,2026-09-07
JAICORPLTD.NS,PARTIAL_REPLACEMENT,nse_equity,True,in_upstox_master,2588,2477,2421,167,56,93.55,2016-01-01,2026-06-18,2016-09-06,2026-09-07
JAYAGROGN.NS,PARTIAL_REPLACEMENT,nse_equity,True,in_upstox_master,2588,2477,2421,167,56,93.55,2016-01-01,2026-06-18,2016-09-06,2026-09-07
JAYSREETEA.NS,PARTIAL_REPLACEMENT,nse_equity,True,in_upstox_master,2588,2477,2421,167,56,93.55,2016-01-01,2026-06-18,2016-09-06,2026-09-07
JINDALPOLY.NS,PARTIAL_REPLACEMENT,nse_equity,True,in_upstox_master,2588,2477,2421,167,56,93.55,2016-01-01,2026-06-18,2016-09-06,2026-09-07
JISLDVREQS.NS,PARTIAL_REPLACEMENT,nse_equity,True,in_upstox_master,2588,2477,2421,167,56,93.55,2016-01-01,2026-06-18,2016-09-06,2026-09-07
JISLJALEQS.NS,PARTIAL_REPLACEMENT,nse_equity,True,in_upstox_master,2588,2477,2421,167,56,93.55,2016-01-01,2026-06-18,2016-09-06,2026-09-07
JKLAKSHMI.NS,PARTIAL_REPLACEMENT,nse_equity,True,in_upstox_master,2588,2477,2421,167,56,93.55,2016-01-01,2026-06-18,2016-09-06,2026-09-07
JKPAPER.NS,PARTIAL_REPLACEMENT,nse_equity,True,in_upstox_master,2588,2477,2421,167,56,93.55,2016-01-01,2026-06-18,2016-09-06,2026-09-07
JTEKTINDIA.NS,PARTIAL_REPLACEMENT,nse_equity,True,in_upstox_master,2588,2477,2421,167,56,93.55,2016-01-01,2026-06-18,2016-09-06,2026-09-07
JUSTDIAL.NS,PARTIAL_REPLACEMENT,nse_equity,True,in_upstox_master,2588,2477,2421,167,56,93.55,2016-01-01,2026-06-18,2016-09-06,2026-09-07
JYOTHYLAB.NS,PARTIAL_REPLACEMENT,nse_equity,True,in_upstox_master,2588,2477,2421,167,56,93.55,2016-01-01,2026-06-18,2016-09-06,2026-09-07
KANSAINER.NS,PARTIAL_REPLACEMENT,nse_equity,True,in_upstox_master,2588,2477,2421,167,56,93.55,2016-01-01,2026-06-18,2016-09-06,2026-09-07
KAYA.NS,PARTIAL_REPLACEMENT,nse_equity,True,in_upstox_master,2588,2477,2421,167,56,93.55,2016-01-01,2026-06-18,2016-09-06,2026-09-07
KCP.NS,PARTIAL_REPLACEMENT,nse_equity,True,in_upstox_master,2588,2477,2421,167,56,93.55,2016-01-01,2026-06-18,2016-09-06,2026-09-07
KIRIINDUS.NS,PARTIAL_REPLACEMENT,nse_equity,True,in_upstox_master,2588,2477,2421,167,56,93.55,2016-01-01,2026-06-18,2016-09-06,2026-09-07
KMSUGAR.NS,PARTIAL_REPLACEMENT,nse_equity,True,in_upstox_master,2588,2477,2421,167,56,93.55,2016-01-01,2026-06-18,2016-09-06,2026-09-07
KOKUYOCMLN.NS,PARTIAL_REPLACEMENT,nse_equity,True,in_upstox_master,2588,2477,2421,167,56,93.55,2016-01-01,2026-06-18,2016-09-06,2026-09-07
KOLTEPATIL.NS,PARTIAL_REPLACEMENT,nse_equity,True,in_upstox_master,2588,2477,2421,167,56,93.55,2016-01-01,2026-06-18,2016-09-06,2026-09-07
KOTHARIPRO.NS,PARTIAL_REPLACEMENT,nse_equity,True,in_upstox_master,2588,2477,2421,167,56,93.55,2016-01-01,2026-06-18,2016-09-06,2026-09-07
KRBL.NS,PARTIAL_REPLACEMENT,nse_equity,True,in_upstox_master,2588,2477,2421,167,56,93.55,2016-01-01,2026-06-18,2016-09-06,2026-09-07
KSB.NS,PARTIAL_REPLACEMENT,nse_equity,True,in_upstox_master,2588,2477,2421,167,56,93.55,2016-01-01,2026-06-18,2016-09-06,2026-09-07
KSCL.NS,PARTIAL_REPLACEMENT,nse_equity,True,in_upstox_master,2588,2477,2421,167,56,93.55,2016-01-01,2026-06-18,2016-09-06,2026-09-07
KSL.NS,PARTIAL_REPLACEMENT,nse_equity,True,in_upstox_master,2588,2477,2421,167,56,93.55,2016-01-01,2026-06-18,2016-09-06,2026-09-07
LAMBODHARA.NS,PARTIAL_REPLACEMENT,nse_equity,True,in_upstox_master,2588,2477,2421,167,56,93.55,2016-01-01,2026-06-18,2016-09-06,2026-09-07
LAOPALA.NS,PARTIAL_REPLACEMENT,nse_equity,True,in_upstox_master,2588,2477,2421,167,56,93.55,2016-01-01,2026-06-18,2016-09-06,2026-09-07
LIBERTSHOE.NS,PARTIAL_REPLACEMENT,nse_equity,True,in_upstox_master,2588,2477,2421,167,56,93.55,2016-01-01,2026-06-18,2016-09-06,2026-09-07
LINCOLN.NS,PARTIAL_REPLACEMENT,nse_equity,True,in_upstox_master,2588,2477,2421,167,56,93.55,2016-01-01,2026-06-18,2016-09-06,2026-09-07
LMW.NS,PARTIAL_REPLACEMENT,nse_equity,True,in_upstox_master,2588,2477,2421,167,56,93.55,2016-01-01,2026-06-18,2016-09-06,2026-09-07
LOVABLE.NS,PARTIAL_REPLACEMENT,nse_equity,True,in_upstox_master,2588,2477,2421,167,56,93.55,2016-01-01,2026-06-18,2016-09-06,2026-09-07
LUMAXIND.NS,PARTIAL_REPLACEMENT,nse_equity,True,in_upstox_master,2588,2477,2421,167,56,93.55,2016-01-01,2026-06-18,2016-09-06,2026-09-07
MAHLIFE.NS,PARTIAL_REPLACEMENT,nse_equity,True,in_upstox_master,2588,2477,2421,167,56,93.55,2016-01-01,2026-06-18,2016-09-06,2026-09-07
MAHSEAMLES.NS,PARTIAL_REPLACEMENT,nse_equity,True,in_upstox_master,2588,2477,2421,167,56,93.55,2016-01-01,2026-06-18,2016-09-06,2026-09-07
MAITHANALL.NS,PARTIAL_REPLACEMENT,nse_equity,True,in_upstox_master,2588,2477,2421,167,56,93.55,2016-01-01,2026-06-18,2016-09-06,2026-09-07
MANALIPETC.NS,PARTIAL_REPLACEMENT,nse_equity,True,in_upstox_master,2588,2477,2421,167,56,93.55,2016-01-01,2026-06-18,2016-09-06,2026-09-07
MANGALAM.NS,PARTIAL_REPLACEMENT,nse_equity,True,in_upstox_master,2588,2477,2421,167,56,93.55,2016-01-01,2026-06-18,2016-09-06,2026-09-07
MANGLMCEM.NS,PARTIAL_REPLACEMENT,nse_equity,True,in_upstox_master,2588,2477,2421,167,56,93.55,2016-01-01,2026-06-18,2016-09-06,2026-09-07
MASTEK.NS,PARTIAL_REPLACEMENT,nse_equity,True,in_upstox_master,2588,2477,2421,167,56,93.55,2016-01-01,2026-06-18,2016-09-06,2026-09-07
MIRZAINT.NS,PARTIAL_REPLACEMENT,nse_equity,True,in_upstox_master,2588,2477,2421,167,56,93.55,2016-01-01,2026-06-18,2016-09-06,2026-09-07
MOIL.NS,PARTIAL_REPLACEMENT,nse_equity,True,in_upstox_master,2588,2477,2421,167,56,93.55,2016-01-01,2026-06-18,2016-09-06,2026-09-07
MOLDTKPAC.NS,PARTIAL_REPLACEMENT,nse_equity,True,in_upstox_master,2588,2477,2421,167,56,93.55,2016-01-01,2026-06-18,2016-09-06,2026-09-07
MONTECARLO.NS,PARTIAL_REPLACEMENT,nse_equity,True,in_upstox_master,2588,2477,2421,167,56,93.55,2016-01-01,2026-06-18,2016-09-06,2026-09-07
MTNL.NS,PARTIAL_REPLACEMENT,nse_equity,True,in_upstox_master,2588,2477,2421,167,56,93.55,2016-01-01,2026-06-18,2016-09-06,2026-09-07
MUKANDLTD.NS,PARTIAL_REPLACEMENT,nse_equity,True,in_upstox_master,2588,2477,2421,167,56,93.55,2016-01-01,2026-06-18,2016-09-06,2026-09-07
MUNJALAU.NS,PARTIAL_REPLACEMENT,nse_equity,True,in_upstox_master,2588,2477,2421,167,56,93.55,2016-01-01,2026-06-18,2016-09-06,2026-09-07
MUNJALSHOW.NS,PARTIAL_REPLACEMENT,nse_equity,True,in_upstox_master,2588,2477,2421,167,56,93.55,2016-01-01,2026-06-18,2016-09-06,2026-09-07
NATHBIOGEN.NS,PARTIAL_REPLACEMENT,nse_equity,True,in_upstox_master,2588,2477,2421,167,56,93.55,2016-01-01,2026-06-18,2016-09-06,2026-09-07
NAVKARCORP.NS,PARTIAL_REPLACEMENT,nse_equity,True,in_upstox_master,2588,2477,2421,167,56,93.55,2016-01-01,2026-06-18,2016-09-06,2026-09-07
NAVNETEDUL.NS,PARTIAL_REPLACEMENT,nse_equity,True,in_upstox_master,2588,2477,2421,167,56,93.55,2016-01-01,2026-06-18,2016-09-06,2026-09-07
NCLIND.NS,PARTIAL_REPLACEMENT,nse_equity,True,in_upstox_master,2588,2477,2421,167,56,93.55,2016-01-01,2026-06-18,2016-09-06,2026-09-07
NDL.NS,PARTIAL_REPLACEMENT,nse_equity,True,in_upstox_master,2588,2477,2421,167,56,93.55,2016-01-01,2026-06-18,2016-09-06,2026-09-07
NDTV.NS,PARTIAL_REPLACEMENT,nse_equity,True,in_upstox_master,2588,2477,2421,167,56,93.55,2016-01-01,2026-06-18,2016-09-06,2026-09-07
NELCAST.NS,PARTIAL_REPLACEMENT,nse_equity,True,in_upstox_master,2588,2477,2421,167,56,93.55,2016-01-01,2026-06-18,2016-09-06,2026-09-07
NETWORK18.NS,PARTIAL_REPLACEMENT,nse_equity,True,in_upstox_master,2588,2477,2421,167,56,93.55,2016-01-01,2026-06-18,2016-09-06,2026-09-07
PATELENG.NS,PARTIAL_REPLACEMENT,nse_equity,True,in_upstox_master,2588,2477,2421,167,56,93.55,2016-01-01,2026-06-18,2016-09-06,2026-09-07
PFS.NS,PARTIAL_REPLACEMENT,nse_equity,True,in_upstox_master,2588,2477,2421,167,56,93.55,2016-01-01,2026-06-18,2016-09-06,2026-09-07
PGHH.NS,PARTIAL_REPLACEMENT,nse_equity,True,in_upstox_master,2588,2477,2421,167,56,93.55,2016-01-01,2026-06-18,2016-09-06,2026-09-07
PITTIENG.NS,PARTIAL_REPLACEMENT,nse_equity,True,in_upstox_master,2588,2477,2421,167,56,93.55,2016-01-01,2026-06-18,2016-09-06,2026-09-07
PLASTIBLEN.NS,PARTIAL_REPLACEMENT,nse_equity,True,in_upstox_master,2588,2477,2421,167,56,93.55,2016-01-01,2026-06-18,2016-09-06,2026-09-07
PNCINFRA.NS,PARTIAL_REPLACEMENT,nse_equity,True,in_upstox_master,2588,2477,2421,167,56,93.55,2016-01-01,2026-06-18,2016-09-06,2026-09-07
POLYPLEX.NS,PARTIAL_REPLACEMENT,nse_equity,True,in_upstox_master,2588,2477,2421,167,56,93.55,2016-01-01,2026-06-18,2016-09-06,2026-09-07
PRIMESECU.NS,PARTIAL_REPLACEMENT,nse_equity,True,in_upstox_master,2588,2477,2421,167,56,93.55,2016-01-01,2026-06-18,2016-09-06,2026-09-07
PRSMJOHNSN.NS,PARTIAL_REPLACEMENT,nse_equity,True,in_upstox_master,2588,2477,2421,167,56,93.55,2016-01-01,2026-06-18,2016-09-06,2026-09-07
PSB.NS,PARTIAL_REPLACEMENT,nse_equity,True,in_upstox_master,2588,2477,2421,167,56,93.55,2016-01-01,2026-06-18,2016-09-06,2026-09-07
PUNJABCHEM.NS,PARTIAL_REPLACEMENT,nse_equity,True,in_upstox_master,2588,2477,2421,167,56,93.55,2016-01-01,2026-06-18,2016-09-06,2026-09-07
PURVA.NS,PARTIAL_REPLACEMENT,nse_equity,True,in_upstox_master,2588,2477,2421,167,56,93.55,2016-01-01,2026-06-18,2016-09-06,2026-09-07
RALLIS.NS,PARTIAL_REPLACEMENT,nse_equity,True,in_upstox_master,2588,2477,2421,167,56,93.55,2016-01-01,2026-06-18,2016-09-06,2026-09-07
RAMCOIND.NS,PARTIAL_REPLACEMENT,nse_equity,True,in_upstox_master,2588,2477,2421,167,56,93.55,2016-01-01,2026-06-18,2016-09-06,2026-09-07
RAMKY.NS,PARTIAL_REPLACEMENT,nse_equity,True,in_upstox_master,2588,2477,2421,167,56,93.55,2016-01-01,2026-06-18,2016-09-06,2026-09-07
REPCOHOME.NS,PARTIAL_REPLACEMENT,nse_equity,True,in_upstox_master,2588,2477,2421,167,56,93.55,2016-01-01,2026-06-18,2016-09-06,2026-09-07
REPRO.NS,PARTIAL_REPLACEMENT,nse_equity,True,in_upstox_master,2588,2477,2421,167,56,93.55,2016-01-01,2026-06-18,2016-09-06,2026-09-07
ROHLTD.NS,PARTIAL_REPLACEMENT,nse_equity,True,in_upstox_master,2588,2477,2421,167,56,93.55,2016-01-01,2026-06-18,2016-09-06,2026-09-07
RPGLIFE.NS,PARTIAL_REPLACEMENT,nse_equity,True,in_upstox_master,2588,2477,2421,167,56,93.55,2016-01-01,2026-06-18,2016-09-06,2026-09-07
RPPINFRA.NS,PARTIAL_REPLACEMENT,nse_equity,True,in_upstox_master,2588,2477,2421,167,56,93.55,2016-01-01,2026-06-18,2016-09-06,2026-09-07
RSYSTEMS.NS,PARTIAL_REPLACEMENT,nse_equity,True,in_upstox_master,2588,2477,2421,167,56,93.55,2016-01-01,2026-06-18,2016-09-06,2026-09-07
RTNPOWER.NS,PARTIAL_REPLACEMENT,nse_equity,True,in_upstox_master,2588,2477,2421,167,56,93.55,2016-01-01,2026-06-18,2016-09-06,2026-09-07
RUCHIRA.NS,PARTIAL_REPLACEMENT,nse_equity,True,in_upstox_master,2588,2477,2421,167,56,93.55,2016-01-01,2026-06-18,2016-09-06,2026-09-07
RUPA.NS,PARTIAL_REPLACEMENT,nse_equity,True,in_upstox_master,2588,2477,2421,167,56,93.55,2016-01-01,2026-06-18,2016-09-06,2026-09-07
RUSHIL.NS,PARTIAL_REPLACEMENT,nse_equity,True,in_upstox_master,2588,2477,2421,167,56,93.55,2016-01-01,2026-06-18,2016-09-06,2026-09-07
SADBHAV.NS,PARTIAL_REPLACEMENT,nse_equity,True,in_upstox_master,2588,2477,2421,167,56,93.55,2016-01-01,2026-06-18,2016-09-06,2026-09-07
SAGCEM.NS,PARTIAL_REPLACEMENT,nse_equity,True,in_upstox_master,2588,2477,2421,167,56,93.55,2016-01-01,2026-06-18,2016-09-06,2026-09-07
SAKSOFT.NS,PARTIAL_REPLACEMENT,nse_equity,True,in_upstox_master,2588,2477,2421,167,56,93.55,2016-01-01,2026-06-18,2016-09-06,2026-09-07
SALZERELEC.NS,PARTIAL_REPLACEMENT,nse_equity,True,in_upstox_master,2588,2477,2421,167,56,93.55,2016-01-01,2026-06-18,2016-09-06,2026-09-07
SANGAMIND.NS,PARTIAL_REPLACEMENT,nse_equity,True,in_upstox_master,2588,2477,2421,167,56,93.55,2016-01-01,2026-06-18,2016-09-06,2026-09-07
SANOFI.NS,PARTIAL_REPLACEMENT,nse_equity,True,in_upstox_master,2588,2477,2421,167,56,93.55,2016-01-01,2026-06-18,2016-09-06,2026-09-07
SARLAPOLY.NS,PARTIAL_REPLACEMENT,nse_equity,True,in_upstox_master,2588,2477,2421,167,56,93.55,2016-01-01,2026-06-18,2016-09-06,2026-09-07
SATIN.NS,PARTIAL_REPLACEMENT,nse_equity,True,in_upstox_master,2588,2477,2421,167,56,93.55,2016-01-01,2026-06-18,2016-09-06,2026-09-07
SHAH.NS,PARTIAL_REPLACEMENT,nse_equity,True,in_upstox_master,2588,2477,2421,167,56,93.55,2016-01-01,2026-06-18,2016-09-06,2026-09-07
SHANTIGEAR.NS,PARTIAL_REPLACEMENT,nse_equity,True,in_upstox_master,2588,2477,2421,167,56,93.55,2016-01-01,2026-06-18,2016-09-06,2026-09-07
SHK.NS,PARTIAL_REPLACEMENT,nse_equity,True,in_upstox_master,2588,2477,2421,167,56,93.55,2016-01-01,2026-06-18,2016-09-06,2026-09-07
SHREEPUSHK.NS,PARTIAL_REPLACEMENT,nse_equity,True,in_upstox_master,2588,2477,2421,167,56,93.55,2016-01-01,2026-06-18,2016-09-06,2026-09-07
SIMPLEXINF.NS,PARTIAL_REPLACEMENT,nse_equity,True,in_upstox_master,2588,2477,2421,167,56,93.55,2016-01-01,2026-06-18,2016-09-06,2026-09-07
SKFINDIA.NS,PARTIAL_REPLACEMENT,nse_equity,True,in_upstox_master,2588,2477,2421,167,56,93.55,2016-01-01,2026-06-18,2016-09-06,2026-09-07
SMSPHARMA.NS,PARTIAL_REPLACEMENT,nse_equity,True,in_upstox_master,2588,2477,2421,167,56,93.55,2016-01-01,2026-06-18,2016-09-06,2026-09-07
SNOWMAN.NS,PARTIAL_REPLACEMENT,nse_equity,True,in_upstox_master,2588,2477,2421,167,56,93.55,2016-01-01,2026-06-18,2016-09-06,2026-09-07
SOMANYCERA.NS,PARTIAL_REPLACEMENT,nse_equity,True,in_upstox_master,2588,2477,2421,167,56,93.55,2016-01-01,2026-06-18,2016-09-06,2026-09-07
SPIC.NS,PARTIAL_REPLACEMENT,nse_equity,True,in_upstox_master,2588,2477,2421,167,56,93.55,2016-01-01,2026-06-18,2016-09-06,2026-09-07
SSWL.NS,PARTIAL_REPLACEMENT,nse_equity,True,in_upstox_master,2588,2477,2421,167,56,93.55,2016-01-01,2026-06-18,2016-09-06,2026-09-07
STARPAPER.NS,PARTIAL_REPLACEMENT,nse_equity,True,in_upstox_master,2588,2477,2421,167,56,93.55,2016-01-01,2026-06-18,2016-09-06,2026-09-07
STCINDIA.NS,PARTIAL_REPLACEMENT,nse_equity,True,in_upstox_master,2588,2477,2421,167,56,93.55,2016-01-01,2026-06-18,2016-09-06,2026-09-07
STYRENIX.NS,PARTIAL_REPLACEMENT,nse_equity,True,in_upstox_master,2588,2477,2421,167,56,93.55,2016-01-01,2026-06-18,2016-09-06,2026-09-07
SUBROS.NS,PARTIAL_REPLACEMENT,nse_equity,True,in_upstox_master,2588,2477,2421,167,56,93.55,2016-01-01,2026-06-18,2016-09-06,2026-09-07
SUDARCOLOR.NS,PARTIAL_REPLACEMENT,nse_equity,True,in_upstox_master,2588,2477,2421,167,56,93.55,2016-01-01,2026-06-18,2016-09-06,2026-09-07
SUNDARAM.NS,PARTIAL_REPLACEMENT,nse_equity,True,in_upstox_master,2588,2477,2421,167,56,93.55,2016-01-01,2026-06-18,2016-09-06,2026-09-07
SUNDRMFAST.NS,PARTIAL_REPLACEMENT,nse_equity,True,in_upstox_master,2588,2477,2421,167,56,93.55,2016-01-01,2026-06-18,2016-09-06,2026-09-07
SUNFLAG.NS,PARTIAL_REPLACEMENT,nse_equity,True,in_upstox_master,2588,2477,2421,167,56,93.55,2016-01-01,2026-06-18,2016-09-06,2026-09-07
SUNTECK.NS,PARTIAL_REPLACEMENT,nse_equity,True,in_upstox_master,2588,2477,2421,167,56,93.55,2016-01-01,2026-06-18,2016-09-06,2026-09-07
SUPERHOUSE.NS,PARTIAL_REPLACEMENT,nse_equity,True,in_upstox_master,2588,2477,2421,167,56,93.55,2016-01-01,2026-06-18,2016-09-06,2026-09-07
SWARAJENG.NS,PARTIAL_REPLACEMENT,nse_equity,True,in_upstox_master,2588,2477,2421,167,56,93.55,2016-01-01,2026-06-18,2016-09-06,2026-09-07
SWELECTES.NS,PARTIAL_REPLACEMENT,nse_equity,True,in_upstox_master,2588,2477,2421,167,56,93.55,2016-01-01,2026-06-18,2016-09-06,2026-09-07
SYMPHONY.NS,PARTIAL_REPLACEMENT,nse_equity,True,in_upstox_master,2588,2477,2421,167,56,93.55,2016-01-01,2026-06-18,2016-09-06,2026-09-07
TAJGVK.NS,PARTIAL_REPLACEMENT,nse_equity,True,in_upstox_master,2588,2477,2421,167,56,93.55,2016-01-01,2026-06-18,2016-09-06,2026-09-07
TALBROAUTO.NS,PARTIAL_REPLACEMENT,nse_equity,True,in_upstox_master,2588,2477,2421,167,56,93.55,2016-01-01,2026-06-18,2016-09-06,2026-09-07
TCI.NS,PARTIAL_REPLACEMENT,nse_equity,True,in_upstox_master,2588,2477,2421,167,56,93.55,2016-01-01,2026-06-18,2016-09-06,2026-09-07
TEXMOPIPES.NS,PARTIAL_REPLACEMENT,nse_equity,True,in_upstox_master,2588,2477,2421,167,56,93.55,2016-01-01,2026-06-18,2016-09-06,2026-09-07
TIIL.NS,PARTIAL_REPLACEMENT,nse_equity,True,in_upstox_master,2588,2477,2421,167,56,93.55,2016-01-01,2026-06-18,2016-09-06,2026-09-07
TIRUMALCHM.NS,PARTIAL_REPLACEMENT,nse_equity,True,in_upstox_master,2588,2477,2421,167,56,93.55,2016-01-01,2026-06-18,2016-09-06,2026-09-07
TNPETRO.NS,PARTIAL_REPLACEMENT,nse_equity,True,in_upstox_master,2588,2477,2421,167,56,93.55,2016-01-01,2026-06-18,2016-09-06,2026-09-07
TNPL.NS,PARTIAL_REPLACEMENT,nse_equity,True,in_upstox_master,2588,2477,2421,167,56,93.55,2016-01-01,2026-06-18,2016-09-06,2026-09-07
TRIGYN.NS,PARTIAL_REPLACEMENT,nse_equity,True,in_upstox_master,2588,2477,2421,167,56,93.55,2016-01-01,2026-06-18,2016-09-06,2026-09-07
TRIVENI.NS,PARTIAL_REPLACEMENT,nse_equity,True,in_upstox_master,2588,2477,2421,167,56,93.55,2016-01-01,2026-06-18,2016-09-06,2026-09-07
TTKPRESTIG.NS,PARTIAL_REPLACEMENT,nse_equity,True,in_upstox_master,2588,2477,2421,167,56,93.55,2016-01-01,2026-06-18,2016-09-06,2026-09-07
TTL.NS,PARTIAL_REPLACEMENT,nse_equity,True,in_upstox_master,2588,2477,2421,167,56,93.55,2016-01-01,2026-06-18,2016-09-06,2026-09-07
TVSELECT.NS,PARTIAL_REPLACEMENT,nse_equity,True,in_upstox_master,2588,2477,2421,167,56,93.55,2016-01-01,2026-06-18,2016-09-06,2026-09-07
TVSSRICHAK.NS,PARTIAL_REPLACEMENT,nse_equity,True,in_upstox_master,2588,2477,2421,167,56,93.55,2016-01-01,2026-06-18,2016-09-06,2026-09-07
TVTODAY.NS,PARTIAL_REPLACEMENT,nse_equity,True,in_upstox_master,2588,2477,2421,167,56,93.55,2016-01-01,2026-06-18,2016-09-06,2026-09-07
UCAL.NS,PARTIAL_REPLACEMENT,nse_equity,True,in_upstox_master,2588,2477,2421,167,56,93.55,2016-01-01,2026-06-18,2016-09-06,2026-09-07
UFLEX.NS,PARTIAL_REPLACEMENT,nse_equity,True,in_upstox_master,2588,2477,2421,167,56,93.55,2016-01-01,2026-06-18,2016-09-06,2026-09-07
UTTAMSUGAR.NS,PARTIAL_REPLACEMENT,nse_equity,True,in_upstox_master,2588,2477,2421,167,56,93.55,2016-01-01,2026-06-18,2016-09-06,2026-09-07
V2RETAIL.NS,PARTIAL_REPLACEMENT,nse_equity,True,in_upstox_master,2588,2477,2421,167,56,93.55,2016-01-01,2026-06-18,2016-09-06,2026-09-07
VAKRANGEE.NS,PARTIAL_REPLACEMENT,nse_equity,True,in_upstox_master,2588,2477,2421,167,56,93.55,2016-01-01,2026-06-18,2016-09-06,2026-09-07
VEEDOL.NS,PARTIAL_REPLACEMENT,nse_equity,True,in_upstox_master,2588,2477,2421,167,56,93.55,2016-01-01,2026-06-18,2016-09-06,2026-09-07
VENKEYS.NS,PARTIAL_REPLACEMENT,nse_equity,True,in_upstox_master,2588,2477,2421,167,56,93.55,2016-01-01,2026-06-18,2016-09-06,2026-09-07
VGUARD.NS,PARTIAL_REPLACEMENT,nse_equity,True,in_upstox_master,2588,2477,2421,167,56,93.55,2016-01-01,2026-06-18,2016-09-06,2026-09-07
VINATIORGA.NS,PARTIAL_REPLACEMENT,nse_equity,True,in_upstox_master,2588,2477,2421,167,56,93.55,2016-01-01,2026-06-18,2016-09-06,2026-09-07
VINYLINDIA.NS,PARTIAL_REPLACEMENT,nse_equity,True,in_upstox_master,2588,2477,2421,167,56,93.55,2016-01-01,2026-06-18,2016-09-06,2026-09-07
VISAKAIND.NS,PARTIAL_REPLACEMENT,nse_equity,True,in_upstox_master,2588,2477,2421,167,56,93.55,2016-01-01,2026-06-18,2016-09-06,2026-09-07
VISHNU.NS,PARTIAL_REPLACEMENT,nse_equity,True,in_upstox_master,2588,2477,2421,167,56,93.55,2016-01-01,2026-06-18,2016-09-06,2026-09-07
VIVIDHA.NS,PARTIAL_REPLACEMENT,nse_equity,True,in_upstox_master,2588,2477,2421,167,56,93.55,2016-01-01,2026-06-18,2016-09-06,2026-09-07
VLSFINANCE.NS,PARTIAL_REPLACEMENT,nse_equity,True,in_upstox_master,2588,2477,2421,167,56,93.55,2016-01-01,2026-06-18,2016-09-06,2026-09-07
VMART.NS,PARTIAL_REPLACEMENT,nse_equity,True,in_upstox_master,2588,2477,2421,167,56,93.55,2016-01-01,2026-06-18,2016-09-06,2026-09-07
VRLLOG.NS,PARTIAL_REPLACEMENT,nse_equity,True,in_upstox_master,2588,2477,2421,167,56,93.55,2016-01-01,2026-06-18,2016-09-06,2026-09-07
WELENT.NS,PARTIAL_REPLACEMENT,nse_equity,True,in_upstox_master,2588,2477,2421,167,56,93.55,2016-01-01,2026-06-18,2016-09-06,2026-09-07
WONDERLA.NS,PARTIAL_REPLACEMENT,nse_equity,True,in_upstox_master,2588,2477,2421,167,56,93.55,2016-01-01,2026-06-18,2016-09-06,2026-09-07
WSTCSTPAPR.NS,PARTIAL_REPLACEMENT,nse_equity,True,in_upstox_master,2588,2477,2421,167,56,93.55,2016-01-01,2026-06-18,2016-09-06,2026-09-07
ZEEMEDIA.NS,PARTIAL_REPLACEMENT,nse_equity,True,in_upstox_master,2588,2477,2421,167,56,93.55,2016-01-01,2026-06-18,2016-09-06,2026-09-07
AYMSYNTEX.NS,PARTIAL_REPLACEMENT,nse_equity,True,in_upstox_master,2587,2477,2420,167,57,93.54,2016-01-01,2026-06-18,2016-09-06,2026-09-07
BANSWRAS.NS,PARTIAL_REPLACEMENT,nse_equity,True,in_upstox_master,2587,2477,2421,166,56,93.58,2016-01-01,2026-06-18,2016-09-06,2026-09-07
COMPUSOFT.NS,PARTIAL_REPLACEMENT,nse_equity,True,in_upstox_master,2587,2477,2421,166,56,93.58,2016-01-01,2026-06-18,2016-09-06,2026-09-07
ENIL.NS,PARTIAL_REPLACEMENT,nse_equity,True,in_upstox_master,2587,2477,2420,167,57,93.54,2016-01-01,2026-06-18,2016-09-06,2026-09-07
ESSARSHPNG.NS,PARTIAL_REPLACEMENT,nse_equity,True,in_upstox_master,2587,2477,2420,167,57,93.54,2016-01-01,2026-06-18,2016-09-06,2026-09-07
FMGOETZE.NS,PARTIAL_REPLACEMENT,nse_equity,True,in_upstox_master,2587,2477,2421,166,56,93.58,2016-01-01,2026-06-18,2016-09-06,2026-09-07
GANECOS.NS,PARTIAL_REPLACEMENT,nse_equity,True,in_upstox_master,2587,2477,2421,166,56,93.58,2016-01-01,2026-06-19,2016-09-06,2026-09-07
GENUSPAPER.NS,PARTIAL_REPLACEMENT,nse_equity,True,in_upstox_master,2587,2477,2420,167,57,93.54,2016-01-01,2026-06-18,2016-09-06,2026-09-07
GRINDWELL.NS,PARTIAL_REPLACEMENT,nse_equity,True,in_upstox_master,2587,2477,2421,166,56,93.58,2016-01-01,2026-06-18,2016-09-06,2026-09-07
HUBTOWN.NS,PARTIAL_REPLACEMENT,nse_equity,True,in_upstox_master,2587,2477,2421,166,56,93.58,2016-01-01,2026-06-18,2016-09-06,2026-09-07
INDBANK.NS,PARTIAL_REPLACEMENT,nse_equity,True,in_upstox_master,2587,2477,2421,166,56,93.58,2016-01-01,2026-06-18,2016-09-06,2026-09-07
INDNIPPON.NS,PARTIAL_REPLACEMENT,nse_equity,True,in_upstox_master,2587,2477,2421,166,56,93.58,2016-01-01,2026-06-18,2016-09-06,2026-09-07
INDOTHAI.NS,PARTIAL_REPLACEMENT,nse_equity,True,in_upstox_master,2587,2477,2423,164,54,93.66,2016-01-01,2026-06-25,2016-09-06,2026-09-07
INVENTURE.NS,PARTIAL_REPLACEMENT,nse_equity,True,in_upstox_master,2587,2477,2421,166,56,93.58,2016-01-01,2026-06-18,2016-09-06,2026-09-07
JINDALPHOT.NS,PARTIAL_REPLACEMENT,nse_equity,True,in_upstox_master,2587,2476,2420,167,56,93.54,2016-01-01,2026-06-18,2016-09-06,2026-09-07
JINDWORLD.NS,PARTIAL_REPLACEMENT,nse_equity,True,in_upstox_master,2587,2475,2421,166,54,93.58,2016-01-01,2026-06-22,2016-09-06,2026-09-07
KABRAEXTRU.NS,PARTIAL_REPLACEMENT,nse_equity,True,in_upstox_master,2587,2477,2421,166,56,93.58,2016-01-01,2026-06-18,2016-09-06,2026-09-07
KAMATHOTEL.NS,PARTIAL_REPLACEMENT,nse_equity,True,in_upstox_master,2587,2477,2421,166,56,93.58,2016-01-01,2026-06-18,2016-09-06,2026-09-07
KOTHARIPET.NS,PARTIAL_REPLACEMENT,nse_equity,True,in_upstox_master,2587,2477,2421,166,56,93.58,2016-01-01,2026-06-18,2016-09-06,2026-09-07
LGBBROSLTD.NS,PARTIAL_REPLACEMENT,nse_equity,True,in_upstox_master,2587,2477,2421,166,56,93.58,2016-01-01,2026-06-18,2016-09-06,2026-09-07
LUXIND.NS,PARTIAL_REPLACEMENT,nse_equity,True,in_upstox_master,2587,2477,2421,166,56,93.58,2016-01-01,2026-06-18,2016-09-06,2026-09-07
MADHAV.NS,PARTIAL_REPLACEMENT,nse_equity,True,in_upstox_master,2587,2477,2421,166,56,93.58,2016-01-01,2026-06-18,2016-09-06,2026-09-07
MADRASFERT.NS,PARTIAL_REPLACEMENT,nse_equity,True,in_upstox_master,2587,2477,2421,166,56,93.58,2016-01-01,2026-06-18,2016-09-06,2026-09-07
MMFL.NS,PARTIAL_REPLACEMENT,nse_equity,True,in_upstox_master,2587,2477,2420,167,57,93.54,2016-01-01,2026-06-18,2016-09-06,2026-09-07
MURUDCERA.NS,PARTIAL_REPLACEMENT,nse_equity,True,in_upstox_master,2587,2477,2421,166,56,93.58,2016-01-01,2026-06-18,2016-09-06,2026-09-07
NAHARINDUS.NS,PARTIAL_REPLACEMENT,nse_equity,True,in_upstox_master,2587,2477,2421,166,56,93.58,2016-01-01,2026-06-18,2016-09-06,2026-09-07
NAHARPOLY.NS,PARTIAL_REPLACEMENT,nse_equity,True,in_upstox_master,2587,2477,2421,166,56,93.58,2016-01-01,2026-06-18,2016-09-06,2026-09-07
NDLVENTURE.NS,PARTIAL_REPLACEMENT,nse_equity,True,in_upstox_master,2587,2477,2420,167,57,93.54,2016-01-01,2026-06-18,2016-09-06,2026-09-07
NESCO.NS,PARTIAL_REPLACEMENT,nse_equity,True,in_upstox_master,2587,2477,2421,166,56,93.58,2016-01-01,2026-06-18,2016-09-06,2026-09-07
NFL.NS,PARTIAL_REPLACEMENT,nse_equity,True,in_upstox_master,2587,2477,2420,167,57,93.54,2016-01-01,2026-06-17,2016-09-06,2026-09-07
NILAINFRA.NS,PARTIAL_REPLACEMENT,nse_equity,True,in_upstox_master,2587,2477,2420,167,57,93.54,2016-01-01,2026-06-17,2016-09-06,2026-09-07
NILKAMAL.NS,PARTIAL_REPLACEMENT,nse_equity,True,in_upstox_master,2587,2477,2420,167,57,93.54,2016-01-01,2026-06-17,2016-09-06,2026-09-07
NITCO.NS,PARTIAL_REPLACEMENT,nse_equity,True,in_upstox_master,2587,2477,2420,167,57,93.54,2016-01-01,2026-06-17,2016-09-06,2026-09-07
NITINSPIN.NS,PARTIAL_REPLACEMENT,nse_equity,True,in_upstox_master,2587,2477,2420,167,57,93.54,2016-01-01,2026-06-17,2016-09-06,2026-09-07
NOCIL.NS,PARTIAL_REPLACEMENT,nse_equity,True,in_upstox_master,2587,2477,2420,167,57,93.54,2016-01-01,2026-06-17,2016-09-06,2026-09-07
NUCLEUS.NS,PARTIAL_REPLACEMENT,nse_equity,True,in_upstox_master,2587,2477,2420,167,57,93.54,2016-01-01,2026-06-17,2016-09-06,2026-09-07
OMAXE.NS,PARTIAL_REPLACEMENT,nse_equity,True,in_upstox_master,2587,2477,2420,167,57,93.54,2016-01-01,2026-06-17,2016-09-06,2026-09-07
OMINFRAL.NS,PARTIAL_REPLACEMENT,nse_equity,True,in_upstox_master,2587,2477,2420,167,57,93.54,2016-01-01,2026-06-17,2016-09-06,2026-09-07
ONWARDTEC.NS,PARTIAL_REPLACEMENT,nse_equity,True,in_upstox_master,2587,2477,2420,167,57,93.54,2016-01-01,2026-06-17,2016-09-06,2026-09-07
ORICONENT.NS,PARTIAL_REPLACEMENT,nse_equity,True,in_upstox_master,2587,2477,2420,167,57,93.54,2016-01-01,2026-06-17,2016-09-06,2026-09-07
ORIENTCEM.NS,PARTIAL_REPLACEMENT,nse_equity,True,in_upstox_master,2587,2477,2420,167,57,93.54,2016-01-01,2026-06-17,2016-09-06,2026-09-07
ORIENTHOT.NS,PARTIAL_REPLACEMENT,nse_equity,True,in_upstox_master,2587,2477,2420,167,57,93.54,2016-01-01,2026-06-17,2016-09-06,2026-09-07
ORIENTPPR.NS,PARTIAL_REPLACEMENT,nse_equity,True,in_upstox_master,2587,2477,2420,167,57,93.54,2016-01-01,2026-06-17,2016-09-06,2026-09-07
ORISSAMINE.NS,PARTIAL_REPLACEMENT,nse_equity,True,in_upstox_master,2587,2477,2420,167,57,93.54,2016-01-01,2026-06-17,2016-09-06,2026-09-07
OSWALGREEN.NS,PARTIAL_REPLACEMENT,nse_equity,True,in_upstox_master,2587,2477,2420,167,57,93.54,2016-01-01,2026-06-17,2016-09-06,2026-09-07
PTL.NS,PARTIAL_REPLACEMENT,nse_equity,True,in_upstox_master,2587,2477,2420,167,57,93.54,2016-01-01,2026-06-18,2016-09-06,2026-09-07
RATNAMANI.NS,PARTIAL_REPLACEMENT,nse_equity,True,in_upstox_master,2587,2477,2421,166,56,93.58,2016-01-01,2026-06-18,2016-09-06,2026-09-07
RML.NS,PARTIAL_REPLACEMENT,nse_equity,True,in_upstox_master,2587,2477,2421,166,56,93.58,2016-01-01,2026-06-18,2016-09-06,2026-09-07
SDBL.NS,PARTIAL_REPLACEMENT,nse_equity,True,in_upstox_master,2587,2477,2421,166,56,93.58,2016-01-01,2026-06-18,2016-09-06,2026-09-07
SEAMECLTD.NS,PARTIAL_REPLACEMENT,nse_equity,True,in_upstox_master,2587,2477,2420,167,57,93.54,2016-01-01,2026-06-18,2016-09-06,2026-09-07
SESHAPAPER.NS,PARTIAL_REPLACEMENT,nse_equity,True,in_upstox_master,2587,2477,2421,166,56,93.58,2016-01-01,2026-06-18,2016-09-06,2026-09-07
SHOPERSTOP.NS,PARTIAL_REPLACEMENT,nse_equity,True,in_upstox_master,2587,2477,2421,166,56,93.58,2016-01-01,2026-06-18,2016-09-06,2026-09-07
SIYSIL.NS,PARTIAL_REPLACEMENT,nse_equity,True,in_upstox_master,2587,2477,2421,166,56,93.58,2016-01-01,2026-06-18,2016-09-06,2026-09-07
SPLIL.NS,PARTIAL_REPLACEMENT,nse_equity,True,in_upstox_master,2587,2477,2420,167,57,93.54,2016-01-01,2026-06-18,2016-09-06,2026-09-07
SRHHYPOLTD.NS,PARTIAL_REPLACEMENT,nse_equity,True,in_upstox_master,2587,2477,2420,167,57,93.54,2016-01-01,2026-06-18,2016-09-06,2026-09-07
SUMMITSEC.NS,PARTIAL_REPLACEMENT,nse_equity,True,in_upstox_master,2587,2477,2420,167,57,93.54,2016-01-01,2026-06-18,2016-09-06,2026-09-07
TEXINFRA.NS,PARTIAL_REPLACEMENT,nse_equity,True,in_upstox_master,2587,2477,2420,167,57,93.54,2016-01-01,2026-06-18,2016-09-06,2026-09-07
THANGAMAYL.NS,PARTIAL_REPLACEMENT,nse_equity,True,in_upstox_master,2587,2477,2422,165,55,93.62,2016-01-01,2026-06-25,2016-09-06,2026-09-07
UFO.NS,PARTIAL_REPLACEMENT,nse_equity,True,in_upstox_master,2587,2477,2421,166,56,93.58,2016-01-01,2026-06-18,2016-09-06,2026-09-07
VGL.NS,PARTIAL_REPLACEMENT,nse_equity,True,in_upstox_master,2587,2477,2421,166,56,93.58,2016-01-01,2026-06-18,2016-09-06,2026-09-07
VIKASECO.NS,PARTIAL_REPLACEMENT,nse_equity,True,in_upstox_master,2587,2476,2420,167,56,93.54,2016-01-01,2026-06-18,2016-09-06,2026-09-07
VSSL.NS,PARTIAL_REPLACEMENT,nse_equity,True,in_upstox_master,2587,2477,2421,166,56,93.58,2016-01-01,2026-06-18,2016-09-06,2026-09-07
VSTIND.NS,PARTIAL_REPLACEMENT,nse_equity,True,in_upstox_master,2587,2477,2420,167,57,93.54,2016-01-01,2026-06-18,2016-09-06,2026-09-07
VSTTILLERS.NS,PARTIAL_REPLACEMENT,nse_equity,True,in_upstox_master,2587,2477,2420,167,57,93.54,2016-01-01,2026-06-18,2016-09-06,2026-09-07
WINDMACHIN.NS,PARTIAL_REPLACEMENT,nse_equity,True,in_upstox_master,2587,2477,2420,167,57,93.54,2016-01-01,2026-06-18,2016-09-06,2026-09-07
ZUARI.NS,PARTIAL_REPLACEMENT,nse_equity,True,in_upstox_master,2587,2477,2421,166,56,93.58,2016-01-01,2026-06-18,2016-09-06,2026-09-07
ZUARIIND.NS,PARTIAL_REPLACEMENT,nse_equity,True,in_upstox_master,2587,2477,2421,166,56,93.58,2016-01-01,2026-06-18,2016-09-06,2026-09-07
AHLEAST.NS,PARTIAL_REPLACEMENT,nse_equity,True,in_upstox_master,2586,2474,2422,164,52,93.66,2016-01-01,2026-07-06,2016-09-06,2026-09-07
BSL.NS,PARTIAL_REPLACEMENT,nse_equity,True,in_upstox_master,2586,2477,2419,167,58,93.54,2016-01-01,2026-06-18,2016-09-06,2026-09-07
FILATEX.NS,PARTIAL_REPLACEMENT,nse_equity,True,in_upstox_master,2586,2477,2421,165,56,93.62,2016-01-01,2026-06-18,2016-09-06,2026-09-07
HATSUN.NS,PARTIAL_REPLACEMENT,nse_equity,True,in_upstox_master,2586,2477,2421,165,56,93.62,2016-01-01,2026-06-18,2016-09-06,2026-09-07
LANDSMILL.NS,PARTIAL_REPLACEMENT,nse_equity,True,in_upstox_master,2586,2475,2419,167,56,93.54,2016-01-01,2026-06-18,2016-09-06,2026-09-07
LINC.NS,PARTIAL_REPLACEMENT,nse_equity,True,in_upstox_master,2586,2476,2419,167,57,93.54,2016-01-01,2026-06-18,2016-09-06,2026-09-07
MPSLTD.NS,PARTIAL_REPLACEMENT,nse_equity,True,in_upstox_master,2586,2477,2419,167,58,93.54,2016-01-01,2026-06-18,2016-09-06,2026-09-07
MUTHOOTCAP.NS,PARTIAL_REPLACEMENT,nse_equity,True,in_upstox_master,2586,2477,2420,166,57,93.58,2016-01-01,2026-06-18,2016-09-06,2026-09-07
ORIENTBELL.NS,PARTIAL_REPLACEMENT,nse_equity,True,in_upstox_master,2586,2477,2420,166,57,93.58,2016-01-01,2026-06-17,2016-09-06,2026-09-07
ORIENTCER.NS,PARTIAL_REPLACEMENT,nse_equity,True,in_upstox_master,2586,2477,2419,167,58,93.54,2016-01-01,2026-06-17,2016-09-06,2026-09-07
PGIL.NS,PARTIAL_REPLACEMENT,nse_equity,True,in_upstox_master,2586,2477,2419,167,58,93.54,2016-01-01,2026-06-18,2016-09-06,2026-09-07
PONNIERODE.NS,PARTIAL_REPLACEMENT,nse_equity,True,in_upstox_master,2586,2476,2419,167,57,93.54,2016-01-01,2026-06-18,2016-09-06,2026-09-07
SANDESH.NS,PARTIAL_REPLACEMENT,nse_equity,True,in_upstox_master,2586,2477,2420,166,57,93.58,2016-01-01,2026-06-18,2016-09-06,2026-09-07
SUNDROP.NS,PARTIAL_REPLACEMENT,nse_equity,True,in_upstox_master,2586,2477,2420,166,57,93.58,2016-01-01,2026-06-18,2016-09-06,2026-09-07
TGBHOTELS.NS,PARTIAL_REPLACEMENT,nse_equity,True,in_upstox_master,2586,2475,2419,167,56,93.54,2016-01-01,2026-06-18,2016-09-06,2026-09-07
VAIBHAVGBL.NS,PARTIAL_REPLACEMENT,nse_equity,True,in_upstox_master,2586,2477,2419,167,58,93.54,2016-01-01,2026-06-18,2016-09-06,2026-09-07
WENDT.NS,PARTIAL_REPLACEMENT,nse_equity,True,in_upstox_master,2586,2477,2421,165,56,93.62,2016-01-01,2026-06-18,2016-09-06,2026-09-07
XCHANGING.NS,PARTIAL_REPLACEMENT,nse_equity,True,in_upstox_master,2586,2477,2420,166,57,93.58,2016-01-01,2026-06-18,2016-09-06,2026-09-07
BHARATRAS.NS,PARTIAL_REPLACEMENT,nse_equity,True,in_upstox_master,2585,2477,2420,165,57,93.62,2016-01-01,2026-06-18,2016-09-06,2026-09-07
BIL.NS,PARTIAL_REPLACEMENT,nse_equity,True,in_upstox_master,2585,2476,2419,166,57,93.58,2016-01-01,2026-06-18,2016-09-06,2026-09-07
FOSECOIND.NS,PARTIAL_REPLACEMENT,nse_equity,True,in_upstox_master,2585,2477,2418,167,59,93.54,2016-01-01,2026-06-18,2016-09-06,2026-09-07
GREENLAM.NS,PARTIAL_REPLACEMENT,nse_equity,True,in_upstox_master,2585,2477,2420,165,57,93.62,2016-01-01,2026-06-18,2016-09-06,2026-09-07
HEALTHX.NS,PARTIAL_REPLACEMENT,nse_equity,True,in_upstox_master,2585,2476,2418,167,58,93.54,2016-01-01,2026-06-18,2016-09-06,2026-09-07
HINDCOMPOS.NS,PARTIAL_REPLACEMENT,nse_equity,True,in_upstox_master,2585,2477,2419,166,58,93.58,2016-01-01,2026-06-18,2016-09-06,2026-09-07
JKIL.NS,PARTIAL_REPLACEMENT,nse_equity,True,in_upstox_master,2585,2474,2418,167,56,93.54,2016-01-01,2026-06-18,2016-09-06,2026-09-07
MAHSCOOTER.NS,PARTIAL_REPLACEMENT,nse_equity,True,in_upstox_master,2585,2473,2417,168,56,93.5,2016-01-01,2026-06-18,2016-09-06,2026-09-07
PAISALO.NS,PARTIAL_REPLACEMENT,nse_equity,True,in_upstox_master,2585,2477,2421,164,56,93.66,2016-01-01,2026-06-25,2016-09-06,2026-09-07
PIONEEREMB.NS,PARTIAL_REPLACEMENT,nse_equity,True,in_upstox_master,2585,2474,2418,167,56,93.54,2016-01-01,2026-06-18,2016-09-06,2026-09-07
PRAENG.NS,PARTIAL_REPLACEMENT,nse_equity,True,in_upstox_master,2585,2476,2419,166,57,93.58,2016-01-01,2026-06-18,2016-09-06,2026-09-07
PRAKASH.NS,PARTIAL_REPLACEMENT,nse_equity,True,in_upstox_master,2585,2474,2418,167,56,93.54,2016-01-01,2026-06-18,2016-09-06,2026-09-07
PSUBANK.NS,PARTIAL_REPLACEMENT,nse_equity,True,in_upstox_master,2585,2477,2418,167,59,93.54,2016-01-01,2026-06-18,2016-09-06,2026-09-07
RANEHOLDIN.NS,PARTIAL_REPLACEMENT,nse_equity,True,in_upstox_master,2585,2477,2421,164,56,93.66,2016-01-01,2026-06-18,2016-09-06,2026-09-07
RGL.NS,PARTIAL_REPLACEMENT,nse_equity,True,in_upstox_master,2585,2477,2418,167,59,93.54,2016-01-01,2026-06-18,2016-09-06,2026-09-07
ROSSELLIND.NS,PARTIAL_REPLACEMENT,nse_equity,True,in_upstox_master,2585,2477,2418,167,59,93.54,2016-01-01,2026-06-18,2016-09-06,2026-09-07
STEL.NS,PARTIAL_REPLACEMENT,nse_equity,True,in_upstox_master,2585,2477,2420,165,57,93.62,2016-01-01,2026-06-18,2016-09-06,2026-09-07
SURYALAXMI.NS,PARTIAL_REPLACEMENT,nse_equity,True,in_upstox_master,2585,2477,2421,164,56,93.66,2016-01-01,2026-06-18,2016-09-06,2026-09-07
TIPSMUSIC.NS,PARTIAL_REPLACEMENT,nse_equity,True,in_upstox_master,2585,2475,2418,167,57,93.54,2016-01-01,2026-06-18,2016-09-06,2026-09-07
VESUVIUS.NS,PARTIAL_REPLACEMENT,nse_equity,True,in_upstox_master,2585,2477,2419,166,58,93.58,2016-01-01,2026-06-18,2016-09-06,2026-09-07
DECCANCE.NS,PARTIAL_REPLACEMENT,nse_equity,True,in_upstox_master,2584,2477,2417,167,60,93.54,2016-01-01,2026-06-18,2016-09-06,2026-09-07
DTIL.NS,PARTIAL_REPLACEMENT,nse_equity,True,in_upstox_master,2584,2477,2418,166,59,93.58,2016-01-01,2026-06-18,2016-09-06,2026-09-07
GOCLCORP.NS,PARTIAL_REPLACEMENT,nse_equity,True,in_upstox_master,2584,2477,2419,165,58,93.61,2016-01-01,2026-06-18,2016-09-06,2026-09-07
ICRA.NS,PARTIAL_REPLACEMENT,nse_equity,True,in_upstox_master,2584,2477,2417,167,60,93.54,2016-01-01,2026-06-18,2016-09-06,2026-09-07
KICL.NS,PARTIAL_REPLACEMENT,nse_equity,True,in_upstox_master,2584,2476,2418,166,58,93.58,2016-01-01,2026-06-18,2016-09-06,2026-09-07
MANAKSIA.NS,PARTIAL_REPLACEMENT,nse_equity,True,in_upstox_master,2584,2477,2419,165,58,93.61,2016-01-01,2026-06-18,2016-09-06,2026-09-07
SAMBHAAV.NS,PARTIAL_REPLACEMENT,nse_equity,True,in_upstox_master,2584,2477,2419,165,58,93.61,2016-01-01,2026-06-18,2016-09-06,2026-09-07
SURANASOL.NS,PARTIAL_REPLACEMENT,nse_equity,True,in_upstox_master,2584,2477,2417,167,60,93.54,2016-01-01,2026-06-18,2016-09-06,2026-09-07
TVSHLTD.NS,PARTIAL_REPLACEMENT,nse_equity,True,in_upstox_master,2584,2473,2416,168,57,93.5,2016-01-01,2026-06-18,2016-09-06,2026-09-07
EXPLEOSOL.NS,PARTIAL_REPLACEMENT,nse_equity,True,in_upstox_master,2583,2473,2416,167,57,93.53,2016-01-01,2026-06-18,2016-09-06,2026-09-07
GANDHITUBE.NS,PARTIAL_REPLACEMENT,nse_equity,True,in_upstox_master,2583,2477,2419,164,58,93.65,2016-01-01,2026-06-18,2016-09-06,2026-09-07
GUJAPOLLO.NS,PARTIAL_REPLACEMENT,nse_equity,True,in_upstox_master,2583,2477,2418,165,59,93.61,2016-01-01,2026-06-18,2016-09-06,2026-09-07
JSWHL.NS,PARTIAL_REPLACEMENT,nse_equity,True,in_upstox_master,2583,2477,2416,167,61,93.53,2016-01-01,2026-06-18,2016-09-06,2026-09-07
KANANIIND.NS,PARTIAL_REPLACEMENT,nse_equity,True,in_upstox_master,2583,2474,2416,167,58,93.53,2016-01-01,2026-06-18,2016-09-06,2026-09-07
MAANALU.NS,PARTIAL_REPLACEMENT,nse_equity,True,in_upstox_master,2583,2477,2421,162,56,93.73,2016-01-01,2026-06-18,2016-09-06,2026-09-07
NAHARCAP.NS,PARTIAL_REPLACEMENT,nse_equity,True,in_upstox_master,2583,2477,2420,163,57,93.69,2016-01-01,2026-06-18,2016-09-06,2026-09-07
SHARDAMOTR.NS,PARTIAL_REPLACEMENT,nse_equity,True,in_upstox_master,2583,2477,2420,163,57,93.69,2016-01-01,2026-06-18,2016-09-06,2026-09-07
TTKHLTCARE.NS,PARTIAL_REPLACEMENT,nse_equity,True,in_upstox_master,2583,2477,2418,165,59,93.61,2016-01-01,2026-06-18,2016-09-06,2026-09-07
DHUNINV.NS,PARTIAL_REPLACEMENT,nse_equity,True,in_upstox_master,2582,2477,2417,165,60,93.61,2016-01-01,2026-06-18,2016-09-06,2026-09-07
DICIND.NS,PARTIAL_REPLACEMENT,nse_equity,True,in_upstox_master,2582,2477,2415,167,62,93.53,2016-01-01,2026-06-18,2016-09-06,2026-09-07
ESABINDIA.NS,PARTIAL_REPLACEMENT,nse_equity,True,in_upstox_master,2582,2478,2415,167,63,93.53,2016-01-01,2026-06-18,2016-09-06,2026-09-07
SHREERAMA.NS,PARTIAL_REPLACEMENT,nse_equity,True,in_upstox_master,2582,2477,2419,163,58,93.69,2016-01-01,2026-06-18,2016-09-06,2026-09-07
SURANAT&P.NS,PARTIAL_REPLACEMENT,nse_equity,True,in_upstox_master,2582,2478,2416,166,62,93.57,2016-01-01,2026-06-18,2016-09-06,2026-09-07
BANARISUG.NS,PARTIAL_REPLACEMENT,nse_equity,True,in_upstox_master,2581,2475,2415,166,60,93.57,2016-01-01,2026-06-18,2016-09-06,2026-09-07
KIRLOSIND.NS,PARTIAL_REPLACEMENT,nse_equity,True,in_upstox_master,2581,2477,2416,165,61,93.61,2016-01-01,2026-06-18,2016-09-06,2026-09-07
KKCL.NS,PARTIAL_REPLACEMENT,nse_equity,True,in_upstox_master,2581,2476,2417,164,59,93.65,2016-01-01,2026-06-18,2016-09-06,2026-09-07
MANAKALUCO.NS,PARTIAL_REPLACEMENT,nse_equity,True,in_upstox_master,2581,2477,2416,165,61,93.61,2016-01-01,2026-06-18,2016-09-06,2026-09-07
RESPONIND.NS,PARTIAL_REPLACEMENT,nse_equity,True,in_upstox_master,2581,2477,2421,160,56,93.8,2016-01-01,2026-06-18,2016-09-06,2026-09-07
UNIENTER.NS,PARTIAL_REPLACEMENT,nse_equity,True,in_upstox_master,2581,2476,2415,166,61,93.57,2016-01-01,2026-06-18,2016-09-06,2026-09-07
ZODIACLOTH.NS,PARTIAL_REPLACEMENT,nse_equity,True,in_upstox_master,2581,2475,2420,161,55,93.76,2016-01-01,2026-06-25,2016-09-06,2026-09-07
LPDC.NS,PARTIAL_REPLACEMENT,nse_equity,True,in_upstox_master,2580,2472,2414,166,58,93.57,2016-01-01,2026-06-18,2016-09-06,2026-09-07
NAGREEKEXP.NS,PARTIAL_REPLACEMENT,nse_equity,True,in_upstox_master,2580,2476,2416,164,60,93.64,2016-01-01,2026-06-18,2016-09-06,2026-09-07
PDSL.NS,PARTIAL_REPLACEMENT,nse_equity,True,in_upstox_master,2580,2475,2414,166,61,93.57,2016-01-01,2026-06-18,2016-09-06,2026-09-07
TPLPLASTEH.NS,PARTIAL_REPLACEMENT,nse_equity,True,in_upstox_master,2580,2477,2419,161,58,93.76,2016-01-01,2026-06-18,2016-09-06,2026-09-07
ALMONDZ.NS,PARTIAL_REPLACEMENT,nse_equity,True,in_upstox_master,2579,2459,2413,166,46,93.56,2016-01-01,2026-07-06,2016-09-06,2026-09-07
EIHAHOTELS.NS,PARTIAL_REPLACEMENT,nse_equity,True,in_upstox_master,2579,2476,2415,164,61,93.64,2016-01-01,2026-06-18,2016-09-06,2026-09-07
TARMAT.NS,PARTIAL_REPLACEMENT,nse_equity,True,in_upstox_master,2579,2476,2419,160,57,93.8,2016-01-01,2026-06-18,2016-09-06,2026-09-07
THEMISMED.NS,PARTIAL_REPLACEMENT,nse_equity,True,in_upstox_master,2579,2474,2412,167,62,93.52,2016-01-01,2026-06-18,2016-09-06,2026-09-07
ASIANHOTNR.NS,PARTIAL_REPLACEMENT,nse_equity,True,in_upstox_master,2578,2476,2413,165,63,93.6,2016-01-01,2026-06-18,2016-09-06,2026-09-07
VARDMNPOLY.NS,PARTIAL_REPLACEMENT,nse_equity,True,in_upstox_master,2578,2467,2411,167,56,93.52,2016-01-01,2026-06-18,2016-09-06,2026-09-07
VASWANI.NS,PARTIAL_REPLACEMENT,nse_equity,True,in_upstox_master,2578,2475,2418,160,57,93.79,2016-01-11,2026-06-18,2016-09-06,2026-09-07
INDIANCARD.NS,PARTIAL_REPLACEMENT,nse_equity,True,in_upstox_master,2577,2473,2412,165,61,93.6,2016-01-01,2026-06-18,2016-09-06,2026-09-07
EMBDL.NS,PARTIAL_REPLACEMENT,nse_equity,True,in_upstox_master,2576,2465,2409,167,56,93.52,2016-01-01,2026-06-18,2016-09-06,2026-09-07
CINEVISTA.NS,PARTIAL_REPLACEMENT,nse_equity,True,in_upstox_master,2575,2472,2413,162,59,93.71,2016-01-01,2026-06-18,2016-09-06,2026-09-07
CREST.NS,PARTIAL_REPLACEMENT,nse_equity,True,in_upstox_master,2575,2477,2420,155,57,93.98,2016-01-01,2026-06-18,2016-09-06,2026-09-07
IMPAL.NS,PARTIAL_REPLACEMENT,nse_equity,True,in_upstox_master,2575,2476,2413,162,63,93.71,2016-01-01,2026-06-18,2016-09-06,2026-09-07
MON100.NS,PARTIAL_REPLACEMENT,nse_equity,True,in_upstox_master,2575,2476,2412,163,64,93.67,2016-01-01,2026-06-18,2016-09-06,2026-09-07
WEIZMANIND.NS,PARTIAL_REPLACEMENT,nse_equity,True,in_upstox_master,2575,2476,2416,159,60,93.83,2016-01-01,2026-06-18,2016-09-06,2026-09-07
GILLANDERS.NS,PARTIAL_REPLACEMENT,nse_equity,True,in_upstox_master,2574,2474,2411,163,63,93.67,2016-01-01,2026-06-18,2016-09-06,2026-09-07
NSIL.NS,PARTIAL_REPLACEMENT,nse_equity,True,in_upstox_master,2574,2472,2410,164,62,93.63,2016-01-01,2026-06-17,2016-09-06,2026-09-07
UNITEDTEA.NS,PARTIAL_REPLACEMENT,nse_equity,True,in_upstox_master,2573,2469,2409,164,60,93.63,2016-01-01,2026-06-18,2016-09-06,2026-09-07
BANG.NS,PARTIAL_REPLACEMENT,nse_equity,True,in_upstox_master,2572,2477,2419,153,58,94.05,2016-01-01,2026-06-18,2016-09-06,2026-09-07
BANARBEADS.NS,PARTIAL_REPLACEMENT,nse_equity,True,in_upstox_master,2571,2473,2412,159,61,93.82,2016-01-01,2026-06-18,2016-09-06,2026-09-07
EIMCOELECO.NS,PARTIAL_REPLACEMENT,nse_equity,True,in_upstox_master,2570,2476,2414,156,62,93.93,2016-01-01,2026-06-18,2016-09-06,2026-09-07
NIPPOBATRY.NS,PARTIAL_REPLACEMENT,nse_equity,True,in_upstox_master,2568,2477,2403,165,74,93.57,2016-01-01,2026-06-17,2016-09-06,2026-09-07
SHREYANIND.NS,PARTIAL_REPLACEMENT,nse_equity,True,in_upstox_master,2568,2477,2421,147,56,94.28,2016-01-01,2026-06-18,2016-09-06,2026-09-07
BLBLIMITED.NS,PARTIAL_REPLACEMENT,nse_equity,True,in_upstox_master,2567,2468,2408,159,60,93.81,2016-01-01,2026-06-18,2016-09-06,2026-09-07
REFEX.NS,PARTIAL_REPLACEMENT,nse_equity,True,in_upstox_master,2567,2451,2399,168,52,93.46,2016-01-01,2026-06-25,2016-09-06,2026-09-07
JMA.NS,PARTIAL_REPLACEMENT,nse_equity,True,in_upstox_master,2566,2471,2406,160,65,93.76,2016-01-01,2026-06-18,2016-09-06,2026-09-07
SILINV.NS,PARTIAL_REPLACEMENT,nse_equity,True,in_upstox_master,2566,2470,2414,152,56,94.08,2016-01-01,2026-06-18,2016-09-06,2026-09-07
SPMLINFRA.NS,PARTIAL_REPLACEMENT,nse_equity,True,in_upstox_master,2566,2458,2401,165,57,93.57,2016-01-01,2026-06-18,2016-09-06,2026-09-07
GRPLTD.NS,PARTIAL_REPLACEMENT,nse_equity,True,in_upstox_master,2564,2463,2403,161,60,93.72,2016-01-01,2026-06-18,2016-09-06,2026-09-07
MALUPAPER.NS,PARTIAL_REPLACEMENT,nse_equity,True,in_upstox_master,2564,2477,2419,145,58,94.34,2016-01-01,2026-06-18,2016-09-06,2026-09-07
ADROITINFO.NS,PARTIAL_REPLACEMENT,nse_equity,True,in_upstox_master,2563,2443,2395,168,48,93.45,2016-01-01,2026-07-06,2016-09-06,2026-09-07
PRECAM.NS,PARTIAL_REPLACEMENT,nse_equity,True,in_upstox_master,2563,2477,2421,142,56,94.46,2016-02-08,2026-06-18,2016-09-06,2026-09-07
DHANBANK.NS,PARTIAL_REPLACEMENT,nse_equity,True,in_upstox_master,2562,2451,2395,167,56,93.48,2016-01-01,2026-06-18,2016-09-06,2026-09-07
DWARKESH.NS,PARTIAL_REPLACEMENT,nse_equity,True,in_upstox_master,2562,2451,2395,167,56,93.48,2016-01-01,2026-06-18,2016-09-06,2026-09-07
ENERGYDEV.NS,PARTIAL_REPLACEMENT,nse_equity,True,in_upstox_master,2562,2451,2395,167,56,93.48,2016-01-01,2026-06-18,2016-09-06,2026-09-07
ISFT.NS,PARTIAL_REPLACEMENT,nse_equity,True,in_upstox_master,2562,2451,2395,167,56,93.48,2016-01-01,2026-06-18,2016-09-06,2026-09-07
RANASUG.NS,PARTIAL_REPLACEMENT,nse_equity,True,in_upstox_master,2562,2451,2395,167,56,93.48,2016-01-01,2026-06-18,2016-09-06,2026-09-07
RTNINDIA.NS,PARTIAL_REPLACEMENT,nse_equity,True,in_upstox_master,2562,2452,2395,167,57,93.48,2016-01-01,2026-06-18,2016-09-06,2026-09-07
SAKHTISUG.NS,PARTIAL_REPLACEMENT,nse_equity,True,in_upstox_master,2562,2451,2395,167,56,93.48,2016-01-01,2026-06-18,2016-09-06,2026-09-07
TREEHOUSE.NS,PARTIAL_REPLACEMENT,nse_equity,True,in_upstox_master,2562,2451,2395,167,56,93.48,2016-01-01,2026-06-18,2016-09-06,2026-09-07
BEDMUTHA.NS,PARTIAL_REPLACEMENT,nse_equity,True,in_upstox_master,2561,2451,2394,167,57,93.48,2016-01-01,2026-06-18,2016-09-06,2026-09-07
LOTUSEYE.NS,PARTIAL_REPLACEMENT,nse_equity,True,in_upstox_master,2561,2453,2394,167,59,93.48,2016-01-01,2026-06-18,2016-09-06,2026-09-07
RAJSREESUG.NS,PARTIAL_REPLACEMENT,nse_equity,True,in_upstox_master,2561,2451,2395,166,56,93.52,2016-01-01,2026-06-18,2016-09-06,2026-09-07
KOTARISUG.NS,PARTIAL_REPLACEMENT,nse_equity,True,in_upstox_master,2560,2451,2394,166,57,93.52,2016-01-01,2026-06-18,2016-09-06,2026-09-07
TEAMLEASE.NS,PARTIAL_REPLACEMENT,nse_equity,True,in_upstox_master,2559,2477,2421,138,56,94.61,2016-02-12,2026-06-18,2016-09-06,2026-09-07
UGARSUGAR.NS,PARTIAL_REPLACEMENT,nse_equity,True,in_upstox_master,2559,2451,2395,164,56,93.59,2016-01-01,2026-06-18,2016-09-06,2026-09-07
BALKRISHNA.NS,PARTIAL_REPLACEMENT,nse_equity,True,in_upstox_master,2558,2447,2391,167,56,93.47,2016-01-01,2026-06-18,2016-09-06,2026-09-07
TAINWALCHM.NS,PARTIAL_REPLACEMENT,nse_equity,True,in_upstox_master,2558,2458,2398,160,60,93.75,2016-01-01,2026-06-18,2016-09-06,2026-09-07
INDORAMA.NS,PARTIAL_REPLACEMENT,nse_equity,True,in_upstox_master,2556,2445,2389,167,56,93.47,2016-01-01,2026-06-18,2016-09-06,2026-09-07
VHL.NS,PARTIAL_REPLACEMENT,nse_equity,True,in_upstox_master,2556,2472,2414,142,58,94.44,2016-01-01,2026-06-18,2016-09-06,2026-09-07
ASHIMASYN.NS,PARTIAL_REPLACEMENT,nse_equity,True,in_upstox_master,2555,2445,2389,166,56,93.5,2016-01-01,2026-06-18,2016-09-06,2026-09-07
RAJTV.NS,PARTIAL_REPLACEMENT,nse_equity,True,in_upstox_master,2555,2445,2388,167,57,93.46,2016-01-01,2026-06-18,2016-09-06,2026-09-07
WILLAMAGOR.NS,PARTIAL_REPLACEMENT,nse_equity,True,in_upstox_master,2554,2449,2389,165,60,93.54,2016-01-01,2026-06-18,2016-09-06,2026-09-07
GOKUL.NS,PARTIAL_REPLACEMENT,nse_equity,True,in_upstox_master,2553,2445,2386,167,59,93.46,2016-01-01,2026-06-18,2016-09-06,2026-09-07
KARMAENG.NS,PARTIAL_REPLACEMENT,nse_equity,True,in_upstox_master,2553,2457,2394,159,63,93.77,2016-01-01,2026-06-18,2016-09-06,2026-09-07
JAYNECOIND.NS,PARTIAL_REPLACEMENT,nse_equity,True,in_upstox_master,2552,2433,2382,170,51,93.34,2016-01-01,2026-06-25,2016-09-06,2026-09-07
TRF.NS,PARTIAL_REPLACEMENT,nse_equity,True,in_upstox_master,2550,2439,2383,167,56,93.45,2016-01-01,2026-06-18,2016-09-06,2026-09-07
VIYASH.NS,PARTIAL_REPLACEMENT,nse_equity,True,in_upstox_master,2549,2477,2426,123,51,95.17,2016-03-10,2026-06-25,2016-09-06,2026-09-07
MAGNUM.NS,PARTIAL_REPLACEMENT,nse_equity,True,in_upstox_master,2546,2459,2402,144,57,94.34,2016-01-01,2026-06-18,2016-09-06,2026-09-07
SGL.NS,PARTIAL_REPLACEMENT,nse_equity,True,in_upstox_master,2546,2449,2386,160,63,93.72,2016-01-01,2026-06-18,2016-09-06,2026-09-07
VIDHIING.NS,PARTIAL_REPLACEMENT,nse_equity,True,in_upstox_master,2546,2477,2421,125,56,95.09,2016-03-02,2026-06-18,2016-09-06,2026-09-07
PRECOT.NS,PARTIAL_REPLACEMENT,nse_equity,True,in_upstox_master,2543,2439,2378,165,61,93.51,2016-01-01,2026-06-18,2016-09-06,2026-09-07
JWL.NS,PARTIAL_REPLACEMENT,nse_equity,True,in_upstox_master,2539,2420,2369,170,51,93.3,2016-01-01,2026-06-25,2016-09-06,2026-09-07
NIBL.NS,PARTIAL_REPLACEMENT,nse_equity,True,in_upstox_master,2537,2433,2373,164,60,93.54,2016-01-01,2026-06-17,2016-09-06,2026-09-07
KERNEX.NS,PARTIAL_REPLACEMENT,nse_equity,True,in_upstox_master,2534,2419,2364,170,55,93.29,2016-01-01,2026-06-25,2016-09-06,2026-09-07
REMSONSIND.NS,PARTIAL_REPLACEMENT,nse_equity,True,in_upstox_master,2532,2456,2397,135,59,94.67,2016-01-01,2026-06-18,2016-09-06,2026-09-07
UNITECH.NS,PARTIAL_REPLACEMENT,nse_equity,True,in_upstox_master,2531,2420,2364,167,56,93.4,2016-01-01,2026-06-18,2016-09-06,2026-09-07
KDDL.NS,PARTIAL_REPLACEMENT,nse_equity,True,in_upstox_master,2530,2477,2421,109,56,95.69,2016-03-23,2026-06-19,2016-09-06,2026-09-07
HCG.NS,PARTIAL_REPLACEMENT,nse_equity,True,in_upstox_master,2529,2477,2421,108,56,95.73,2016-03-30,2026-06-18,2016-09-06,2026-09-07
BEARDSELL.NS,PARTIAL_REPLACEMENT,nse_equity,True,in_upstox_master,2527,2472,2407,120,65,95.25,2016-01-01,2026-06-18,2016-09-06,2026-09-07
BHARATWIRE.NS,PARTIAL_REPLACEMENT,nse_equity,True,in_upstox_master,2527,2477,2421,106,56,95.81,2016-04-01,2026-06-18,2016-09-06,2026-09-07
CCAVENUE.NS,PARTIAL_REPLACEMENT,nse_equity,True,in_upstox_master,2526,2477,2421,105,56,95.84,2016-04-04,2026-06-18,2016-09-06,2026-09-07
HEXATRADEX.NS,PARTIAL_REPLACEMENT,nse_equity,True,in_upstox_master,2526,2420,2360,166,60,93.43,2016-01-01,2026-06-18,2016-09-06,2026-09-07
WANBURY.NS,PARTIAL_REPLACEMENT,nse_equity,True,in_upstox_master,2526,2417,2359,167,58,93.39,2016-01-01,2026-06-18,2016-09-06,2026-09-07
SAMPANN.NS,PARTIAL_REPLACEMENT,nse_equity,True,in_upstox_master,2525,2422,2363,162,59,93.58,2016-01-01,2026-06-18,2016-09-06,2026-09-07
KELLTONTEC.NS,PARTIAL_REPLACEMENT,nse_equity,True,in_upstox_master,2521,2452,2396,125,56,95.04,2016-03-02,2026-06-18,2016-09-06,2026-09-07
GTL.NS,PARTIAL_REPLACEMENT,nse_equity,True,in_upstox_master,2514,2403,2347,167,56,93.36,2016-01-01,2026-06-18,2016-09-06,2026-09-07
THYROCARE.NS,PARTIAL_REPLACEMENT,nse_equity,True,in_upstox_master,2512,2477,2426,86,51,96.58,2016-05-09,2026-06-25,2016-09-06,2026-09-07
SIL.NS,PARTIAL_REPLACEMENT,nse_equity,True,in_upstox_master,2511,2406,2344,167,62,93.35,2016-01-01,2026-06-18,2016-09-06,2026-09-07
CROMPTON.NS,PARTIAL_REPLACEMENT,nse_equity,True,in_upstox_master,2508,2477,2426,82,51,96.73,2016-05-13,2026-06-25,2016-09-06,2026-09-07
BVCL.NS,PARTIAL_REPLACEMENT,nse_equity,True,in_upstox_master,2507,2401,2340,167,61,93.34,2016-01-01,2026-06-18,2016-09-06,2026-09-07
ORIENTALTL.NS,PARTIAL_REPLACEMENT,nse_equity,True,in_upstox_master,2507,2477,2417,90,60,96.41,2016-01-11,2026-06-17,2016-09-06,2026-09-07
RUCHINFRA.NS,PARTIAL_REPLACEMENT,nse_equity,True,in_upstox_master,2506,2411,2351,155,60,93.81,2016-01-01,2026-06-18,2016-09-06,2026-09-07
SOMATEX.NS,PARTIAL_REPLACEMENT,nse_equity,True,in_upstox_master,2506,2405,2347,159,58,93.66,2016-01-01,2026-06-18,2016-09-06,2026-09-07
SREEL.NS,PARTIAL_REPLACEMENT,nse_equity,True,in_upstox_master,2506,2470,2413,93,57,96.29,2016-01-06,2026-06-18,2016-09-06,2026-09-07
GOKULAGRO.NS,PARTIAL_REPLACEMENT,nse_equity,True,in_upstox_master,2504,2445,2388,116,57,95.37,2016-03-11,2026-06-18,2016-09-06,2026-09-07
NEXTMEDIA.NS,PARTIAL_REPLACEMENT,nse_equity,True,in_upstox_master,2498,2389,2331,167,58,93.31,2016-01-01,2026-06-17,2016-09-06,2026-09-07
PARAGMILK.NS,PARTIAL_REPLACEMENT,nse_equity,True,in_upstox_master,2496,2477,2421,75,56,97.0,2016-05-19,2026-06-18,2016-09-06,2026-09-07
GALLANTT.NS,PARTIAL_REPLACEMENT,nse_equity,True,in_upstox_master,2494,2382,2326,168,56,93.26,2016-01-01,2026-06-19,2016-09-06,2026-09-07
MOHITIND.NS,PARTIAL_REPLACEMENT,nse_equity,True,in_upstox_master,2493,2382,2326,167,56,93.3,2016-01-01,2026-06-18,2016-09-06,2026-09-07
ARMANFIN.NS,PARTIAL_REPLACEMENT,nse_equity,True,in_upstox_master,2491,2477,2432,59,45,97.63,2016-06-14,2026-07-06,2016-09-06,2026-09-07
NV20.NS,PARTIAL_REPLACEMENT,nse_equity,True,in_upstox_master,2491,2395,2330,161,65,93.54,2016-01-05,2026-06-17,2016-09-06,2026-09-07
RKDL.NS,PARTIAL_REPLACEMENT,nse_equity,True,in_upstox_master,2489,2379,2322,167,57,93.29,2016-01-01,2026-06-18,2016-09-06,2026-09-07
SHAHALLOYS.NS,PARTIAL_REPLACEMENT,nse_equity,True,in_upstox_master,2489,2395,2337,152,58,93.89,2016-01-01,2026-06-18,2016-09-06,2026-09-07
ALBERTDAVD.NS,PARTIAL_REPLACEMENT,nse_equity,True,in_upstox_master,2485,2477,2428,57,49,97.71,2016-06-14,2026-07-06,2016-09-06,2026-09-07
BLS.NS,PARTIAL_REPLACEMENT,nse_equity,True,in_upstox_master,2485,2477,2426,59,51,97.63,2016-06-15,2026-06-25,2016-09-06,2026-09-07
PREMEXPLN.NS,PARTIAL_REPLACEMENT,nse_equity,True,in_upstox_master,2483,2477,2426,57,51,97.7,2016-06-17,2026-06-25,2016-09-06,2026-09-07
PILANIINVS.NS,PARTIAL_REPLACEMENT,nse_equity,True,in_upstox_master,2479,2413,2313,166,100,93.3,2016-01-01,2026-06-18,2016-09-06,2026-09-07
KALYANIFRG.NS,PARTIAL_REPLACEMENT,nse_equity,True,in_upstox_master,2478,2404,2345,133,59,94.63,2016-01-01,2026-06-18,2016-09-06,2026-09-07
APOLSINHOT.NS,PARTIAL_REPLACEMENT,nse_equity,True,in_upstox_master,2476,2421,2371,105,50,95.76,2016-01-05,2026-07-06,2016-09-06,2026-09-07
ASPINWALL.NS,PARTIAL_REPLACEMENT,nse_equity,True,in_upstox_master,2473,2476,2416,57,60,97.7,2016-06-14,2026-06-18,2016-09-06,2026-09-07
PKTEA.NS,PARTIAL_REPLACEMENT,nse_equity,True,in_upstox_master,2473,2377,2316,157,61,93.65,2016-01-01,2026-06-18,2016-09-06,2026-09-07
MGL.NS,PARTIAL_REPLACEMENT,nse_equity,True,in_upstox_master,2472,2477,2426,46,51,98.14,2016-07-01,2026-06-25,2016-09-06,2026-09-07
TEAMGTY.NS,PARTIAL_REPLACEMENT,nse_equity,True,in_upstox_master,2471,2420,2358,113,62,95.43,2016-01-01,2026-06-18,2016-09-06,2026-09-07
CONTROLPR.NS,PARTIAL_REPLACEMENT,nse_equity,True,in_upstox_master,2470,2477,2421,49,56,98.02,2016-06-24,2026-06-18,2016-09-06,2026-09-07
QUESS.NS,PARTIAL_REPLACEMENT,nse_equity,True,in_upstox_master,2467,2477,2426,41,51,98.34,2016-07-12,2026-06-25,2016-09-06,2026-09-07
TFL.NS,PARTIAL_REPLACEMENT,nse_equity,True,in_upstox_master,2465,2397,2319,146,78,94.08,2016-01-04,2026-06-18,2016-09-06,2026-09-07
LLOYDSENGG.NS,PARTIAL_REPLACEMENT,nse_equity,True,in_upstox_master,2463,2477,2426,37,51,98.5,2016-07-18,2026-06-25,2016-09-06,2026-09-07
POKARNA.NS,PARTIAL_REPLACEMENT,nse_equity,True,in_upstox_master,2462,2477,2421,41,56,98.33,2016-07-07,2026-06-18,2016-09-06,2026-09-07
ADVENZYMES.NS,PARTIAL_REPLACEMENT,nse_equity,True,in_upstox_master,2460,2477,2432,28,45,98.86,2016-08-01,2026-07-06,2016-09-06,2026-09-07
GPTINFRA.NS,PARTIAL_REPLACEMENT,nse_equity,True,in_upstox_master,2460,2477,2421,39,56,98.41,2016-07-11,2026-06-18,2016-09-06,2026-09-07
LTM.NS,PARTIAL_REPLACEMENT,nse_equity,True,in_upstox_master,2460,2477,2426,34,51,98.62,2016-07-21,2026-06-25,2016-09-06,2026-09-07
JPOLYINVST.NS,PARTIAL_REPLACEMENT,nse_equity,True,in_upstox_master,2451,2344,2287,164,57,93.31,2016-01-01,2026-06-18,2016-09-06,2026-09-07
SPAL.NS,PARTIAL_REPLACEMENT,nse_equity,True,in_upstox_master,2443,2477,2426,17,51,99.3,2016-08-12,2026-06-25,2016-09-06,2026-09-07
DBL.NS,PARTIAL_REPLACEMENT,nse_equity,True,in_upstox_master,2437,2477,2421,16,56,99.34,2016-08-11,2026-06-18,2016-09-06,2026-09-07
CUBEXTUB.NS,PARTIAL_REPLACEMENT,nse_equity,True,in_upstox_master,2433,2402,2336,97,66,96.01,2016-01-05,2026-06-18,2016-09-06,2026-09-07
SOMICONVEY.NS,PARTIAL_REPLACEMENT,nse_equity,True,in_upstox_master,2433,2462,2404,29,58,98.81,2016-07-18,2026-06-18,2016-09-06,2026-09-07
INCREDIBLE.NS,PARTIAL_REPLACEMENT,nse_equity,True,in_upstox_master,2432,2446,2388,44,58,98.19,2016-07-01,2026-06-18,2016-09-06,2026-09-07
RBLBANK.NS,PARTIAL_REPLACEMENT,nse_equity,True,in_upstox_master,2432,2477,2426,6,51,99.75,2016-08-31,2026-06-25,2016-09-06,2026-09-07
SALONA.NS,PARTIAL_REPLACEMENT,nse_equity,True,in_upstox_master,2428,2449,2384,44,65,98.19,2016-06-16,2026-06-18,2016-09-06,2026-09-07
UMIYA-MRO.NS,PARTIAL_REPLACEMENT,nse_equity,True,in_upstox_master,2424,2317,2258,166,59,93.15,2016-01-01,2026-06-18,2016-09-06,2026-09-07
CUPID.NS,PARTIAL_REPLACEMENT,nse_equity,True,in_upstox_master,2422,2469,2418,4,51,99.83,2016-09-16,2026-06-25,2016-09-16,2026-09-07
BIGBLOC.NS,PARTIAL_REPLACEMENT,nse_equity,True,in_upstox_master,2419,2474,2418,1,56,99.96,2016-09-02,2026-06-18,2016-09-06,2026-09-07
MINDTECK.NS,PARTIAL_REPLACEMENT,nse_equity,True,in_upstox_master,2417,2450,2394,23,56,99.05,2016-08-02,2026-06-18,2016-09-06,2026-09-07
GNA.NS,PARTIAL_REPLACEMENT,nse_equity,True,in_upstox_master,2416,2464,2413,3,51,99.88,2016-09-26,2026-06-25,2016-09-26,2026-09-07
LTTS.NS,PARTIAL_REPLACEMENT,nse_equity,True,in_upstox_master,2414,2465,2411,3,54,99.88,2016-09-23,2026-06-22,2016-09-23,2026-09-07
SHRIPISTON.NS,PARTIAL_REPLACEMENT,nse_equity,True,in_upstox_master,2414,2404,2349,65,55,97.31,2016-06-09,2026-06-25,2016-09-06,2026-09-07
ICICIPRULI.NS,PARTIAL_REPLACEMENT,nse_equity,True,in_upstox_master,2413,2461,2410,3,51,99.88,2016-09-29,2026-06-25,2016-09-29,2026-09-07
IITL.NS,PARTIAL_REPLACEMENT,nse_equity,True,in_upstox_master,2411,2363,2303,108,60,95.52,2016-01-01,2026-06-18,2016-09-07,2026-09-07
HPL.NS,PARTIAL_REPLACEMENT,nse_equity,True,in_upstox_master,2405,2458,2402,3,56,99.88,2016-10-04,2026-06-18,2016-10-04,2026-09-07
ENDURANCE.NS,PARTIAL_REPLACEMENT,nse_equity,True,in_upstox_master,2401,2449,2398,3,51,99.88,2016-10-19,2026-06-25,2016-10-19,2026-09-07
GROBTEA.NS,PARTIAL_REPLACEMENT,nse_equity,True,in_upstox_master,2397,2420,2361,36,59,98.5,2016-07-14,2026-06-18,2016-09-06,2026-09-07
PNBHOUSING.NS,PARTIAL_REPLACEMENT,nse_equity,True,in_upstox_master,2389,2437,2386,3,51,99.87,2016-11-07,2026-06-25,2016-11-07,2026-09-07
VBL.NS,PARTIAL_REPLACEMENT,nse_equity,True,in_upstox_master,2388,2436,2385,3,51,99.87,2016-11-08,2026-06-25,2016-11-08,2026-09-07
NDGL.NS,PARTIAL_REPLACEMENT,nse_equity,True,in_upstox_master,2382,2441,2378,4,63,99.83,2016-08-30,2026-06-18,2016-09-06,2026-09-07
DELTAMAGNT.NS,PARTIAL_REPLACEMENT,nse_equity,True,in_upstox_master,2369,2333,2275,94,58,96.03,2016-01-01,2026-06-18,2016-09-06,2026-09-07
SFL.NS,PARTIAL_REPLACEMENT,nse_equity,True,in_upstox_master,2365,2414,2362,3,52,99.87,2016-12-09,2026-06-25,2016-12-09,2026-09-07
LAURUSLABS.NS,PARTIAL_REPLACEMENT,nse_equity,True,in_upstox_master,2360,2408,2357,3,51,99.87,2016-12-19,2026-06-25,2016-12-19,2026-09-07
ITDC.NS,PARTIAL_REPLACEMENT,nse_equity,True,in_upstox_master,2350,2399,2348,2,51,99.91,2016-12-30,2026-06-25,2016-12-30,2026-09-07
BCG.NS,PARTIAL_REPLACEMENT,nse_equity,True,in_upstox_master,2347,2236,2180,167,56,92.88,2016-01-01,2026-06-18,2016-09-06,2026-09-07
JASH.NS,PARTIAL_REPLACEMENT,nse_equity,True,in_upstox_master,2346,2237,2179,167,58,92.88,2016-01-01,2026-06-18,2016-09-06,2026-09-07
PRAKASHSTL.NS,PARTIAL_REPLACEMENT,nse_equity,True,in_upstox_master,2341,2230,2174,167,56,92.87,2016-01-01,2026-06-18,2016-09-06,2026-09-07
BSE.NS,PARTIAL_REPLACEMENT,nse_equity,True,in_upstox_master,2327,2375,2324,3,51,99.87,2017-02-03,2026-06-25,2017-02-03,2026-09-07
PRICOLLTD.NS,PARTIAL_REPLACEMENT,nse_equity,True,in_upstox_master,2321,2370,2319,2,51,99.91,2017-02-10,2026-06-25,2017-02-10,2026-09-07
JYOTISTRUC.NS,PARTIAL_REPLACEMENT,nse_equity,True,in_upstox_master,2312,2145,2088,224,57,90.31,2016-01-01,2026-06-18,2016-09-06,2026-09-07
LFIC.NS,PARTIAL_REPLACEMENT,nse_equity,True,in_upstox_master,2310,2288,2220,90,68,96.1,2016-01-01,2026-06-18,2016-09-06,2026-09-07
ARIHANTSUP.NS,PARTIAL_REPLACEMENT,nse_equity,True,in_upstox_master,2297,2340,2295,2,45,99.91,2017-03-28,2026-07-06,2017-03-28,2026-09-07
DMART.NS,PARTIAL_REPLACEMENT,nse_equity,True,in_upstox_master,2297,2345,2294,3,51,99.87,2017-03-21,2026-06-25,2017-03-21,2026-09-07
APCL.NS,PARTIAL_REPLACEMENT,nse_equity,True,in_upstox_master,2286,2332,2284,2,48,99.91,2017-04-10,2026-07-06,2017-04-10,2026-09-07
AGROPHOS.NS,PARTIAL_REPLACEMENT,nse_equity,True,in_upstox_master,2284,2333,2281,3,52,99.87,2016-11-16,2026-07-06,2016-11-16,2026-09-07
NKIND.NS,PARTIAL_REPLACEMENT,nse_equity,True,in_upstox_master,2262,2278,2219,43,59,98.1,2016-03-31,2026-06-17,2016-09-06,2026-09-07
HUDCO.NS,PARTIAL_REPLACEMENT,nse_equity,True,in_upstox_master,2257,2305,2254,3,51,99.87,2017-05-19,2026-06-25,2017-05-19,2026-09-07
KOHINOOR.NS,PARTIAL_REPLACEMENT,nse_equity,True,in_upstox_master,2251,2140,2084,167,56,92.58,2016-01-01,2026-06-18,2016-09-06,2026-09-07
ANTGRAPHIC.NS,PARTIAL_REPLACEMENT,nse_equity,True,in_upstox_master,2231,2069,2021,210,48,90.59,2016-01-01,2026-07-06,2016-09-06,2026-09-07
TEJASNET.NS,PARTIAL_REPLACEMENT,nse_equity,True,in_upstox_master,2231,2279,2228,3,51,99.87,2017-06-27,2026-06-25,2017-06-27,2026-09-07
CDSL.NS,PARTIAL_REPLACEMENT,nse_equity,True,in_upstox_master,2228,2276,2225,3,51,99.87,2017-06-30,2026-06-25,2017-06-30,2026-09-07
ERIS.NS,PARTIAL_REPLACEMENT,nse_equity,True,in_upstox_master,2223,2277,2222,1,55,99.96,2017-06-29,2026-06-19,2017-06-29,2026-09-07
ZENITHEXPO.NS,PARTIAL_REPLACEMENT,nse_equity,True,in_upstox_master,2223,2229,2170,53,59,97.62,2016-01-01,2026-06-18,2016-09-21,2026-09-07
AUBANK.NS,PARTIAL_REPLACEMENT,nse_equity,True,in_upstox_master,2222,2270,2219,3,51,99.86,2017-07-10,2026-06-25,2017-07-10,2026-09-07
DSSL.NS,PARTIAL_REPLACEMENT,nse_equity,True,in_upstox_master,2222,2271,2220,2,51,99.91,2016-12-13,2026-06-25,2016-12-13,2026-09-07
AIRAN.NS,PARTIAL_REPLACEMENT,nse_equity,True,in_upstox_master,2212,2259,2209,3,50,99.86,2017-03-24,2026-07-06,2017-03-24,2026-09-07
STEELCITY.NS,PARTIAL_REPLACEMENT,nse_equity,True,in_upstox_master,2212,2265,2206,6,59,99.73,2016-03-28,2026-06-18,2017-02-17,2026-09-07
COCHINSHIP.NS,PARTIAL_REPLACEMENT,nse_equity,True,in_upstox_master,2198,2246,2195,3,51,99.86,2017-08-11,2026-06-25,2017-08-11,2026-09-07
ABCAPITAL.NS,PARTIAL_REPLACEMENT,nse_equity,True,in_upstox_master,2192,2233,2188,4,45,99.82,2017-09-01,2026-07-06,2017-09-01,2026-09-07
APEX.NS,PARTIAL_REPLACEMENT,nse_equity,True,in_upstox_master,2191,2232,2187,4,45,99.82,2017-09-04,2026-07-06,2017-09-04,2026-09-07
TNTELE.NS,PARTIAL_REPLACEMENT,nse_equity,True,in_upstox_master,2177,2121,2058,119,63,94.53,2016-01-04,2026-06-18,2016-09-06,2026-09-07
WSI.NS,PARTIAL_REPLACEMENT,nse_equity,True,in_upstox_master,2175,2072,2015,160,57,92.64,2016-01-01,2026-06-18,2016-09-06,2026-09-07
DIXON.NS,PARTIAL_REPLACEMENT,nse_equity,True,in_upstox_master,2174,2222,2171,3,51,99.86,2017-09-18,2026-06-25,2017-09-18,2026-09-07
CHOLAHLDNG.NS,PARTIAL_REPLACEMENT,nse_equity,True,in_upstox_master,2169,2217,2166,3,51,99.86,2017-09-25,2026-06-25,2017-09-25,2026-09-07
ICICIGI.NS,PARTIAL_REPLACEMENT,nse_equity,True,in_upstox_master,2167,2215,2164,3,51,99.86,2017-09-27,2026-06-25,2017-09-27,2026-09-07
SBILIFE.NS,PARTIAL_REPLACEMENT,nse_equity,True,in_upstox_master,2164,2212,2161,3,51,99.86,2017-10-03,2026-06-25,2017-10-03,2026-09-07
IEX.NS,PARTIAL_REPLACEMENT,nse_equity,True,in_upstox_master,2152,2200,2149,3,51,99.86,2017-10-23,2026-06-25,2017-10-23,2026-09-07
GICRE.NS,PARTIAL_REPLACEMENT,nse_equity,True,in_upstox_master,2150,2198,2147,3,51,99.86,2017-10-25,2026-06-25,2017-10-25,2026-09-07
TIINDIA.NS,PARTIAL_REPLACEMENT,nse_equity,True,in_upstox_master,2144,2192,2141,3,51,99.86,2017-11-02,2026-06-25,2017-11-02,2026-09-07
NAM-INDIA.NS,PARTIAL_REPLACEMENT,nse_equity,True,in_upstox_master,2142,2190,2139,3,51,99.86,2017-11-06,2026-06-25,2017-11-06,2026-09-07
NIACL.NS,PARTIAL_REPLACEMENT,nse_equity,True,in_upstox_master,2137,2185,2134,3,51,99.86,2017-11-13,2026-06-25,2017-11-13,2026-09-07
HDFCLIFE.NS,PARTIAL_REPLACEMENT,nse_equity,True,in_upstox_master,2133,2181,2130,3,51,99.86,2017-11-17,2026-06-25,2017-11-17,2026-09-07
KHANDSE.NS,PARTIAL_REPLACEMENT,nse_equity,True,in_upstox_master,2130,2134,2068,62,66,97.09,2016-01-01,2026-06-18,2016-09-06,2026-09-07
INFOBEAN.NS,PARTIAL_REPLACEMENT,nse_equity,True,in_upstox_master,2124,2175,2121,3,54,99.86,2017-05-02,2026-06-25,2017-05-02,2026-09-07
APOLLO.NS,PARTIAL_REPLACEMENT,nse_equity,True,in_upstox_master,2095,2136,2091,4,45,99.81,2018-01-22,2026-07-06,2018-01-22,2026-09-07
AMBER.NS,PARTIAL_REPLACEMENT,nse_equity,True,in_upstox_master,2090,2131,2086,4,45,99.81,2018-01-30,2026-07-06,2018-01-30,2026-09-07
NEWGEN.NS,PARTIAL_REPLACEMENT,nse_equity,True,in_upstox_master,2084,2132,2081,3,51,99.86,2018-01-29,2026-06-25,2018-01-29,2026-09-07
LICNFNHGP.NS,PARTIAL_REPLACEMENT,nse_equity,True,in_upstox_master,2077,2124,2067,10,57,99.52,2016-05-26,2026-06-18,2016-09-21,2026-09-07
GALAXYSURF.NS,PARTIAL_REPLACEMENT,nse_equity,True,in_upstox_master,2074,2124,2073,1,51,99.95,2018-02-08,2026-06-25,2018-02-08,2026-09-07
ASTERDM.NS,PARTIAL_REPLACEMENT,nse_equity,True,in_upstox_master,2065,2113,2062,3,51,99.85,2018-02-26,2026-06-25,2018-02-26,2026-09-07
HGINFRA.NS,PARTIAL_REPLACEMENT,nse_equity,True,in_upstox_master,2057,2105,2054,3,51,99.85,2018-03-09,2026-06-25,2018-03-09,2026-09-07
BDL.NS,PARTIAL_REPLACEMENT,nse_equity,True,in_upstox_master,2047,2095,2044,3,51,99.85,2018-03-23,2026-06-25,2018-03-23,2026-09-07
BANDHANBNK.NS,PARTIAL_REPLACEMENT,nse_equity,True,in_upstox_master,2045,2093,2042,3,51,99.85,2018-03-27,2026-06-25,2018-03-27,2026-09-07
ADL.NS,PARTIAL_REPLACEMENT,nse_equity,True,in_upstox_master,2044,1917,1873,171,44,91.63,2016-01-01,2026-07-06,2016-09-06,2026-09-07
HAL.NS,PARTIAL_REPLACEMENT,nse_equity,True,in_upstox_master,2044,2092,2041,3,51,99.85,2018-03-28,2026-06-25,2018-03-28,2026-09-07
SANDHAR.NS,PARTIAL_REPLACEMENT,nse_equity,True,in_upstox_master,2043,2091,2040,3,51,99.85,2018-04-02,2026-06-25,2018-04-02,2026-09-07
MIDHANI.NS,PARTIAL_REPLACEMENT,nse_equity,True,in_upstox_master,2041,2089,2038,3,51,99.85,2018-04-04,2026-06-25,2018-04-04,2026-09-07
LEMONTREE.NS,PARTIAL_REPLACEMENT,nse_equity,True,in_upstox_master,2038,2086,2035,3,51,99.85,2018-04-09,2026-06-25,2018-04-09,2026-09-07
PVP.NS,PARTIAL_REPLACEMENT,nse_equity,True,in_upstox_master,2020,1913,1855,165,58,91.83,2016-01-01,2026-06-18,2016-09-06,2026-09-07
KEYFINSERV.NS,PARTIAL_REPLACEMENT,nse_equity,True,in_upstox_master,2016,2049,1991,25,58,98.76,2016-01-21,2026-06-18,2016-09-06,2026-09-07
AKASH.NS,PARTIAL_REPLACEMENT,nse_equity,True,in_upstox_master,2005,1990,1944,61,46,96.96,2016-01-01,2026-07-06,2017-03-15,2026-09-07
BORORENEW.NS,PARTIAL_REPLACEMENT,nse_equity,True,in_upstox_master,2005,2053,2002,3,51,99.85,2018-05-25,2026-06-25,2018-05-25,2026-09-07
ADANIGREEN.NS,PARTIAL_REPLACEMENT,nse_equity,True,in_upstox_master,1996,2037,1992,4,45,99.8,2018-06-18,2026-07-06,2018-06-18,2026-09-07
SOLARA.NS,PARTIAL_REPLACEMENT,nse_equity,True,in_upstox_master,1982,2030,1979,3,51,99.85,2018-06-27,2026-06-25,2018-06-27,2026-09-07
RITES.NS,PARTIAL_REPLACEMENT,nse_equity,True,in_upstox_master,1979,2027,1976,3,51,99.85,2018-07-02,2026-06-25,2018-07-02,2026-09-07
HDFCAMC.NS,PARTIAL_REPLACEMENT,nse_equity,True,in_upstox_master,1954,2002,1951,3,51,99.85,2018-08-06,2026-06-25,2018-08-06,2026-09-07
CREDITACC.NS,PARTIAL_REPLACEMENT,nse_equity,True,in_upstox_master,1943,1991,1940,3,51,99.85,2018-08-23,2026-06-25,2018-08-23,2026-09-07
AAVAS.NS,PARTIAL_REPLACEMENT,nse_equity,True,in_upstox_master,1921,1962,1917,4,45,99.79,2018-10-08,2026-07-06,2018-10-08,2026-09-07
IRCON.NS,PARTIAL_REPLACEMENT,nse_equity,True,in_upstox_master,1919,1967,1916,3,51,99.84,2018-09-28,2026-06-25,2018-09-28,2026-09-07
GRSE.NS,PARTIAL_REPLACEMENT,nse_equity,True,in_upstox_master,1912,1960,1909,3,51,99.84,2018-10-10,2026-06-25,2018-10-10,2026-09-07
ZENITHSTL.NS,PARTIAL_REPLACEMENT,nse_equity,True,in_upstox_master,1897,1892,1836,61,56,96.78,2016-01-11,2026-06-18,2016-12-13,2026-09-07
ATGL.NS,PARTIAL_REPLACEMENT,nse_equity,True,in_upstox_master,1895,1943,1892,3,51,99.84,2018-11-05,2026-06-25,2018-11-05,2026-09-07
SAGARDEEP.NS,PARTIAL_REPLACEMENT,nse_equity,True,in_upstox_master,1889,1928,1872,17,56,99.1,2016-05-17,2026-06-18,2016-09-22,2026-09-07
SINTERCOM.NS,PARTIAL_REPLACEMENT,nse_equity,True,in_upstox_master,1881,1939,1880,1,59,99.95,2016-02-04,2026-06-18,2018-02-15,2026-09-07
NMDC.NS,PARTIAL_REPLACEMENT,nse_equity,True,in_upstox_master,1878,2644,1875,3,769,99.84,2018-12-03,2026-06-25,2016-01-01,2026-09-07
PETRONET.NS,PARTIAL_REPLACEMENT,nse_equity,True,in_upstox_master,1878,2644,1875,3,769,99.84,2018-12-03,2026-06-25,2016-01-01,2026-09-07
COALINDIA.NS,PARTIAL_REPLACEMENT,nse_equity,True,in_upstox_master,1875,2644,1872,3,772,99.84,2018-12-03,2026-06-22,2016-01-01,2026-09-07
ONGC.NS,PARTIAL_REPLACEMENT,nse_equity,True,in_upstox_master,1875,2644,1872,3,772,99.84,2018-12-03,2026-06-22,2016-01-01,2026-09-07
TECHNOE.NS,PARTIAL_REPLACEMENT,nse_equity,True,in_upstox_master,1867,1915,1864,3,51,99.84,2018-12-18,2026-06-25,2018-12-18,2026-09-07
THEJO.NS,PARTIAL_REPLACEMENT,nse_equity,True,in_upstox_master,1860,1896,1834,26,62,98.6,2016-01-11,2026-06-18,2016-09-09,2026-09-07
AARVI.NS,PARTIAL_REPLACEMENT,nse_equity,True,in_upstox_master,1852,1898,1850,2,48,99.89,2017-10-05,2026-07-06,2017-10-05,2026-09-07
DALBHARAT.NS,PARTIAL_REPLACEMENT,nse_equity,True,in_upstox_master,1832,1881,1830,2,51,99.89,2019-02-05,2026-06-25,2019-02-05,2026-09-07
CHALET.NS,PARTIAL_REPLACEMENT,nse_equity,True,in_upstox_master,1827,1879,1824,3,55,99.84,2019-02-07,2026-06-19,2019-02-07,2026-09-07
AARON.NS,PARTIAL_REPLACEMENT,nse_equity,True,in_upstox_master,1825,1870,1823,2,47,99.89,2018-09-04,2026-07-06,2018-09-03,2026-09-07
ANUP.NS,PARTIAL_REPLACEMENT,nse_equity,True,in_upstox_master,1821,1863,1818,3,45,99.84,2019-03-01,2026-07-06,2019-03-01,2026-09-07
ARVINDFASN.NS,PARTIAL_REPLACEMENT,nse_equity,True,in_upstox_master,1818,1859,1814,4,45,99.78,2019-03-08,2026-07-06,2019-03-08,2026-09-07
ABSLNN50ET.NS,PARTIAL_REPLACEMENT,nse_equity,True,in_upstox_master,1807,1848,1803,4,45,99.78,2018-12-27,2026-07-06,2018-12-27,2026-09-07
CCCL.NS,PARTIAL_REPLACEMENT,nse_equity,True,in_upstox_master,1805,1728,1639,166,89,90.8,2016-01-01,2026-06-18,2016-09-06,2026-09-07
RAMAPHO.NS,PARTIAL_REPLACEMENT,nse_equity,True,in_upstox_master,1798,1690,1632,166,58,90.77,2016-01-01,2026-06-18,2016-09-06,2026-09-07
MSTCLTD.NS,PARTIAL_REPLACEMENT,nse_equity,True,in_upstox_master,1797,1845,1794,3,51,99.83,2019-03-29,2026-06-25,2019-03-29,2026-09-07
RVNL.NS,PARTIAL_REPLACEMENT,nse_equity,True,in_upstox_master,1788,1836,1785,3,51,99.83,2019-04-11,2026-06-25,2019-04-11,2026-09-07
KAPSTON.NS,PARTIAL_REPLACEMENT,nse_equity,True,in_upstox_master,1786,1794,1737,49,57,97.26,2016-01-05,2026-06-18,2016-09-06,2026-09-07
POLYCAB.NS,PARTIAL_REPLACEMENT,nse_equity,True,in_upstox_master,1785,1833,1782,3,51,99.83,2019-04-16,2026-06-25,2019-04-16,2026-09-07
KPITTECH.NS,PARTIAL_REPLACEMENT,nse_equity,True,in_upstox_master,1783,1831,1780,3,51,99.83,2019-04-22,2026-06-25,2019-04-22,2026-09-07
REGENCERAM.NS,PARTIAL_REPLACEMENT,nse_equity,True,in_upstox_master,1776,1769,1705,71,64,96.0,2016-01-05,2026-06-18,2016-09-07,2026-09-07
NEOGEN.NS,PARTIAL_REPLACEMENT,nse_equity,True,in_upstox_master,1773,1821,1770,3,51,99.83,2019-05-08,2026-06-25,2019-05-08,2026-09-07
CONFIPET.NS,PARTIAL_REPLACEMENT,nse_equity,True,in_upstox_master,1748,1796,1745,3,51,99.83,2019-06-13,2026-06-25,2019-06-13,2026-09-07
INDIAMART.NS,PARTIAL_REPLACEMENT,nse_equity,True,in_upstox_master,1729,1781,1726,3,55,99.83,2019-07-04,2026-06-19,2019-07-04,2026-09-07
AFFLE.NS,PARTIAL_REPLACEMENT,nse_equity,True,in_upstox_master,1715,1756,1711,4,45,99.77,2019-08-08,2026-07-06,2019-08-08,2026-09-07
CREATIVEYE.NS,PARTIAL_REPLACEMENT,nse_equity,True,in_upstox_master,1711,1653,1597,114,56,93.34,2016-01-01,2026-06-18,2018-12-12,2026-09-07
SWSOLAR.NS,PARTIAL_REPLACEMENT,nse_equity,True,in_upstox_master,1702,1750,1699,3,51,99.82,2019-08-20,2026-06-25,2019-08-20,2026-09-07
AIROLAM.NS,PARTIAL_REPLACEMENT,nse_equity,True,in_upstox_master,1690,1729,1682,8,47,99.53,2017-10-06,2026-07-06,2017-10-06,2026-09-07
SAFARI.NS,PARTIAL_REPLACEMENT,nse_equity,True,in_upstox_master,1685,1735,1684,1,51,99.94,2019-09-12,2026-06-25,2019-09-12,2026-09-07
IIFLCAPS.NS,PARTIAL_REPLACEMENT,nse_equity,True,in_upstox_master,1681,1729,1678,3,51,99.82,2019-09-20,2026-06-25,2019-09-20,2026-09-07
AHLADA.NS,PARTIAL_REPLACEMENT,nse_equity,True,in_upstox_master,1671,1712,1667,4,45,99.76,2018-09-17,2026-07-06,2018-09-17,2026-09-07
IRCTC.NS,PARTIAL_REPLACEMENT,nse_equity,True,in_upstox_master,1667,1715,1664,3,51,99.82,2019-10-14,2026-06-25,2019-10-14,2026-09-07
RAJRATAN.NS,PARTIAL_REPLACEMENT,nse_equity,True,in_upstox_master,1667,1611,1553,114,58,93.16,2016-01-01,2026-06-18,2016-09-06,2026-09-07
FLUOROCHEM.NS,PARTIAL_REPLACEMENT,nse_equity,True,in_upstox_master,1665,1713,1662,3,51,99.82,2019-10-16,2026-06-25,2019-10-16,2026-09-07
ARENTERP.NS,PARTIAL_REPLACEMENT,nse_equity,True,in_upstox_master,1664,1703,1658,6,45,99.64,2017-11-07,2026-07-06,2017-11-07,2026-09-07
NITIRAJ.NS,PARTIAL_REPLACEMENT,nse_equity,True,in_upstox_master,1660,1716,1656,4,60,99.76,2016-05-05,2026-06-17,2017-03-09,2026-09-07
FORCEMOT.NS,PARTIAL_REPLACEMENT,nse_equity,True,in_upstox_master,1659,1674,1623,36,51,97.83,2019-08-20,2026-06-25,2019-08-20,2026-09-07
SONAMLTD.NS,PARTIAL_REPLACEMENT,nse_equity,True,in_upstox_master,1656,1651,1594,62,57,96.26,2016-01-07,2026-06-18,2016-09-06,2026-09-07
APOLLOPIPE.NS,PARTIAL_REPLACEMENT,nse_equity,True,in_upstox_master,1655,1696,1651,4,45,99.76,2019-11-11,2026-07-06,2019-11-11,2026-09-07
UJJIVANSFB.NS,PARTIAL_REPLACEMENT,nse_equity,True,in_upstox_master,1626,1674,1623,3,51,99.82,2019-12-12,2026-06-25,2019-12-12,2026-09-07
SHANTI.NS,PARTIAL_REPLACEMENT,nse_equity,True,in_upstox_master,1620,1632,1571,49,61,96.98,2016-01-04,2026-06-18,2016-09-06,2026-09-07
HINDWAREAP.NS,PARTIAL_REPLACEMENT,nse_equity,True,in_upstox_master,1616,1665,1614,2,51,99.88,2019-12-26,2026-06-25,2019-12-26,2026-09-07
INFOMEDIA.NS,PARTIAL_REPLACEMENT,nse_equity,True,in_upstox_master,1613,1505,1447,166,58,89.71,2016-01-01,2026-06-18,2016-09-06,2026-09-07
LAGNAM.NS,PARTIAL_REPLACEMENT,nse_equity,True,in_upstox_master,1611,1636,1579,32,57,98.01,2016-01-01,2026-06-18,2018-09-18,2026-09-07
AKG.NS,PARTIAL_REPLACEMENT,nse_equity,True,in_upstox_master,1600,1642,1597,3,45,99.81,2018-09-25,2026-07-06,2018-09-25,2026-09-07
LCCINFOTEC.NS,PARTIAL_REPLACEMENT,nse_equity,True,in_upstox_master,1599,1616,1560,39,56,97.56,2016-07-11,2026-06-18,2016-09-06,2026-09-07
DRCSYSTEMS.NS,PARTIAL_REPLACEMENT,nse_equity,True,in_upstox_master,1595,1484,1428,167,56,89.53,2016-01-01,2026-06-18,2016-09-06,2026-09-07
PATANJALI.NS,PARTIAL_REPLACEMENT,nse_equity,True,in_upstox_master,1595,1643,1592,3,51,99.81,2020-01-27,2026-06-25,2020-01-27,2026-09-07
SUMICHEM.NS,PARTIAL_REPLACEMENT,nse_equity,True,in_upstox_master,1591,1643,1588,3,55,99.81,2020-01-27,2026-06-19,2020-01-27,2026-09-07
ALOKINDS.NS,PARTIAL_REPLACEMENT,nse_equity,True,in_upstox_master,1584,1625,1580,4,45,99.75,2020-02-19,2026-07-06,2020-02-19,2026-09-07
MARINE.NS,PARTIAL_REPLACEMENT,nse_equity,True,in_upstox_master,1569,1589,1536,33,53,97.9,2016-01-01,2026-06-25,2016-09-07,2026-09-07
COHANCE.NS,PARTIAL_REPLACEMENT,nse_equity,True,in_upstox_master,1565,1613,1562,3,51,99.81,2020-03-09,2026-06-25,2020-03-09,2026-09-07
SBICARD.NS,PARTIAL_REPLACEMENT,nse_equity,True,in_upstox_master,1561,1609,1558,3,51,99.81,2020-03-16,2026-06-25,2020-03-16,2026-09-07
POWERINDIA.NS,PARTIAL_REPLACEMENT,nse_equity,True,in_upstox_master,1551,1599,1548,3,51,99.81,2020-03-30,2026-06-25,2020-03-30,2026-09-07
WEALTH.NS,PARTIAL_REPLACEMENT,nse_equity,True,in_upstox_master,1511,1527,1470,41,57,97.29,2016-01-01,2026-06-18,2016-09-09,2026-09-07
ACEINTEG.NS,PARTIAL_REPLACEMENT,nse_equity,True,in_upstox_master,1484,1237,1192,292,45,80.32,2016-01-01,2026-07-06,2016-09-06,2026-09-07
ARIHANT.NS,PARTIAL_REPLACEMENT,nse_equity,True,in_upstox_master,1468,98,53,1415,45,3.61,2016-01-01,2026-07-06,2026-04-20,2026-09-07
MAXHEALTH.NS,PARTIAL_REPLACEMENT,nse_equity,True,in_upstox_master,1453,1501,1450,3,51,99.79,2020-08-21,2026-06-25,2020-08-21,2026-09-07
BBTCL.NS,PARTIAL_REPLACEMENT,nse_equity,True,in_upstox_master,1446,1466,1409,37,57,97.44,2016-01-15,2026-06-18,2016-09-12,2026-09-07
HAPPSTMNDS.NS,PARTIAL_REPLACEMENT,nse_equity,True,in_upstox_master,1434,1482,1431,3,51,99.79,2020-09-17,2026-06-25,2020-09-17,2026-09-07
AAKASH.NS,PARTIAL_REPLACEMENT,nse_equity,True,in_upstox_master,1432,1474,1429,3,45,99.79,2020-09-29,2026-07-06,2020-09-29,2026-09-07
INTLCONV.NS,PARTIAL_REPLACEMENT,nse_equity,True,in_upstox_master,1432,1404,1343,89,61,93.78,2016-01-01,2026-06-18,2016-09-06,2026-09-07
ANGELONE.NS,PARTIAL_REPLACEMENT,nse_equity,True,in_upstox_master,1430,1511,1426,4,85,99.72,2020-10-05,2026-07-06,2016-09-09,2026-09-07
HOMEFIRST.NS,PARTIAL_REPLACEMENT,nse_equity,True,in_upstox_master,1428,1477,1426,2,51,99.86,2018-03-21,2026-06-25,2018-03-21,2026-09-07
MAZDOCK.NS,PARTIAL_REPLACEMENT,nse_equity,True,in_upstox_master,1426,1474,1423,3,51,99.79,2017-12-04,2026-06-25,2017-12-04,2026-09-07
CAMS.NS,PARTIAL_REPLACEMENT,nse_equity,True,in_upstox_master,1423,1471,1420,3,51,99.79,2020-10-05,2026-06-25,2020-10-05,2026-09-07
ABINFRA.NS,PARTIAL_REPLACEMENT,nse_equity,True,in_upstox_master,1422,1060,1015,407,45,71.38,2019-07-12,2026-07-06,2019-07-12,2026-09-07
UTIAMC.NS,PARTIAL_REPLACEMENT,nse_equity,True,in_upstox_master,1414,1466,1411,3,55,99.79,2020-10-12,2026-06-19,2020-10-12,2026-09-07
SICAGEN.NS,PARTIAL_REPLACEMENT,nse_equity,True,in_upstox_master,1412,98,42,1370,56,2.97,2016-01-01,2026-06-18,2026-04-20,2026-09-07
EQUITASBNK.NS,PARTIAL_REPLACEMENT,nse_equity,True,in_upstox_master,1403,1451,1400,3,51,99.79,2020-11-02,2026-06-25,2020-11-02,2026-09-07
ORCHPHARMA.NS,PARTIAL_REPLACEMENT,nse_equity,True,in_upstox_master,1402,1450,1399,3,51,99.79,2020-11-03,2026-06-25,2020-11-03,2026-09-07
SHRADHA.NS,PARTIAL_REPLACEMENT,nse_equity,True,in_upstox_master,1395,1450,1394,1,56,99.93,2016-02-04,2026-06-18,2020-10-22,2026-09-07
GLAND.NS,PARTIAL_REPLACEMENT,nse_equity,True,in_upstox_master,1388,1437,1386,2,51,99.86,2020-11-20,2026-06-25,2020-11-20,2026-09-07
AAATECH.NS,PARTIAL_REPLACEMENT,nse_equity,True,in_upstox_master,1383,1322,1277,106,45,92.34,2020-10-13,2026-07-06,2020-10-13,2026-09-07
ARVEE.NS,PARTIAL_REPLACEMENT,nse_equity,True,in_upstox_master,1383,1419,1374,9,45,99.35,2018-02-22,2026-07-06,2018-02-22,2026-09-07
POCL.NS,PARTIAL_REPLACEMENT,nse_equity,True,in_upstox_master,1382,983,932,450,51,67.44,2016-04-05,2026-06-25,2018-01-04,2026-09-07
RBA.NS,PARTIAL_REPLACEMENT,nse_equity,True,in_upstox_master,1373,1422,1371,2,51,99.85,2020-12-14,2026-06-25,2020-12-14,2026-09-07
MALLCOM.NS,PARTIAL_REPLACEMENT,nse_equity,True,in_upstox_master,1365,1258,1201,164,57,87.99,2016-01-01,2026-06-18,2016-09-06,2026-09-07
PANSARI.NS,PARTIAL_REPLACEMENT,nse_equity,True,in_upstox_master,1358,1416,1357,1,59,99.93,2016-01-25,2026-06-18,2016-10-18,2026-09-07
CARYSIL.NS,PARTIAL_REPLACEMENT,nse_equity,True,in_upstox_master,1352,1400,1349,3,51,99.78,2021-01-14,2026-06-25,2021-01-14,2026-09-07
IRFC.NS,PARTIAL_REPLACEMENT,nse_equity,True,in_upstox_master,1342,1390,1339,3,51,99.78,2021-01-29,2026-06-25,2021-01-29,2026-09-07
ARTNIRMAN.NS,PARTIAL_REPLACEMENT,nse_equity,True,in_upstox_master,1340,1310,1267,73,43,94.55,2016-10-19,2026-07-06,2016-10-19,2026-09-07
HLEGLAS.NS,PARTIAL_REPLACEMENT,nse_equity,True,in_upstox_master,1326,1374,1323,3,51,99.77,2021-02-22,2026-06-25,2021-02-22,2026-09-07
RAILTEL.NS,PARTIAL_REPLACEMENT,nse_equity,True,in_upstox_master,1322,1370,1319,3,51,99.77,2021-02-26,2026-06-25,2021-02-26,2026-09-07
ANURAS.NS,PARTIAL_REPLACEMENT,nse_equity,True,in_upstox_master,1311,1353,1308,3,45,99.77,2021-03-24,2026-07-06,2021-03-24,2026-09-07
EASEMYTRIP.NS,PARTIAL_REPLACEMENT,nse_equity,True,in_upstox_master,1308,1356,1305,3,51,99.77,2021-03-19,2026-06-25,2021-03-19,2026-09-07
JUBLINGREA.NS,PARTIAL_REPLACEMENT,nse_equity,True,in_upstox_master,1305,1356,1302,3,54,99.77,2021-03-19,2026-06-22,2021-03-19,2026-09-07
LXCHEM.NS,PARTIAL_REPLACEMENT,nse_equity,True,in_upstox_master,1304,1352,1301,3,51,99.77,2021-03-25,2026-06-25,2021-03-25,2026-09-07
KALYANKJIL.NS,PARTIAL_REPLACEMENT,nse_equity,True,in_upstox_master,1303,1351,1300,3,51,99.77,2021-03-26,2026-06-25,2021-03-26,2026-09-07
CRAFTSMAN.NS,PARTIAL_REPLACEMENT,nse_equity,True,in_upstox_master,1302,1352,1301,1,51,99.92,2021-03-25,2026-06-25,2021-03-25,2026-09-07
NAZARA.NS,PARTIAL_REPLACEMENT,nse_equity,True,in_upstox_master,1302,1350,1299,3,51,99.77,2021-03-30,2026-06-25,2021-03-30,2026-09-07
HECPROJECT.NS,PARTIAL_REPLACEMENT,nse_equity,True,in_upstox_master,1300,1316,1258,42,58,96.77,2016-03-30,2026-06-18,2016-09-20,2026-09-07
AJOONI.NS,PARTIAL_REPLACEMENT,nse_equity,True,in_upstox_master,1295,1334,1289,6,45,99.54,2016-04-27,2026-07-06,2016-12-12,2026-09-07
AMBICAAGAR.NS,PARTIAL_REPLACEMENT,nse_equity,True,in_upstox_master,1293,1331,1286,7,45,99.46,2021-04-22,2026-07-06,2021-04-22,2026-09-07
LODHA.NS,PARTIAL_REPLACEMENT,nse_equity,True,in_upstox_master,1290,1338,1287,3,51,99.77,2021-04-19,2026-06-25,2021-04-19,2026-09-07
ATALREAL.NS,PARTIAL_REPLACEMENT,nse_equity,True,in_upstox_master,1288,1277,1226,62,51,95.19,2020-10-15,2026-06-25,2020-10-15,2026-09-07
DEEPINDS.NS,PARTIAL_REPLACEMENT,nse_equity,True,in_upstox_master,1282,1333,1279,3,54,99.77,2021-04-27,2026-06-22,2021-04-27,2026-09-07
CLSEL.NS,PARTIAL_REPLACEMENT,nse_equity,True,in_upstox_master,1272,1322,1271,1,51,99.92,2021-05-12,2026-06-25,2021-05-12,2026-09-07
ANMOL.NS,PARTIAL_REPLACEMENT,nse_equity,True,in_upstox_master,1264,1306,1261,3,45,99.76,2021-06-04,2026-07-06,2021-06-04,2026-09-07
ARIHANTCAP.NS,PARTIAL_REPLACEMENT,nse_equity,True,in_upstox_master,1258,1299,1254,4,45,99.68,2021-06-15,2026-07-06,2021-06-15,2026-09-07
AQYLON.NS,PARTIAL_REPLACEMENT,nse_equity,True,in_upstox_master,1249,603,558,691,45,44.68,2021-06-22,2026-07-06,2024-04-02,2026-09-07
RELIABLE.NS,PARTIAL_REPLACEMENT,nse_equity,True,in_upstox_master,1247,1307,1246,1,61,99.92,2017-10-11,2026-06-18,2017-10-11,2026-09-07
SERVOTECH.NS,PARTIAL_REPLACEMENT,nse_equity,True,in_upstox_master,1246,1244,1193,53,51,95.75,2021-06-22,2026-06-25,2021-09-02,2026-09-07
SHYAMMETL.NS,PARTIAL_REPLACEMENT,nse_equity,True,in_upstox_master,1244,1292,1241,3,51,99.76,2021-06-24,2026-06-25,2021-06-24,2026-09-07
SONACOMS.NS,PARTIAL_REPLACEMENT,nse_equity,True,in_upstox_master,1244,1292,1241,3,51,99.76,2021-06-24,2026-06-25,2021-06-24,2026-09-07
SBCL.NS,PARTIAL_REPLACEMENT,nse_equity,True,in_upstox_master,1243,1292,1241,2,51,99.84,2021-06-24,2026-06-25,2021-06-24,2026-09-07
KIMS.NS,PARTIAL_REPLACEMENT,nse_equity,True,in_upstox_master,1242,1290,1239,3,51,99.76,2021-06-28,2026-06-25,2021-06-28,2026-09-07
ACL.NS,PARTIAL_REPLACEMENT,nse_equity,True,in_upstox_master,1241,828,783,458,45,63.09,2021-07-06,2026-07-06,2023-05-10,2026-09-07
3PLAND.NS,PARTIAL_REPLACEMENT,nse_equity,True,in_upstox_master,1240,2346,1237,3,1109,99.76,2021-07-01,2026-07-06,2016-09-06,2026-09-07
20MICRONS.NS,PARTIAL_REPLACEMENT,nse_equity,True,in_upstox_master,1239,2477,1236,3,1241,99.76,2021-07-02,2026-07-06,2016-09-06,2026-09-07
360ONE.NS,PARTIAL_REPLACEMENT,nse_equity,True,in_upstox_master,1239,1729,1236,3,493,99.76,2021-07-02,2026-07-06,2019-09-19,2026-09-07
3MINDIA.NS,PARTIAL_REPLACEMENT,nse_equity,True,in_upstox_master,1239,2477,1237,2,1240,99.84,2021-07-01,2026-07-06,2016-09-06,2026-09-07
21STCENMGM.NS,PARTIAL_REPLACEMENT,nse_equity,True,in_upstox_master,1238,2118,1236,2,882,99.84,2021-07-02,2026-07-06,2018-01-11,2026-09-07
63MOONS.NS,PARTIAL_REPLACEMENT,nse_equity,True,in_upstox_master,1238,2477,1234,4,1243,99.68,2021-07-06,2026-07-06,2016-09-06,2026-09-07
5PAISA.NS,PARTIAL_REPLACEMENT,nse_equity,True,in_upstox_master,1237,2182,1234,3,948,99.76,2021-07-06,2026-07-06,2017-11-16,2026-09-07
TPHQ.NS,PARTIAL_REPLACEMENT,nse_equity,True,in_upstox_master,1230,1252,1196,34,56,97.24,2016-01-01,2026-06-18,2016-09-06,2026-09-07
ALIVUS.NS,PARTIAL_REPLACEMENT,nse_equity,True,in_upstox_master,1227,1270,1224,3,46,99.76,2018-06-12,2026-07-06,2018-04-06,2026-09-07
ETERNAL.NS,PARTIAL_REPLACEMENT,nse_equity,True,in_upstox_master,1224,1272,1221,3,51,99.75,2021-07-23,2026-06-25,2021-07-23,2026-09-07
CLEAN.NS,PARTIAL_REPLACEMENT,nse_equity,True,in_upstox_master,1223,1275,1220,3,55,99.75,2021-07-19,2026-06-19,2021-07-19,2026-09-07
KPIGREEN.NS,PARTIAL_REPLACEMENT,nse_equity,True,in_upstox_master,1222,1269,1218,4,51,99.67,2021-07-27,2026-06-25,2021-07-27,2026-09-07
APTUS.NS,PARTIAL_REPLACEMENT,nse_equity,True,in_upstox_master,1210,1251,1206,4,45,99.67,2021-08-24,2026-07-06,2021-08-24,2026-09-07
DEVYANI.NS,PARTIAL_REPLACEMENT,nse_equity,True,in_upstox_master,1208,1256,1205,3,51,99.75,2021-08-16,2026-06-25,2021-08-16,2026-09-07
KIRLFER.NS,PARTIAL_REPLACEMENT,nse_equity,True,in_upstox_master,1206,98,47,1159,51,3.9,2016-01-01,2026-06-25,2026-04-20,2026-09-07
CARTRADE.NS,PARTIAL_REPLACEMENT,nse_equity,True,in_upstox_master,1205,1253,1202,3,51,99.75,2021-08-20,2026-06-25,2021-08-20,2026-09-07
NUVOCO.NS,PARTIAL_REPLACEMENT,nse_equity,True,in_upstox_master,1204,1252,1201,3,51,99.75,2021-08-23,2026-06-25,2021-08-23,2026-09-07
CHEMPLASTS.NS,PARTIAL_REPLACEMENT,nse_equity,True,in_upstox_master,1203,1251,1200,3,51,99.75,2021-08-24,2026-06-25,2021-08-24,2026-09-07
ACUTAAS.NS,PARTIAL_REPLACEMENT,nse_equity,True,in_upstox_master,1196,1237,1192,4,45,99.67,2021-09-14,2026-07-06,2021-09-14,2026-09-07
STARHEALTH.NS,PARTIAL_REPLACEMENT,nse_equity,True,in_upstox_master,1189,1214,1162,27,52,97.73,2016-01-04,2026-06-25,2016-09-09,2026-09-07
VIJAYA.NS,PARTIAL_REPLACEMENT,nse_equity,True,in_upstox_master,1188,1237,1186,2,51,99.83,2021-09-14,2026-06-25,2021-09-14,2026-09-07
SANSERA.NS,PARTIAL_REPLACEMENT,nse_equity,True,in_upstox_master,1181,1229,1178,3,51,99.75,2021-09-24,2026-06-25,2021-09-24,2026-09-07
ABSLAMC.NS,PARTIAL_REPLACEMENT,nse_equity,True,in_upstox_master,1177,1218,1173,4,45,99.66,2021-10-11,2026-07-06,2021-10-11,2026-09-07
PARAS.NS,PARTIAL_REPLACEMENT,nse_equity,True,in_upstox_master,1176,1224,1173,3,51,99.74,2021-10-01,2026-06-25,2021-10-01,2026-09-07
KAMOPAINTS.NS,PARTIAL_REPLACEMENT,nse_equity,True,in_upstox_master,1164,1100,1039,125,61,89.26,2016-01-11,2026-06-18,2016-09-07,2026-09-07
LATENTVIEW.NS,PARTIAL_REPLACEMENT,nse_equity,True,in_upstox_master,1158,1206,1155,3,51,99.74,2019-02-22,2026-06-25,2019-02-22,2026-09-07
NYKAA.NS,PARTIAL_REPLACEMENT,nse_equity,True,in_upstox_master,1150,1198,1147,3,51,99.74,2021-11-10,2026-06-25,2021-11-10,2026-09-07
FINOPB.NS,PARTIAL_REPLACEMENT,nse_equity,True,in_upstox_master,1148,1196,1145,3,51,99.74,2021-11-12,2026-06-25,2021-11-12,2026-09-07
POLICYBZR.NS,PARTIAL_REPLACEMENT,nse_equity,True,in_upstox_master,1146,1195,1144,2,51,99.83,2021-11-15,2026-06-25,2021-11-15,2026-09-07
SJS.NS,PARTIAL_REPLACEMENT,nse_equity,True,in_upstox_master,1146,1195,1144,2,51,99.83,2021-11-15,2026-06-25,2021-11-15,2026-09-07
PAYTM.NS,PARTIAL_REPLACEMENT,nse_equity,True,in_upstox_master,1144,1192,1141,3,51,99.74,2021-11-18,2026-06-25,2021-11-18,2026-09-07
SAPPHIRE.NS,PARTIAL_REPLACEMENT,nse_equity,True,in_upstox_master,1144,1192,1141,3,51,99.74,2021-11-18,2026-06-25,2021-11-18,2026-09-07
SBC.NS,PARTIAL_REPLACEMENT,nse_equity,True,in_upstox_master,1142,1190,1139,3,51,99.74,2021-11-23,2026-06-25,2021-11-23,2026-09-07
PIXTRANS.NS,PARTIAL_REPLACEMENT,nse_equity,True,in_upstox_master,1140,1189,1133,7,56,99.39,2016-01-05,2026-06-18,2016-09-06,2026-09-07
TARSONS.NS,PARTIAL_REPLACEMENT,nse_equity,True,in_upstox_master,1139,1187,1136,3,51,99.74,2021-11-26,2026-06-25,2021-11-26,2026-09-07
GOCOLORS.NS,PARTIAL_REPLACEMENT,nse_equity,True,in_upstox_master,1136,1185,1134,2,51,99.82,2021-11-30,2026-06-25,2021-11-30,2026-09-07
ANANDRATHI.NS,PARTIAL_REPLACEMENT,nse_equity,True,in_upstox_master,1134,1175,1130,4,45,99.65,2021-12-14,2026-07-06,2021-12-14,2026-09-07
PARASPETRO.NS,PARTIAL_REPLACEMENT,nse_equity,True,in_upstox_master,1131,1024,967,164,57,85.5,2016-01-01,2026-06-18,2016-09-06,2026-09-07
TEGA.NS,PARTIAL_REPLACEMENT,nse_equity,True,in_upstox_master,1127,1176,1125,2,51,99.82,2021-12-13,2026-06-25,2021-12-13,2026-09-07
RATEGAIN.NS,PARTIAL_REPLACEMENT,nse_equity,True,in_upstox_master,1123,1172,1121,2,51,99.82,2021-12-17,2026-06-25,2021-12-17,2026-09-07
MAPMYINDIA.NS,PARTIAL_REPLACEMENT,nse_equity,True,in_upstox_master,1121,1170,1119,2,51,99.82,2021-12-21,2026-06-25,2021-12-21,2026-09-07
JTLIND.NS,PARTIAL_REPLACEMENT,nse_equity,True,in_upstox_master,1120,1168,1117,3,51,99.73,2021-12-23,2026-06-25,2021-12-23,2026-09-07
DATAPATTNS.NS,PARTIAL_REPLACEMENT,nse_equity,True,in_upstox_master,1119,1167,1116,3,51,99.73,2021-12-24,2026-06-25,2021-12-24,2026-09-07
ROTO.NS,PARTIAL_REPLACEMENT,nse_equity,True,in_upstox_master,1119,1147,1090,29,57,97.41,2016-01-07,2026-06-18,2016-09-08,2026-09-07
SUPRIYA.NS,PARTIAL_REPLACEMENT,nse_equity,True,in_upstox_master,1116,1165,1114,2,51,99.82,2021-12-28,2026-06-25,2021-12-28,2026-09-07
ABCOTS.NS,PARTIAL_REPLACEMENT,nse_equity,True,in_upstox_master,1111,899,854,257,45,76.87,2022-01-11,2026-07-06,2022-01-11,2026-09-07
GRWRHITECH.NS,PARTIAL_REPLACEMENT,nse_equity,True,in_upstox_master,1091,1139,1088,3,51,99.73,2022-02-03,2026-06-25,2022-02-03,2026-09-07
AWL.NS,PARTIAL_REPLACEMENT,nse_equity,True,in_upstox_master,1088,1065,1014,74,51,93.2,2022-02-08,2026-06-25,2022-02-08,2026-09-07
KENNAMET.NS,PARTIAL_REPLACEMENT,nse_equity,True,in_upstox_master,1080,98,42,1038,56,3.89,2019-08-20,2026-06-18,2026-04-20,2026-09-07
RAINBOW.NS,PARTIAL_REPLACEMENT,nse_equity,True,in_upstox_master,1062,1115,1060,2,55,99.81,2019-04-01,2026-06-19,2019-04-01,2026-09-07
GMRP&UI.NS,PARTIAL_REPLACEMENT,nse_equity,True,in_upstox_master,1059,1107,1056,3,51,99.72,2022-03-23,2026-06-25,2022-03-23,2026-09-07
MSUMI.NS,PARTIAL_REPLACEMENT,nse_equity,True,in_upstox_master,1056,1104,1053,3,51,99.72,2022-03-28,2026-06-25,2022-03-28,2026-09-07
SHAILY.NS,PARTIAL_REPLACEMENT,nse_equity,True,in_upstox_master,1051,1099,1048,3,51,99.71,2022-04-04,2026-06-25,2022-04-04,2026-09-07
KRISHNADEF.NS,PARTIAL_REPLACEMENT,nse_equity,True,in_upstox_master,1048,1087,1036,12,51,98.85,2022-04-06,2026-06-25,2022-04-06,2026-09-07
CHOICEIN.NS,PARTIAL_REPLACEMENT,nse_equity,True,in_upstox_master,1046,1095,1044,2,51,99.81,2022-04-08,2026-06-25,2022-04-08,2026-09-07
HARIOMPIPE.NS,PARTIAL_REPLACEMENT,nse_equity,True,in_upstox_master,1044,1092,1041,3,51,99.71,2022-04-13,2026-06-25,2022-04-13,2026-09-07
JSLL.NS,PARTIAL_REPLACEMENT,nse_equity,True,in_upstox_master,1042,1077,1026,16,51,98.46,2022-04-19,2026-06-25,2022-04-19,2026-09-07
DELHIVERY.NS,PARTIAL_REPLACEMENT,nse_equity,True,in_upstox_master,1026,1066,1015,11,51,98.93,2016-01-18,2026-06-25,2022-05-24,2026-09-07
AKSHAR.NS,PARTIAL_REPLACEMENT,nse_equity,True,in_upstox_master,1025,1067,1022,3,45,99.71,2022-05-23,2026-07-06,2022-05-23,2026-09-07
LICI.NS,PARTIAL_REPLACEMENT,nse_equity,True,in_upstox_master,1023,1071,1020,3,51,99.71,2022-05-17,2026-06-25,2022-05-17,2026-09-07
KOVAI.NS,PARTIAL_REPLACEMENT,nse_equity,True,in_upstox_master,1020,98,42,978,56,4.12,2016-01-01,2026-06-18,2026-04-20,2026-09-07
AETHER.NS,PARTIAL_REPLACEMENT,nse_equity,True,in_upstox_master,1017,1058,1013,4,45,99.61,2022-06-03,2026-07-06,2022-06-03,2026-09-07
PARADEEP.NS,PARTIAL_REPLACEMENT,nse_equity,True,in_upstox_master,1015,1063,1012,3,51,99.7,2022-05-27,2026-06-25,2022-05-27,2026-09-07
SPLPETRO.NS,PARTIAL_REPLACEMENT,nse_equity,True,in_upstox_master,1014,1066,1011,3,55,99.7,2022-05-24,2026-06-19,2022-05-24,2026-09-07
FUSION.NS,PARTIAL_REPLACEMENT,nse_equity,True,in_upstox_master,1013,947,891,122,56,87.96,2016-02-22,2026-06-18,2022-11-15,2026-09-07
MEDICO.NS,PARTIAL_REPLACEMENT,nse_equity,True,in_upstox_master,1008,1063,1007,1,56,99.9,2022-05-26,2026-06-18,2022-05-26,2026-09-07
MANORAMA.NS,PARTIAL_REPLACEMENT,nse_equity,True,in_upstox_master,990,1038,987,3,51,99.7,2022-07-01,2026-06-25,2022-07-01,2026-09-07
EMIL.NS,PARTIAL_REPLACEMENT,nse_equity,True,in_upstox_master,976,966,910,66,56,93.24,2016-05-24,2026-06-18,2022-10-17,2026-09-07
MNC.NS,PARTIAL_REPLACEMENT,nse_equity,True,in_upstox_master,976,1008,952,24,56,97.54,2016-01-04,2026-06-18,2022-08-16,2026-09-07
DYCL.NS,PARTIAL_REPLACEMENT,nse_equity,True,in_upstox_master,972,1020,969,3,51,99.69,2022-07-27,2026-06-25,2022-07-27,2026-09-07
SYRMA.NS,PARTIAL_REPLACEMENT,nse_equity,True,in_upstox_master,952,1000,949,3,51,99.68,2022-08-26,2026-06-25,2022-08-26,2026-09-07
GRMOVER.NS,PARTIAL_REPLACEMENT,nse_equity,True,in_upstox_master,945,993,942,3,51,99.68,2022-09-07,2026-06-25,2022-09-07,2026-09-07
GOYALALUM.NS,PARTIAL_REPLACEMENT,nse_equity,True,in_upstox_master,940,934,878,62,56,93.4,2016-01-01,2026-06-18,2016-09-06,2026-09-07
TMB.NS,PARTIAL_REPLACEMENT,nse_equity,True,in_upstox_master,938,987,936,2,51,99.79,2022-09-15,2026-06-25,2022-09-15,2026-09-07
PPLPHARMA.NS,PARTIAL_REPLACEMENT,nse_equity,True,in_upstox_master,916,964,913,3,51,99.67,2022-10-19,2026-06-25,2022-10-19,2026-09-07
MEDANTA.NS,PARTIAL_REPLACEMENT,nse_equity,True,in_upstox_master,906,952,901,5,51,99.45,2016-01-06,2026-06-25,2017-01-06,2026-09-07
ACI.NS,PARTIAL_REPLACEMENT,nse_equity,True,in_upstox_master,901,943,898,3,45,99.67,2022-11-21,2026-07-06,2022-11-21,2026-09-07
AEROENTER.NS,PARTIAL_REPLACEMENT,nse_equity,True,in_upstox_master,901,943,898,3,45,99.67,2022-11-21,2026-07-06,2022-11-21,2026-09-07
DCXINDIA.NS,PARTIAL_REPLACEMENT,nse_equity,True,in_upstox_master,901,949,898,3,51,99.67,2022-11-11,2026-06-25,2022-11-11,2026-09-07
FIVESTAR.NS,PARTIAL_REPLACEMENT,nse_equity,True,in_upstox_master,894,943,892,2,51,99.78,2022-11-21,2026-06-25,2022-11-21,2026-09-07
KAYNES.NS,PARTIAL_REPLACEMENT,nse_equity,True,in_upstox_master,894,942,891,3,51,99.66,2022-11-22,2026-06-25,2022-11-22,2026-09-07
BIKAJI.NS,PARTIAL_REPLACEMENT,nse_equity,True,in_upstox_master,893,946,891,2,55,99.78,2022-11-16,2026-06-19,2022-11-16,2026-09-07
INOXGREEN.NS,PARTIAL_REPLACEMENT,nse_equity,True,in_upstox_master,893,941,890,3,51,99.66,2022-11-23,2026-06-25,2022-11-23,2026-09-07
AVALON.NS,PARTIAL_REPLACEMENT,nse_equity,True,in_upstox_master,887,843,792,95,51,89.29,2016-01-01,2026-06-25,2023-04-18,2026-09-07
GOODYEAR.NS,PARTIAL_REPLACEMENT,nse_equity,True,in_upstox_master,880,98,42,838,56,4.77,2016-01-07,2026-06-18,2026-04-20,2026-09-07
AFSL.NS,PARTIAL_REPLACEMENT,nse_equity,True,in_upstox_master,876,919,874,2,45,99.77,2022-12-23,2026-07-06,2022-12-23,2026-09-07
UNIPARTS.NS,PARTIAL_REPLACEMENT,nse_equity,True,in_upstox_master,876,928,874,2,54,99.77,2022-12-12,2026-06-22,2022-12-12,2026-09-07
AARTIPHARM.NS,PARTIAL_REPLACEMENT,nse_equity,True,in_upstox_master,871,912,867,4,45,99.54,2017-06-22,2026-07-06,2017-06-22,2026-09-07
KFINTECH.NS,PARTIAL_REPLACEMENT,nse_equity,True,in_upstox_master,867,917,864,3,53,99.65,2022-12-29,2026-06-25,2018-05-28,2026-09-07
AERONEU.NS,PARTIAL_REPLACEMENT,nse_equity,True,in_upstox_master,863,905,860,3,45,99.65,2023-01-12,2026-07-06,2023-01-12,2026-09-07
NSLNISP.NS,PARTIAL_REPLACEMENT,nse_equity,True,in_upstox_master,831,879,828,3,51,99.64,2023-02-20,2026-06-25,2023-02-20,2026-09-07
NOVARTIND.NS,PARTIAL_REPLACEMENT,nse_equity,True,in_upstox_master,800,98,41,759,57,5.12,2020-10-05,2026-06-17,2026-04-20,2026-09-07
RHL.NS,PARTIAL_REPLACEMENT,nse_equity,True,in_upstox_master,796,840,784,12,56,98.49,2016-02-05,2026-06-18,2016-10-17,2026-09-07
KIRLPNU.NS,PARTIAL_REPLACEMENT,nse_equity,True,in_upstox_master,788,837,786,2,51,99.75,2023-04-26,2026-06-25,2023-04-26,2026-09-07
MANKIND.NS,PARTIAL_REPLACEMENT,nse_equity,True,in_upstox_master,780,829,778,2,51,99.74,2023-05-09,2026-06-25,2023-05-09,2026-09-07
PTCIL.NS,PARTIAL_REPLACEMENT,nse_equity,True,in_upstox_master,757,806,755,2,51,99.74,2023-06-09,2026-06-25,2023-06-09,2026-09-07
SENCO.NS,PARTIAL_REPLACEMENT,nse_equity,True,in_upstox_master,734,782,731,3,51,99.59,2023-07-14,2026-06-25,2023-07-14,2026-09-07
LLOYDSME.NS,PARTIAL_REPLACEMENT,nse_equity,True,in_upstox_master,733,781,730,3,51,99.59,2023-07-17,2026-06-25,2023-07-17,2026-09-07
UTKARSHBNK.NS,PARTIAL_REPLACEMENT,nse_equity,True,in_upstox_master,729,777,726,3,51,99.59,2023-07-21,2026-06-25,2023-07-21,2026-09-07
NETWEB.NS,PARTIAL_REPLACEMENT,nse_equity,True,in_upstox_master,725,773,722,3,51,99.59,2023-07-27,2026-06-25,2023-07-27,2026-09-07
YATHARTH.NS,PARTIAL_REPLACEMENT,nse_equity,True,in_upstox_master,718,766,715,3,51,99.58,2023-08-07,2026-06-25,2023-08-07,2026-09-07
REDTAPE.NS,PARTIAL_REPLACEMENT,nse_equity,True,in_upstox_master,711,762,708,3,54,99.58,2023-08-11,2026-06-22,2023-08-11,2026-09-07
CONCORDBIO.NS,PARTIAL_REPLACEMENT,nse_equity,True,in_upstox_master,710,758,707,3,51,99.58,2023-08-18,2026-06-25,2023-08-18,2026-09-07
JIOFIN.NS,PARTIAL_REPLACEMENT,nse_equity,True,in_upstox_master,709,757,706,3,51,99.58,2023-08-21,2026-06-25,2023-08-21,2026-09-07
AEROFLEX.NS,PARTIAL_REPLACEMENT,nse_equity,True,in_upstox_master,708,749,704,4,45,99.44,2023-08-31,2026-07-06,2023-08-31,2026-09-07
SBFC.NS,PARTIAL_REPLACEMENT,nse_equity,True,in_upstox_master,708,760,705,3,55,99.58,2023-08-16,2026-06-19,2023-08-16,2026-09-07
SANDUMA.NS,PARTIAL_REPLACEMENT,nse_equity,True,in_upstox_master,696,744,693,3,51,99.57,2023-09-07,2026-06-25,2023-09-07,2026-09-07
RATNAVEER.NS,PARTIAL_REPLACEMENT,nse_equity,True,in_upstox_master,693,742,691,2,51,99.71,2023-09-11,2026-06-25,2023-09-11,2026-09-07
RRKABEL.NS,PARTIAL_REPLACEMENT,nse_equity,True,in_upstox_master,688,736,685,3,51,99.56,2023-09-20,2026-06-25,2023-09-20,2026-09-07
EMSLIMITED.NS,PARTIAL_REPLACEMENT,nse_equity,True,in_upstox_master,687,735,684,3,51,99.56,2023-09-21,2026-06-25,2023-09-21,2026-09-07
NUVAMA.NS,PARTIAL_REPLACEMENT,nse_equity,True,in_upstox_master,684,732,681,3,51,99.56,2023-09-26,2026-06-25,2023-09-26,2026-09-07
SIGNATURE.NS,PARTIAL_REPLACEMENT,nse_equity,True,in_upstox_master,681,731,680,1,51,99.85,2023-09-27,2026-06-25,2023-09-27,2026-09-07
JSWINFRA.NS,PARTIAL_REPLACEMENT,nse_equity,True,in_upstox_master,680,728,677,3,51,99.56,2023-10-03,2026-06-25,2023-10-03,2026-09-07
BLUEJET.NS,PARTIAL_REPLACEMENT,nse_equity,True,in_upstox_master,660,708,657,3,51,99.55,2023-11-01,2026-06-25,2023-11-01,2026-09-07
AMNPLST.NS,PARTIAL_REPLACEMENT,nse_equity,True,in_upstox_master,659,701,656,3,45,99.54,2023-11-10,2026-07-06,2023-11-10,2026-09-07
HONASA.NS,PARTIAL_REPLACEMENT,nse_equity,True,in_upstox_master,655,704,653,2,51,99.69,2023-11-07,2026-06-25,2023-11-07,2026-09-07
IREDA.NS,PARTIAL_REPLACEMENT,nse_equity,True,in_upstox_master,641,689,638,3,51,99.53,2023-11-29,2026-06-25,2023-11-29,2026-09-07
GANDHAR.NS,PARTIAL_REPLACEMENT,nse_equity,True,in_upstox_master,640,688,637,3,51,99.53,2023-11-30,2026-06-25,2023-11-30,2026-09-07
TATATECH.NS,PARTIAL_REPLACEMENT,nse_equity,True,in_upstox_master,640,688,637,3,51,99.53,2023-11-30,2026-06-25,2023-11-30,2026-09-07
SHIVAUM.NS,PARTIAL_REPLACEMENT,nse_equity,True,in_upstox_master,638,528,471,167,57,73.82,2016-01-01,2026-06-17,2016-09-06,2026-09-07
BAJEL.NS,PARTIAL_REPLACEMENT,nse_equity,True,in_upstox_master,627,675,624,3,51,99.52,2023-12-19,2026-06-25,2023-12-19,2026-09-07
DOMS.NS,PARTIAL_REPLACEMENT,nse_equity,True,in_upstox_master,625,674,623,2,51,99.68,2023-12-20,2026-06-25,2023-12-20,2026-09-07
INOXINDIA.NS,PARTIAL_REPLACEMENT,nse_equity,True,in_upstox_master,624,673,622,2,51,99.68,2023-12-21,2026-06-25,2023-12-21,2026-09-07
MOTISONS.NS,PARTIAL_REPLACEMENT,nse_equity,True,in_upstox_master,623,671,620,3,51,99.52,2023-12-26,2026-06-25,2023-12-26,2026-09-07
AZAD.NS,PARTIAL_REPLACEMENT,nse_equity,True,in_upstox_master,621,669,618,3,51,99.52,2023-12-28,2026-06-25,2023-12-28,2026-09-07
JYOTICNC.NS,PARTIAL_REPLACEMENT,nse_equity,True,in_upstox_master,608,656,605,3,51,99.51,2024-01-16,2026-06-25,2024-01-16,2026-09-07
GRAUWEIL.NS,PARTIAL_REPLACEMENT,nse_equity,True,in_upstox_master,593,98,42,551,56,7.08,2021-08-05,2026-06-18,2026-04-20,2026-09-07
JSFB.NS,PARTIAL_REPLACEMENT,nse_equity,True,in_upstox_master,588,636,585,3,51,99.49,2024-02-14,2026-06-25,2024-02-14,2026-09-07
RPTECH.NS,PARTIAL_REPLACEMENT,nse_equity,True,in_upstox_master,588,636,585,3,51,99.49,2024-02-14,2026-06-25,2024-02-14,2026-09-07
EXICOM.NS,PARTIAL_REPLACEMENT,nse_equity,True,in_upstox_master,573,621,570,3,51,99.48,2024-03-05,2026-06-25,2024-03-05,2026-09-07
AIIL.NS,PARTIAL_REPLACEMENT,nse_equity,True,in_upstox_master,550,591,546,4,45,99.27,2024-04-23,2026-07-06,2024-04-23,2026-09-07
BHARTIHEXA.NS,PARTIAL_REPLACEMENT,nse_equity,True,in_upstox_master,545,597,542,3,55,99.45,2024-04-12,2026-06-19,2024-04-12,2026-09-07
BALUFORGE.NS,PARTIAL_REPLACEMENT,nse_equity,True,in_upstox_master,539,587,536,3,51,99.44,2024-04-29,2026-06-25,2024-04-29,2026-09-07
JNKINDIA.NS,PARTIAL_REPLACEMENT,nse_equity,True,in_upstox_master,537,586,535,2,51,99.63,2024-04-30,2026-06-25,2024-04-30,2026-09-07
AADHARHFC.NS,PARTIAL_REPLACEMENT,nse_equity,True,in_upstox_master,535,576,531,4,45,99.25,2024-05-15,2026-07-06,2024-05-15,2026-09-07
ABSLPSE.NS,PARTIAL_REPLACEMENT,nse_equity,True,in_upstox_master,531,570,525,6,45,98.87,2024-05-21,2026-07-06,2024-05-23,2026-09-07
TBOTEK.NS,PARTIAL_REPLACEMENT,nse_equity,True,in_upstox_master,528,576,525,3,51,99.43,2024-05-15,2026-06-25,2024-05-15,2026-09-07
INDGN.NS,PARTIAL_REPLACEMENT,nse_equity,True,in_upstox_master,526,578,523,3,55,99.43,2024-05-13,2026-06-19,2024-05-13,2026-09-07
GODIGIT.NS,PARTIAL_REPLACEMENT,nse_equity,True,in_upstox_master,521,570,519,2,51,99.62,2024-05-23,2026-06-25,2024-05-23,2026-09-07
IXIGO.NS,PARTIAL_REPLACEMENT,nse_equity,True,in_upstox_master,505,553,502,3,51,99.41,2024-06-18,2026-06-25,2024-06-18,2026-09-07
ABDL.NS,PARTIAL_REPLACEMENT,nse_equity,True,in_upstox_master,501,543,498,3,45,99.4,2024-07-02,2026-07-06,2024-07-02,2026-09-07
AGIIL.NS,PARTIAL_REPLACEMENT,nse_equity,True,in_upstox_master,493,534,489,4,45,99.19,2024-07-15,2026-07-06,2024-07-15,2026-09-07
ABGSEC.NS,PARTIAL_REPLACEMENT,nse_equity,True,in_upstox_master,491,507,466,25,41,94.91,2024-07-10,2026-07-06,2024-07-10,2026-09-07
EMCURE.NS,PARTIAL_REPLACEMENT,nse_equity,True,in_upstox_master,489,537,486,3,51,99.39,2024-07-10,2026-06-25,2024-07-10,2026-09-07
AKUMS.NS,PARTIAL_REPLACEMENT,nse_equity,True,in_upstox_master,476,519,474,2,45,99.58,2024-08-06,2026-07-06,2024-08-06,2026-09-07
RELTD.NS,PARTIAL_REPLACEMENT,nse_equity,True,in_upstox_master,476,524,473,3,51,99.37,2024-07-30,2026-06-25,2024-07-30,2026-09-07
AVANTEL.NS,PARTIAL_REPLACEMENT,nse_equity,True,in_upstox_master,475,523,472,3,51,99.37,2024-07-31,2026-06-25,2024-07-31,2026-09-07
CEIGALL.NS,PARTIAL_REPLACEMENT,nse_equity,True,in_upstox_master,468,517,466,2,51,99.57,2024-08-08,2026-06-25,2024-08-08,2026-09-07
OLAELEC.NS,PARTIAL_REPLACEMENT,nse_equity,True,in_upstox_master,468,516,465,3,51,99.36,2024-08-09,2026-06-25,2024-08-09,2026-09-07
FIRSTCRY.NS,PARTIAL_REPLACEMENT,nse_equity,True,in_upstox_master,466,514,463,3,51,99.36,2024-08-13,2026-06-25,2024-08-13,2026-09-07
UNIECOM.NS,PARTIAL_REPLACEMENT,nse_equity,True,in_upstox_master,466,514,463,3,51,99.36,2024-08-13,2026-06-25,2024-08-13,2026-09-07
MODEFENCE.NS,PARTIAL_REPLACEMENT,nse_equity,True,in_upstox_master,459,505,454,5,51,98.91,2024-08-26,2026-06-26,2024-08-27,2026-09-07
PREMIERENE.NS,PARTIAL_REPLACEMENT,nse_equity,True,in_upstox_master,452,500,449,3,51,99.34,2024-09-03,2026-06-25,2024-09-03,2026-09-07
RAYMONDLSL.NS,PARTIAL_REPLACEMENT,nse_equity,True,in_upstox_master,450,498,447,3,51,99.33,2024-09-05,2026-06-25,2024-09-05,2026-09-07
ARKADE.NS,PARTIAL_REPLACEMENT,nse_equity,True,in_upstox_master,443,485,440,3,45,99.32,2024-09-24,2026-07-06,2024-09-24,2026-09-07
BAJAJHFL.NS,PARTIAL_REPLACEMENT,nse_equity,True,in_upstox_master,443,491,440,3,51,99.32,2024-09-16,2026-06-25,2024-09-16,2026-09-07
LLOYDSENT.NS,PARTIAL_REPLACEMENT,nse_equity,True,in_upstox_master,420,469,418,2,51,99.52,2024-10-17,2026-06-25,2024-10-17,2026-09-07
VINCOFE.NS,PARTIAL_REPLACEMENT,nse_equity,True,in_upstox_master,420,468,417,3,51,99.29,2024-10-18,2026-06-25,2024-10-18,2026-09-07
HYUNDAI.NS,PARTIAL_REPLACEMENT,nse_equity,True,in_upstox_master,418,466,415,3,51,99.28,2024-10-22,2026-06-25,2024-10-22,2026-09-07
AFCONS.NS,PARTIAL_REPLACEMENT,nse_equity,True,in_upstox_master,416,457,412,4,45,99.04,2024-11-04,2026-07-06,2024-11-04,2026-09-07
WAAREEENER.NS,PARTIAL_REPLACEMENT,nse_equity,True,in_upstox_master,414,462,411,3,51,99.28,2024-10-28,2026-06-25,2024-10-28,2026-09-07
ACMESOLAR.NS,PARTIAL_REPLACEMENT,nse_equity,True,in_upstox_master,409,450,405,4,45,99.02,2024-11-13,2026-07-06,2024-11-13,2026-09-07
SAGILITY.NS,PARTIAL_REPLACEMENT,nse_equity,True,in_upstox_master,403,451,400,3,51,99.26,2024-11-12,2026-06-25,2024-11-12,2026-09-07
MASTERTR.NS,PARTIAL_REPLACEMENT,nse_equity,True,in_upstox_master,402,451,400,2,51,99.5,2024-11-12,2026-06-25,2024-11-12,2026-09-07
SWIGGY.NS,PARTIAL_REPLACEMENT,nse_equity,True,in_upstox_master,402,450,399,3,51,99.25,2024-11-13,2026-06-25,2024-11-13,2026-09-07
KMEW.NS,PARTIAL_REPLACEMENT,nse_equity,True,in_upstox_master,401,449,398,3,51,99.25,2024-11-14,2026-06-25,2024-11-14,2026-09-07
BLACKBUCK.NS,PARTIAL_REPLACEMENT,nse_equity,True,in_upstox_master,397,445,394,3,51,99.24,2024-11-22,2026-06-25,2024-11-22,2026-09-07
NIVABUPA.NS,PARTIAL_REPLACEMENT,nse_equity,True,in_upstox_master,396,449,394,2,55,99.49,2024-11-14,2026-06-19,2024-11-14,2026-09-07
NTPCGREEN.NS,PARTIAL_REPLACEMENT,nse_equity,True,in_upstox_master,394,442,391,3,51,99.24,2024-11-27,2026-06-25,2024-11-27,2026-09-07
EIEL.NS,PARTIAL_REPLACEMENT,nse_equity,True,in_upstox_master,392,440,389,3,51,99.23,2024-11-29,2026-06-25,2024-11-29,2026-09-07
ANUHPHR.NS,PARTIAL_REPLACEMENT,nse_equity,True,in_upstox_master,383,425,380,3,45,99.22,2024-12-20,2026-07-06,2024-12-20,2026-09-07
MOBIKWIK.NS,PARTIAL_REPLACEMENT,nse_equity,True,in_upstox_master,379,427,376,3,51,99.21,2024-12-18,2026-06-25,2024-12-18,2026-09-07
SAILIFE.NS,PARTIAL_REPLACEMENT,nse_equity,True,in_upstox_master,379,427,376,3,51,99.21,2024-12-18,2026-06-25,2024-12-18,2026-09-07
VMM.NS,PARTIAL_REPLACEMENT,nse_equity,True,in_upstox_master,379,427,376,3,51,99.21,2024-12-18,2026-06-25,2024-12-18,2026-09-07
IGIL.NS,PARTIAL_REPLACEMENT,nse_equity,True,in_upstox_master,377,425,374,3,51,99.2,2024-12-20,2026-06-25,2024-12-20,2026-09-07
IKS.NS,PARTIAL_REPLACEMENT,nse_equity,True,in_upstox_master,377,426,375,2,51,99.47,2024-12-19,2026-06-25,2024-12-19,2026-09-07
TRANSRAILL.NS,PARTIAL_REPLACEMENT,nse_equity,True,in_upstox_master,373,421,370,3,51,99.2,2024-12-27,2026-06-25,2024-12-27,2026-09-07
SENORES.NS,PARTIAL_REPLACEMENT,nse_equity,True,in_upstox_master,372,420,369,3,51,99.19,2024-12-30,2026-06-25,2024-12-30,2026-09-07
UNIMECH.NS,PARTIAL_REPLACEMENT,nse_equity,True,in_upstox_master,370,419,368,2,51,99.46,2024-12-31,2026-06-25,2024-12-31,2026-09-07
INDOFARM.NS,PARTIAL_REPLACEMENT,nse_equity,True,in_upstox_master,365,414,363,2,51,99.45,2025-01-07,2026-06-25,2025-01-07,2026-09-07
QUADFUTURE.NS,PARTIAL_REPLACEMENT,nse_equity,True,in_upstox_master,361,409,358,3,51,99.17,2025-01-14,2026-06-25,2025-01-14,2026-09-07
ONESOURCE.NS,PARTIAL_REPLACEMENT,nse_equity,True,in_upstox_master,353,401,350,3,51,99.15,2025-01-24,2026-06-25,2025-01-24,2026-09-07
AGARWALEYE.NS,PARTIAL_REPLACEMENT,nse_equity,True,in_upstox_master,350,393,348,2,45,99.43,2025-02-04,2026-07-06,2025-02-04,2026-09-07
ITCHOTELS.NS,PARTIAL_REPLACEMENT,nse_equity,True,in_upstox_master,350,398,347,3,51,99.14,2025-01-29,2026-06-25,2025-01-29,2026-09-07
MOSCHIP.NS,PARTIAL_REPLACEMENT,nse_equity,True,in_upstox_master,344,392,341,3,51,99.13,2025-02-05,2026-06-25,2025-02-05,2026-09-07
PROTEAN.NS,PARTIAL_REPLACEMENT,nse_equity,True,in_upstox_master,343,391,340,3,51,99.13,2025-02-06,2026-06-25,2025-02-06,2026-09-07
AJAXENGG.NS,PARTIAL_REPLACEMENT,nse_equity,True,in_upstox_master,342,384,339,3,45,99.12,2025-02-17,2026-07-06,2025-02-17,2026-09-07
MCLOUD.NS,PARTIAL_REPLACEMENT,nse_equity,True,in_upstox_master,342,390,339,3,51,99.12,2025-02-07,2026-06-25,2025-02-07,2026-09-07
NIBE.NS,PARTIAL_REPLACEMENT,nse_equity,True,in_upstox_master,342,390,339,3,51,99.12,2025-02-07,2026-06-25,2025-02-07,2026-09-07
AONETOTAL.NS,PARTIAL_REPLACEMENT,nse_equity,True,in_upstox_master,334,373,328,6,45,98.2,2025-03-03,2026-07-06,2025-03-05,2026-09-07
HEXT.NS,PARTIAL_REPLACEMENT,nse_equity,True,in_upstox_master,333,382,331,2,51,99.4,2025-02-19,2026-06-25,2025-02-19,2026-09-07
ATHERENERG.NS,PARTIAL_REPLACEMENT,nse_equity,True,in_upstox_master,287,335,284,3,51,98.95,2025-05-06,2026-06-25,2025-05-06,2026-09-07
AEGISVOPAK.NS,PARTIAL_REPLACEMENT,nse_equity,True,in_upstox_master,275,316,271,4,45,98.55,2025-06-02,2026-07-06,2025-06-02,2026-09-07
BELRISE.NS,PARTIAL_REPLACEMENT,nse_equity,True,in_upstox_master,271,319,268,3,51,98.89,2025-05-28,2026-06-25,2025-05-28,2026-09-07
THELEELA.NS,PARTIAL_REPLACEMENT,nse_equity,True,in_upstox_master,267,316,265,2,51,99.25,2025-06-02,2026-06-25,2025-06-02,2026-09-07
ABLBL.NS,PARTIAL_REPLACEMENT,nse_equity,True,in_upstox_master,260,301,256,4,45,98.46,2025-06-23,2026-07-06,2025-06-23,2026-09-07
BLUSPRING.NS,PARTIAL_REPLACEMENT,nse_equity,True,in_upstox_master,260,309,258,2,51,99.23,2025-06-11,2026-06-25,2025-06-11,2026-09-07
ARIS.NS,PARTIAL_REPLACEMENT,nse_equity,True,in_upstox_master,258,299,254,4,45,98.45,2025-06-25,2026-07-06,2025-06-25,2026-09-07
ENRIN.NS,PARTIAL_REPLACEMENT,nse_equity,True,in_upstox_master,255,303,252,3,51,98.82,2025-06-19,2026-06-25,2025-06-19,2026-09-07
OSWALPUMPS.NS,PARTIAL_REPLACEMENT,nse_equity,True,in_upstox_master,254,302,251,3,51,98.82,2025-06-20,2026-06-25,2025-06-20,2026-09-07
RAYMONDREL.NS,PARTIAL_REPLACEMENT,nse_equity,True,in_upstox_master,247,295,244,3,51,98.79,2025-07-01,2026-06-25,2025-07-01,2026-09-07
HDBFS.NS,PARTIAL_REPLACEMENT,nse_equity,True,in_upstox_master,246,294,243,3,51,98.78,2025-07-02,2026-06-25,2025-07-02,2026-09-07
ANTHEM.NS,PARTIAL_REPLACEMENT,nse_equity,True,in_upstox_master,240,281,236,4,45,98.33,2025-07-21,2026-07-06,2025-07-21,2026-09-07
ARFIN.NS,PARTIAL_REPLACEMENT,nse_equity,True,in_upstox_master,237,280,235,2,45,99.16,2025-07-22,2026-07-06,2025-07-22,2026-09-07
TRAVELFOOD.NS,PARTIAL_REPLACEMENT,nse_equity,True,in_upstox_master,234,286,231,3,55,98.72,2025-07-14,2026-06-19,2025-07-14,2026-09-07
EBGNG.NS,PARTIAL_REPLACEMENT,nse_equity,True,in_upstox_master,225,274,223,2,51,99.11,2025-07-30,2026-06-25,2025-07-30,2026-09-07
ALLTIME.NS,PARTIAL_REPLACEMENT,nse_equity,True,in_upstox_master,222,263,218,4,45,98.2,2025-08-14,2026-07-06,2025-08-14,2026-09-07
CPPLUS.NS,PARTIAL_REPLACEMENT,nse_equity,True,in_upstox_master,222,270,219,3,51,98.65,2025-08-05,2026-06-25,2025-08-05,2026-09-07
JSWCEMENT.NS,PARTIAL_REPLACEMENT,nse_equity,True,in_upstox_master,215,263,212,3,51,98.6,2025-08-14,2026-06-25,2025-08-14,2026-09-07
BLUESTONE.NS,PARTIAL_REPLACEMENT,nse_equity,True,in_upstox_master,212,261,210,2,51,99.06,2025-08-19,2026-06-25,2025-08-19,2026-09-07
VIKRAMSOLR.NS,PARTIAL_REPLACEMENT,nse_equity,True,in_upstox_master,211,256,207,4,49,98.1,2025-08-26,2026-06-30,2025-08-26,2026-09-07
AHCL.NS,PARTIAL_REPLACEMENT,nse_equity,True,in_upstox_master,210,251,206,4,45,98.1,2025-09-03,2026-07-06,2025-09-03,2026-09-07
SHREEJISPG.NS,PARTIAL_REPLACEMENT,nse_equity,True,in_upstox_master,208,256,205,3,51,98.56,2025-08-26,2026-06-25,2025-08-26,2026-09-07
GCSL.NS,PARTIAL_REPLACEMENT,nse_equity,True,in_upstox_master,200,249,198,2,51,99.0,2025-09-04,2026-06-25,2025-09-04,2026-09-07
VIKRAN.NS,PARTIAL_REPLACEMENT,nse_equity,True,in_upstox_master,200,251,197,3,54,98.5,2025-09-03,2026-06-22,2025-09-03,2026-09-07
URBANCO.NS,PARTIAL_REPLACEMENT,nse_equity,True,in_upstox_master,193,241,190,3,51,98.45,2025-09-17,2026-06-25,2025-09-17,2026-09-07
ARSSBL.NS,PARTIAL_REPLACEMENT,nse_equity,True,in_upstox_master,191,232,187,4,45,97.91,2025-09-30,2026-07-06,2025-09-30,2026-09-07
RHETAN.NS,PARTIAL_REPLACEMENT,nse_equity,True,in_upstox_master,186,234,183,3,51,98.39,2025-09-26,2026-06-25,2025-09-26,2026-09-07
ADVANCE.NS,PARTIAL_REPLACEMENT,nse_equity,True,in_upstox_master,185,227,182,3,45,98.38,2025-10-08,2026-07-06,2025-10-08,2026-09-07
EPACKPEB.NS,PARTIAL_REPLACEMENT,nse_equity,True,in_upstox_master,183,231,180,3,51,98.36,2025-10-01,2026-06-25,2025-10-01,2026-09-07
JAINREC.NS,PARTIAL_REPLACEMENT,nse_equity,True,in_upstox_master,183,231,180,3,51,98.36,2025-10-01,2026-06-25,2025-10-01,2026-09-07
TRUALT.NS,PARTIAL_REPLACEMENT,nse_equity,True,in_upstox_master,182,230,179,3,51,98.35,2025-10-03,2026-06-25,2025-10-03,2026-09-07
PACEDIGITK.NS,PARTIAL_REPLACEMENT,nse_equity,True,in_upstox_master,181,229,178,3,51,98.34,2025-10-06,2026-06-25,2025-10-06,2026-09-07
TATACAP.NS,PARTIAL_REPLACEMENT,nse_equity,True,in_upstox_master,176,224,173,3,51,98.3,2025-10-13,2026-06-25,2025-10-13,2026-09-07
LGEINDIA.NS,PARTIAL_REPLACEMENT,nse_equity,True,in_upstox_master,175,223,172,3,51,98.29,2025-10-14,2026-06-25,2025-10-14,2026-09-07
RUBICON.NS,PARTIAL_REPLACEMENT,nse_equity,True,in_upstox_master,171,221,170,1,51,99.42,2025-10-16,2026-06-25,2025-10-16,2026-09-07
CANHLIFE.NS,PARTIAL_REPLACEMENT,nse_equity,True,in_upstox_master,168,220,165,3,55,98.21,2025-10-17,2026-06-19,2025-10-17,2026-09-07
ADVENTHTL.NS,PARTIAL_REPLACEMENT,nse_equity,True,in_upstox_master,162,203,158,4,45,97.53,2025-11-13,2026-07-06,2025-11-13,2026-09-07
PIRAMALFIN.NS,PARTIAL_REPLACEMENT,nse_equity,True,in_upstox_master,159,207,156,3,51,98.11,2025-11-07,2026-06-25,2025-11-07,2026-09-07
STUDDS.NS,PARTIAL_REPLACEMENT,nse_equity,True,in_upstox_master,159,207,156,3,51,98.11,2025-11-07,2026-06-25,2025-11-07,2026-09-07
LENSKART.NS,PARTIAL_REPLACEMENT,nse_equity,True,in_upstox_master,158,206,155,3,51,98.1,2025-11-10,2026-06-25,2025-11-10,2026-09-07
GROWW.NS,PARTIAL_REPLACEMENT,nse_equity,True,in_upstox_master,156,204,153,3,51,98.08,2025-11-12,2026-06-25,2025-11-12,2026-09-07
TMCV.NS,PARTIAL_REPLACEMENT,nse_equity,True,in_upstox_master,156,204,153,3,51,98.08,2025-11-12,2026-06-25,2025-11-12,2026-09-07
PINELABS.NS,PARTIAL_REPLACEMENT,nse_equity,True,in_upstox_master,154,202,151,3,51,98.05,2025-11-14,2026-06-25,2025-11-14,2026-09-07
EMMVEE.NS,PARTIAL_REPLACEMENT,nse_equity,True,in_upstox_master,152,200,149,3,51,98.03,2025-11-18,2026-06-25,2025-11-18,2026-09-07
PWL.NS,PARTIAL_REPLACEMENT,nse_equity,True,in_upstox_master,152,200,149,3,51,98.03,2025-11-18,2026-06-25,2025-11-18,2026-09-07
TENNIND.NS,PARTIAL_REPLACEMENT,nse_equity,True,in_upstox_master,151,199,148,3,51,98.01,2025-11-19,2026-06-25,2025-11-19,2026-09-07
CAPILLARY.NS,PARTIAL_REPLACEMENT,nse_equity,True,in_upstox_master,149,197,146,3,51,97.99,2025-11-21,2026-06-25,2025-11-21,2026-09-07
SUDEEPPHRM.NS,PARTIAL_REPLACEMENT,nse_equity,True,in_upstox_master,144,192,141,3,51,97.92,2025-11-28,2026-06-25,2025-11-28,2026-09-07
AEQUS.NS,PARTIAL_REPLACEMENT,nse_equity,True,in_upstox_master,143,184,139,4,45,97.2,2025-12-10,2026-07-06,2025-12-10,2026-09-07
MEESHO.NS,PARTIAL_REPLACEMENT,nse_equity,True,in_upstox_master,136,184,133,3,51,97.79,2025-12-10,2026-06-25,2025-12-10,2026-09-07
VIDYAWIRES.NS,PARTIAL_REPLACEMENT,nse_equity,True,in_upstox_master,136,184,133,3,51,97.79,2025-12-10,2026-06-25,2025-12-10,2026-09-07
PARKHOSPS.NS,PARTIAL_REPLACEMENT,nse_equity,True,in_upstox_master,131,179,128,3,51,97.71,2025-12-17,2026-06-25,2025-12-17,2026-09-07
ICICIAMC.NS,PARTIAL_REPLACEMENT,nse_equity,True,in_upstox_master,129,177,126,3,51,97.67,2025-12-19,2026-06-25,2025-12-19,2026-09-07
KSHINTL.NS,PARTIAL_REPLACEMENT,nse_equity,True,in_upstox_master,127,175,124,3,51,97.64,2025-12-23,2026-06-25,2025-12-23,2026-09-07
ALGOQUANT.NS,PARTIAL_REPLACEMENT,nse_equity,True,in_upstox_master,124,166,121,3,45,97.58,2026-01-06,2026-07-06,2026-01-06,2026-09-07
ADVAIT.NS,PARTIAL_REPLACEMENT,nse_equity,True,in_upstox_master,115,157,112,3,45,97.39,2026-01-20,2026-07-06,2026-01-20,2026-09-07
AMAGI.NS,PARTIAL_REPLACEMENT,nse_equity,True,in_upstox_master,114,156,111,3,45,97.37,2026-01-21,2026-07-06,2026-01-21,2026-09-07
BHARATCOAL.NS,PARTIAL_REPLACEMENT,nse_equity,True,in_upstox_master,109,158,107,2,51,98.17,2026-01-19,2026-06-25,2026-01-19,2026-09-07
SHADOWFAX.NS,PARTIAL_REPLACEMENT,nse_equity,True,in_upstox_master,103,152,101,2,51,98.06,2026-01-28,2026-06-25,2026-01-28,2026-09-07
AYE.NS,PARTIAL_REPLACEMENT,nse_equity,True,in_upstox_master,89,138,87,2,51,97.75,2026-02-16,2026-06-25,2026-02-16,2026-09-07
FRACTAL.NS,PARTIAL_REPLACEMENT,nse_equity,True,in_upstox_master,89,138,87,2,51,97.75,2026-02-16,2026-06-25,2026-02-16,2026-09-07
KWIL.NS,PARTIAL_REPLACEMENT,nse_equity,True,in_upstox_master,89,138,87,2,51,97.75,2026-02-16,2026-06-25,2026-02-16,2026-09-07
AEPL.NS,PARTIAL_REPLACEMENT,nse_equity,True,in_upstox_master,78,121,76,2,45,97.44,2026-03-12,2026-07-06,2026-03-12,2026-09-07
CLEANMAX.NS,PARTIAL_REPLACEMENT,nse_equity,True,in_upstox_master,78,128,77,1,51,98.72,2026-03-02,2026-06-25,2026-03-02,2026-09-07
OMNI.NS,PARTIAL_REPLACEMENT,nse_equity,True,in_upstox_master,77,126,75,2,51,97.4,2026-03-05,2026-06-25,2026-03-05,2026-09-07
SEDEMAC.NS,PARTIAL_REPLACEMENT,nse_equity,True,in_upstox_master,73,122,71,2,51,97.26,2026-03-11,2026-06-25,2026-03-11,2026-09-07
MARSONS.NS,PARTIAL_REPLACEMENT,nse_equity,True,in_upstox_master,71,120,69,2,51,97.18,2026-03-13,2026-06-25,2026-03-13,2026-09-07
CMPDI.NS,PARTIAL_REPLACEMENT,nse_equity,True,in_upstox_master,61,110,59,2,51,96.72,2026-03-30,2026-06-25,2026-03-30,2026-09-07
POWERICA.NS,PARTIAL_REPLACEMENT,nse_equity,True,in_upstox_master,59,108,57,2,51,96.61,2026-04-02,2026-06-25,2026-04-02,2026-09-07
SAIPARENT.NS,PARTIAL_REPLACEMENT,nse_equity,True,in_upstox_master,58,108,57,1,51,98.28,2026-04-02,2026-06-25,2026-04-02,2026-09-07
AMBALALSA.NS,PARTIAL_REPLACEMENT,nse_equity,True,in_upstox_master,55,98,53,2,45,96.36,2026-04-20,2026-07-06,2026-04-20,2026-09-07
COCKERILL.NS,PARTIAL_REPLACEMENT,nse_equity,True,in_upstox_master,49,98,47,2,51,95.92,2026-04-20,2026-06-25,2026-04-20,2026-09-07
TIMEX.NS,PARTIAL_REPLACEMENT,nse_equity,True,in_upstox_master,48,98,47,1,51,97.92,2026-04-20,2026-06-25,2026-04-20,2026-09-07
KISSHT.NS,PARTIAL_REPLACEMENT,nse_equity,True,in_upstox_master,35,85,34,1,51,97.14,2026-05-08,2026-06-25,2026-05-08,2026-09-07
MARATHON.NS,SAFE_REPLACEMENT,nse_equity,True,in_upstox_master,2404,2461,2404,0,57,100.0,2016-09-29,2026-06-18,2016-09-29,2026-09-07
KINGFA.NS,SAFE_REPLACEMENT,nse_equity,True,in_upstox_master,2376,2432,2376,0,56,100.0,2016-11-15,2026-06-18,2016-11-15,2026-09-07
PODDARMENT.NS,SAFE_REPLACEMENT,nse_equity,True,in_upstox_master,2370,2427,2370,0,57,100.0,2016-11-22,2026-06-18,2016-11-22,2026-09-07
HEADSUP.NS,SAFE_REPLACEMENT,nse_equity,True,in_upstox_master,2355,2411,2355,0,56,100.0,2016-12-14,2026-06-18,2016-12-14,2026-09-07
TCIEXP.NS,SAFE_REPLACEMENT,nse_equity,True,in_upstox_master,2354,2410,2354,0,56,100.0,2016-12-15,2026-06-18,2016-12-15,2026-09-07
HISARMETAL.NS,SAFE_REPLACEMENT,nse_equity,True,in_upstox_master,2336,2394,2336,0,58,100.0,2017-01-05,2026-06-18,2017-01-05,2026-09-07
NBIFIN.NS,SAFE_REPLACEMENT,nse_equity,True,in_upstox_master,2336,2394,2336,0,58,100.0,2016-12-07,2026-06-18,2016-12-07,2026-09-07
KREBSBIO.NS,SAFE_REPLACEMENT,nse_equity,True,in_upstox_master,2329,2390,2329,0,61,100.0,2016-10-27,2026-06-18,2016-10-27,2026-09-07
INTENTECH.NS,SAFE_REPLACEMENT,nse_equity,True,in_upstox_master,2287,2343,2287,0,56,100.0,2017-03-23,2026-06-18,2017-03-23,2026-09-07
TASTYBITE.NS,SAFE_REPLACEMENT,nse_equity,True,in_upstox_master,2287,2343,2287,0,56,100.0,2017-03-23,2026-06-18,2017-03-23,2026-09-07
RADIOCITY.NS,SAFE_REPLACEMENT,nse_equity,True,in_upstox_master,2283,2339,2283,0,56,100.0,2017-03-17,2026-06-18,2017-03-17,2026-09-07
CORALFINAC.NS,SAFE_REPLACEMENT,nse_equity,True,in_upstox_master,2280,2337,2280,0,57,100.0,2017-03-29,2026-06-18,2017-03-29,2026-09-07
NRAIL.NS,SAFE_REPLACEMENT,nse_equity,True,in_upstox_master,2278,2335,2278,0,57,100.0,2017-04-05,2026-06-17,2017-04-05,2026-09-07
NACLIND.NS,SAFE_REPLACEMENT,nse_equity,True,in_upstox_master,2276,2333,2276,0,57,100.0,2017-04-07,2026-06-18,2017-04-07,2026-09-07
KIOCL.NS,SAFE_REPLACEMENT,nse_equity,True,in_upstox_master,2274,2330,2274,0,56,100.0,2016-11-29,2026-06-18,2016-11-29,2026-09-07
DOLLAR.NS,SAFE_REPLACEMENT,nse_equity,True,in_upstox_master,2268,2324,2268,0,56,100.0,2017-04-21,2026-06-18,2017-04-21,2026-09-07
URJA.NS,SAFE_REPLACEMENT,nse_equity,True,in_upstox_master,2258,2314,2258,0,56,100.0,2017-03-28,2026-06-18,2017-03-28,2026-09-07
SCHAND.NS,SAFE_REPLACEMENT,nse_equity,True,in_upstox_master,2257,2313,2257,0,56,100.0,2017-05-09,2026-06-18,2017-05-09,2026-09-07
PSPPROJECT.NS,SAFE_REPLACEMENT,nse_equity,True,in_upstox_master,2243,2299,2243,0,56,100.0,2017-05-29,2026-06-18,2017-05-29,2026-09-07
STARCEMENT.NS,SAFE_REPLACEMENT,nse_equity,True,in_upstox_master,2229,2285,2229,0,56,100.0,2017-06-16,2026-06-18,2017-06-16,2026-09-07
IDFNIFTYET.NS,SAFE_REPLACEMENT,etf_or_inav,True,in_upstox_master,2224,2345,2224,0,121,100.0,2016-10-18,2026-06-18,2016-10-18,2026-09-08
GTPL.NS,SAFE_REPLACEMENT,nse_equity,True,in_upstox_master,2218,2274,2218,0,56,100.0,2017-07-04,2026-06-18,2017-07-04,2026-09-07
DYNPRO.NS,SAFE_REPLACEMENT,nse_equity,True,in_upstox_master,2206,2263,2206,0,57,100.0,2017-07-19,2026-06-18,2017-07-19,2026-09-07
STEELXIND.NS,SAFE_REPLACEMENT,nse_equity,True,in_upstox_master,2206,2262,2206,0,56,100.0,2017-07-20,2026-06-18,2017-07-20,2026-09-07
SALASAR.NS,SAFE_REPLACEMENT,nse_equity,True,in_upstox_master,2203,2259,2203,0,56,100.0,2017-07-25,2026-06-18,2017-07-25,2026-09-07
THEINVEST.NS,SAFE_REPLACEMENT,nse_equity,True,in_upstox_master,2197,2253,2197,0,56,100.0,2017-08-02,2026-06-18,2017-08-02,2026-09-07
SIS.NS,SAFE_REPLACEMENT,nse_equity,True,in_upstox_master,2191,2247,2191,0,56,100.0,2017-08-10,2026-06-18,2017-08-10,2026-09-07
NEXT50BETA.NS,SAFE_REPLACEMENT,etf_or_inav,True,in_upstox_master,2189,2248,2189,0,59,100.0,2017-08-08,2026-06-17,2017-08-08,2026-09-08
OPTIEMUS.NS,SAFE_REPLACEMENT,nse_equity,True,in_upstox_master,2189,2248,2189,0,59,100.0,2017-08-08,2026-06-17,2017-08-08,2026-09-07
HALEOSLABS.NS,SAFE_REPLACEMENT,nse_equity,True,in_upstox_master,2186,2242,2186,0,56,100.0,2017-08-17,2026-06-18,2017-08-17,2026-09-07
MAGADSUGAR.NS,SAFE_REPLACEMENT,nse_equity,True,in_upstox_master,2173,2230,2173,0,57,100.0,2017-07-28,2026-06-18,2017-07-28,2026-09-07
BRNL.NS,SAFE_REPLACEMENT,nse_equity,True,in_upstox_master,2166,2222,2166,0,56,100.0,2017-09-18,2026-06-18,2017-09-18,2026-09-07
DCAL.NS,SAFE_REPLACEMENT,nse_equity,True,in_upstox_master,2163,2219,2163,0,56,100.0,2017-09-21,2026-06-18,2017-09-21,2026-09-07
MATRIMONY.NS,SAFE_REPLACEMENT,nse_equity,True,in_upstox_master,2163,2219,2163,0,56,100.0,2017-09-21,2026-06-18,2017-09-21,2026-09-07
GANGESSECU.NS,SAFE_REPLACEMENT,nse_equity,True,in_upstox_master,2162,2220,2162,0,58,100.0,2017-07-28,2026-06-18,2017-07-28,2026-09-07
CAPACITE.NS,SAFE_REPLACEMENT,nse_equity,True,in_upstox_master,2161,2217,2161,0,56,100.0,2017-09-25,2026-06-18,2017-09-25,2026-09-07
DIAMONDYD.NS,SAFE_REPLACEMENT,nse_equity,True,in_upstox_master,2154,2210,2154,0,56,100.0,2017-10-05,2026-06-18,2017-10-05,2026-09-07
PALASHSECU.NS,SAFE_REPLACEMENT,nse_equity,True,in_upstox_master,2148,2210,2148,0,62,100.0,2017-07-28,2026-06-17,2017-07-28,2026-09-07
GODREJAGRO.NS,SAFE_REPLACEMENT,nse_equity,True,in_upstox_master,2147,2203,2147,0,56,100.0,2017-10-16,2026-06-18,2017-10-16,2026-09-07
TCPLPACK.NS,SAFE_REPLACEMENT,nse_equity,True,in_upstox_master,2146,2202,2146,0,56,100.0,2017-10-17,2026-06-18,2017-10-17,2026-09-07
MASFIN.NS,SAFE_REPLACEMENT,nse_equity,True,in_upstox_master,2145,2201,2145,0,56,100.0,2017-10-18,2026-06-18,2017-10-18,2026-09-07
BIOFILCHEM.NS,SAFE_REPLACEMENT,nse_equity,True,in_upstox_master,2131,2189,2131,0,58,100.0,2017-07-27,2026-06-18,2017-07-27,2026-09-07
LASA.NS,SAFE_REPLACEMENT,nse_equity,True,in_upstox_master,2131,2187,2131,0,56,100.0,2017-09-21,2026-06-18,2017-09-21,2026-09-07
MAHLOG.NS,SAFE_REPLACEMENT,nse_equity,True,in_upstox_master,2130,2186,2130,0,56,100.0,2017-11-10,2026-06-18,2017-11-10,2026-09-07
IFGLEXPOR.NS,SAFE_REPLACEMENT,nse_equity,True,in_upstox_master,2128,2184,2128,0,56,100.0,2017-11-14,2026-06-18,2017-11-14,2026-09-07
ICICIB22.NS,SAFE_REPLACEMENT,nse_equity,True,in_upstox_master,2118,2174,2118,0,56,100.0,2017-11-28,2026-06-18,2017-11-28,2026-09-07
LOWVOLIETF.NS,SAFE_REPLACEMENT,etf_or_inav,True,in_upstox_master,2106,2165,2106,0,59,100.0,2017-07-11,2026-06-18,2017-07-11,2026-09-08
SHALBY.NS,SAFE_REPLACEMENT,nse_equity,True,in_upstox_master,2105,2161,2105,0,56,100.0,2017-12-15,2026-06-18,2017-12-15,2026-09-07
SHIVATEX.NS,SAFE_REPLACEMENT,nse_equity,True,in_upstox_master,2096,2153,2096,0,57,100.0,2017-12-26,2026-06-18,2017-12-26,2026-09-07
LIBAS.NS,SAFE_REPLACEMENT,nse_equity,True,in_upstox_master,2082,2142,2082,0,60,100.0,2017-01-09,2026-06-18,2017-01-09,2026-09-07
MCL.NS,SAFE_REPLACEMENT,nse_equity,True,in_upstox_master,2079,2139,2079,0,60,100.0,2017-02-06,2026-06-18,2017-02-06,2026-09-07
SAKAR.NS,SAFE_REPLACEMENT,nse_equity,True,in_upstox_master,2076,2137,2076,0,61,100.0,2016-10-14,2026-06-18,2016-10-14,2026-09-07
GMMPFAUDLR.NS,SAFE_REPLACEMENT,nse_equity,True,in_upstox_master,2053,2109,2053,0,56,100.0,2018-03-05,2026-06-18,2018-03-05,2026-09-07
DNAMEDIA.NS,SAFE_REPLACEMENT,nse_equity,True,in_upstox_master,2042,2098,2042,0,56,100.0,2017-12-11,2026-06-18,2017-12-11,2026-09-07
TSFINV.NS,SAFE_REPLACEMENT,nse_equity,True,in_upstox_master,2037,2093,2037,0,56,100.0,2018-03-27,2026-06-18,2018-03-27,2026-09-07
CENTRUM.NS,SAFE_REPLACEMENT,nse_equity,True,in_upstox_master,2033,2089,2033,0,56,100.0,2018-04-04,2026-06-18,2018-04-04,2026-09-07
MBAPL.NS,SAFE_REPLACEMENT,nse_equity,True,in_upstox_master,2021,2083,2021,0,62,100.0,2016-09-12,2026-06-18,2016-09-12,2026-09-07
HITECH.NS,SAFE_REPLACEMENT,nse_equity,True,in_upstox_master,2009,2067,2009,0,58,100.0,2018-05-07,2026-06-18,2018-05-07,2026-09-07
ORIENTELEC.NS,SAFE_REPLACEMENT,nse_equity,True,in_upstox_master,2005,2062,2005,0,57,100.0,2018-05-14,2026-06-17,2018-05-14,2026-09-07
BSE500IETF.NS,SAFE_REPLACEMENT,etf_or_inav,True,in_upstox_master,2001,2060,2001,0,59,100.0,2018-05-16,2026-06-18,2018-05-16,2026-09-08
INDOSTAR.NS,SAFE_REPLACEMENT,nse_equity,True,in_upstox_master,2001,2057,2001,0,56,100.0,2018-05-21,2026-06-18,2018-05-21,2026-09-07
WIPL.NS,SAFE_REPLACEMENT,nse_equity,True,in_upstox_master,1998,2059,1998,0,61,100.0,2017-04-18,2026-06-18,2017-04-18,2026-09-07
KRISHANA.NS,SAFE_REPLACEMENT,nse_equity,True,in_upstox_master,1989,2048,1989,0,59,100.0,2017-02-27,2026-06-18,2017-02-27,2026-09-07
CNL.NS,SAFE_REPLACEMENT,nse_equity,True,in_upstox_master,1979,2036,1979,0,57,100.0,2017-04-12,2026-06-18,2017-04-12,2026-09-07
SOUTHWEST.NS,SAFE_REPLACEMENT,nse_equity,True,in_upstox_master,1973,2032,1973,0,59,100.0,2018-02-19,2026-06-18,2018-02-19,2026-09-07
FINEORG.NS,SAFE_REPLACEMENT,nse_equity,True,in_upstox_master,1971,2027,1971,0,56,100.0,2018-07-02,2026-06-18,2018-07-02,2026-09-07
VARROC.NS,SAFE_REPLACEMENT,nse_equity,True,in_upstox_master,1967,2023,1967,0,56,100.0,2018-07-06,2026-06-18,2018-07-06,2026-09-07
BETA.NS,SAFE_REPLACEMENT,etf_or_inav,True,in_upstox_master,1950,2009,1950,0,59,100.0,2017-10-12,2026-06-18,2017-10-12,2026-09-08
RKEC.NS,SAFE_REPLACEMENT,nse_equity,True,in_upstox_master,1940,1999,1940,0,59,100.0,2017-10-09,2026-06-18,2017-10-09,2026-09-07
HAVISHA.NS,SAFE_REPLACEMENT,nse_equity,True,in_upstox_master,1935,1993,1935,0,58,100.0,2018-04-12,2026-06-18,2018-04-12,2026-09-07
ICEMAKE.NS,SAFE_REPLACEMENT,nse_equity,True,in_upstox_master,1934,1992,1934,0,58,100.0,2017-12-08,2026-06-18,2017-12-08,2026-09-07
SIGIND.NS,SAFE_REPLACEMENT,nse_equity,True,in_upstox_master,1931,1987,1931,0,56,100.0,2018-08-29,2026-06-18,2018-08-29,2026-09-07
MAHAPEXLTD.NS,SAFE_REPLACEMENT,nse_equity,True,in_upstox_master,1926,1985,1926,0,59,100.0,2018-04-05,2026-06-18,2018-04-05,2026-09-07
SIRCA.NS,SAFE_REPLACEMENT,nse_equity,True,in_upstox_master,1926,1984,1926,0,58,100.0,2018-05-30,2026-06-18,2018-05-30,2026-09-07
NEXT50IETF.NS,SAFE_REPLACEMENT,etf_or_inav,True,in_upstox_master,1924,1983,1924,0,59,100.0,2018-08-31,2026-06-17,2018-08-31,2026-09-08
WORTHPERI.NS,SAFE_REPLACEMENT,nse_equity,True,in_upstox_master,1912,1972,1912,0,60,100.0,2017-09-27,2026-06-18,2017-09-27,2026-09-07
TOTAL.NS,SAFE_REPLACEMENT,nse_equity,True,in_upstox_master,1900,1960,1900,0,60,100.0,2017-08-07,2026-06-18,2017-08-07,2026-09-07
TOUCHWOOD.NS,SAFE_REPLACEMENT,nse_equity,True,in_upstox_master,1872,1929,1872,0,57,100.0,2017-12-21,2026-06-18,2017-12-21,2026-09-07
GUJRAFFIA.NS,SAFE_REPLACEMENT,nse_equity,True,in_upstox_master,1862,1918,1862,0,56,100.0,2017-12-13,2026-06-18,2017-12-13,2026-09-07
SBIETFQLTY.NS,SAFE_REPLACEMENT,etf_or_inav,True,in_upstox_master,1860,1917,1860,0,57,100.0,2018-12-17,2026-06-18,2018-12-17,2026-09-08
NIFTYETF.NS,SAFE_REPLACEMENT,etf_or_inav,True,in_upstox_master,1851,1909,1851,0,58,100.0,2018-11-28,2026-06-17,2018-11-28,2026-09-08
MMP.NS,SAFE_REPLACEMENT,nse_equity,True,in_upstox_master,1849,1908,1849,0,59,100.0,2018-04-12,2026-06-18,2018-04-12,2026-09-07
TREJHARA.NS,SAFE_REPLACEMENT,nse_equity,True,in_upstox_master,1841,1897,1841,0,56,100.0,2019-01-11,2026-06-18,2019-01-11,2026-09-07
MID150BEES.NS,SAFE_REPLACEMENT,etf_or_inav,True,in_upstox_master,1823,1880,1823,0,57,100.0,2019-02-04,2026-06-18,2019-02-04,2026-09-08
RPSGVENT.NS,SAFE_REPLACEMENT,nse_equity,True,in_upstox_master,1822,1878,1822,0,56,100.0,2019-02-08,2026-06-18,2019-02-08,2026-09-07
SPENCERS.NS,SAFE_REPLACEMENT,nse_equity,True,in_upstox_master,1822,1878,1822,0,56,100.0,2019-02-08,2026-06-18,2019-02-08,2026-09-07
MITTAL.NS,SAFE_REPLACEMENT,nse_equity,True,in_upstox_master,1818,1876,1818,0,58,100.0,2018-04-02,2026-06-18,2018-04-02,2026-09-07
XELPMOC.NS,SAFE_REPLACEMENT,nse_equity,True,in_upstox_master,1816,1872,1816,0,56,100.0,2019-02-18,2026-06-18,2019-02-18,2026-09-07
LEXUS.NS,SAFE_REPLACEMENT,nse_equity,True,in_upstox_master,1814,1875,1814,0,61,100.0,2017-08-23,2026-06-18,2017-08-23,2026-09-07
MODIRUBBER.NS,SAFE_REPLACEMENT,nse_equity,True,in_upstox_master,1807,1864,1807,0,57,100.0,2018-06-20,2026-06-18,2018-06-20,2026-09-07
DPABHUSHAN.NS,SAFE_REPLACEMENT,nse_equity,True,in_upstox_master,1803,1862,1803,0,59,100.0,2017-10-23,2026-06-18,2017-10-23,2026-09-07
NETF.NS,SAFE_REPLACEMENT,etf_or_inav,True,in_upstox_master,1783,1840,1783,0,57,100.0,2019-01-07,2026-06-18,2019-01-07,2026-09-08
METROPOLIS.NS,SAFE_REPLACEMENT,nse_equity,True,in_upstox_master,1778,1834,1778,0,56,100.0,2019-04-15,2026-06-18,2019-04-15,2026-09-07
VIKASLIFE.NS,SAFE_REPLACEMENT,nse_equity,True,in_upstox_master,1765,1821,1765,0,56,100.0,2019-05-08,2026-06-18,2019-05-08,2026-09-07
ONEPOINT.NS,SAFE_REPLACEMENT,nse_equity,True,in_upstox_master,1762,1819,1762,0,57,100.0,2019-05-09,2026-06-17,2019-05-09,2026-09-07
SILLYMONKS.NS,SAFE_REPLACEMENT,nse_equity,True,in_upstox_master,1761,1818,1761,0,57,100.0,2018-01-18,2026-06-18,2018-01-18,2026-09-07
JAIPURKURT.NS,SAFE_REPLACEMENT,nse_equity,True,in_upstox_master,1720,1777,1720,0,57,100.0,2016-10-10,2026-06-18,2016-10-10,2026-09-07
OAL.NS,SAFE_REPLACEMENT,nse_equity,True,in_upstox_master,1719,1776,1719,0,57,100.0,2019-07-11,2026-06-17,2019-07-11,2026-09-07
BANKIETF.NS,SAFE_REPLACEMENT,etf_or_inav,True,in_upstox_master,1718,1775,1718,0,57,100.0,2019-07-15,2026-06-18,2019-07-15,2026-09-08
SATIA.NS,SAFE_REPLACEMENT,nse_equity,True,in_upstox_master,1716,1772,1716,0,56,100.0,2019-07-17,2026-06-18,2019-07-17,2026-09-07
SNXT50BETA.NS,SAFE_REPLACEMENT,etf_or_inav,True,in_upstox_master,1711,1768,1711,0,57,100.0,2019-03-13,2026-06-18,2019-03-13,2026-09-08
GEEKAYWIRE.NS,SAFE_REPLACEMENT,nse_equity,True,in_upstox_master,1704,1763,1704,0,59,100.0,2017-08-24,2026-06-18,2017-08-24,2026-09-07
PVTBANIETF.NS,SAFE_REPLACEMENT,etf_or_inav,True,in_upstox_master,1702,1754,1702,0,52,100.0,2019-08-14,2026-06-25,2019-08-14,2026-09-08
SPANDANA.NS,SAFE_REPLACEMENT,nse_equity,True,in_upstox_master,1695,1751,1695,0,56,100.0,2019-08-19,2026-06-18,2019-08-19,2026-09-07
ZOTA.NS,SAFE_REPLACEMENT,nse_equity,True,in_upstox_master,1695,2420,1695,0,725,100.0,2019-08-19,2026-06-18,2016-09-06,2026-09-07
DOLATALGO.NS,SAFE_REPLACEMENT,nse_equity,True,in_upstox_master,1694,1750,1694,0,56,100.0,2019-08-20,2026-06-18,2019-08-20,2026-09-07
HNDFDS.NS,SAFE_REPLACEMENT,nse_equity,True,in_upstox_master,1694,1750,1694,0,56,100.0,2019-08-20,2026-06-18,2019-08-20,2026-09-07
SHREDIGCEM.NS,SAFE_REPLACEMENT,nse_equity,True,in_upstox_master,1694,1750,1694,0,56,100.0,2019-08-20,2026-06-18,2019-08-20,2026-09-07
WESTLIFE.NS,SAFE_REPLACEMENT,nse_equity,True,in_upstox_master,1694,1750,1694,0,56,100.0,2019-08-20,2026-06-18,2019-08-20,2026-09-07
DGCONTENT.NS,SAFE_REPLACEMENT,nse_equity,True,in_upstox_master,1693,1749,1693,0,56,100.0,2019-06-18,2026-06-18,2019-06-18,2026-09-07
INNOVANA.NS,SAFE_REPLACEMENT,nse_equity,True,in_upstox_master,1676,1736,1676,0,60,100.0,2017-12-12,2026-06-18,2017-12-12,2026-09-07
NPBET.NS,SAFE_REPLACEMENT,nse_equity,True,in_upstox_master,1675,1732,1675,0,57,100.0,2019-09-09,2026-06-17,2019-09-09,2026-09-07
SILVERTUC.NS,SAFE_REPLACEMENT,etf_or_inav,True,in_upstox_master,1675,1734,1675,0,59,100.0,2017-12-01,2026-06-18,2017-12-01,2026-09-08
VISHWARAJ.NS,SAFE_REPLACEMENT,nse_equity,True,in_upstox_master,1658,1714,1658,0,56,100.0,2019-10-15,2026-06-18,2019-10-15,2026-09-07
GREENPANEL.NS,SAFE_REPLACEMENT,nse_equity,True,in_upstox_master,1653,1709,1653,0,56,100.0,2019-10-23,2026-06-18,2019-10-23,2026-09-07
KUANTUM.NS,SAFE_REPLACEMENT,nse_equity,True,in_upstox_master,1653,1709,1653,0,56,100.0,2019-10-23,2026-06-18,2019-10-23,2026-09-07
CSBBANK.NS,SAFE_REPLACEMENT,nse_equity,True,in_upstox_master,1624,1680,1624,0,56,100.0,2019-12-04,2026-06-18,2019-12-04,2026-09-07
PRINCEPIPE.NS,SAFE_REPLACEMENT,nse_equity,True,in_upstox_master,1607,1663,1607,0,56,100.0,2019-12-30,2026-06-18,2019-12-30,2026-09-07
BCONCEPTS.NS,SAFE_REPLACEMENT,nse_equity,True,in_upstox_master,1604,1661,1604,0,57,100.0,2018-01-10,2026-06-18,2018-01-10,2026-09-07
EBBETF0430.NS,SAFE_REPLACEMENT,etf_or_inav,True,in_upstox_master,1604,1661,1604,0,57,100.0,2020-01-02,2026-06-18,2020-01-02,2026-09-08
ARTEMISMED.NS,SAFE_REPLACEMENT,nse_equity,True,in_upstox_master,1599,1644,1599,0,45,100.0,2020-01-24,2026-07-06,2020-01-24,2026-09-07
LAXMICOT.NS,SAFE_REPLACEMENT,nse_equity,True,in_upstox_master,1586,1643,1586,0,57,100.0,2017-03-31,2026-06-18,2017-03-31,2026-09-07
MIDCAPIETF.NS,SAFE_REPLACEMENT,etf_or_inav,True,in_upstox_master,1586,1643,1586,0,57,100.0,2020-01-28,2026-06-18,2020-01-28,2026-09-08
NEXT50.NS,SAFE_REPLACEMENT,nse_equity,True,in_upstox_master,1582,1639,1582,0,57,100.0,2020-01-31,2026-06-17,2020-01-31,2026-09-07
ASALCBR.NS,SAFE_REPLACEMENT,nse_equity,True,in_upstox_master,1574,1630,1574,0,56,100.0,2020-02-12,2026-06-18,2020-02-12,2026-09-07
MAHEPC.NS,SAFE_REPLACEMENT,nse_equity,True,in_upstox_master,1572,1628,1572,0,56,100.0,2020-02-14,2026-06-18,2020-02-14,2026-09-07
PAR.NS,SAFE_REPLACEMENT,nse_equity,True,in_upstox_master,1563,1619,1563,0,56,100.0,2019-05-16,2026-06-18,2019-05-16,2026-09-07
TEMBO.NS,SAFE_REPLACEMENT,nse_equity,True,in_upstox_master,1516,1572,1516,0,56,100.0,2018-06-06,2026-06-18,2018-06-06,2026-09-07
OSWALSEEDS.NS,SAFE_REPLACEMENT,nse_equity,True,in_upstox_master,1488,1546,1488,0,58,100.0,2018-06-20,2026-06-17,2018-06-20,2026-09-07
BOROLTD.NS,SAFE_REPLACEMENT,nse_equity,True,in_upstox_master,1467,1523,1467,0,56,100.0,2020-07-22,2026-06-18,2020-07-22,2026-09-07
ROSSARI.NS,SAFE_REPLACEMENT,nse_equity,True,in_upstox_master,1466,1522,1466,0,56,100.0,2020-07-23,2026-06-18,2020-07-23,2026-09-07
EBBETF0431.NS,SAFE_REPLACEMENT,etf_or_inav,True,in_upstox_master,1462,1519,1462,0,57,100.0,2020-07-29,2026-06-18,2020-07-29,2026-09-08
ALPL30IETF.NS,SAFE_REPLACEMENT,etf_or_inav,True,in_upstox_master,1459,1505,1459,0,46,100.0,2020-08-18,2026-07-06,2020-08-18,2026-09-08
NDRAUTO.NS,SAFE_REPLACEMENT,nse_equity,True,in_upstox_master,1456,1512,1456,0,56,100.0,2020-07-30,2026-06-18,2020-07-30,2026-09-07
ITIETF.NS,SAFE_REPLACEMENT,etf_or_inav,True,in_upstox_master,1446,1503,1446,0,57,100.0,2020-08-20,2026-06-18,2020-08-20,2026-09-08
HDFCNIFBAN.NS,SAFE_REPLACEMENT,nse_equity,True,in_upstox_master,1440,1496,1440,0,56,100.0,2020-08-28,2026-06-18,2020-08-28,2026-09-07
MAXIND.NS,SAFE_REPLACEMENT,nse_equity,True,in_upstox_master,1440,1496,1440,0,56,100.0,2020-08-28,2026-06-18,2020-08-28,2026-09-07
IRISDOREME.NS,SAFE_REPLACEMENT,nse_equity,True,in_upstox_master,1439,1495,1439,0,56,100.0,2018-10-23,2026-06-18,2018-10-23,2026-09-07
BANKBETA.NS,SAFE_REPLACEMENT,etf_or_inav,True,in_upstox_master,1435,1492,1435,0,57,100.0,2020-09-04,2026-06-18,2020-09-04,2026-09-08
ROUTE.NS,SAFE_REPLACEMENT,nse_equity,True,in_upstox_master,1424,1996,1424,0,572,100.0,2020-09-21,2026-06-18,2016-09-07,2026-09-07
SHAREINDIA.NS,SAFE_REPLACEMENT,nse_equity,True,in_upstox_master,1424,1480,1424,0,56,100.0,2020-09-21,2026-06-18,2020-09-21,2026-09-07
KSOLVES.NS,SAFE_REPLACEMENT,nse_equity,True,in_upstox_master,1410,1466,1410,0,56,100.0,2020-07-06,2026-06-18,2020-07-06,2026-09-07
HEMIPROP.NS,SAFE_REPLACEMENT,nse_equity,True,in_upstox_master,1402,1458,1402,0,56,100.0,2020-10-22,2026-06-18,2020-10-22,2026-09-07
SBIETFIT.NS,SAFE_REPLACEMENT,etf_or_inav,True,in_upstox_master,1402,1459,1402,0,57,100.0,2020-10-22,2026-06-18,2020-10-22,2026-09-08
SBIETFPB.NS,SAFE_REPLACEMENT,etf_or_inav,True,in_upstox_master,1402,1459,1402,0,57,100.0,2020-10-22,2026-06-18,2020-10-22,2026-09-08
ROML.NS,SAFE_REPLACEMENT,nse_equity,True,in_upstox_master,1401,1457,1401,0,56,100.0,2020-10-07,2026-06-18,2020-10-07,2026-09-07
SOLEX.NS,SAFE_REPLACEMENT,nse_equity,True,in_upstox_master,1401,1460,1401,0,59,100.0,2018-02-05,2026-06-18,2018-02-05,2026-09-07
CROWN.NS,SAFE_REPLACEMENT,nse_equity,True,in_upstox_master,1393,1452,1393,0,59,100.0,2016-09-27,2026-06-18,2016-09-27,2026-09-07
GLOBE.NS,SAFE_REPLACEMENT,nse_equity,True,in_upstox_master,1386,1442,1386,0,56,100.0,2020-10-07,2026-06-18,2020-10-07,2026-09-07
ESG.NS,SAFE_REPLACEMENT,nse_equity,True,in_upstox_master,1379,1435,1379,0,56,100.0,2020-11-24,2026-06-18,2020-11-24,2026-09-07
SILGO.NS,SAFE_REPLACEMENT,nse_equity,True,in_upstox_master,1374,1430,1374,0,56,100.0,2018-10-10,2026-06-18,2018-10-10,2026-09-07
GLOBAL.NS,SAFE_REPLACEMENT,nse_equity,True,in_upstox_master,1371,1427,1371,0,56,100.0,2020-12-07,2026-06-18,2020-12-07,2026-09-07
TARC.NS,SAFE_REPLACEMENT,nse_equity,True,in_upstox_master,1370,1426,1370,0,56,100.0,2018-03-05,2026-06-18,2018-03-05,2026-09-07
MOGSEC.NS,SAFE_REPLACEMENT,nse_equity,True,in_upstox_master,1364,1420,1364,0,56,100.0,2020-12-16,2026-06-18,2020-12-16,2026-09-07
RVHL.NS,SAFE_REPLACEMENT,nse_equity,True,in_upstox_master,1362,1418,1362,0,56,100.0,2020-12-18,2026-06-18,2020-12-18,2026-09-07
BECTORFOOD.NS,SAFE_REPLACEMENT,nse_equity,True,in_upstox_master,1358,1439,1358,0,81,100.0,2020-12-24,2026-06-18,2016-09-16,2026-09-07
AWHCL.NS,SAFE_REPLACEMENT,nse_equity,True,in_upstox_master,1353,1409,1353,0,56,100.0,2021-01-01,2026-06-18,2021-01-01,2026-09-07
KANPRPLA.NS,SAFE_REPLACEMENT,nse_equity,True,in_upstox_master,1353,1409,1353,0,56,100.0,2021-01-01,2026-06-18,2021-01-01,2026-09-07
INDIGOPNTS.NS,SAFE_REPLACEMENT,nse_equity,True,in_upstox_master,1352,1408,1352,0,56,100.0,2018-07-24,2026-06-18,2018-07-24,2026-09-07
STOVEKRAFT.NS,SAFE_REPLACEMENT,nse_equity,True,in_upstox_master,1329,1385,1329,0,56,100.0,2021-02-05,2026-06-18,2021-02-05,2026-09-07
GENCON.NS,SAFE_REPLACEMENT,nse_equity,True,in_upstox_master,1322,1378,1322,0,56,100.0,2021-02-16,2026-06-18,2021-02-16,2026-09-07
SMCGLOBAL.NS,SAFE_REPLACEMENT,nse_equity,True,in_upstox_master,1315,1371,1315,0,56,100.0,2021-02-25,2026-06-18,2021-02-25,2026-09-07
MKPL.NS,SAFE_REPLACEMENT,nse_equity,True,in_upstox_master,1312,1372,1312,0,60,100.0,2017-04-18,2026-06-18,2017-04-18,2026-09-07
BCLIND.NS,SAFE_REPLACEMENT,nse_equity,True,in_upstox_master,1310,1366,1310,0,56,100.0,2021-03-04,2026-06-18,2021-03-04,2026-09-07
IT.NS,SAFE_REPLACEMENT,nse_equity,True,in_upstox_master,1309,1365,1309,0,56,100.0,2021-03-05,2026-06-18,2021-03-05,2026-09-07
SURYODAY.NS,SAFE_REPLACEMENT,nse_equity,True,in_upstox_master,1295,1758,1295,0,463,100.0,2021-03-26,2026-06-18,2016-09-06,2026-09-07
SUVIDHAA.NS,SAFE_REPLACEMENT,nse_equity,True,in_upstox_master,1293,1349,1293,0,56,100.0,2021-03-31,2026-06-18,2021-03-31,2026-09-07
GILT5YBEES.NS,SAFE_REPLACEMENT,etf_or_inav,True,in_upstox_master,1284,1341,1284,0,57,100.0,2021-04-08,2026-06-18,2021-04-08,2026-09-08
AVROIND.NS,SAFE_REPLACEMENT,nse_equity,True,in_upstox_master,1274,1330,1274,0,56,100.0,2018-07-26,2026-06-18,2018-07-26,2026-09-07
ISGEC.NS,SAFE_REPLACEMENT,nse_equity,True,in_upstox_master,1271,1327,1271,0,56,100.0,2021-05-05,2026-06-18,2021-05-05,2026-09-07
MAFANG.NS,SAFE_REPLACEMENT,etf_or_inav,True,in_upstox_master,1265,1322,1265,0,57,100.0,2021-05-14,2026-06-18,2021-05-14,2026-09-08
MOKSH.NS,SAFE_REPLACEMENT,nse_equity,True,in_upstox_master,1260,1316,1260,0,56,100.0,2021-05-21,2026-06-18,2021-05-21,2026-09-07
HEALTHIETF.NS,SAFE_REPLACEMENT,etf_or_inav,True,in_upstox_master,1258,1315,1258,0,57,100.0,2021-05-25,2026-06-18,2021-05-25,2026-09-08
DODLA.NS,SAFE_REPLACEMENT,nse_equity,True,in_upstox_master,1234,1290,1234,0,56,100.0,2021-06-28,2026-06-18,2021-06-28,2026-09-07
IPL.NS,SAFE_REPLACEMENT,nse_equity,True,in_upstox_master,1229,1285,1229,0,56,100.0,2021-07-05,2026-06-18,2021-07-05,2026-09-07
PHARMABEES.NS,SAFE_REPLACEMENT,etf_or_inav,True,in_upstox_master,1227,1284,1227,0,57,100.0,2021-07-07,2026-06-18,2021-07-07,2026-09-08
GANGAFORGE.NS,SAFE_REPLACEMENT,nse_equity,True,in_upstox_master,1219,1275,1219,0,56,100.0,2021-07-06,2026-06-18,2021-07-06,2026-09-07
GRINFRA.NS,SAFE_REPLACEMENT,nse_equity,True,in_upstox_master,1219,1275,1219,0,56,100.0,2021-07-19,2026-06-18,2021-07-19,2026-09-07
SIGMA.NS,SAFE_REPLACEMENT,nse_equity,True,in_upstox_master,1217,1273,1217,0,56,100.0,2020-10-19,2026-06-18,2020-10-19,2026-09-07
ICDSLTD.NS,SAFE_REPLACEMENT,nse_equity,True,in_upstox_master,1216,1270,1216,0,54,100.0,2021-07-06,2026-06-18,2021-07-06,2026-09-07
SGIL.NS,SAFE_REPLACEMENT,nse_equity,True,in_upstox_master,1213,1269,1213,0,56,100.0,2021-07-28,2026-06-18,2021-07-28,2026-09-07
SBIETFCON.NS,SAFE_REPLACEMENT,etf_or_inav,True,in_upstox_master,1212,1269,1212,0,57,100.0,2021-07-29,2026-06-18,2021-07-29,2026-09-08
TATVA.NS,SAFE_REPLACEMENT,nse_equity,True,in_upstox_master,1212,1268,1212,0,56,100.0,2021-07-29,2026-06-18,2021-07-29,2026-09-07
STYLAMIND.NS,SAFE_REPLACEMENT,nse_equity,True,in_upstox_master,1210,1266,1210,0,56,100.0,2021-08-02,2026-06-18,2021-08-02,2026-09-07
BFSI.NS,SAFE_REPLACEMENT,nse_equity,True,in_upstox_master,1207,1263,1207,0,56,100.0,2021-08-05,2026-06-18,2021-08-05,2026-09-07
ROLEXRINGS.NS,SAFE_REPLACEMENT,nse_equity,True,in_upstox_master,1205,1261,1205,0,56,100.0,2021-08-09,2026-06-18,2021-08-09,2026-09-07
FMCGIETF.NS,SAFE_REPLACEMENT,etf_or_inav,True,in_upstox_master,1204,1261,1204,0,57,100.0,2021-08-10,2026-06-18,2021-08-10,2026-09-08
UGROCAP.NS,SAFE_REPLACEMENT,nse_equity,True,in_upstox_master,1203,1259,1203,0,56,100.0,2021-08-11,2026-06-18,2021-08-11,2026-09-07
EXXARO.NS,SAFE_REPLACEMENT,nse_equity,True,in_upstox_master,1200,1256,1200,0,56,100.0,2021-08-16,2026-06-18,2021-08-16,2026-09-07
KRSNAA.NS,SAFE_REPLACEMENT,nse_equity,True,in_upstox_master,1200,1256,1200,0,56,100.0,2021-08-16,2026-06-18,2021-08-16,2026-09-07
WINDLAS.NS,SAFE_REPLACEMENT,nse_equity,True,in_upstox_master,1200,1256,1200,0,56,100.0,2021-08-16,2026-06-18,2021-08-16,2026-09-07
EPIGRAL.NS,SAFE_REPLACEMENT,nse_equity,True,in_upstox_master,1198,1254,1198,0,56,100.0,2021-08-18,2026-06-18,2021-08-18,2026-09-07
MOL.NS,SAFE_REPLACEMENT,nse_equity,True,in_upstox_master,1198,1254,1198,0,56,100.0,2021-08-18,2026-06-18,2021-08-18,2026-09-07
BTML.NS,SAFE_REPLACEMENT,nse_equity,True,in_upstox_master,1195,1251,1195,0,56,100.0,2020-10-21,2026-06-18,2020-10-21,2026-09-07
YUKEN.NS,SAFE_REPLACEMENT,nse_equity,True,in_upstox_master,1188,1244,1188,0,56,100.0,2021-09-02,2026-06-18,2021-09-02,2026-09-07
MASPTOP50.NS,SAFE_REPLACEMENT,nse_equity,True,in_upstox_master,1173,1229,1173,0,56,100.0,2021-09-24,2026-06-18,2021-09-24,2026-09-07
MOLOWVOL.NS,SAFE_REPLACEMENT,etf_or_inav,True,in_upstox_master,1171,1228,1171,0,57,100.0,2017-04-11,2026-06-18,2017-04-11,2026-09-08
BSLSENETFG.NS,SAFE_REPLACEMENT,etf_or_inav,True,in_upstox_master,1165,1222,1165,0,57,100.0,2021-10-06,2026-06-18,2021-10-06,2026-09-08
COASTCORP.NS,SAFE_REPLACEMENT,nse_equity,True,in_upstox_master,1163,1219,1163,0,56,100.0,2021-10-08,2026-06-18,2021-10-08,2026-09-07
BHAGCHEM.NS,SAFE_REPLACEMENT,nse_equity,True,in_upstox_master,1158,1214,1158,0,56,100.0,2021-10-18,2026-06-18,2021-10-18,2026-09-07
MEDICAMEQ.NS,SAFE_REPLACEMENT,nse_equity,True,in_upstox_master,1151,1207,1151,0,56,100.0,2021-10-27,2026-06-18,2021-10-27,2026-09-07
HEALTHY.NS,SAFE_REPLACEMENT,nse_equity,True,in_upstox_master,1150,1206,1150,0,56,100.0,2021-10-28,2026-06-18,2021-10-28,2026-09-07
CONSUMIETF.NS,SAFE_REPLACEMENT,etf_or_inav,True,in_upstox_master,1147,1204,1147,0,57,100.0,2021-11-02,2026-06-18,2021-11-02,2026-09-08
BAJAJHCARE.NS,SAFE_REPLACEMENT,nse_equity,True,in_upstox_master,1146,1202,1146,0,56,100.0,2017-04-12,2026-06-18,2017-04-12,2026-09-07
TECH.NS,SAFE_REPLACEMENT,nse_equity,True,in_upstox_master,1146,1202,1146,0,56,100.0,2021-11-03,2026-06-18,2021-11-03,2026-09-07
IRIS.NS,SAFE_REPLACEMENT,nse_equity,True,in_upstox_master,1144,1200,1144,0,56,100.0,2021-11-08,2026-06-18,2021-11-08,2026-09-07
BESTAGRO.NS,SAFE_REPLACEMENT,nse_equity,True,in_upstox_master,1143,1199,1143,0,56,100.0,2021-02-22,2026-06-18,2021-02-22,2026-09-07
EQUAL50ADD.NS,SAFE_REPLACEMENT,etf_or_inav,True,in_upstox_master,1140,1197,1140,0,57,100.0,2021-11-12,2026-06-18,2021-11-12,2026-09-08
GICL.NS,SAFE_REPLACEMENT,nse_equity,True,in_upstox_master,1140,1200,1140,0,60,100.0,2016-10-19,2026-06-18,2016-10-19,2026-09-07
FOODSIN.NS,SAFE_REPLACEMENT,nse_equity,True,in_upstox_master,1138,1194,1138,0,56,100.0,2021-11-16,2026-06-18,2021-11-16,2026-09-07
STEELCAS.NS,SAFE_REPLACEMENT,nse_equity,True,in_upstox_master,1134,1190,1134,0,56,100.0,2021-11-23,2026-06-18,2021-11-23,2026-09-07
ASIANENE.NS,SAFE_REPLACEMENT,nse_equity,True,in_upstox_master,1133,1189,1133,0,56,100.0,2018-01-04,2026-06-18,2018-01-04,2026-09-07
DMCC.NS,SAFE_REPLACEMENT,nse_equity,True,in_upstox_master,1127,1183,1127,0,56,100.0,2021-12-01,2026-06-18,2021-12-01,2026-09-07
HPIL.NS,SAFE_REPLACEMENT,nse_equity,True,in_upstox_master,1126,1182,1126,0,56,100.0,2020-01-27,2026-06-18,2020-01-27,2026-09-07
SMLT.NS,SAFE_REPLACEMENT,nse_equity,True,in_upstox_master,1124,1180,1124,0,56,100.0,2021-11-25,2026-06-18,2021-11-25,2026-09-07
MAHKTECH.NS,SAFE_REPLACEMENT,nse_equity,True,in_upstox_master,1121,1177,1121,0,56,100.0,2021-12-10,2026-06-18,2021-12-10,2026-09-07
BBETF0432.NS,SAFE_REPLACEMENT,etf_or_inav,True,in_upstox_master,1116,1173,1116,0,57,100.0,2021-12-17,2026-06-18,2021-12-17,2026-09-08
SHRIRAMPPS.NS,SAFE_REPLACEMENT,nse_equity,True,in_upstox_master,1115,1171,1115,0,56,100.0,2021-12-20,2026-06-18,2021-12-20,2026-09-07
JETFREIGHT.NS,SAFE_REPLACEMENT,etf_or_inav,True,in_upstox_master,1114,1171,1114,0,57,100.0,2021-12-21,2026-06-18,2021-12-21,2026-09-08
MEDPLUS.NS,SAFE_REPLACEMENT,nse_equity,True,in_upstox_master,1113,1921,1113,0,808,100.0,2021-12-23,2026-06-19,2016-09-06,2026-09-07
METROBRAND.NS,SAFE_REPLACEMENT,nse_equity,True,in_upstox_master,1113,1169,1113,0,56,100.0,2021-12-22,2026-06-18,2021-12-22,2026-09-07
DCMSRIND.NS,SAFE_REPLACEMENT,nse_equity,True,in_upstox_master,1111,1167,1111,0,56,100.0,2021-12-24,2026-06-18,2021-12-24,2026-09-07
HPAL.NS,SAFE_REPLACEMENT,nse_equity,True,in_upstox_master,1110,1166,1110,0,56,100.0,2021-12-27,2026-06-18,2021-12-27,2026-09-07
MONQ50.NS,SAFE_REPLACEMENT,nse_equity,True,in_upstox_master,1108,1164,1108,0,56,100.0,2021-12-29,2026-06-18,2021-12-29,2026-09-07
MIDQ50ADD.NS,SAFE_REPLACEMENT,nse_equity,True,in_upstox_master,1107,1163,1107,0,56,100.0,2021-12-30,2026-06-18,2021-12-30,2026-09-07
CMSINFO.NS,SAFE_REPLACEMENT,nse_equity,True,in_upstox_master,1106,1162,1106,0,56,100.0,2021-12-31,2026-06-18,2021-12-31,2026-09-07
KEEPLEARN.NS,SAFE_REPLACEMENT,nse_equity,True,in_upstox_master,1105,1161,1105,0,56,100.0,2021-03-25,2026-06-18,2021-03-25,2026-09-07
NIFTYADD.NS,SAFE_REPLACEMENT,etf_or_inav,True,in_upstox_master,1105,1163,1105,0,58,100.0,2021-12-30,2026-06-17,2021-12-30,2026-09-08
MONARCH.NS,SAFE_REPLACEMENT,nse_equity,True,in_upstox_master,1102,1158,1102,0,56,100.0,2022-01-06,2026-06-18,2022-01-06,2026-09-07
AUTOIETF.NS,SAFE_REPLACEMENT,etf_or_inav,True,in_upstox_master,1094,1151,1094,0,57,100.0,2022-01-18,2026-06-18,2022-01-18,2026-09-08
WEL.NS,SAFE_REPLACEMENT,nse_equity,True,in_upstox_master,1093,1367,1093,0,274,100.0,2022-01-17,2026-06-18,2019-08-06,2026-09-07
AUTOBEES.NS,SAFE_REPLACEMENT,etf_or_inav,True,in_upstox_master,1089,1146,1089,0,57,100.0,2022-01-25,2026-06-18,2022-01-25,2026-09-08
MAKEINDIA.NS,SAFE_REPLACEMENT,nse_equity,True,in_upstox_master,1084,1140,1084,0,56,100.0,2022-02-02,2026-06-18,2022-02-02,2026-09-07
MIDCAP.NS,SAFE_REPLACEMENT,etf_or_inav,True,in_upstox_master,1082,1139,1082,0,57,100.0,2022-02-04,2026-06-18,2022-02-04,2026-09-08
DEVIT.NS,SAFE_REPLACEMENT,nse_equity,True,in_upstox_master,1075,1131,1075,0,56,100.0,2022-02-15,2026-06-18,2022-02-15,2026-09-07
FIBERWEB.NS,SAFE_REPLACEMENT,nse_equity,True,in_upstox_master,1074,1130,1074,0,56,100.0,2022-02-16,2026-06-18,2022-02-16,2026-09-07
MANYAVAR.NS,SAFE_REPLACEMENT,nse_equity,True,in_upstox_master,1074,1130,1074,0,56,100.0,2022-02-16,2026-06-18,2022-02-16,2026-09-07
MEGASTAR.NS,SAFE_REPLACEMENT,nse_equity,True,in_upstox_master,1074,1130,1074,0,56,100.0,2022-02-16,2026-06-18,2022-02-16,2026-09-07
MOMOMENTUM.NS,SAFE_REPLACEMENT,etf_or_inav,True,in_upstox_master,1073,1130,1073,0,57,100.0,2022-02-17,2026-06-18,2022-02-17,2026-09-08
NPST.NS,SAFE_REPLACEMENT,nse_equity,True,in_upstox_master,1072,1129,1072,0,57,100.0,2021-08-10,2026-06-17,2021-08-10,2026-09-07
IONEXCHANG.NS,SAFE_REPLACEMENT,nse_equity,True,in_upstox_master,1070,1126,1070,0,56,100.0,2022-02-22,2026-06-18,2022-02-22,2026-09-07
EUROBOND.NS,SAFE_REPLACEMENT,etf_or_inav,True,in_upstox_master,1058,1115,1058,0,57,100.0,2021-12-24,2026-06-18,2021-12-24,2026-09-08
MIDCAPETF.NS,SAFE_REPLACEMENT,etf_or_inav,True,in_upstox_master,1056,1113,1056,0,57,100.0,2022-03-15,2026-06-18,2022-03-15,2026-09-08
GATEWAY.NS,SAFE_REPLACEMENT,nse_equity,True,in_upstox_master,1052,1108,1052,0,56,100.0,2022-03-22,2026-06-18,2022-03-22,2026-09-07
GSEC5IETF.NS,SAFE_REPLACEMENT,etf_or_inav,True,in_upstox_master,1051,1109,1051,0,58,100.0,2022-03-10,2026-06-18,2022-03-10,2026-09-08
INDOBORAX.NS,SAFE_REPLACEMENT,nse_equity,True,in_upstox_master,1047,1103,1047,0,56,100.0,2022-03-29,2026-06-18,2022-03-29,2026-09-07
LOWVOL1.NS,SAFE_REPLACEMENT,etf_or_inav,True,in_upstox_master,1047,1104,1047,0,57,100.0,2022-03-29,2026-06-18,2022-03-29,2026-09-08
KNAGRI.NS,SAFE_REPLACEMENT,nse_equity,True,in_upstox_master,1044,1100,1044,0,56,100.0,2022-03-28,2026-06-18,2022-03-28,2026-09-07
SELMC.NS,SAFE_REPLACEMENT,nse_equity,True,in_upstox_master,1040,1096,1040,0,56,100.0,2021-10-28,2026-06-18,2021-10-28,2026-09-07
OBCL.NS,SAFE_REPLACEMENT,nse_equity,True,in_upstox_master,1039,1096,1039,0,57,100.0,2022-04-07,2026-06-17,2022-04-07,2026-09-07
TNIDETF.NS,SAFE_REPLACEMENT,etf_or_inav,True,in_upstox_master,1039,1096,1039,0,57,100.0,2022-04-08,2026-06-18,2022-04-08,2026-09-08
VERANDA.NS,SAFE_REPLACEMENT,nse_equity,True,in_upstox_master,1038,1094,1038,0,56,100.0,2022-04-11,2026-06-18,2022-04-11,2026-09-07
ELDEHSG.NS,SAFE_REPLACEMENT,nse_equity,True,in_upstox_master,1037,1093,1037,0,56,100.0,2022-04-12,2026-06-18,2022-04-12,2026-09-07
RITCO.NS,SAFE_REPLACEMENT,nse_equity,True,in_upstox_master,1037,1093,1037,0,56,100.0,2022-04-12,2026-06-18,2022-04-12,2026-09-07
DIGJAMLMTD.NS,SAFE_REPLACEMENT,nse_equity,True,in_upstox_master,1030,1086,1030,0,56,100.0,2021-10-18,2026-06-18,2021-10-18,2026-09-07
KRITIKA.NS,SAFE_REPLACEMENT,nse_equity,True,in_upstox_master,1024,1080,1024,0,56,100.0,2022-05-04,2026-06-18,2022-05-04,2026-09-07
CAMPUS.NS,SAFE_REPLACEMENT,nse_equity,True,in_upstox_master,1021,1077,1021,0,56,100.0,2022-05-09,2026-06-18,2022-05-09,2026-09-07
STARTECK.NS,SAFE_REPLACEMENT,nse_equity,True,in_upstox_master,1016,1072,1016,0,56,100.0,2022-05-04,2026-06-18,2022-05-04,2026-09-07
PASHUPATI.NS,SAFE_REPLACEMENT,nse_equity,True,in_upstox_master,1013,1075,1013,0,62,100.0,2017-09-08,2026-06-18,2017-09-08,2026-09-07
PRUDENT.NS,SAFE_REPLACEMENT,nse_equity,True,in_upstox_master,1012,1068,1012,0,56,100.0,2022-05-20,2026-06-18,2022-05-20,2026-09-07
VENUSPIPES.NS,SAFE_REPLACEMENT,nse_equity,True,in_upstox_master,1010,1066,1010,0,56,100.0,2022-05-24,2026-06-18,2022-05-24,2026-09-07
RELCHEMQ.NS,SAFE_REPLACEMENT,nse_equity,True,in_upstox_master,1009,1065,1009,0,56,100.0,2022-05-25,2026-06-18,2022-05-25,2026-09-07
LEMERITE.NS,SAFE_REPLACEMENT,nse_equity,True,in_upstox_master,1008,1064,1008,0,56,100.0,2022-05-09,2026-06-18,2022-05-09,2026-09-07
ETHOSLTD.NS,SAFE_REPLACEMENT,nse_equity,True,in_upstox_master,1006,1062,1006,0,56,100.0,2022-05-30,2026-06-18,2022-05-30,2026-09-07
EMUDHRA.NS,SAFE_REPLACEMENT,nse_equity,True,in_upstox_master,1004,1060,1004,0,56,100.0,2022-06-01,2026-06-18,2022-06-01,2026-09-07
CHEVIOT.NS,SAFE_REPLACEMENT,nse_equity,True,in_upstox_master,991,1047,991,0,56,100.0,2022-06-20,2026-06-18,2022-06-20,2026-09-07
AXITA.NS,SAFE_REPLACEMENT,nse_equity,True,in_upstox_master,990,1046,990,0,56,100.0,2022-06-21,2026-06-18,2022-06-21,2026-09-07
NGLFINE.NS,SAFE_REPLACEMENT,nse_equity,True,in_upstox_master,976,1033,976,0,57,100.0,2022-07-08,2026-06-17,2022-07-08,2026-09-07
RADHIKAJWE.NS,SAFE_REPLACEMENT,nse_equity,True,in_upstox_master,971,1027,971,0,56,100.0,2022-07-18,2026-06-18,2022-07-18,2026-09-07
VCL.NS,SAFE_REPLACEMENT,nse_equity,True,in_upstox_master,970,1026,970,0,56,100.0,2022-04-19,2026-06-18,2022-04-19,2026-09-07
CSLFINANCE.NS,SAFE_REPLACEMENT,nse_equity,True,in_upstox_master,968,1024,968,0,56,100.0,2022-07-21,2026-06-18,2022-07-21,2026-09-07
RAMRAT.NS,SAFE_REPLACEMENT,nse_equity,True,in_upstox_master,962,1018,962,0,56,100.0,2022-07-29,2026-06-18,2022-07-29,2026-09-07
MOHEALTH.NS,SAFE_REPLACEMENT,nse_equity,True,in_upstox_master,958,1014,958,0,56,100.0,2022-08-04,2026-06-18,2022-08-04,2026-09-07
MOM30IETF.NS,SAFE_REPLACEMENT,etf_or_inav,True,in_upstox_master,955,1012,955,0,57,100.0,2022-08-10,2026-06-18,2022-08-10,2026-09-08
HDFCNEXT50.NS,SAFE_REPLACEMENT,nse_equity,True,in_upstox_master,953,1009,953,0,56,100.0,2022-08-11,2026-06-18,2022-08-11,2026-09-07
HDFCNIF100.NS,SAFE_REPLACEMENT,nse_equity,True,in_upstox_master,953,1009,953,0,56,100.0,2022-08-11,2026-06-18,2022-08-11,2026-09-07
MOMENTUM.NS,SAFE_REPLACEMENT,etf_or_inav,True,in_upstox_master,948,1005,948,0,57,100.0,2022-08-22,2026-06-18,2022-08-22,2026-09-08
INFRAIETF.NS,SAFE_REPLACEMENT,etf_or_inav,True,in_upstox_master,947,1004,947,0,57,100.0,2022-08-23,2026-06-18,2022-08-23,2026-09-08
NIFTYQLITY.NS,SAFE_REPLACEMENT,etf_or_inav,True,in_upstox_master,947,1005,947,0,58,100.0,2022-08-22,2026-06-17,2022-08-22,2026-09-08
SPORTKING.NS,SAFE_REPLACEMENT,nse_equity,True,in_upstox_master,946,1002,946,0,56,100.0,2022-08-24,2026-06-18,2022-08-24,2026-09-07
CONS.NS,SAFE_REPLACEMENT,nse_equity,True,in_upstox_master,944,1000,944,0,56,100.0,2022-08-04,2026-06-18,2022-08-04,2026-09-07
SILVERADD.NS,SAFE_REPLACEMENT,etf_or_inav,True,in_upstox_master,944,1001,944,0,57,100.0,2022-08-25,2026-06-18,2022-08-25,2026-09-08
MOVALUE.NS,SAFE_REPLACEMENT,etf_or_inav,True,in_upstox_master,940,997,940,0,57,100.0,2022-08-26,2026-06-18,2022-08-26,2026-09-08
DREAMFOLKS.NS,SAFE_REPLACEMENT,nse_equity,True,in_upstox_master,938,994,938,0,56,100.0,2022-09-06,2026-06-18,2022-09-06,2026-09-07
GVPTECH.NS,SAFE_REPLACEMENT,nse_equity,True,in_upstox_master,936,992,936,0,56,100.0,2022-09-08,2026-06-18,2022-09-08,2026-09-07
HARSHA.NS,SAFE_REPLACEMENT,nse_equity,True,in_upstox_master,924,980,924,0,56,100.0,2022-09-26,2026-06-18,2022-09-26,2026-09-07
HDFCVALUE.NS,SAFE_REPLACEMENT,etf_or_inav,True,in_upstox_master,924,982,924,0,58,100.0,2017-04-13,2026-06-18,2017-04-13,2026-09-08
HDFCGROWTH.NS,SAFE_REPLACEMENT,nse_equity,True,in_upstox_master,921,977,921,0,56,100.0,2022-09-29,2026-06-18,2022-09-29,2026-09-07
HDFCQUAL.NS,SAFE_REPLACEMENT,etf_or_inav,True,in_upstox_master,920,977,920,0,57,100.0,2022-09-29,2026-06-18,2022-09-29,2026-09-08
TIPSFILMS.NS,SAFE_REPLACEMENT,nse_equity,True,in_upstox_master,917,973,917,0,56,100.0,2022-10-06,2026-06-18,2022-10-06,2026-09-07
MWL.NS,SAFE_REPLACEMENT,nse_equity,True,in_upstox_master,916,972,916,0,56,100.0,2022-07-11,2026-06-18,2022-07-11,2026-09-07
HDFCMOMENT.NS,SAFE_REPLACEMENT,etf_or_inav,True,in_upstox_master,908,965,908,0,57,100.0,2022-10-17,2026-06-18,2022-10-17,2026-09-08
TRACXN.NS,SAFE_REPLACEMENT,nse_equity,True,in_upstox_master,907,963,907,0,56,100.0,2022-10-20,2026-06-18,2022-10-20,2026-09-07
NARMADA.NS,SAFE_REPLACEMENT,nse_equity,True,in_upstox_master,903,1340,903,0,437,100.0,2022-10-27,2026-06-18,2016-09-06,2026-09-07
HDFCLOWVOL.NS,SAFE_REPLACEMENT,etf_or_inav,True,in_upstox_master,900,957,900,0,57,100.0,2022-10-17,2026-06-18,2022-10-17,2026-09-08
MOQUALITY.NS,SAFE_REPLACEMENT,etf_or_inav,True,in_upstox_master,899,956,899,0,57,100.0,2022-08-26,2026-06-18,2022-08-26,2026-09-08
SUKHJITS.NS,SAFE_REPLACEMENT,nse_equity,True,in_upstox_master,896,952,896,0,56,100.0,2022-11-07,2026-06-18,2022-11-07,2026-09-07
FAZE3Q.NS,SAFE_REPLACEMENT,nse_equity,True,in_upstox_master,888,944,888,0,56,100.0,2022-11-18,2026-06-18,2022-11-18,2026-09-07
SYNCOMF.NS,SAFE_REPLACEMENT,nse_equity,True,in_upstox_master,888,944,888,0,56,100.0,2022-11-18,2026-06-18,2022-11-18,2026-09-07
HDFCNIFIT.NS,SAFE_REPLACEMENT,nse_equity,True,in_upstox_master,886,942,886,0,56,100.0,2022-11-22,2026-06-18,2022-11-22,2026-09-07
SCPL.NS,SAFE_REPLACEMENT,nse_equity,True,in_upstox_master,886,942,886,0,56,100.0,2022-11-22,2026-06-18,2022-11-22,2026-09-07
HDFCPVTBAN.NS,SAFE_REPLACEMENT,nse_equity,True,in_upstox_master,884,940,884,0,56,100.0,2022-11-22,2026-06-18,2022-11-22,2026-09-07
RUSTOMJEE.NS,SAFE_REPLACEMENT,nse_equity,True,in_upstox_master,884,940,884,0,56,100.0,2022-11-24,2026-06-18,2022-11-24,2026-09-07
VINNY.NS,SAFE_REPLACEMENT,nse_equity,True,in_upstox_master,882,938,882,0,56,100.0,2022-11-28,2026-06-18,2022-11-28,2026-09-07
FINIETF.NS,SAFE_REPLACEMENT,etf_or_inav,True,in_upstox_master,880,937,880,0,57,100.0,2022-11-30,2026-06-18,2022-11-30,2026-09-08
DJML.NS,SAFE_REPLACEMENT,nse_equity,True,in_upstox_master,877,933,877,0,56,100.0,2022-12-05,2026-06-18,2022-12-05,2026-09-07
DHARMAJ.NS,SAFE_REPLACEMENT,nse_equity,True,in_upstox_master,874,930,874,0,56,100.0,2022-12-08,2026-06-18,2022-12-08,2026-09-07
LIQUID1.NS,SAFE_REPLACEMENT,etf_or_inav,True,in_upstox_master,874,931,874,0,57,100.0,2018-09-27,2026-06-18,2018-09-27,2026-09-08
EBBETF0433.NS,SAFE_REPLACEMENT,etf_or_inav,True,in_upstox_master,868,925,868,0,57,100.0,2022-12-16,2026-06-18,2022-12-16,2026-09-08
SILVER1.NS,SAFE_REPLACEMENT,etf_or_inav,True,in_upstox_master,868,925,868,0,57,100.0,2022-12-14,2026-06-18,2022-12-14,2026-09-08
COMMOIETF.NS,SAFE_REPLACEMENT,etf_or_inav,True,in_upstox_master,864,921,864,0,57,100.0,2022-12-21,2026-06-18,2022-12-21,2026-09-08
SULA.NS,SAFE_REPLACEMENT,nse_equity,True,in_upstox_master,864,920,864,0,56,100.0,2022-12-22,2026-06-18,2022-12-22,2026-09-07
LANDMARK.NS,SAFE_REPLACEMENT,nse_equity,True,in_upstox_master,863,919,863,0,56,100.0,2022-12-23,2026-06-18,2022-12-23,2026-09-07
ELIN.NS,SAFE_REPLACEMENT,nse_equity,True,in_upstox_master,858,914,858,0,56,100.0,2022-12-30,2026-06-18,2022-12-30,2026-09-07
RADIANTCMS.NS,SAFE_REPLACEMENT,nse_equity,True,in_upstox_master,855,911,855,0,56,100.0,2023-01-04,2026-06-18,2023-01-04,2026-09-07
BANKADD.NS,SAFE_REPLACEMENT,nse_equity,True,in_upstox_master,853,909,853,0,56,100.0,2023-01-06,2026-06-18,2023-01-06,2026-09-07
BAIDFIN.NS,SAFE_REPLACEMENT,nse_equity,True,in_upstox_master,843,899,843,0,56,100.0,2023-01-20,2026-06-18,2023-01-20,2026-09-07
MANOMAY.NS,SAFE_REPLACEMENT,nse_equity,True,in_upstox_master,838,894,838,0,56,100.0,2023-01-18,2026-06-18,2023-01-18,2026-09-07
HDFCBSE500.NS,SAFE_REPLACEMENT,nse_equity,True,in_upstox_master,822,878,822,0,56,100.0,2023-02-21,2026-06-18,2023-02-21,2026-09-07
HDFCMID150.NS,SAFE_REPLACEMENT,nse_equity,True,in_upstox_master,822,878,822,0,56,100.0,2023-02-21,2026-06-18,2023-02-21,2026-09-07
HDFCSML250.NS,SAFE_REPLACEMENT,nse_equity,True,in_upstox_master,822,878,822,0,56,100.0,2023-02-21,2026-06-18,2023-02-21,2026-09-07
DIVGIITTS.NS,SAFE_REPLACEMENT,nse_equity,True,in_upstox_master,808,864,808,0,56,100.0,2023-03-14,2026-06-18,2023-03-14,2026-09-07
PSUBNKIETF.NS,SAFE_REPLACEMENT,etf_or_inav,True,in_upstox_master,803,860,803,0,57,100.0,2023-03-21,2026-06-18,2023-03-21,2026-09-08
GSLSU.NS,SAFE_REPLACEMENT,nse_equity,True,in_upstox_master,801,857,801,0,56,100.0,2023-03-23,2026-06-18,2023-03-23,2026-09-07
USK.NS,SAFE_REPLACEMENT,nse_equity,True,in_upstox_master,795,851,795,0,56,100.0,2023-04-03,2026-06-18,2023-04-03,2026-09-07
SAHYADRI.NS,SAFE_REPLACEMENT,nse_equity,True,in_upstox_master,793,849,793,0,56,100.0,2023-04-06,2026-06-18,2023-04-06,2026-09-07
LAL.NS,SAFE_REPLACEMENT,nse_equity,True,in_upstox_master,791,847,791,0,56,100.0,2023-04-10,2026-06-18,2023-04-10,2026-09-07
BLAL.NS,SAFE_REPLACEMENT,nse_equity,True,in_upstox_master,786,842,786,0,56,100.0,2023-04-19,2026-06-18,2023-04-19,2026-09-07
SILVERBETA.NS,SAFE_REPLACEMENT,etf_or_inav,True,in_upstox_master,785,842,785,0,57,100.0,2023-04-20,2026-06-18,2023-04-20,2026-09-08
LOWVOL.NS,SAFE_REPLACEMENT,etf_or_inav,True,in_upstox_master,780,836,780,0,56,100.0,2023-03-31,2026-06-18,2023-03-31,2026-09-08
KRISHIVAL.NS,SAFE_REPLACEMENT,nse_equity,True,in_upstox_master,779,843,779,0,64,100.0,2022-03-31,2026-06-18,2022-03-31,2026-09-07
VIRINCHI.NS,SAFE_REPLACEMENT,nse_equity,True,in_upstox_master,777,833,777,0,56,100.0,2023-05-03,2026-06-18,2023-05-03,2026-09-07
GOLDADD.NS,SAFE_REPLACEMENT,etf_or_inav,True,in_upstox_master,774,831,774,0,57,100.0,2023-05-08,2026-06-18,2023-05-08,2026-09-08
ATAM.NS,SAFE_REPLACEMENT,nse_equity,True,in_upstox_master,772,828,772,0,56,100.0,2023-05-10,2026-06-18,2023-05-10,2026-09-07
LGHL.NS,SAFE_REPLACEMENT,nse_equity,True,in_upstox_master,772,828,772,0,56,100.0,2020-04-16,2026-06-18,2020-04-16,2026-09-07
GSEC10IETF.NS,SAFE_REPLACEMENT,etf_or_inav,True,in_upstox_master,754,809,754,0,55,100.0,2022-12-19,2026-06-18,2022-12-19,2026-09-08
GSEC10YEAR.NS,SAFE_REPLACEMENT,nse_equity,True,in_upstox_master,753,809,753,0,56,100.0,2023-04-10,2026-06-18,2023-04-10,2026-09-07
GHCLTEXTIL.NS,SAFE_REPLACEMENT,nse_equity,True,in_upstox_master,749,805,749,0,56,100.0,2023-06-12,2026-06-18,2023-06-12,2026-09-07
SILVERAG.NS,SAFE_REPLACEMENT,etf_or_inav,True,in_upstox_master,746,803,746,0,57,100.0,2023-06-15,2026-06-18,2023-06-15,2026-09-08
IKIO.NS,SAFE_REPLACEMENT,nse_equity,True,in_upstox_master,745,801,745,0,56,100.0,2023-06-16,2026-06-18,2023-06-16,2026-09-07
SINDHUTRAD.NS,SAFE_REPLACEMENT,nse_equity,True,in_upstox_master,743,799,743,0,56,100.0,2023-06-20,2026-06-18,2023-06-20,2026-09-07
BOHRAIND.NS,SAFE_REPLACEMENT,nse_equity,True,in_upstox_master,739,795,739,0,56,100.0,2022-10-27,2026-06-18,2022-10-27,2026-09-07
ASHOKAMET.NS,SAFE_REPLACEMENT,nse_equity,True,in_upstox_master,738,794,738,0,56,100.0,2023-06-27,2026-06-18,2023-06-27,2026-09-07
HMAAGRO.NS,SAFE_REPLACEMENT,nse_equity,True,in_upstox_master,734,790,734,0,56,100.0,2023-07-04,2026-06-18,2023-07-04,2026-09-07
TECILCHEM.NS,SAFE_REPLACEMENT,nse_equity,True,in_upstox_master,731,789,731,0,58,100.0,2023-04-20,2026-06-18,2023-04-20,2026-09-07
CYIENTDLM.NS,SAFE_REPLACEMENT,nse_equity,True,in_upstox_master,730,786,730,0,56,100.0,2023-07-10,2026-06-18,2023-07-10,2026-09-07
PAKKA.NS,SAFE_REPLACEMENT,nse_equity,True,in_upstox_master,728,785,728,0,57,100.0,2023-07-11,2026-06-17,2023-07-11,2026-09-07
ITADD.NS,SAFE_REPLACEMENT,nse_equity,True,in_upstox_master,727,783,727,0,56,100.0,2023-07-13,2026-06-18,2023-07-13,2026-09-07
BANKETF.NS,SAFE_REPLACEMENT,etf_or_inav,True,in_upstox_master,718,775,718,0,57,100.0,2023-07-26,2026-06-18,2023-07-26,2026-09-08
PSUBANKADD.NS,SAFE_REPLACEMENT,nse_equity,True,in_upstox_master,713,769,713,0,56,100.0,2023-08-02,2026-06-18,2023-08-02,2026-09-07
PVTBANKADD.NS,SAFE_REPLACEMENT,nse_equity,True,in_upstox_master,713,769,713,0,56,100.0,2023-08-02,2026-06-18,2023-08-02,2026-09-07
SENSEXADD.NS,SAFE_REPLACEMENT,etf_or_inav,True,in_upstox_master,710,767,710,0,57,100.0,2023-08-02,2026-06-18,2023-08-02,2026-09-08
NIITMTS.NS,SAFE_REPLACEMENT,nse_equity,True,in_upstox_master,708,765,708,0,57,100.0,2023-08-08,2026-06-17,2023-08-08,2026-09-07
ATL.NS,SAFE_REPLACEMENT,nse_equity,True,in_upstox_master,707,763,707,0,56,100.0,2023-08-10,2026-06-18,2023-08-10,2026-09-07
TREL.NS,SAFE_REPLACEMENT,nse_equity,True,in_upstox_master,707,763,707,0,56,100.0,2023-08-10,2026-06-18,2023-08-10,2026-09-07
QUAL30IETF.NS,SAFE_REPLACEMENT,etf_or_inav,True,in_upstox_master,706,763,706,0,57,100.0,2023-08-10,2026-06-18,2023-08-10,2026-09-08
YASHO.NS,SAFE_REPLACEMENT,nse_equity,True,in_upstox_master,701,757,701,0,56,100.0,2023-08-21,2026-06-18,2023-08-21,2026-09-07
SRGHFL.NS,SAFE_REPLACEMENT,nse_equity,True,in_upstox_master,700,756,700,0,56,100.0,2023-08-21,2026-06-18,2023-08-21,2026-09-07
TVSSCS.NS,SAFE_REPLACEMENT,nse_equity,True,in_upstox_master,699,755,699,0,56,100.0,2023-08-23,2026-06-18,2023-08-23,2026-09-07
PYRAMID.NS,SAFE_REPLACEMENT,nse_equity,True,in_upstox_master,695,751,695,0,56,100.0,2023-08-29,2026-06-18,2023-08-29,2026-09-07
HDFCLIQUID.NS,SAFE_REPLACEMENT,etf_or_inav,True,in_upstox_master,689,746,689,0,57,100.0,2023-08-31,2026-06-18,2023-08-31,2026-09-08
MIDCAPBETA.NS,SAFE_REPLACEMENT,etf_or_inav,True,in_upstox_master,689,746,689,0,57,100.0,2023-09-05,2026-06-18,2023-09-05,2026-09-08
RISHABH.NS,SAFE_REPLACEMENT,nse_equity,True,in_upstox_master,686,742,686,0,56,100.0,2023-09-11,2026-06-18,2023-09-11,2026-09-07
JLHL.NS,SAFE_REPLACEMENT,nse_equity,True,in_upstox_master,681,737,681,0,56,100.0,2023-09-18,2026-06-18,2023-09-18,2026-09-07
ZAGGLE.NS,SAFE_REPLACEMENT,nse_equity,True,in_upstox_master,679,734,679,0,55,100.0,2023-09-22,2026-06-19,2023-09-22,2026-09-07
SAMHI.NS,SAFE_REPLACEMENT,nse_equity,True,in_upstox_master,678,734,678,0,56,100.0,2023-09-22,2026-06-18,2023-09-22,2026-09-07
DIAMINESQ.NS,SAFE_REPLACEMENT,nse_equity,True,in_upstox_master,677,733,677,0,56,100.0,2023-09-25,2026-06-18,2023-09-25,2026-09-07
KALAMANDIR.NS,SAFE_REPLACEMENT,nse_equity,True,in_upstox_master,675,731,675,0,56,100.0,2023-09-27,2026-06-18,2023-09-27,2026-09-07
YATRA.NS,SAFE_REPLACEMENT,nse_equity,True,in_upstox_master,674,730,674,0,56,100.0,2023-09-28,2026-06-18,2023-09-28,2026-09-07
MVGJL.NS,SAFE_REPLACEMENT,nse_equity,True,in_upstox_master,672,728,672,0,56,100.0,2023-10-03,2026-06-18,2023-10-03,2026-09-07
UDS.NS,SAFE_REPLACEMENT,nse_equity,True,in_upstox_master,671,727,671,0,56,100.0,2023-10-04,2026-06-18,2023-10-04,2026-09-07
MONIFTY500.NS,SAFE_REPLACEMENT,etf_or_inav,True,in_upstox_master,669,726,669,0,57,100.0,2023-10-06,2026-06-18,2023-10-06,2026-09-08
SENSEXETF.NS,SAFE_REPLACEMENT,etf_or_inav,True,in_upstox_master,669,726,669,0,57,100.0,2023-10-06,2026-06-18,2023-10-06,2026-09-08
SECMARK.NS,SAFE_REPLACEMENT,nse_equity,True,in_upstox_master,659,715,659,0,56,100.0,2023-10-16,2026-06-18,2023-10-16,2026-09-07
IRMENERGY.NS,SAFE_REPLACEMENT,nse_equity,True,in_upstox_master,656,712,656,0,56,100.0,2023-10-26,2026-06-18,2023-10-26,2026-09-07
ITETF.NS,SAFE_REPLACEMENT,etf_or_inav,True,in_upstox_master,655,712,655,0,57,100.0,2023-10-27,2026-06-18,2023-10-27,2026-09-08
MAXESTATES.NS,SAFE_REPLACEMENT,nse_equity,True,in_upstox_master,654,710,654,0,56,100.0,2023-10-30,2026-06-18,2023-10-30,2026-09-07
MUFIN.NS,SAFE_REPLACEMENT,nse_equity,True,in_upstox_master,650,705,650,0,55,100.0,2023-11-06,2026-06-19,2023-11-06,2026-09-07
CELLO.NS,SAFE_REPLACEMENT,nse_equity,True,in_upstox_master,649,705,649,0,56,100.0,2023-11-06,2026-06-18,2023-11-06,2026-09-07
LIQUIDSBI.NS,SAFE_REPLACEMENT,etf_or_inav,True,in_upstox_master,649,706,649,0,57,100.0,2023-11-02,2026-06-18,2023-11-02,2026-09-08
EGOLD.NS,SAFE_REPLACEMENT,etf_or_inav,True,in_upstox_master,645,702,645,0,57,100.0,2023-11-10,2026-06-18,2023-11-10,2026-09-08
ASKAUTOLTD.NS,SAFE_REPLACEMENT,nse_equity,True,in_upstox_master,642,698,642,0,56,100.0,2023-11-15,2026-06-18,2023-11-15,2026-09-07
ESILVER.NS,SAFE_REPLACEMENT,etf_or_inav,True,in_upstox_master,635,692,635,0,57,100.0,2023-11-24,2026-06-18,2023-11-24,2026-09-08
FEDFINA.NS,SAFE_REPLACEMENT,nse_equity,True,in_upstox_master,632,688,632,0,56,100.0,2023-11-30,2026-06-18,2023-11-30,2026-09-07
FLAIR.NS,SAFE_REPLACEMENT,nse_equity,True,in_upstox_master,631,687,631,0,56,100.0,2023-12-01,2026-06-18,2023-12-01,2026-09-07
INDIASHLTR.NS,SAFE_REPLACEMENT,nse_equity,True,in_upstox_master,618,674,618,0,56,100.0,2023-12-20,2026-06-18,2023-12-20,2026-09-07
BBNPPGOLD.NS,SAFE_REPLACEMENT,etf_or_inav,True,in_upstox_master,617,674,617,0,57,100.0,2023-12-19,2026-06-18,2023-12-19,2026-09-08
MUTHOOTMF.NS,SAFE_REPLACEMENT,nse_equity,True,in_upstox_master,615,671,615,0,56,100.0,2023-12-26,2026-06-18,2023-12-26,2026-09-07
SURAJEST.NS,SAFE_REPLACEMENT,nse_equity,True,in_upstox_master,615,671,615,0,56,100.0,2023-12-26,2026-06-18,2023-12-26,2026-09-07
HAPPYFORGE.NS,SAFE_REPLACEMENT,nse_equity,True,in_upstox_master,614,670,614,0,56,100.0,2023-12-27,2026-06-18,2023-12-27,2026-09-07
MUFTI.NS,SAFE_REPLACEMENT,nse_equity,True,in_upstox_master,614,670,614,0,56,100.0,2023-12-27,2026-06-18,2023-12-27,2026-09-07
INNOVACAP.NS,SAFE_REPLACEMENT,nse_equity,True,in_upstox_master,612,668,612,0,56,100.0,2023-12-29,2026-06-18,2023-12-29,2026-09-07
SUNCLAY.NS,SAFE_REPLACEMENT,nse_equity,True,in_upstox_master,612,668,612,0,56,100.0,2023-12-29,2026-06-18,2023-12-29,2026-09-07
DIGIDRIVE.NS,SAFE_REPLACEMENT,nse_equity,True,in_upstox_master,604,660,604,0,56,100.0,2024-01-10,2026-06-18,2024-01-10,2026-09-07
TATSILV.NS,SAFE_REPLACEMENT,nse_equity,True,in_upstox_master,604,655,604,0,51,100.0,2024-01-17,2026-06-25,2024-01-17,2026-09-07
MEDIASSIST.NS,SAFE_REPLACEMENT,nse_equity,True,in_upstox_master,595,651,595,0,56,100.0,2024-01-23,2026-06-18,2024-01-23,2026-09-07
COMSYN.NS,SAFE_REPLACEMENT,nse_equity,True,in_upstox_master,594,650,594,0,56,100.0,2024-01-23,2026-06-18,2024-01-23,2026-09-07
DAVANGERE.NS,SAFE_REPLACEMENT,nse_equity,True,in_upstox_master,593,649,593,0,56,100.0,2024-01-25,2026-06-18,2024-01-25,2026-09-07
BANKBETF.NS,SAFE_REPLACEMENT,etf_or_inav,True,in_upstox_master,592,649,592,0,57,100.0,2024-01-29,2026-06-18,2024-01-29,2026-09-08
EPACK.NS,SAFE_REPLACEMENT,nse_equity,True,in_upstox_master,591,647,591,0,56,100.0,2024-01-30,2026-06-18,2024-01-30,2026-09-07
NIFTYBETF.NS,SAFE_REPLACEMENT,etf_or_inav,True,in_upstox_master,591,649,591,0,58,100.0,2024-01-29,2026-06-17,2024-01-29,2026-09-08
ITBETA.NS,SAFE_REPLACEMENT,etf_or_inav,True,in_upstox_master,588,645,588,0,57,100.0,2024-02-01,2026-06-18,2024-02-01,2026-09-08
BLSE.NS,SAFE_REPLACEMENT,nse_equity,True,in_upstox_master,586,642,586,0,56,100.0,2024-02-06,2026-06-18,2024-02-06,2026-09-07
HDFCPSUBK.NS,SAFE_REPLACEMENT,nse_equity,True,in_upstox_master,585,641,585,0,56,100.0,2024-02-07,2026-06-18,2024-02-07,2026-09-07
HEALTHADD.NS,SAFE_REPLACEMENT,nse_equity,True,in_upstox_master,584,640,584,0,56,100.0,2024-02-07,2026-06-18,2024-02-07,2026-09-07
GILT10BETA.NS,SAFE_REPLACEMENT,etf_or_inav,True,in_upstox_master,583,641,583,0,58,100.0,2024-02-05,2026-06-18,2024-02-05,2026-09-08
PARKHOTELS.NS,SAFE_REPLACEMENT,nse_equity,True,in_upstox_master,582,638,582,0,56,100.0,2024-02-12,2026-06-18,2024-02-12,2026-09-07
CAPITALSFB.NS,SAFE_REPLACEMENT,nse_equity,True,in_upstox_master,580,636,580,0,56,100.0,2024-02-14,2026-06-18,2024-02-14,2026-09-07
SIGNPOST.NS,SAFE_REPLACEMENT,nse_equity,True,in_upstox_master,580,636,580,0,56,100.0,2024-02-14,2026-06-18,2024-02-14,2026-09-07
ENTERO.NS,SAFE_REPLACEMENT,nse_equity,True,in_upstox_master,579,634,579,0,55,100.0,2024-02-16,2026-06-19,2024-02-16,2026-09-07
LICNMID100.NS,SAFE_REPLACEMENT,nse_equity,True,in_upstox_master,577,633,577,0,56,100.0,2024-02-19,2026-06-18,2024-02-19,2026-09-07
VSTL.NS,SAFE_REPLACEMENT,nse_equity,True,in_upstox_master,576,632,576,0,56,100.0,2024-02-20,2026-06-18,2024-02-20,2026-09-07
SAURASHCEM.NS,SAFE_REPLACEMENT,nse_equity,True,in_upstox_master,571,627,571,0,56,100.0,2024-02-27,2026-06-18,2024-02-27,2026-09-07
JUNIPER.NS,SAFE_REPLACEMENT,nse_equity,True,in_upstox_master,570,626,570,0,56,100.0,2024-02-28,2026-06-18,2024-02-28,2026-09-07
GPTHEALTH.NS,SAFE_REPLACEMENT,nse_equity,True,in_upstox_master,569,625,569,0,56,100.0,2024-02-29,2026-06-18,2024-02-29,2026-09-07
SMALLCAP.NS,SAFE_REPLACEMENT,etf_or_inav,True,in_upstox_master,569,626,569,0,57,100.0,2024-02-29,2026-06-18,2024-02-29,2026-09-08
MODTHREAD.NS,SAFE_REPLACEMENT,nse_equity,True,in_upstox_master,567,623,567,0,56,100.0,2024-02-14,2026-06-18,2024-02-14,2026-09-07
PLATIND.NS,SAFE_REPLACEMENT,nse_equity,True,in_upstox_master,565,621,565,0,56,100.0,2024-03-05,2026-06-18,2024-03-05,2026-09-07
MUKKA.NS,SAFE_REPLACEMENT,nse_equity,True,in_upstox_master,563,619,563,0,56,100.0,2024-03-07,2026-06-18,2024-03-07,2026-09-07
LANCORHOL.NS,SAFE_REPLACEMENT,nse_equity,True,in_upstox_master,561,617,561,0,56,100.0,2024-03-12,2026-06-18,2024-03-12,2026-09-07
RKSWAMY.NS,SAFE_REPLACEMENT,nse_equity,True,in_upstox_master,561,617,561,0,56,100.0,2024-03-12,2026-06-18,2024-03-12,2026-09-07
GILT5BETA.NS,SAFE_REPLACEMENT,etf_or_inav,True,in_upstox_master,560,614,560,0,54,100.0,2024-02-05,2026-06-18,2024-02-05,2026-09-08
JGCHEM.NS,SAFE_REPLACEMENT,nse_equity,True,in_upstox_master,560,616,560,0,56,100.0,2024-03-13,2026-06-18,2024-03-13,2026-09-07
GOPAL.NS,SAFE_REPLACEMENT,nse_equity,True,in_upstox_master,559,615,559,0,56,100.0,2024-03-14,2026-06-18,2024-03-14,2026-09-07
PVSL.NS,SAFE_REPLACEMENT,nse_equity,True,in_upstox_master,556,612,556,0,56,100.0,2024-03-19,2026-06-18,2024-03-19,2026-09-07
SCILAL.NS,SAFE_REPLACEMENT,nse_equity,True,in_upstox_master,556,612,556,0,56,100.0,2024-03-19,2026-06-18,2024-03-19,2026-09-07
KRYSTAL.NS,SAFE_REPLACEMENT,nse_equity,True,in_upstox_master,554,610,554,0,56,100.0,2024-03-21,2026-06-18,2024-03-21,2026-09-07
MOREALTY.NS,SAFE_REPLACEMENT,nse_equity,True,in_upstox_master,554,610,554,0,56,100.0,2024-03-21,2026-06-18,2024-03-21,2026-09-07
MOSMALL250.NS,SAFE_REPLACEMENT,nse_equity,True,in_upstox_master,554,610,554,0,56,100.0,2024-03-21,2026-06-18,2024-03-21,2026-09-07
SRM.NS,SAFE_REPLACEMENT,nse_equity,True,in_upstox_master,547,603,547,0,56,100.0,2024-04-03,2026-06-18,2024-04-03,2026-09-07
SINCLAIR.NS,SAFE_REPLACEMENT,nse_equity,True,in_upstox_master,542,598,542,0,56,100.0,2024-04-10,2026-06-18,2024-04-10,2026-09-07
GLOSTERLTD.NS,SAFE_REPLACEMENT,nse_equity,True,in_upstox_master,532,588,532,0,56,100.0,2024-04-26,2026-06-18,2024-04-26,2026-09-07
MIDSMALL.NS,SAFE_REPLACEMENT,nse_equity,True,in_upstox_master,511,567,511,0,56,100.0,2024-05-28,2026-06-18,2024-05-28,2026-09-07
AWFIS.NS,SAFE_REPLACEMENT,nse_equity,True,in_upstox_master,509,565,509,0,56,100.0,2024-05-30,2026-06-18,2024-05-30,2026-09-07
BOROSCI.NS,SAFE_REPLACEMENT,nse_equity,True,in_upstox_master,503,559,503,0,56,100.0,2024-06-07,2026-06-18,2024-06-07,2026-09-07
KRONOX.NS,SAFE_REPLACEMENT,nse_equity,True,in_upstox_master,502,558,502,0,56,100.0,2024-06-10,2026-06-18,2024-06-10,2026-09-07
MID150CASE.NS,SAFE_REPLACEMENT,nse_equity,True,in_upstox_master,496,552,496,0,56,100.0,2024-06-19,2026-06-18,2024-06-19,2026-09-07
TOP100CASE.NS,SAFE_REPLACEMENT,nse_equity,True,in_upstox_master,496,552,496,0,56,100.0,2024-06-19,2026-06-18,2024-06-19,2026-09-07
BBNPNBETF.NS,SAFE_REPLACEMENT,etf_or_inav,True,in_upstox_master,493,550,493,0,57,100.0,2024-06-24,2026-06-18,2024-06-24,2026-09-08
RETAIL.NS,SAFE_REPLACEMENT,nse_equity,True,in_upstox_master,490,546,490,0,56,100.0,2024-06-26,2026-06-18,2024-06-26,2026-09-07
STANLEY.NS,SAFE_REPLACEMENT,nse_equity,True,in_upstox_master,489,545,489,0,56,100.0,2024-06-28,2026-06-18,2024-06-28,2026-09-07
VRAJ.NS,SAFE_REPLACEMENT,nse_equity,True,in_upstox_master,486,542,486,0,56,100.0,2024-07-03,2026-06-18,2024-07-03,2026-09-07
LIQUIDSHRI.NS,SAFE_REPLACEMENT,etf_or_inav,True,in_upstox_master,482,539,482,0,57,100.0,2024-07-09,2026-06-18,2024-07-09,2026-09-08
BANSALWIRE.NS,SAFE_REPLACEMENT,nse_equity,True,in_upstox_master,481,537,481,0,56,100.0,2024-07-10,2026-06-18,2024-07-10,2026-09-07
EVINDIA.NS,SAFE_REPLACEMENT,nse_equity,True,in_upstox_master,477,533,477,0,56,100.0,2024-07-16,2026-06-18,2024-07-16,2026-09-07
SBINEQWETF.NS,SAFE_REPLACEMENT,etf_or_inav,True,in_upstox_master,473,530,473,0,57,100.0,2024-07-23,2026-06-18,2024-07-23,2026-09-08
OILIETF.NS,SAFE_REPLACEMENT,etf_or_inav,True,in_upstox_master,471,529,471,0,58,100.0,2024-07-24,2026-06-17,2024-07-24,2026-09-08
SANSTAR.NS,SAFE_REPLACEMENT,nse_equity,True,in_upstox_master,470,526,470,0,56,100.0,2024-07-26,2026-06-18,2024-07-26,2026-09-07
RPEL.NS,SAFE_REPLACEMENT,nse_equity,True,in_upstox_master,461,517,461,0,56,100.0,2024-08-08,2026-06-18,2024-08-08,2026-09-07
RUBFILA.NS,SAFE_REPLACEMENT,nse_equity,True,in_upstox_master,461,517,461,0,56,100.0,2024-08-08,2026-06-18,2024-08-08,2026-09-07
GROWWEV.NS,SAFE_REPLACEMENT,nse_equity,True,in_upstox_master,459,515,459,0,56,100.0,2024-08-12,2026-06-18,2024-08-12,2026-09-07
MANCREDIT.NS,SAFE_REPLACEMENT,nse_equity,True,in_upstox_master,456,512,456,0,56,100.0,2024-08-16,2026-06-18,2024-08-16,2026-09-07
METALIETF.NS,SAFE_REPLACEMENT,etf_or_inav,True,in_upstox_master,454,511,454,0,57,100.0,2024-08-20,2026-06-18,2024-08-20,2026-09-08
SSDL.NS,SAFE_REPLACEMENT,nse_equity,True,in_upstox_master,454,510,454,0,56,100.0,2024-08-20,2026-06-18,2024-08-20,2026-09-07
INTERARCH.NS,SAFE_REPLACEMENT,nse_equity,True,in_upstox_master,450,506,450,0,56,100.0,2024-08-26,2026-06-18,2024-08-26,2026-09-07
MFML.NS,SAFE_REPLACEMENT,nse_equity,True,in_upstox_master,449,505,449,0,56,100.0,2024-08-27,2026-06-18,2024-08-27,2026-09-07
ORIENTTECH.NS,SAFE_REPLACEMENT,nse_equity,True,in_upstox_master,447,504,447,0,57,100.0,2024-08-28,2026-06-17,2024-08-28,2026-09-07
SURAJLTD.NS,SAFE_REPLACEMENT,nse_equity,True,in_upstox_master,446,502,446,0,56,100.0,2024-08-29,2026-06-18,2024-08-29,2026-09-07
MULTICAP.NS,SAFE_REPLACEMENT,nse_equity,True,in_upstox_master,442,498,442,0,56,100.0,2024-09-05,2026-06-18,2024-09-05,2026-09-07
GALAPREC.NS,SAFE_REPLACEMENT,nse_equity,True,in_upstox_master,440,496,440,0,56,100.0,2024-09-09,2026-06-18,2024-09-09,2026-09-07
EUREKAFORB.NS,SAFE_REPLACEMENT,nse_equity,True,in_upstox_master,438,494,438,0,56,100.0,2024-09-11,2026-06-18,2024-09-11,2026-09-07
RVTH.NS,SAFE_REPLACEMENT,nse_equity,True,in_upstox_master,438,494,438,0,56,100.0,2024-09-11,2026-06-18,2024-09-11,2026-09-07
TOP10ADD.NS,SAFE_REPLACEMENT,nse_equity,True,in_upstox_master,438,494,438,0,56,100.0,2024-09-11,2026-06-18,2024-09-11,2026-09-07
BALAJEE.NS,SAFE_REPLACEMENT,nse_equity,True,in_upstox_master,437,493,437,0,56,100.0,2024-09-12,2026-06-18,2024-09-12,2026-09-07
SANOFICONR.NS,SAFE_REPLACEMENT,nse_equity,True,in_upstox_master,436,492,436,0,56,100.0,2024-09-13,2026-06-18,2024-09-13,2026-09-07
EBANKNIFTY.NS,SAFE_REPLACEMENT,etf_or_inav,True,in_upstox_master,435,492,435,0,57,100.0,2024-09-16,2026-06-18,2024-09-16,2026-09-08
KROSS.NS,SAFE_REPLACEMENT,nse_equity,True,in_upstox_master,435,491,435,0,56,100.0,2024-09-16,2026-06-18,2024-09-16,2026-09-07
TOLINS.NS,SAFE_REPLACEMENT,nse_equity,True,in_upstox_master,435,491,435,0,56,100.0,2024-09-16,2026-06-18,2024-09-16,2026-09-07
XTGLOBAL.NS,SAFE_REPLACEMENT,nse_equity,True,in_upstox_master,435,491,435,0,56,100.0,2024-09-16,2026-06-18,2024-09-16,2026-09-07
PNGJL.NS,SAFE_REPLACEMENT,nse_equity,True,in_upstox_master,434,490,434,0,56,100.0,2024-09-17,2026-06-18,2024-09-17,2026-09-07
WCIL.NS,SAFE_REPLACEMENT,nse_equity,True,in_upstox_master,429,485,429,0,56,100.0,2024-09-24,2026-06-18,2024-09-24,2026-09-07
NORTHARC.NS,SAFE_REPLACEMENT,nse_equity,True,in_upstox_master,428,485,428,0,57,100.0,2024-09-24,2026-06-17,2024-09-24,2026-09-07
GROWWLIQID.NS,SAFE_REPLACEMENT,nse_equity,True,in_upstox_master,427,483,427,0,56,100.0,2024-09-26,2026-06-18,2024-09-26,2026-09-07
INDOUS.NS,SAFE_REPLACEMENT,nse_equity,True,in_upstox_master,426,482,426,0,56,100.0,2024-09-27,2026-06-18,2024-09-27,2026-09-07
MANBA.NS,SAFE_REPLACEMENT,nse_equity,True,in_upstox_master,425,481,425,0,56,100.0,2024-09-30,2026-06-18,2024-09-30,2026-09-07
MOMENTUM50.NS,SAFE_REPLACEMENT,etf_or_inav,True,in_upstox_master,425,482,425,0,57,100.0,2024-09-30,2026-06-18,2024-09-30,2026-09-08
DIFFNKG.NS,SAFE_REPLACEMENT,nse_equity,True,in_upstox_master,422,478,422,0,56,100.0,2024-10-04,2026-06-18,2024-10-04,2026-09-07
BANKPSU.NS,SAFE_REPLACEMENT,nse_equity,True,in_upstox_master,420,476,420,0,56,100.0,2024-10-08,2026-06-18,2024-10-08,2026-09-07
METAL.NS,SAFE_REPLACEMENT,nse_equity,True,in_upstox_master,419,475,419,0,56,100.0,2024-10-09,2026-06-18,2024-10-09,2026-09-07
SRD.NS,SAFE_REPLACEMENT,nse_equity,True,in_upstox_master,419,475,419,0,56,100.0,2024-10-09,2026-06-18,2024-10-09,2026-09-07
GROWWDEFNC.NS,SAFE_REPLACEMENT,nse_equity,True,in_upstox_master,417,473,417,0,56,100.0,2024-10-11,2026-06-18,2024-10-11,2026-09-07
GARUDA.NS,SAFE_REPLACEMENT,nse_equity,True,in_upstox_master,415,471,415,0,56,100.0,2024-10-15,2026-06-18,2024-10-15,2026-09-07
VAL30IETF.NS,SAFE_REPLACEMENT,etf_or_inav,True,in_upstox_master,410,467,410,0,57,100.0,2024-10-22,2026-06-18,2024-10-22,2026-09-08
GROWWGOLD.NS,SAFE_REPLACEMENT,etf_or_inav,True,in_upstox_master,408,465,408,0,57,100.0,2024-10-24,2026-06-18,2024-10-24,2026-09-08
AVL.NS,SAFE_REPLACEMENT,nse_equity,True,in_upstox_master,399,455,399,0,56,100.0,2024-11-06,2026-06-18,2024-11-06,2026-09-07
EMULTIMQ.NS,SAFE_REPLACEMENT,nse_equity,True,in_upstox_master,398,454,398,0,56,100.0,2024-11-07,2026-06-18,2024-11-07,2026-09-07
KPEL.NS,SAFE_REPLACEMENT,nse_equity,True,in_upstox_master,393,449,393,0,56,100.0,2024-11-14,2026-06-18,2024-11-14,2026-09-07
RACLGEAR.NS,SAFE_REPLACEMENT,nse_equity,True,in_upstox_master,386,442,386,0,56,100.0,2024-11-27,2026-06-18,2024-11-27,2026-09-07
SURAKSHA.NS,SAFE_REPLACEMENT,nse_equity,True,in_upstox_master,379,435,379,0,56,100.0,2024-12-06,2026-06-18,2024-12-06,2026-09-07
CEWATER.NS,SAFE_REPLACEMENT,nse_equity,True,in_upstox_master,365,421,365,0,56,100.0,2024-12-27,2026-06-18,2024-12-27,2026-09-07
DAMCAPITAL.NS,SAFE_REPLACEMENT,nse_equity,True,in_upstox_master,365,421,365,0,56,100.0,2024-12-27,2026-06-18,2024-12-27,2026-09-07
MAMATA.NS,SAFE_REPLACEMENT,nse_equity,True,in_upstox_master,365,421,365,0,56,100.0,2024-12-27,2026-06-18,2024-12-27,2026-09-07
SANATHAN.NS,SAFE_REPLACEMENT,nse_equity,True,in_upstox_master,365,421,365,0,56,100.0,2024-12-27,2026-06-18,2024-12-27,2026-09-07
CARRARO.NS,SAFE_REPLACEMENT,nse_equity,True,in_upstox_master,364,420,364,0,56,100.0,2024-12-30,2026-06-18,2024-12-30,2026-09-07
VENTIVE.NS,SAFE_REPLACEMENT,nse_equity,True,in_upstox_master,364,420,364,0,56,100.0,2024-12-30,2026-06-18,2024-12-30,2026-09-07
CONSUMER.NS,SAFE_REPLACEMENT,nse_equity,True,in_upstox_master,362,418,362,0,56,100.0,2025-01-01,2026-06-18,2025-01-01,2026-09-07
ECAPINSURE.NS,SAFE_REPLACEMENT,nse_equity,True,in_upstox_master,359,415,359,0,56,100.0,2025-01-06,2026-06-18,2025-01-06,2026-09-07
SETL.NS,SAFE_REPLACEMENT,nse_equity,True,in_upstox_master,354,410,354,0,56,100.0,2025-01-13,2026-06-18,2025-01-13,2026-09-07
DDEVPLSTIK.NS,SAFE_REPLACEMENT,nse_equity,True,in_upstox_master,352,408,352,0,56,100.0,2025-01-15,2026-06-18,2025-01-15,2026-09-07
LAXMIDENTL.NS,SAFE_REPLACEMENT,nse_equity,True,in_upstox_master,349,405,349,0,56,100.0,2025-01-20,2026-06-18,2025-01-20,2026-09-07
DENTA.NS,SAFE_REPLACEMENT,nse_equity,True,in_upstox_master,342,398,342,0,56,100.0,2025-01-29,2026-06-18,2025-01-29,2026-09-07
SUPREME.NS,SAFE_REPLACEMENT,nse_equity,True,in_upstox_master,338,394,338,0,56,100.0,2025-02-03,2026-06-18,2025-02-03,2026-09-07
NEXT30ADD.NS,SAFE_REPLACEMENT,nse_equity,True,in_upstox_master,335,392,335,0,57,100.0,2025-02-05,2026-06-17,2025-02-05,2026-09-07
GROWWRAIL.NS,SAFE_REPLACEMENT,nse_equity,True,in_upstox_master,334,390,334,0,56,100.0,2025-02-07,2026-06-18,2025-02-07,2026-09-07
ORCHASP.NS,SAFE_REPLACEMENT,nse_equity,True,in_upstox_master,333,390,333,0,57,100.0,2025-02-07,2026-06-17,2025-02-07,2026-09-07
JUBLCPL.NS,SAFE_REPLACEMENT,nse_equity,True,in_upstox_master,329,385,329,0,56,100.0,2025-02-14,2026-06-18,2025-02-14,2026-09-07
NATCAPSUQ.NS,SAFE_REPLACEMENT,nse_equity,True,in_upstox_master,329,385,329,0,56,100.0,2025-02-14,2026-06-18,2025-02-14,2026-09-07
BAJAJINDEF.NS,SAFE_REPLACEMENT,nse_equity,True,in_upstox_master,324,380,324,0,56,100.0,2025-02-21,2026-06-18,2025-02-21,2026-09-07
UNIONGOLD.NS,SAFE_REPLACEMENT,etf_or_inav,True,in_upstox_master,324,381,324,0,57,100.0,2025-02-21,2026-06-18,2025-02-21,2026-09-08
GUJTHEM.NS,SAFE_REPLACEMENT,nse_equity,True,in_upstox_master,322,378,322,0,56,100.0,2025-02-25,2026-06-18,2025-02-25,2026-09-07
MSCIINDIA.NS,SAFE_REPLACEMENT,nse_equity,True,in_upstox_master,321,377,321,0,56,100.0,2025-02-27,2026-06-18,2025-02-27,2026-09-07
GROWWN200.NS,SAFE_REPLACEMENT,nse_equity,True,in_upstox_master,320,376,320,0,56,100.0,2025-02-28,2026-06-18,2025-02-28,2026-09-07
GSEC10ABSL.NS,SAFE_REPLACEMENT,nse_equity,True,in_upstox_master,320,353,320,0,33,100.0,2024-08-19,2026-06-17,2024-08-19,2026-09-02
NIFTY100EW.NS,SAFE_REPLACEMENT,etf_or_inav,True,in_upstox_master,317,375,317,0,58,100.0,2025-03-04,2026-06-17,2025-03-04,2026-09-08
CASHIETF.NS,SAFE_REPLACEMENT,etf_or_inav,True,in_upstox_master,312,364,312,0,52,100.0,2025-03-19,2026-06-25,2025-03-19,2026-09-08
MOCAPITAL.NS,SAFE_REPLACEMENT,nse_equity,True,in_upstox_master,311,367,311,0,56,100.0,2025-03-13,2026-06-18,2025-03-13,2026-09-07
EQUAL200.NS,SAFE_REPLACEMENT,etf_or_inav,True,in_upstox_master,310,367,310,0,57,100.0,2025-03-17,2026-06-18,2025-03-17,2026-09-08
GOLD360.NS,SAFE_REPLACEMENT,etf_or_inav,True,in_upstox_master,310,367,310,0,57,100.0,2025-03-17,2026-06-18,2025-03-17,2026-09-08
SELECTIPO.NS,SAFE_REPLACEMENT,nse_equity,True,in_upstox_master,310,366,310,0,56,100.0,2025-03-17,2026-06-18,2025-03-17,2026-09-07
PRABHA.NS,SAFE_REPLACEMENT,nse_equity,True,in_upstox_master,308,364,308,0,56,100.0,2025-03-19,2026-06-18,2025-03-19,2026-09-07
BHARATSE.NS,SAFE_REPLACEMENT,nse_equity,True,in_upstox_master,305,361,305,0,56,100.0,2025-03-24,2026-06-18,2025-03-24,2026-09-07
ISHANCH.NS,SAFE_REPLACEMENT,nse_equity,True,in_upstox_master,305,361,305,0,56,100.0,2025-03-24,2026-06-18,2025-03-24,2026-09-07
SBIBPB.NS,SAFE_REPLACEMENT,nse_equity,True,in_upstox_master,302,358,302,0,56,100.0,2025-03-27,2026-06-18,2025-03-27,2026-09-07
MID150.NS,SAFE_REPLACEMENT,nse_equity,True,in_upstox_master,301,357,301,0,56,100.0,2025-03-28,2026-06-18,2025-03-28,2026-09-07
SILVER360.NS,SAFE_REPLACEMENT,etf_or_inav,True,in_upstox_master,297,354,297,0,57,100.0,2025-04-04,2026-06-18,2025-04-04,2026-09-08
WAAREERTL.NS,SAFE_REPLACEMENT,nse_equity,True,in_upstox_master,294,350,294,0,56,100.0,2025-04-09,2026-06-18,2025-04-09,2026-09-07
EVIETF.NS,SAFE_REPLACEMENT,etf_or_inav,True,in_upstox_master,292,349,292,0,57,100.0,2025-04-15,2026-06-18,2025-04-15,2026-09-08
CIFL.NS,SAFE_REPLACEMENT,nse_equity,True,in_upstox_master,290,346,290,0,56,100.0,2025-04-17,2026-06-18,2025-04-17,2026-09-07
TINNARUBR.NS,SAFE_REPLACEMENT,nse_equity,True,in_upstox_master,290,346,290,0,56,100.0,2025-04-17,2026-06-18,2025-04-17,2026-09-07
PRIMO.NS,SAFE_REPLACEMENT,nse_equity,True,in_upstox_master,288,344,288,0,56,100.0,2025-04-22,2026-06-18,2025-04-22,2026-09-07
GROWWMOM50.NS,SAFE_REPLACEMENT,etf_or_inav,True,in_upstox_master,286,343,286,0,57,100.0,2025-04-24,2026-06-18,2025-04-24,2026-09-08
MON50EQUAL.NS,SAFE_REPLACEMENT,etf_or_inav,True,in_upstox_master,277,334,277,0,57,100.0,2025-05-07,2026-06-18,2025-05-07,2026-09-08
MONEXT50.NS,SAFE_REPLACEMENT,nse_equity,True,in_upstox_master,273,329,273,0,56,100.0,2025-05-14,2026-06-18,2025-05-14,2026-09-07
EQUAL50.NS,SAFE_REPLACEMENT,etf_or_inav,True,in_upstox_master,269,326,269,0,57,100.0,2025-05-15,2026-06-18,2025-05-15,2026-09-08
MOINFRA.NS,SAFE_REPLACEMENT,nse_equity,True,in_upstox_master,268,324,268,0,56,100.0,2025-05-21,2026-06-18,2025-05-21,2026-09-07
GROWWSLVR.NS,SAFE_REPLACEMENT,nse_equity,True,in_upstox_master,266,322,266,0,56,100.0,2025-05-23,2026-06-18,2025-05-23,2026-09-07
BORANA.NS,SAFE_REPLACEMENT,nse_equity,True,in_upstox_master,264,320,264,0,56,100.0,2025-05-27,2026-06-18,2025-05-27,2026-09-07
MOMGF.NS,SAFE_REPLACEMENT,etf_or_inav,True,in_upstox_master,261,318,261,0,57,100.0,2025-05-28,2026-06-18,2025-05-28,2026-09-08
PROSTARM.NS,SAFE_REPLACEMENT,nse_equity,True,in_upstox_master,259,315,259,0,56,100.0,2025-06-03,2026-06-18,2025-06-03,2026-09-07
SCODATUBES.NS,SAFE_REPLACEMENT,nse_equity,True,in_upstox_master,258,314,258,0,56,100.0,2025-06-04,2026-06-18,2025-06-04,2026-09-07
NIRAJISPAT.NS,SAFE_REPLACEMENT,nse_equity,True,in_upstox_master,257,302,257,0,45,100.0,2024-03-11,2026-06-17,2024-03-11,2026-09-07
MOPSE.NS,SAFE_REPLACEMENT,nse_equity,True,in_upstox_master,254,310,254,0,56,100.0,2025-06-05,2026-06-18,2025-06-05,2026-09-07
DIGITIDE.NS,SAFE_REPLACEMENT,nse_equity,True,in_upstox_master,253,309,253,0,56,100.0,2025-06-11,2026-06-18,2025-06-11,2026-09-07
MOTOUR.NS,SAFE_REPLACEMENT,nse_equity,True,in_upstox_master,252,308,252,0,56,100.0,2025-06-12,2026-06-18,2025-06-12,2026-09-07
SNXT30BEES.NS,SAFE_REPLACEMENT,etf_or_inav,True,in_upstox_master,251,308,251,0,57,100.0,2025-06-13,2026-06-18,2025-06-13,2026-09-08
GROWWLOVOL.NS,SAFE_REPLACEMENT,nse_equity,True,in_upstox_master,249,305,249,0,56,100.0,2025-06-17,2026-06-18,2025-06-17,2026-09-07
SUMEETINDS.NS,SAFE_REPLACEMENT,nse_equity,True,in_upstox_master,247,303,247,0,56,100.0,2025-06-19,2026-06-18,2025-06-19,2026-09-07
UEL.NS,SAFE_REPLACEMENT,nse_equity,True,in_upstox_master,246,302,246,0,56,100.0,2024-04-16,2026-06-18,2024-04-16,2026-09-07
ELLEN.NS,SAFE_REPLACEMENT,nse_equity,True,in_upstox_master,239,295,239,0,56,100.0,2025-07-01,2026-06-18,2025-07-01,2026-09-07
KALPATARU.NS,SAFE_REPLACEMENT,nse_equity,True,in_upstox_master,239,295,239,0,56,100.0,2025-07-01,2026-06-18,2025-07-01,2026-09-07
PICCADIL.NS,SAFE_REPLACEMENT,nse_equity,True,in_upstox_master,238,294,238,0,56,100.0,2025-07-02,2026-06-18,2025-07-02,2026-09-07
SAMBHV.NS,SAFE_REPLACEMENT,nse_equity,True,in_upstox_master,238,294,238,0,56,100.0,2025-07-02,2026-06-18,2025-07-02,2026-09-07
TOP15IETF.NS,SAFE_REPLACEMENT,etf_or_inav,True,in_upstox_master,238,295,238,0,57,100.0,2025-07-02,2026-06-18,2025-07-02,2026-09-08
GROWWNET.NS,SAFE_REPLACEMENT,nse_equity,True,in_upstox_master,237,293,237,0,56,100.0,2025-07-03,2026-06-18,2025-07-03,2026-09-07
IGCL.NS,SAFE_REPLACEMENT,nse_equity,True,in_upstox_master,237,293,237,0,56,100.0,2025-07-03,2026-06-18,2025-07-03,2026-09-07
MOMIDMTM.NS,SAFE_REPLACEMENT,etf_or_inav,True,in_upstox_master,237,294,237,0,57,100.0,2025-07-03,2026-06-18,2025-07-03,2026-09-08
INTERNET.NS,SAFE_REPLACEMENT,nse_equity,True,in_upstox_master,234,290,234,0,56,100.0,2025-07-08,2026-06-18,2025-07-08,2026-09-07
CRIZAC.NS,SAFE_REPLACEMENT,nse_equity,True,in_upstox_master,233,289,233,0,56,100.0,2025-07-09,2026-06-18,2025-07-09,2026-09-07
FISCHER.NS,SAFE_REPLACEMENT,nse_equity,True,in_upstox_master,232,288,232,0,56,100.0,2025-07-10,2026-06-18,2025-07-10,2026-09-07
MOALPHA50.NS,SAFE_REPLACEMENT,etf_or_inav,True,in_upstox_master,232,289,232,0,57,100.0,2025-07-10,2026-06-18,2025-07-10,2026-09-08
SMARTWORKS.NS,SAFE_REPLACEMENT,nse_equity,True,in_upstox_master,227,283,227,0,56,100.0,2025-07-17,2026-06-18,2025-07-17,2026-09-07
BELLACASA.NS,SAFE_REPLACEMENT,nse_equity,True,in_upstox_master,226,282,226,0,56,100.0,2025-07-18,2026-06-18,2025-07-18,2026-09-07
QUALITY30.NS,SAFE_REPLACEMENT,etf_or_inav,True,in_upstox_master,226,283,226,0,57,100.0,2025-07-18,2026-06-18,2025-07-18,2026-09-08
GROWWNIFTY.NS,SAFE_REPLACEMENT,etf_or_inav,True,in_upstox_master,224,281,224,0,57,100.0,2025-07-22,2026-06-18,2025-07-22,2026-09-08
LIQGRWBEES.NS,SAFE_REPLACEMENT,etf_or_inav,True,in_upstox_master,221,278,221,0,57,100.0,2025-07-25,2026-06-18,2025-07-25,2026-09-08
INDIQUBE.NS,SAFE_REPLACEMENT,nse_equity,True,in_upstox_master,218,274,218,0,56,100.0,2025-07-30,2026-06-18,2025-07-30,2026-09-07
BRIGHOTEL.NS,SAFE_REPLACEMENT,nse_equity,True,in_upstox_master,217,273,217,0,56,100.0,2025-07-31,2026-06-18,2025-07-31,2026-09-07
MOGOLD.NS,SAFE_REPLACEMENT,etf_or_inav,True,in_upstox_master,217,274,217,0,57,100.0,2025-07-31,2026-06-18,2025-07-31,2026-09-08
SGFIN.NS,SAFE_REPLACEMENT,nse_equity,True,in_upstox_master,214,270,214,0,56,100.0,2025-08-05,2026-06-18,2025-08-05,2026-09-07
MBEL.NS,SAFE_REPLACEMENT,nse_equity,True,in_upstox_master,213,269,213,0,56,100.0,2025-08-06,2026-06-18,2025-08-06,2026-09-07
GROWWPOWER.NS,SAFE_REPLACEMENT,nse_equity,True,in_upstox_master,212,268,212,0,56,100.0,2025-08-07,2026-06-18,2025-08-07,2026-09-07
MOSILVER.NS,SAFE_REPLACEMENT,etf_or_inav,True,in_upstox_master,206,263,206,0,57,100.0,2025-08-14,2026-06-18,2025-08-14,2026-09-08
SBILIQETF.NS,SAFE_REPLACEMENT,etf_or_inav,True,in_upstox_master,206,263,206,0,57,100.0,2025-08-13,2026-06-18,2025-08-13,2026-09-08
EFCIL.NS,SAFE_REPLACEMENT,nse_equity,True,in_upstox_master,204,260,204,0,56,100.0,2025-08-20,2026-06-18,2025-08-20,2026-09-07
LTGILTCASE.NS,SAFE_REPLACEMENT,etf_or_inav,True,in_upstox_master,204,261,204,0,57,100.0,2025-08-20,2026-06-18,2025-08-20,2026-09-08
AONEGOLD.NS,SAFE_REPLACEMENT,etf_or_inav,True,in_upstox_master,201,247,201,0,46,100.0,2025-09-10,2026-07-06,2025-09-10,2026-09-08
GEMAROMA.NS,SAFE_REPLACEMENT,nse_equity,True,in_upstox_master,200,256,200,0,56,100.0,2025-08-26,2026-06-18,2025-08-26,2026-09-07
GROWWNXT50.NS,SAFE_REPLACEMENT,nse_equity,True,in_upstox_master,200,256,200,0,56,100.0,2025-08-26,2026-06-18,2025-08-26,2026-09-07
PATELRMART.NS,SAFE_REPLACEMENT,nse_equity,True,in_upstox_master,200,256,200,0,56,100.0,2025-08-26,2026-06-18,2025-08-26,2026-09-07
MANUFGBEES.NS,SAFE_REPLACEMENT,etf_or_inav,True,in_upstox_master,198,255,198,0,57,100.0,2025-08-29,2026-06-18,2025-08-29,2026-09-08
RNBDENIMS.NS,SAFE_REPLACEMENT,nse_equity,True,in_upstox_master,194,250,194,0,56,100.0,2025-09-04,2026-06-18,2025-09-04,2026-09-07
CPEDU.NS,SAFE_REPLACEMENT,nse_equity,True,in_upstox_master,193,249,193,0,56,100.0,2025-09-05,2026-06-18,2025-09-05,2026-09-07
ELM250.NS,SAFE_REPLACEMENT,nse_equity,True,in_upstox_master,191,247,191,0,56,100.0,2025-09-09,2026-06-18,2025-09-09,2026-09-07
SGMART.NS,SAFE_REPLACEMENT,nse_equity,True,in_upstox_master,188,244,188,0,56,100.0,2025-09-12,2026-06-18,2025-09-12,2026-09-07
SML100CASE.NS,SAFE_REPLACEMENT,nse_equity,True,in_upstox_master,188,244,188,0,56,100.0,2025-09-12,2026-06-18,2025-09-12,2026-09-07
DEVX.NS,SAFE_REPLACEMENT,nse_equity,True,in_upstox_master,185,241,185,0,56,100.0,2025-09-17,2026-06-18,2025-09-17,2026-09-07
SHRINGARMS.NS,SAFE_REPLACEMENT,nse_equity,True,in_upstox_master,185,241,185,0,56,100.0,2025-09-17,2026-06-18,2025-09-17,2026-09-07
EUROPRATIK.NS,SAFE_REPLACEMENT,nse_equity,True,in_upstox_master,181,237,181,0,56,100.0,2025-09-23,2026-06-18,2025-09-23,2026-09-07
IVALUE.NS,SAFE_REPLACEMENT,etf_or_inav,True,in_upstox_master,179,236,179,0,57,100.0,2025-09-25,2026-06-18,2025-09-25,2026-09-08
GKENERGY.NS,SAFE_REPLACEMENT,nse_equity,True,in_upstox_master,178,234,178,0,56,100.0,2025-09-26,2026-06-18,2025-09-26,2026-09-07
SAATVIKGL.NS,SAFE_REPLACEMENT,nse_equity,True,in_upstox_master,178,234,178,0,56,100.0,2025-09-26,2026-06-18,2025-09-26,2026-09-07
GANESHCP.NS,SAFE_REPLACEMENT,nse_equity,True,in_upstox_master,177,233,177,0,56,100.0,2025-09-29,2026-06-18,2025-09-29,2026-09-07
JARO.NS,SAFE_REPLACEMENT,nse_equity,True,in_upstox_master,176,232,176,0,56,100.0,2025-09-30,2026-06-18,2025-09-30,2026-09-07
SOLARWORLD.NS,SAFE_REPLACEMENT,nse_equity,True,in_upstox_master,176,232,176,0,56,100.0,2025-09-30,2026-06-18,2025-09-30,2026-09-07
STYL.NS,SAFE_REPLACEMENT,nse_equity,True,in_upstox_master,176,232,176,0,56,100.0,2025-09-30,2026-06-18,2025-09-30,2026-09-07
BMWVENTLTD.NS,SAFE_REPLACEMENT,nse_equity,True,in_upstox_master,175,231,175,0,56,100.0,2025-10-01,2026-06-18,2025-10-01,2026-09-07
FINKURVE.NS,SAFE_REPLACEMENT,nse_equity,True,in_upstox_master,175,231,175,0,56,100.0,2025-10-01,2026-06-18,2025-10-01,2026-09-07
FABTECH.NS,SAFE_REPLACEMENT,nse_equity,True,in_upstox_master,172,228,172,0,56,100.0,2025-10-07,2026-06-18,2025-10-07,2026-09-07
GROWWRLTY.NS,SAFE_REPLACEMENT,nse_equity,True,in_upstox_master,170,226,170,0,56,100.0,2025-10-09,2026-06-18,2025-10-09,2026-09-07
WAAREEINDO.NS,SAFE_REPLACEMENT,nse_equity,True,in_upstox_master,170,226,170,0,56,100.0,2025-06-19,2026-06-18,2025-06-19,2026-09-07
WEWORK.NS,SAFE_REPLACEMENT,nse_equity,True,in_upstox_master,170,225,170,0,55,100.0,2025-10-10,2026-06-19,2025-10-10,2026-09-07
MARKOLINES.NS,SAFE_REPLACEMENT,nse_equity,True,in_upstox_master,167,223,167,0,56,100.0,2025-10-14,2026-06-18,2025-10-14,2026-09-07
MONEYBOXX.NS,SAFE_REPLACEMENT,nse_equity,True,in_upstox_master,166,222,166,0,56,100.0,2025-10-15,2026-06-18,2025-10-15,2026-09-07
CRAMC.NS,SAFE_REPLACEMENT,nse_equity,True,in_upstox_master,165,221,165,0,56,100.0,2025-10-16,2026-06-18,2025-10-16,2026-09-07
FLEXIADD.NS,SAFE_REPLACEMENT,nse_equity,True,in_upstox_master,165,221,165,0,56,100.0,2025-10-16,2026-06-18,2025-10-16,2026-09-07
MOENERGY.NS,SAFE_REPLACEMENT,nse_equity,True,in_upstox_master,165,221,165,0,56,100.0,2025-10-16,2026-06-18,2025-10-16,2026-09-07
MONIFTY100.NS,SAFE_REPLACEMENT,etf_or_inav,True,in_upstox_master,165,222,165,0,57,100.0,2025-10-16,2026-06-18,2025-10-16,2026-09-08
MOMENTUM30.NS,SAFE_REPLACEMENT,etf_or_inav,True,in_upstox_master,164,221,164,0,57,100.0,2025-10-17,2026-06-18,2025-10-17,2026-09-08
NIFTYCASE.NS,SAFE_REPLACEMENT,etf_or_inav,True,in_upstox_master,162,220,162,0,58,100.0,2025-10-20,2026-06-17,2025-10-20,2026-09-08
MIDWESTLTD.NS,SAFE_REPLACEMENT,nse_equity,True,in_upstox_master,160,216,160,0,56,100.0,2025-10-24,2026-06-18,2025-10-24,2026-09-07
GROWWSC250.NS,SAFE_REPLACEMENT,nse_equity,True,in_upstox_master,156,212,156,0,56,100.0,2025-10-30,2026-06-18,2025-10-30,2026-09-07
ELIQUID.NS,SAFE_REPLACEMENT,etf_or_inav,True,in_upstox_master,153,210,153,0,57,100.0,2025-10-10,2026-06-18,2025-10-10,2026-09-08
ORKLAINDIA.NS,SAFE_REPLACEMENT,nse_equity,True,in_upstox_master,151,208,151,0,57,100.0,2025-11-06,2026-06-17,2025-11-06,2026-09-07
CHOICEGOLD.NS,SAFE_REPLACEMENT,etf_or_inav,True,in_upstox_master,150,207,150,0,57,100.0,2025-11-10,2026-06-18,2025-11-10,2026-09-08
AONETMMQ50.NS,SAFE_REPLACEMENT,nse_equity,True,in_upstox_master,148,193,148,0,45,100.0,2025-11-27,2026-07-06,2025-11-27,2026-09-07
ENERGY.NS,SAFE_REPLACEMENT,nse_equity,True,in_upstox_master,147,203,147,0,56,100.0,2025-11-13,2026-06-18,2025-11-13,2026-09-07
SMALL250.NS,SAFE_REPLACEMENT,nse_equity,True,in_upstox_master,147,203,147,0,56,100.0,2025-11-13,2026-06-18,2025-11-13,2026-09-07
MODIS.NS,SAFE_REPLACEMENT,nse_equity,True,in_upstox_master,146,202,146,0,56,100.0,2025-11-14,2026-06-18,2025-11-14,2026-09-07
GROWWMC150.NS,SAFE_REPLACEMENT,nse_equity,True,in_upstox_master,145,201,145,0,56,100.0,2025-11-17,2026-06-18,2025-11-17,2026-09-07
CHEMICAL.NS,SAFE_REPLACEMENT,nse_equity,True,in_upstox_master,143,199,143,0,56,100.0,2025-11-19,2026-06-18,2025-11-19,2026-09-07
MOIPO.NS,SAFE_REPLACEMENT,nse_equity,True,in_upstox_master,141,197,141,0,56,100.0,2025-11-20,2026-06-18,2025-11-20,2026-09-07
SHILCTECH.NS,SAFE_REPLACEMENT,nse_equity,True,in_upstox_master,140,196,140,0,56,100.0,2025-11-24,2026-06-18,2025-11-24,2026-09-07
EXCELSOFT.NS,SAFE_REPLACEMENT,nse_equity,True,in_upstox_master,138,194,138,0,56,100.0,2025-11-26,2026-06-18,2025-11-26,2026-09-07
ENIFTY.NS,SAFE_REPLACEMENT,etf_or_inav,True,in_upstox_master,137,194,137,0,57,100.0,2025-11-27,2026-06-18,2025-11-27,2026-09-08
KSR.NS,SAFE_REPLACEMENT,nse_equity,True,in_upstox_master,137,193,137,0,56,100.0,2025-11-27,2026-06-18,2025-11-27,2026-09-07
MOSERVICE.NS,SAFE_REPLACEMENT,nse_equity,True,in_upstox_master,137,193,137,0,56,100.0,2025-11-27,2026-06-18,2025-11-27,2026-09-07
ESENSEX.NS,SAFE_REPLACEMENT,etf_or_inav,True,in_upstox_master,136,193,136,0,57,100.0,2025-11-27,2026-06-18,2025-11-27,2026-09-08
PAUSHAKLTD.NS,SAFE_REPLACEMENT,nse_equity,True,in_upstox_master,135,191,135,0,56,100.0,2025-12-01,2026-06-18,2025-12-01,2026-09-07
MSCIADD.NS,SAFE_REPLACEMENT,nse_equity,True,in_upstox_master,134,189,134,0,55,100.0,2025-12-01,2026-06-18,2025-12-01,2026-09-07
JAYKAY.NS,SAFE_REPLACEMENT,nse_equity,True,in_upstox_master,133,189,133,0,56,100.0,2025-12-03,2026-06-18,2025-12-03,2026-09-07
GROWWCAPM.NS,SAFE_REPLACEMENT,nse_equity,True,in_upstox_master,132,188,132,0,56,100.0,2025-12-04,2026-06-18,2025-12-04,2026-09-07
MOMNC.NS,SAFE_REPLACEMENT,etf_or_inav,True,in_upstox_master,131,188,131,0,57,100.0,2025-12-04,2026-06-18,2025-12-04,2026-09-08
SKFINDUS.NS,SAFE_REPLACEMENT,nse_equity,True,in_upstox_master,131,187,131,0,56,100.0,2025-12-05,2026-06-18,2025-12-05,2026-09-07
GOLDBND.NS,SAFE_REPLACEMENT,etf_or_inav,True,in_upstox_master,126,183,126,0,57,100.0,2025-12-12,2026-06-18,2025-12-12,2026-09-08
SILVERBND.NS,SAFE_REPLACEMENT,etf_or_inav,True,in_upstox_master,126,183,126,0,57,100.0,2025-12-12,2026-06-18,2025-12-12,2026-09-08
CORONA.NS,SAFE_REPLACEMENT,nse_equity,True,in_upstox_master,125,181,125,0,56,100.0,2025-12-15,2026-06-18,2025-12-15,2026-09-07
WAKEFIT.NS,SAFE_REPLACEMENT,nse_equity,True,in_upstox_master,125,181,125,0,56,100.0,2025-12-15,2026-06-18,2025-12-15,2026-09-07
NEPHROPLUS.NS,SAFE_REPLACEMENT,nse_equity,True,in_upstox_master,123,179,123,0,56,100.0,2025-12-17,2026-06-18,2025-12-17,2026-09-07
MIDCAPADD.NS,SAFE_REPLACEMENT,etf_or_inav,True,in_upstox_master,122,179,122,0,57,100.0,2025-12-18,2026-06-18,2025-12-18,2026-09-08
SMALLADD.NS,SAFE_REPLACEMENT,nse_equity,True,in_upstox_master,122,178,122,0,56,100.0,2025-12-18,2026-06-18,2025-12-18,2026-09-07
DIVIDEND.NS,SAFE_REPLACEMENT,nse_equity,True,in_upstox_master,121,177,121,0,56,100.0,2025-12-19,2026-06-18,2025-12-19,2026-09-07
TOP20.NS,SAFE_REPLACEMENT,nse_equity,True,in_upstox_master,121,177,121,0,56,100.0,2025-12-19,2026-06-18,2025-12-19,2026-09-07
GROWWMETAL.NS,SAFE_REPLACEMENT,nse_equity,True,in_upstox_master,119,175,119,0,56,100.0,2025-12-23,2026-06-18,2025-12-23,2026-09-07
GKSL.NS,SAFE_REPLACEMENT,nse_equity,True,in_upstox_master,115,171,115,0,56,100.0,2025-12-30,2026-06-18,2025-12-30,2026-09-07
TWCGOLDETF.NS,SAFE_REPLACEMENT,etf_or_inav,True,in_upstox_master,112,169,112,0,57,100.0,2026-01-02,2026-06-18,2026-01-02,2026-09-08
BUILDPRO.NS,SAFE_REPLACEMENT,nse_equity,True,in_upstox_master,107,163,107,0,56,100.0,2026-01-09,2026-06-18,2026-01-09,2026-09-07
NEXT50ADD.NS,SAFE_REPLACEMENT,nse_equity,True,in_upstox_master,106,163,106,0,57,100.0,2026-01-09,2026-06-17,2026-01-09,2026-09-07
GROWWCHEM.NS,SAFE_REPLACEMENT,nse_equity,True,in_upstox_master,103,159,103,0,56,100.0,2026-01-16,2026-06-18,2026-01-16,2026-09-07
NEXT50ETF.NS,SAFE_REPLACEMENT,etf_or_inav,True,in_upstox_master,103,161,103,0,58,100.0,2026-01-14,2026-06-17,2026-01-14,2026-09-08
HALDER.NS,SAFE_REPLACEMENT,nse_equity,True,in_upstox_master,101,157,101,0,56,100.0,2026-01-19,2026-06-18,2026-01-19,2026-09-07
ABSLMSCIN.NS,SAFE_REPLACEMENT,nse_equity,True,in_upstox_master,88,133,88,0,45,100.0,2026-02-20,2026-07-06,2026-02-20,2026-09-07
AARNAV.NS,SAFE_REPLACEMENT,nse_equity,True,in_upstox_master,86,131,86,0,45,100.0,2026-02-25,2026-07-06,2026-02-25,2026-09-07
GROWWPSE.NS,SAFE_REPLACEMENT,nse_equity,True,in_upstox_master,85,141,85,0,56,100.0,2026-02-11,2026-06-18,2026-02-11,2026-09-07
AONESILVER.NS,SAFE_REPLACEMENT,etf_or_inav,True,in_upstox_master,83,129,83,0,46,100.0,2026-03-02,2026-07-06,2026-03-02,2026-09-08
ABSL10BANK.NS,SAFE_REPLACEMENT,nse_equity,True,in_upstox_master,82,127,82,0,45,100.0,2026-03-04,2026-07-06,2026-03-04,2026-09-07
HEALTHCARE.NS,SAFE_REPLACEMENT,nse_equity,True,in_upstox_master,82,138,82,0,56,100.0,2026-02-16,2026-06-18,2026-02-16,2026-09-07
INFRA.NS,SAFE_REPLACEMENT,nse_equity,True,in_upstox_master,80,136,80,0,56,100.0,2026-02-18,2026-06-18,2026-02-18,2026-09-07
CEINSYS.NS,SAFE_REPLACEMENT,nse_equity,True,in_upstox_master,79,135,79,0,56,100.0,2026-02-19,2026-06-18,2026-02-19,2026-09-07
DEFENCE.NS,SAFE_REPLACEMENT,nse_equity,True,in_upstox_master,79,135,79,0,56,100.0,2026-02-19,2026-06-18,2026-02-19,2026-09-07
BONLON.NS,SAFE_REPLACEMENT,nse_equity,True,in_upstox_master,78,134,78,0,56,100.0,2026-02-20,2026-06-18,2026-02-20,2026-09-07
TCC.NS,SAFE_REPLACEMENT,nse_equity,True,in_upstox_master,75,131,75,0,56,100.0,2026-02-25,2026-06-18,2026-02-25,2026-09-07
SRTL.NS,SAFE_REPLACEMENT,nse_equity,True,in_upstox_master,72,128,72,0,56,100.0,2026-03-02,2026-06-18,2026-03-02,2026-09-07
PNGSREVA.NS,SAFE_REPLACEMENT,nse_equity,True,in_upstox_master,71,127,71,0,56,100.0,2026-03-04,2026-06-18,2026-03-04,2026-09-07
GROWWHOSPI.NS,SAFE_REPLACEMENT,nse_equity,True,in_upstox_master,70,126,70,0,56,100.0,2026-03-05,2026-06-18,2026-03-05,2026-09-07
SBIMIDMOM.NS,SAFE_REPLACEMENT,etf_or_inav,True,in_upstox_master,69,126,69,0,57,100.0,2026-03-06,2026-06-18,2026-03-06,2026-09-08
INA.NS,SAFE_REPLACEMENT,nse_equity,True,in_upstox_master,68,124,68,0,56,100.0,2026-03-09,2026-06-18,2026-03-09,2026-09-07
BANK10ADD.NS,SAFE_REPLACEMENT,nse_equity,True,in_upstox_master,65,121,65,0,56,100.0,2026-03-12,2026-06-18,2026-03-12,2026-09-07
RSL.NS,SAFE_REPLACEMENT,nse_equity,True,in_upstox_master,60,116,60,0,56,100.0,2026-03-19,2026-06-18,2026-03-19,2026-09-07
SINGERIND.NS,SAFE_REPLACEMENT,nse_equity,True,in_upstox_master,60,116,60,0,56,100.0,2026-03-19,2026-06-18,2026-03-19,2026-09-07
INNOVISION.NS,SAFE_REPLACEMENT,nse_equity,True,in_upstox_master,58,114,58,0,56,100.0,2026-03-23,2026-06-18,2026-03-23,2026-09-07
GSPCROP.NS,SAFE_REPLACEMENT,nse_equity,True,in_upstox_master,57,113,57,0,56,100.0,2026-03-24,2026-06-18,2026-03-24,2026-09-07
BCPL.NS,SAFE_REPLACEMENT,nse_equity,True,in_upstox_master,55,111,55,0,56,100.0,2026-03-27,2026-06-18,2026-03-27,2026-09-07
GROWWPSUBK.NS,SAFE_REPLACEMENT,nse_equity,True,in_upstox_master,55,111,55,0,56,100.0,2026-03-27,2026-06-18,2026-03-27,2026-09-07
HSBCGOLD.NS,SAFE_REPLACEMENT,etf_or_inav,True,in_upstox_master,55,112,55,0,57,100.0,2026-03-27,2026-06-18,2026-03-27,2026-09-08
VALUE.NS,SAFE_REPLACEMENT,etf_or_inav,True,in_upstox_master,55,112,55,0,57,100.0,2026-03-27,2026-06-18,2026-03-27,2026-09-08
3BBLACKBIO.NS,SAFE_REPLACEMENT,nse_equity,True,in_upstox_master,53,98,53,0,45,100.0,2026-04-20,2026-07-06,2026-04-20,2026-09-07
ABMKNO.NS,SAFE_REPLACEMENT,nse_equity,True,in_upstox_master,53,98,53,0,45,100.0,2026-04-20,2026-07-06,2026-04-20,2026-09-07
ACSTECH.NS,SAFE_REPLACEMENT,nse_equity,True,in_upstox_master,53,98,53,0,45,100.0,2026-04-20,2026-07-06,2026-04-20,2026-09-07
AKCAPIT.NS,SAFE_REPLACEMENT,nse_equity,True,in_upstox_master,53,98,53,0,45,100.0,2026-04-20,2026-07-06,2026-04-20,2026-09-07
SBINMID150.NS,SAFE_REPLACEMENT,nse_equity,True,in_upstox_master,51,107,51,0,56,100.0,2026-04-06,2026-06-18,2026-04-06,2026-09-07
DECNGOLD.NS,SAFE_REPLACEMENT,etf_or_inav,True,in_upstox_master,47,99,47,0,52,100.0,2026-04-20,2026-06-25,2026-04-20,2026-09-08
MOBANK10.NS,SAFE_REPLACEMENT,nse_equity,True,in_upstox_master,47,103,47,0,56,100.0,2026-04-10,2026-06-18,2026-04-10,2026-09-07
SAHLIBHFI.NS,SAFE_REPLACEMENT,nse_equity,True,in_upstox_master,47,103,47,0,56,100.0,2026-04-10,2026-06-18,2026-04-10,2026-09-07
WELSPLSOL.NS,SAFE_REPLACEMENT,nse_equity,True,in_upstox_master,47,98,47,0,51,100.0,2026-04-20,2026-06-25,2026-04-20,2026-09-07
BAJAJST.NS,SAFE_REPLACEMENT,nse_equity,True,in_upstox_master,42,98,42,0,56,100.0,2026-04-20,2026-06-18,2026-04-20,2026-09-07
BATLIBOI.NS,SAFE_REPLACEMENT,nse_equity,True,in_upstox_master,42,98,42,0,56,100.0,2026-04-20,2026-06-18,2026-04-20,2026-09-07
BEEKAY.NS,SAFE_REPLACEMENT,nse_equity,True,in_upstox_master,42,98,42,0,56,100.0,2026-04-20,2026-06-18,2026-04-20,2026-09-07
BENGALASM.NS,SAFE_REPLACEMENT,nse_equity,True,in_upstox_master,42,98,42,0,56,100.0,2026-04-20,2026-06-18,2026-04-20,2026-09-07
BIMETAL.NS,SAFE_REPLACEMENT,nse_equity,True,in_upstox_master,42,98,42,0,56,100.0,2026-04-20,2026-06-18,2026-04-20,2026-09-07
BIRLAPREC.NS,SAFE_REPLACEMENT,nse_equity,True,in_upstox_master,42,98,42,0,56,100.0,2026-04-20,2026-06-18,2026-04-20,2026-09-07
BLIL.NS,SAFE_REPLACEMENT,nse_equity,True,in_upstox_master,42,98,42,0,56,100.0,2026-04-20,2026-06-18,2026-04-20,2026-09-07
COMFINTE.NS,SAFE_REPLACEMENT,nse_equity,True,in_upstox_master,42,98,42,0,56,100.0,2026-04-20,2026-06-18,2026-04-20,2026-09-07
DAICHI.NS,SAFE_REPLACEMENT,nse_equity,True,in_upstox_master,42,98,42,0,56,100.0,2026-04-20,2026-06-18,2026-04-20,2026-09-07
DISAQ.NS,SAFE_REPLACEMENT,nse_equity,True,in_upstox_master,42,98,42,0,56,100.0,2026-04-20,2026-06-18,2026-04-20,2026-09-07
DRAGARWQ.NS,SAFE_REPLACEMENT,nse_equity,True,in_upstox_master,42,98,42,0,56,100.0,2026-04-20,2026-06-18,2026-04-20,2026-09-07
ELANTAS.NS,SAFE_REPLACEMENT,nse_equity,True,in_upstox_master,42,98,42,0,56,100.0,2026-04-20,2026-06-18,2026-04-20,2026-09-07
ELCIDIN.NS,SAFE_REPLACEMENT,nse_equity,True,in_upstox_master,42,98,42,0,56,100.0,2026-04-20,2026-06-18,2026-04-20,2026-09-07
ELITECON.NS,SAFE_REPLACEMENT,nse_equity,True,in_upstox_master,42,98,42,0,56,100.0,2026-04-20,2026-06-18,2026-04-20,2026-09-07
ELPROINTL.NS,SAFE_REPLACEMENT,nse_equity,True,in_upstox_master,42,98,42,0,56,100.0,2026-04-20,2026-06-18,2026-04-20,2026-09-07
FEDDERSHOL.NS,SAFE_REPLACEMENT,nse_equity,True,in_upstox_master,42,98,42,0,56,100.0,2026-04-20,2026-06-18,2026-04-20,2026-09-07
FERMENTA.NS,SAFE_REPLACEMENT,nse_equity,True,in_upstox_master,42,98,42,0,56,100.0,2026-04-20,2026-06-18,2026-04-20,2026-09-07
FRONTSP.NS,SAFE_REPLACEMENT,nse_equity,True,in_upstox_master,42,98,42,0,56,100.0,2026-04-20,2026-06-18,2026-04-20,2026-09-07
GNRL.NS,SAFE_REPLACEMENT,nse_equity,True,in_upstox_master,42,98,42,0,56,100.0,2026-04-20,2026-06-18,2026-04-20,2026-09-07
GRANDOAK.NS,SAFE_REPLACEMENT,nse_equity,True,in_upstox_master,42,98,42,0,56,100.0,2026-04-20,2026-06-18,2026-04-20,2026-09-07
GRAVISSHO.NS,SAFE_REPLACEMENT,nse_equity,True,in_upstox_master,42,97,42,0,55,100.0,2026-04-20,2026-06-18,2026-04-20,2026-09-07
HAWKINCOOK.NS,SAFE_REPLACEMENT,nse_equity,True,in_upstox_master,42,98,42,0,56,100.0,2026-04-20,2026-06-18,2026-04-20,2026-09-07
HBESD.NS,SAFE_REPLACEMENT,nse_equity,True,in_upstox_master,42,98,42,0,56,100.0,2026-04-20,2026-06-18,2026-04-20,2026-09-07
IWP.NS,SAFE_REPLACEMENT,nse_equity,True,in_upstox_master,42,98,42,0,56,100.0,2026-04-20,2026-06-18,2026-04-20,2026-09-07
KAMAHOLD.NS,SAFE_REPLACEMENT,nse_equity,True,in_upstox_master,42,98,42,0,56,100.0,2026-04-20,2026-06-18,2026-04-20,2026-09-07
KLBRENG-B.NS,SAFE_REPLACEMENT,nse_equity,True,in_upstox_master,42,98,42,0,56,100.0,2026-04-20,2026-06-18,2026-04-20,2026-09-07
KOTIC.NS,SAFE_REPLACEMENT,nse_equity,True,in_upstox_master,42,98,42,0,56,100.0,2026-04-20,2026-06-18,2026-04-20,2026-09-07
KPL.NS,SAFE_REPLACEMENT,nse_equity,True,in_upstox_master,42,98,42,0,56,100.0,2026-04-20,2026-06-18,2026-04-20,2026-09-07
LAHOTIOV.NS,SAFE_REPLACEMENT,nse_equity,True,in_upstox_master,42,96,42,0,54,100.0,2026-04-20,2026-06-18,2026-04-20,2026-09-07
MADHAVIPL.NS,SAFE_REPLACEMENT,nse_equity,True,in_upstox_master,42,98,42,0,56,100.0,2026-04-20,2026-06-18,2026-04-20,2026-09-07
MAFATIND.NS,SAFE_REPLACEMENT,nse_equity,True,in_upstox_master,42,98,42,0,56,100.0,2026-04-20,2026-06-18,2026-04-20,2026-09-07
MCCHRLS-B.NS,SAFE_REPLACEMENT,nse_equity,True,in_upstox_master,42,98,42,0,56,100.0,2026-04-20,2026-06-18,2026-04-20,2026-09-07
MENNPIS.NS,SAFE_REPLACEMENT,nse_equity,True,in_upstox_master,42,98,42,0,56,100.0,2026-04-20,2026-06-18,2026-04-20,2026-09-07
MERCANTILE.NS,SAFE_REPLACEMENT,nse_equity,True,in_upstox_master,42,97,42,0,55,100.0,2026-04-20,2026-06-18,2026-04-20,2026-09-07
METROGLOBL.NS,SAFE_REPLACEMENT,nse_equity,True,in_upstox_master,42,98,42,0,56,100.0,2026-04-20,2026-06-18,2026-04-20,2026-09-07
OMPOWER.NS,SAFE_REPLACEMENT,nse_equity,True,in_upstox_master,42,99,42,0,57,100.0,2026-04-17,2026-06-17,2026-04-17,2026-09-07
PML.NS,SAFE_REPLACEMENT,nse_equity,True,in_upstox_master,42,98,42,0,56,100.0,2026-04-20,2026-06-18,2026-04-20,2026-09-07
PRAVEG.NS,SAFE_REPLACEMENT,nse_equity,True,in_upstox_master,42,98,42,0,56,100.0,2026-04-20,2026-06-18,2026-04-20,2026-09-07
PREMCO.NS,SAFE_REPLACEMENT,nse_equity,True,in_upstox_master,42,98,42,0,56,100.0,2026-04-20,2026-06-18,2026-04-20,2026-09-07
QUINT.NS,SAFE_REPLACEMENT,nse_equity,True,in_upstox_master,42,98,42,0,56,100.0,2026-04-20,2026-06-18,2026-04-20,2026-09-07
RAJPALAYAM.NS,SAFE_REPLACEMENT,nse_equity,True,in_upstox_master,42,98,42,0,56,100.0,2026-04-20,2026-06-18,2026-04-20,2026-09-07
RRIL.NS,SAFE_REPLACEMENT,nse_equity,True,in_upstox_master,42,98,42,0,56,100.0,2026-04-20,2026-06-18,2026-04-20,2026-09-07
SEIL.NS,SAFE_REPLACEMENT,nse_equity,True,in_upstox_master,42,98,42,0,56,100.0,2026-04-20,2026-06-18,2026-04-20,2026-09-07
SHBAJRG.NS,SAFE_REPLACEMENT,nse_equity,True,in_upstox_master,42,98,42,0,56,100.0,2026-04-20,2026-06-18,2026-04-20,2026-09-07
SHINDL.NS,SAFE_REPLACEMENT,nse_equity,True,in_upstox_master,42,98,42,0,56,100.0,2026-04-20,2026-06-18,2026-04-20,2026-09-07
SIKA.NS,SAFE_REPLACEMENT,nse_equity,True,in_upstox_master,42,98,42,0,56,100.0,2026-04-20,2026-06-18,2026-04-20,2026-09-07
SURYALA.NS,SAFE_REPLACEMENT,nse_equity,True,in_upstox_master,42,98,42,0,56,100.0,2026-04-20,2026-06-18,2026-04-20,2026-09-07
TAALTECH.NS,SAFE_REPLACEMENT,nse_equity,True,in_upstox_master,42,98,42,0,56,100.0,2026-04-20,2026-06-18,2026-04-20,2026-09-07
ULTRAMAR.NS,SAFE_REPLACEMENT,nse_equity,True,in_upstox_master,42,98,42,0,56,100.0,2026-04-20,2026-06-18,2026-04-20,2026-09-07
WPIL.NS,SAFE_REPLACEMENT,nse_equity,True,in_upstox_master,42,98,42,0,56,100.0,2026-04-20,2026-06-18,2026-04-20,2026-09-07
ZSARACOM.NS,SAFE_REPLACEMENT,nse_equity,True,in_upstox_master,42,97,42,0,55,100.0,2026-04-20,2026-06-18,2026-04-20,2026-09-07
KIRANVYPAR.NS,SAFE_REPLACEMENT,nse_equity,True,in_upstox_master,41,97,41,0,56,100.0,2026-04-20,2026-06-18,2026-04-20,2026-09-07
NATIONSTD.NS,SAFE_REPLACEMENT,nse_equity,True,in_upstox_master,41,97,41,0,56,100.0,2026-04-20,2026-06-18,2026-04-20,2026-09-07
NILE.NS,SAFE_REPLACEMENT,nse_equity,True,in_upstox_master,41,98,41,0,57,100.0,2026-04-20,2026-06-17,2026-04-20,2026-09-07
NIRLON.NS,SAFE_REPLACEMENT,nse_equity,True,in_upstox_master,41,98,41,0,57,100.0,2026-04-20,2026-06-17,2026-04-20,2026-09-07
NITTAGELA.NS,SAFE_REPLACEMENT,nse_equity,True,in_upstox_master,41,98,41,0,57,100.0,2026-04-20,2026-06-17,2026-04-20,2026-09-07
SAPPL.NS,SAFE_REPLACEMENT,nse_equity,True,in_upstox_master,41,97,41,0,56,100.0,2026-04-21,2026-06-18,2026-04-21,2026-09-07
SHRIKRISH.NS,SAFE_REPLACEMENT,nse_equity,True,in_upstox_master,41,93,41,0,52,100.0,2026-04-20,2026-06-18,2026-04-20,2026-09-07
TECHNVISN.NS,SAFE_REPLACEMENT,nse_equity,True,in_upstox_master,41,97,41,0,56,100.0,2026-04-21,2026-06-18,2026-04-21,2026-09-07
ZFSTEERING.NS,SAFE_REPLACEMENT,nse_equity,True,in_upstox_master,41,97,41,0,56,100.0,2026-04-21,2026-06-18,2026-04-21,2026-09-07
INDPRUD.NS,SAFE_REPLACEMENT,nse_equity,True,in_upstox_master,40,93,40,0,53,100.0,2026-04-20,2026-06-18,2026-04-20,2026-09-07
ASTAR.NS,SAFE_REPLACEMENT,nse_equity,True,in_upstox_master,36,85,36,0,49,100.0,2026-04-20,2026-06-17,2026-04-20,2026-09-07
THAKDEV.NS,SAFE_REPLACEMENT,nse_equity,True,in_upstox_master,33,81,33,0,48,100.0,2026-04-21,2026-06-18,2026-04-21,2026-09-07
SAYAJIHOTL.NS,SAFE_REPLACEMENT,nse_equity,True,in_upstox_master,32,81,32,0,49,100.0,2026-04-22,2026-06-18,2026-04-22,2026-09-07
GRADIENTE.NS,SAFE_REPLACEMENT,nse_equity,True,in_upstox_master,29,85,29,0,56,100.0,2026-05-08,2026-06-18,2026-05-08,2026-09-07
SONAL.NS,SAFE_REPLACEMENT,nse_equity,True,in_upstox_master,27,67,27,0,40,100.0,2026-04-21,2026-06-15,2026-04-21,2026-09-04
NEAGI.NS,SAFE_REPLACEMENT,nse_equity,True,in_upstox_master,24,71,24,0,47,100.0,2026-04-22,2026-06-18,2026-04-22,2026-09-07
FMCGADD.NS,SAFE_REPLACEMENT,nse_equity,True,in_upstox_master,19,75,19,0,56,100.0,2026-05-22,2026-06-18,2026-05-22,2026-09-07
ENEXT50.NS,SAFE_REPLACEMENT,nse_equity,True,in_upstox_master,18,74,18,0,56,100.0,2026-05-25,2026-06-18,2026-05-25,2026-09-07
SBISMLETF.NS,SAFE_REPLACEMENT,etf_or_inav,True,in_upstox_master,18,75,18,0,57,100.0,2026-05-25,2026-06-18,2026-05-25,2026-09-08
SBIVALETF.NS,SAFE_REPLACEMENT,etf_or_inav,True,in_upstox_master,18,75,18,0,57,100.0,2026-05-25,2026-06-18,2026-05-25,2026-09-08
PVTBKGROWW.NS,SAFE_REPLACEMENT,nse_equity,True,in_upstox_master,17,73,17,0,56,100.0,2026-05-26,2026-06-18,2026-05-26,2026-09-07
MSCI360.NS,SAFE_REPLACEMENT,nse_equity,True,in_upstox_master,15,70,15,0,55,100.0,2026-05-29,2026-06-18,2026-05-29,2026-09-07
CMRGREEN.NS,SAFE_REPLACEMENT,nse_equity,True,in_upstox_master,12,63,12,0,51,100.0,2026-06-10,2026-06-25,2026-06-10,2026-09-07
