symbol,prediction_session,target_session,close_D,close_D1,high_D1,low_D1,open_D1,volume_D,volume_D1,return,ratio,session_index,total_sessions,mean_close_20_before,mean_close_20_after,pre_distinct_closes_20,pre_zero_volume_bars_20,provenance,corporate_action,series_change,economically_real,data_error,listing_boundary,classification,evidence
PRIVISCL.NS,2020-08-20,2020-08-21,0.15,553.35,553.35,500.65,527.0,452355000.0,201697.0,3688,3689,976,2477,0.12499999999999996,561.2119047619046,2,0,"Upstox v3 historical, 03:45 canonical; stored bar == fresh re-fetch",NO — series is retroactively adjusted; a CA leaves no jump (6 events verified),NO,NO — exceeds every NSE price band and is not reachable intraday,YES,NO,SYNTHETIC/BAD_BAR,pre-segment frozen: only 2 distinct closes across 20 sessions
RAINBOW.NS,2019-06-04,2022-05-10,0.75,450.2,517.9,421.65,510.0,5016.0,17359525.0,599.267,600.267,39,1115,0.8850000000000001,469.1214285714285,5,0,"Upstox v3 historical, 03:45 canonical; stored bar == fresh re-fetch",NO — series is retroactively adjusted; a CA leaves no jump (6 events verified),YES,NO — exceeds every NSE price band and is not reachable intraday,PARTIAL,NO,SERIES_CHANGE,"persistent splice 0.89->469.12 with volume moving inversely (5,016->17,359,525) — adjustment applied to one segment only"
MALLCOM.NS,2017-02-23,2022-02-02,1.85,913.2,1079.85,901.25,949.9,13830.0,6369.0,492.622,493.622,118,1258,1.92,839.1452380952379,14,0,"Upstox v3 historical, 03:45 canonical; stored bar == fresh re-fetch",NO — series is retroactively adjusted; a CA leaves no jump (6 events verified),UNPROVEN,NO — exceeds every NSE price band and is not reachable intraday,PARTIAL,NO,UNPROVEN,persistent splice 1.92->839.15; no volume or liveness signature to attribute a cause
TARC.NS,2018-11-05,2020-12-18,0.05,22.05,22.05,20.05,21.0,357185.0,1382377.0,440,441,8,1426,0.049999999999999996,23.58571428571429,1,0,"Upstox v3 historical, 03:45 canonical; stored bar == fresh re-fetch",NO — series is retroactively adjusted; a CA leaves no jump (6 events verified),NO,NO — exceeds every NSE price band and is not reachable intraday,PARTIAL,YES,LISTING/RELISTING,session 8 of 1426 — start-of-series boundary
KAMOPAINTS.NS,2017-12-04,2023-01-24,0.05,18.91,18.91,17.11,18.01,0.0,6699390.0,377.2,378.2,203,1100,0.04550000000000002,16.073809523809523,3,1,"Upstox v3 historical, 03:45 canonical; stored bar == fresh re-fetch",NO — series is retroactively adjusted; a CA leaves no jump (6 events verified),NO,NO — exceeds every NSE price band and is not reachable intraday,YES,NO,SYNTHETIC/BAD_BAR,zero-volume placeholder bar at the transition
ABSLLIQUID.NS,2017-05-26,2023-03-16,3.85,1000.01,1000.01,999.99,1000.01,89063.0,16.0,258.743,259.743,67,910,4.3725000000000005,1000.0014285714282,9,0,"Upstox v3 historical, 03:45 canonical; stored bar == fresh re-fetch",NO — series is retroactively adjusted; a CA leaves no jump (6 events verified),YES,NO — exceeds every NSE price band and is not reachable intraday,PARTIAL,NO,SERIES_CHANGE,"persistent splice 4.37->1000.00 with volume moving inversely (89,063->16) — adjustment applied to one segment only"
VINEETLAB.NS,2018-01-30,2018-02-07,9.0,1917.15,1973.9,1900.1,1960.0,0.0,832.0,212.017,213.017,311,1687,1858.5399999999997,1966.3500000000004,20,1,"Upstox v3 historical, 03:45 canonical; stored bar == fresh re-fetch",NO — series is retroactively adjusted; a CA leaves no jump (6 events verified),NO,NO — exceeds every NSE price band and is not reachable intraday,YES,NO,SYNTHETIC/BAD_BAR,zero-volume placeholder bar at the transition
VINEETLAB.NS,2016-12-30,2017-01-02,9.0,1180.15,1204.0,1160.0,1160.0,0.0,2054.0,130.128,131.128,79,1687,1155.225,1245.6309523809523,20,1,"Upstox v3 historical, 03:45 canonical; stored bar == fresh re-fetch",NO — series is retroactively adjusted; a CA leaves no jump (6 events verified),NO,NO — exceeds every NSE price band and is not reachable intraday,YES,NO,SYNTHETIC/BAD_BAR,zero-volume placeholder bar at the transition
GOYALALUM.NS,2016-09-12,2022-11-04,1.5,143.05,148.6,126.3,144.8,2950.0,26500.0,94.3667,95.3667,2,934,1.55,155.62142857142857,2,0,"Upstox v3 historical, 03:45 canonical; stored bar == fresh re-fetch",NO — series is retroactively adjusted; a CA leaves no jump (6 events verified),NO,NO — exceeds every NSE price band and is not reachable intraday,PARTIAL,YES,LISTING/RELISTING,session 2 of 934 — start-of-series boundary
ORTINGLOBE.NS,2017-11-21,2021-03-30,0.5,32.5,32.5,29.45,31.0,10650.0,10661.0,64,65,7,1357,0.5083333333333334,28.383333333333333,3,0,"Upstox v3 historical, 03:45 canonical; stored bar == fresh re-fetch",NO — series is retroactively adjusted; a CA leaves no jump (6 events verified),NO,NO — exceeds every NSE price band and is not reachable intraday,PARTIAL,YES,LISTING/RELISTING,session 7 of 1357 — start-of-series boundary
POCL.NS,2019-06-24,2023-03-06,1.2,67.9,71.3,65.3,71.3,5.0,81375.0,55.5833,56.5833,114,983,1.2499999999999996,61.06666666666666,3,0,"Upstox v3 historical, 03:45 canonical; stored bar == fresh re-fetch",NO — series is retroactively adjusted; a CA leaves no jump (6 events verified),NO,NO — exceeds every NSE price band and is not reachable intraday,YES,NO,SYNTHETIC/BAD_BAR,pre-segment frozen: only 3 distinct closes across 20 sessions
TEMBO.NS,2018-07-12,2018-08-13,0.15,6.95,6.95,6.9,6.95,4850.0,2560000.0,45.3333,46.3333,3,1572,0.15,4.628571428571429,1,0,"Upstox v3 historical, 03:45 canonical; stored bar == fresh re-fetch",NO — series is retroactively adjusted; a CA leaves no jump (6 events verified),NO,NO — exceeds every NSE price band and is not reachable intraday,PARTIAL,YES,LISTING/RELISTING,session 3 of 1572 — start-of-series boundary
BAJAJHCARE.NS,2018-02-01,2021-11-25,9.46,362.95,380.55,351.0,378.4,10000.0,120998.0,37.3668,38.3668,14,1202,8.492307692307692,376.56428571428575,5,4,"Upstox v3 historical, 03:45 canonical; stored bar == fresh re-fetch",NO — series is retroactively adjusted; a CA leaves no jump (6 events verified),YES,NO — exceeds every NSE price band and is not reachable intraday,PARTIAL,NO,SERIES_CHANGE,"persistent splice 8.49->376.56 with volume moving inversely (10,000->120,998) — adjustment applied to one segment only"
LIQUID1.NS,2019-09-16,2023-02-01,30.95,999.99,1000.01,999.99,1000.01,417.0,2534.0,31.3099,32.3099,97,931,29.514999999999997,999.997142857143,18,0,"Upstox v3 historical, 03:45 canonical; stored bar == fresh re-fetch",NO — series is retroactively adjusted; a CA leaves no jump (6 events verified),YES,NO — exceeds every NSE price band and is not reachable intraday,PARTIAL,NO,SERIES_CHANGE,"persistent splice 29.51->1000.00 with volume moving inversely (417->2,534) — adjustment applied to one segment only"
KFINTECH.NS,2018-05-29,2022-12-29,11.95,363.85,373.0,351.0,367.0,499995.0,7525533.0,29.4477,30.4477,2,917,11.0,339.7357142857142,2,0,"Upstox v3 historical, 03:45 canonical; stored bar == fresh re-fetch",NO — series is retroactively adjusted; a CA leaves no jump (6 events verified),NO,NO — exceeds every NSE price band and is not reachable intraday,PARTIAL,YES,LISTING/RELISTING,session 2 of 917 — start-of-series boundary
AARTIPHARM.NS,2017-07-18,2023-01-30,10.05,288.25,314.85,286.1,299.9,153960.0,329027.0,27.6816,28.6816,18,912,12.74705882352941,295.31190476190477,18,0,"Upstox v3 historical, 03:45 canonical; stored bar == fresh re-fetch",NO — series is retroactively adjusted; a CA leaves no jump (6 events verified),UNPROVEN,NO — exceeds every NSE price band and is not reachable intraday,PARTIAL,NO,UNPROVEN,persistent splice 12.75->295.31; no volume or liveness signature to attribute a cause
LANDSMILL.NS,2020-01-01,2020-01-02,0.05,1.2,1.2,1.1,1.1,694410.0,12285.0,23,24,817,2475,0.5025000000000004,1.0928571428571427,5,0,"Upstox v3 historical, 03:45 canonical; stored bar == fresh re-fetch",NO — series is retroactively adjusted; a CA leaves no jump (6 events verified),NO,NO — exceeds every NSE price band and is not reachable intraday,YES,NO,DATA_ERROR,isolated bar: D close 0.05 sits 90% off its 21-bar neighbourhood mean 0.50
LCCINFOTEC.NS,2018-07-02,2021-03-31,0.25,5.45,5.7,5.45,5.7,1400.0,47604.0,20.8,21.8,294,1616,0.4525000000000001,3.419047619047619,7,0,"Upstox v3 historical, 03:45 canonical; stored bar == fresh re-fetch",NO — series is retroactively adjusted; a CA leaves no jump (6 events verified),UNPROVEN,NO — exceeds every NSE price band and is not reachable intraday,PARTIAL,NO,UNPROVEN,no structural signature strong enough to attribute a cause
SURYODAY.NS,2019-04-16,2021-03-26,15.2,277.8,296.35,255.0,292.0,75.0,4172010.0,17.2763,18.2763,407,1758,17.249999999999996,258.8142857142857,18,0,"Upstox v3 historical, 03:45 canonical; stored bar == fresh re-fetch",NO — series is retroactively adjusted; a CA leaves no jump (6 events verified),YES,NO — exceeds every NSE price band and is not reachable intraday,PARTIAL,NO,SERIES_CHANGE,"persistent splice 17.25->258.81 with volume moving inversely (75->4,172,010) — adjustment applied to one segment only"
ASIANENE.NS,2018-02-06,2021-12-09,8.0,143.05,152.4,141.1,150.9,148675.0,85404.0,16.8813,17.8813,23,1189,9.444999999999999,135.7595238095238,16,0,"Upstox v3 historical, 03:45 canonical; stored bar == fresh re-fetch",NO — series is retroactively adjusted; a CA leaves no jump (6 events verified),UNPROVEN,NO — exceeds every NSE price band and is not reachable intraday,PARTIAL,NO,UNPROVEN,persistent splice 9.44->135.76; no volume or liveness signature to attribute a cause
LANDSMILL.NS,2021-05-19,2021-05-20,0.15,2.5,2.6,2.5,2.5,1485720.0,129699.0,15.6667,16.6667,1158,2475,0.14499999999999996,2.5642857142857145,3,0,"Upstox v3 historical, 03:45 canonical; stored bar == fresh re-fetch",NO — series is retroactively adjusted; a CA leaves no jump (6 events verified),NO,NO — exceeds every NSE price band and is not reachable intraday,YES,NO,SYNTHETIC/BAD_BAR,pre-segment frozen: only 3 distinct closes across 20 sessions
LANDSMILL.NS,2019-07-17,2019-07-18,0.1,1.65,1.65,1.65,1.65,55100.0,5390.0,15.5,16.5,706,2475,0.3324999999999997,1.245238095238095,3,0,"Upstox v3 historical, 03:45 canonical; stored bar == fresh re-fetch",NO — series is retroactively adjusted; a CA leaves no jump (6 events verified),NO,NO — exceeds every NSE price band and is not reachable intraday,YES,NO,SYNTHETIC/BAD_BAR,pre-segment frozen: only 3 distinct closes across 20 sessions
LANDSMILL.NS,2022-04-20,2022-04-21,0.5,8.2,8.2,7.6,7.65,7828100.0,253241.0,15.4,16.4,1387,2475,2.5275000000000007,6.535714285714285,10,0,"Upstox v3 historical, 03:45 canonical; stored bar == fresh re-fetch",NO — series is retroactively adjusted; a CA leaves no jump (6 events verified),NO,NO — exceeds every NSE price band and is not reachable intraday,YES,NO,DATA_ERROR,isolated bar: D close 0.5 sits 80% off its 21-bar neighbourhood mean 2.53
LANDSMILL.NS,2020-12-03,2020-12-04,0.1,1.6,1.6,1.5,1.55,400850.0,52304.0,15,16,1047,2475,0.07,2.2380952380952377,2,0,"Upstox v3 historical, 03:45 canonical; stored bar == fresh re-fetch",NO — series is retroactively adjusted; a CA leaves no jump (6 events verified),NO,NO — exceeds every NSE price band and is not reachable intraday,YES,NO,SYNTHETIC/BAD_BAR,pre-segment frozen: only 2 distinct closes across 20 sessions
LANDSMILL.NS,2021-12-01,2021-12-02,0.3,4.65,4.65,4.65,4.65,1220990.0,17855.0,14.5,15.5,1292,2475,0.21750000000000003,6.985714285714287,3,0,"Upstox v3 historical, 03:45 canonical; stored bar == fresh re-fetch",NO — series is retroactively adjusted; a CA leaves no jump (6 events verified),NO,NO — exceeds every NSE price band and is not reachable intraday,YES,NO,SYNTHETIC/BAD_BAR,pre-segment frozen: only 3 distinct closes across 20 sessions
PARASPETRO.NS,2017-07-24,2022-12-23,0.1,1.5,1.55,1.45,1.5,5423.0,1312514.0,14,15,105,1024,0.15499999999999997,1.216666666666667,4,0,"Upstox v3 historical, 03:45 canonical; stored bar == fresh re-fetch",NO — series is retroactively adjusted; a CA leaves no jump (6 events verified),YES,NO — exceeds every NSE price band and is not reachable intraday,PARTIAL,NO,SERIES_CHANGE,"persistent splice 0.15->1.22 with volume moving inversely (5,423->1,312,514) — adjustment applied to one segment only"
LANDSMILL.NS,2019-04-24,2019-04-25,0.1,1.45,1.55,1.45,1.55,69780.0,11552.0,13.5,14.5,649,2475,0.10000000000000002,1.0952380952380951,1,0,"Upstox v3 historical, 03:45 canonical; stored bar == fresh re-fetch",NO — series is retroactively adjusted; a CA leaves no jump (6 events verified),NO,NO — exceeds every NSE price band and is not reachable intraday,YES,NO,SYNTHETIC/BAD_BAR,pre-segment frozen: only 1 distinct closes across 20 sessions
LANDSMILL.NS,2017-12-06,2017-12-07,7.25,103.4,105.0,103.4,103.55,34020930.0,10063.0,13.2621,14.2621,310,2475,7.5725,98.59285714285716,17,0,"Upstox v3 historical, 03:45 canonical; stored bar == fresh re-fetch",NO — series is retroactively adjusted; a CA leaves no jump (6 events verified),YES,NO — exceeds every NSE price band and is not reachable intraday,PARTIAL,NO,SERIES_CHANGE,"persistent splice 7.57->98.59 with volume moving inversely (34,020,930->10,063) — adjustment applied to one segment only"
SHANTI.NS,2018-10-26,2018-10-30,18.85,263.25,273.0,256.2,269.5,3000.0,26006.0,12.9655,13.9655,231,1632,20.220000000000002,209.2452380952381,17,0,"Upstox v3 historical, 03:45 canonical; stored bar == fresh re-fetch",NO — series is retroactively adjusted; a CA leaves no jump (6 events verified),YES,NO — exceeds every NSE price band and is not reachable intraday,PARTIAL,NO,SERIES_CHANGE,"persistent splice 20.22->209.25 with volume moving inversely (3,000->26,006) — adjustment applied to one segment only"
SHANTI.NS,2018-11-01,2018-11-02,19.4,259.9,272.5,250.5,261.35,3000.0,8434.0,12.3969,13.3969,234,1632,44.51500000000001,185.28095238095233,17,0,"Upstox v3 historical, 03:45 canonical; stored bar == fresh re-fetch",NO — series is retroactively adjusted; a CA leaves no jump (6 events verified),UNPROVEN,NO — exceeds every NSE price band and is not reachable intraday,PARTIAL,NO,UNPROVEN,no structural signature strong enough to attribute a cause
HARDWYN.NS,2022-05-05,2022-05-06,6.35,80.34,80.34,80.34,80.34,2739089.0,11457.0,11.652,12.652,15,1094,4.6207142857142856,78.54380952380953,15,0,"Upstox v3 historical, 03:45 canonical; stored bar == fresh re-fetch",NO — series is retroactively adjusted; a CA leaves no jump (6 events verified),YES,NO — exceeds every NSE price band and is not reachable intraday,PARTIAL,NO,SERIES_CHANGE,"persistent splice 4.62->78.54 with volume moving inversely (2,739,089->11,457) — adjustment applied to one segment only"
SHANTI.NS,2018-11-26,2018-11-27,20.2,230.85,234.9,220.1,230.4,12000.0,39788.0,10.4282,11.4282,248,1632,198.07999999999998,38.35000000000001,20,0,"Upstox v3 historical, 03:45 canonical; stored bar == fresh re-fetch",NO — series is retroactively adjusted; a CA leaves no jump (6 events verified),UNPROVEN,NO — exceeds every NSE price band and is not reachable intraday,PARTIAL,NO,UNPROVEN,no structural signature strong enough to attribute a cause
SHANTI.NS,2018-11-29,2018-11-30,19.35,216.45,235.0,212.1,235.0,3000.0,30917.0,10.186,11.186,251,1632,208.85999999999999,28.3404761904762,19,0,"Upstox v3 historical, 03:45 canonical; stored bar == fresh re-fetch",NO — series is retroactively adjusted; a CA leaves no jump (6 events verified),UNPROVEN,NO — exceeds every NSE price band and is not reachable intraday,PARTIAL,NO,UNPROVEN,no structural signature strong enough to attribute a cause
BSHSL.NS,2021-02-01,2021-02-02,13.55,139.75,140.9,128.6,130.0,45100.0,8833.0,9.31365,10.3137,66,1454,11.589999999999998,137.12142857142854,16,0,"Upstox v3 historical, 03:45 canonical; stored bar == fresh re-fetch",NO — series is retroactively adjusted; a CA leaves no jump (6 events verified),YES,NO — exceeds every NSE price band and is not reachable intraday,PARTIAL,NO,SERIES_CHANGE,"persistent splice 11.59->137.12 with volume moving inversely (45,100->8,833) — adjustment applied to one segment only"
BSHSL.NS,2021-07-28,2021-07-29,32.0,326.4,332.0,305.0,305.0,255760.0,3702.0,9.2,10.2,186,1454,26.155,315.3595238095238,19,0,"Upstox v3 historical, 03:45 canonical; stored bar == fresh re-fetch",NO — series is retroactively adjusted; a CA leaves no jump (6 events verified),YES,NO — exceeds every NSE price band and is not reachable intraday,PARTIAL,NO,SERIES_CHANGE,"persistent splice 26.16->315.36 with volume moving inversely (255,760->3,702) — adjustment applied to one segment only"
BSHSL.NS,2022-03-28,2022-03-29,40.45,397.95,410.0,384.35,410.0,79070.0,9918.0,8.83807,9.83807,351,1454,36.50250000000001,420.85238095238094,19,0,"Upstox v3 historical, 03:45 canonical; stored bar == fresh re-fetch",NO — series is retroactively adjusted; a CA leaves no jump (6 events verified),YES,NO — exceeds every NSE price band and is not reachable intraday,PARTIAL,NO,SERIES_CHANGE,"persistent splice 36.50->420.85 with volume moving inversely (79,070->9,918) — adjustment applied to one segment only"
SAKUMA.NS,2017-11-13,2017-11-14,4.93,46.85,49.51,46.85,49.51,15061395.0,140050.0,8.50304,9.50304,293,2477,4.1815,37.282857142857154,18,0,"Upstox v3 historical, 03:45 canonical; stored bar == fresh re-fetch",NO — series is retroactively adjusted; a CA leaves no jump (6 events verified),YES,NO — exceeds every NSE price band and is not reachable intraday,PARTIAL,NO,SERIES_CHANGE,"persistent splice 4.18->37.28 with volume moving inversely (15,061,395->140,050) — adjustment applied to one segment only"
ADL.NS,2019-02-27,2020-10-01,2.5,22.85,25.25,22.85,24.05,25242.0,26226.0,8.14,9.14,449,1917,2.13,20.24523809523809,15,0,"Upstox v3 historical, 03:45 canonical; stored bar == fresh re-fetch",NO — series is retroactively adjusted; a CA leaves no jump (6 events verified),UNPROVEN,NO — exceeds every NSE price band and is not reachable intraday,PARTIAL,NO,UNPROVEN,persistent splice 2.13->20.25; no volume or liveness signature to attribute a cause
DHRUV.NS,2018-07-31,2021-11-25,10.0,79.2,79.2,64.35,68.95,0.0,365585.0,6.92,7.92,12,1199,10.0,64.60714285714286,1,8,"Upstox v3 historical, 03:45 canonical; stored bar == fresh re-fetch",NO — series is retroactively adjusted; a CA leaves no jump (6 events verified),NO,NO — exceeds every NSE price band and is not reachable intraday,YES,NO,SYNTHETIC/BAD_BAR,zero-volume placeholder bar at the transition
CCCL.NS,2023-05-24,2024-09-03,1.5,11.44,11.44,10.9,10.9,119406.0,5711973.0,6.62667,7.62667,1228,1728,1.3775,20.007619047619052,7,0,"Upstox v3 historical, 03:45 canonical; stored bar == fresh re-fetch",NO — series is retroactively adjusted; a CA leaves no jump (6 events verified),UNPROVEN,NO — exceeds every NSE price band and is not reachable intraday,PARTIAL,NO,UNPROVEN,no structural signature strong enough to attribute a cause
LATENTVIEW.NS,2019-08-05,2021-11-23,65.06,488.75,548.0,461.1,512.2,2.0,28823707.0,6.5123,7.5123,16,1206,71.58266666666665,611.0666666666667,15,0,"Upstox v3 historical, 03:45 canonical; stored bar == fresh re-fetch",NO — series is retroactively adjusted; a CA leaves no jump (6 events verified),YES,NO — exceeds every NSE price band and is not reachable intraday,PARTIAL,NO,SERIES_CHANGE,"persistent splice 71.58->611.07 with volume moving inversely (2->28,823,707) — adjustment applied to one segment only"
INTLCONV.NS,2017-10-31,2021-09-16,10.0,73.25,75.45,72.6,72.9,350.0,35222.0,6.325,7.325,169,1404,10.351500000000001,70.4047619047619,8,0,"Upstox v3 historical, 03:45 canonical; stored bar == fresh re-fetch",NO — series is retroactively adjusted; a CA leaves no jump (6 events verified),YES,NO — exceeds every NSE price band and is not reachable intraday,PARTIAL,NO,SERIES_CHANGE,"persistent splice 10.35->70.40 with volume moving inversely (350->35,222) — adjustment applied to one segment only"
MOLOWVOL.NS,2018-03-16,2022-03-30,3.2,22.45,23.0,22.4,22.6,12000.0,335.0,6.01562,7.01562,126,1228,4.442500000000001,22.983333333333334,16,0,"Upstox v3 historical, 03:45 canonical; stored bar == fresh re-fetch",NO — series is retroactively adjusted; a CA leaves no jump (6 events verified),YES,NO — exceeds every NSE price band and is not reachable intraday,PARTIAL,NO,SERIES_CHANGE,"persistent splice 4.44->22.98 with volume moving inversely (12,000->335) — adjustment applied to one segment only"
MEDANTA.NS,2017-01-24,2022-11-16,60.2,415.3,424.65,390.55,401.0,1.0,49322680.0,5.89867,6.89867,6,952,58.9,450.24285714285713,6,0,"Upstox v3 historical, 03:45 canonical; stored bar == fresh re-fetch",NO — series is retroactively adjusted; a CA leaves no jump (6 events verified),NO,NO — exceeds every NSE price band and is not reachable intraday,PARTIAL,YES,LISTING/RELISTING,session 6 of 952 — start-of-series boundary
BEARDSELL.NS,2016-10-10,2016-10-13,44.8,282.4,282.4,282.4,282.4,11.0,2370.0,5.30357,6.30357,23,2472,33.075,426.4214285714286,19,0,"Upstox v3 historical, 03:45 canonical; stored bar == fresh re-fetch",NO — series is retroactively adjusted; a CA leaves no jump (6 events verified),YES,NO — exceeds every NSE price band and is not reachable intraday,PARTIAL,NO,SERIES_CHANGE,"persistent splice 33.08->426.42 with volume moving inversely (11->2,370) — adjustment applied to one segment only"
WEWIN.NS,2017-10-31,2017-11-01,11.95,68.7,70.7,67.4,67.95,18000.0,10026196.0,4.74895,5.74895,284,2113,35.10000000000001,39.72857142857142,17,0,"Upstox v3 historical, 03:45 canonical; stored bar == fresh re-fetch",NO — series is retroactively adjusted; a CA leaves no jump (6 events verified),UNPROVEN,NO — exceeds every NSE price band and is not reachable intraday,PARTIAL,NO,UNPROVEN,no structural signature strong enough to attribute a cause
BEARDSELL.NS,2017-03-29,2017-03-30,72.55,413.65,435.15,413.65,415.55,21150.0,1956.0,4.70159,5.70159,138,2472,69.2325,379.6214285714285,20,0,"Upstox v3 historical, 03:45 canonical; stored bar == fresh re-fetch",NO — series is retroactively adjusted; a CA leaves no jump (6 events verified),YES,NO — exceeds every NSE price band and is not reachable intraday,PARTIAL,NO,SERIES_CHANGE,"persistent splice 69.23->379.62 with volume moving inversely (21,150->1,956) — adjustment applied to one segment only"
WEWIN.NS,2017-10-27,2017-10-30,11.95,68.0,68.85,66.05,66.05,18000.0,6082160.0,4.69038,5.69038,282,2113,32.3775,41.928571428571416,17,0,"Upstox v3 historical, 03:45 canonical; stored bar == fresh re-fetch",NO — series is retroactively adjusted; a CA leaves no jump (6 events verified),UNPROVEN,NO — exceeds every NSE price band and is not reachable intraday,PARTIAL,NO,UNPROVEN,no structural signature strong enough to attribute a cause
WEWIN.NS,2017-11-17,2017-11-20,11.5,65.05,66.9,64.5,65.5,36000.0,1584532.0,4.65652,5.65652,297,2113,35.27999999999999,33.40714285714286,16,0,"Upstox v3 historical, 03:45 canonical; stored bar == fresh re-fetch",NO — series is retroactively adjusted; a CA leaves no jump (6 events verified),UNPROVEN,NO — exceeds every NSE price band and is not reachable intraday,PARTIAL,NO,UNPROVEN,no structural signature strong enough to attribute a cause
WEWIN.NS,2017-11-15,2017-11-16,11.65,64.8,65.25,62.5,62.95,27000.0,4021264.0,4.56223,5.56223,295,2113,32.6425,32.930952380952384,15,0,"Upstox v3 historical, 03:45 canonical; stored bar == fresh re-fetch",NO — series is retroactively adjusted; a CA leaves no jump (6 events verified),UNPROVEN,NO — exceeds every NSE price band and is not reachable intraday,PARTIAL,NO,UNPROVEN,no structural signature strong enough to attribute a cause
GVPTECH.NS,2022-09-21,2022-09-22,6.75,37.0,37.0,37.0,37.0,505.0,1090.0,4.48148,5.48148,10,992,5.327777777777778,66.35714285714286,10,0,"Upstox v3 historical, 03:45 canonical; stored bar == fresh re-fetch",NO — series is retroactively adjusted; a CA leaves no jump (6 events verified),NO,NO — exceeds every NSE price band and is not reachable intraday,PARTIAL,YES,LISTING/RELISTING,session 10 of 992 — start-of-series boundary
WEWIN.NS,2017-11-07,2017-11-08,11.95,63.1,64.95,62.65,64.05,45000.0,3783309.0,4.28033,5.28033,289,2113,31.202500000000004,39.47857142857143,15,0,"Upstox v3 historical, 03:45 canonical; stored bar == fresh re-fetch",NO — series is retroactively adjusted; a CA leaves no jump (6 events verified),UNPROVEN,NO — exceeds every NSE price band and is not reachable intraday,PARTIAL,NO,UNPROVEN,no structural signature strong enough to attribute a cause
WEWIN.NS,2017-10-23,2017-10-24,11.15,58.5,58.8,54.5,54.8,9000.0,8383168.0,4.24664,5.24664,278,2113,34.7375,39.197619047619035,17,0,"Upstox v3 historical, 03:45 canonical; stored bar == fresh re-fetch",NO — series is retroactively adjusted; a CA leaves no jump (6 events verified),UNPROVEN,NO — exceeds every NSE price band and is not reachable intraday,PARTIAL,NO,UNPROVEN,no structural signature strong enough to attribute a cause
AJOONI.NS,2021-05-19,2021-05-20,8.4,43.4,43.55,41.95,41.95,1910009.0,191419.0,4.16667,5.16667,17,1334,314.72812500000003,45.96666666666666,15,1,"Upstox v3 historical, 03:45 canonical; stored bar == fresh re-fetch",NO — series is retroactively adjusted; a CA leaves no jump (6 events verified),NO,NO — exceeds every NSE price band and is not reachable intraday,YES,NO,DATA_ERROR,isolated bar: D close 8.4 sits 97% off its 21-bar neighbourhood mean 314.73
NILAINFRA.NS,2018-06-13,2018-06-14,3.1,15.75,15.75,15.0,15.0,10921541.0,220440.0,4.08065,5.08065,438,2477,3.0125,13.483333333333333,9,0,"Upstox v3 historical, 03:45 canonical; stored bar == fresh re-fetch",NO — series is retroactively adjusted; a CA leaves no jump (6 events verified),YES,NO — exceeds every NSE price band and is not reachable intraday,PARTIAL,NO,SERIES_CHANGE,"persistent splice 3.01->13.48 with volume moving inversely (10,921,541->220,440) — adjustment applied to one segment only"
VINEETLAB.NS,2019-05-08,2021-06-15,9.9,46.2,46.2,44.0,44.0,50000.0,36114.0,3.66667,4.66667,388,1687,1427.985,75.87380952380951,16,5,"Upstox v3 historical, 03:45 canonical; stored bar == fresh re-fetch",NO — series is retroactively adjusted; a CA leaves no jump (6 events verified),NO,NO — exceeds every NSE price band and is not reachable intraday,YES,NO,SYNTHETIC/BAD_BAR,5 of the 20 sessions before D have zero volume
WEWIN.NS,2017-10-05,2017-10-06,12.65,58.45,58.8,58.0,58.1,9000.0,2751149.0,3.62055,4.62055,268,2113,31.695,30.285714285714292,16,0,"Upstox v3 historical, 03:45 canonical; stored bar == fresh re-fetch",NO — series is retroactively adjusted; a CA leaves no jump (6 events verified),UNPROVEN,NO — exceeds every NSE price band and is not reachable intraday,PARTIAL,NO,UNPROVEN,no structural signature strong enough to attribute a cause
MIDSELIETF.NS,2016-12-05,2016-12-06,5.2,23.66,24.18,23.6,23.98,3470.0,177690.0,3.55,4.55,60,2477,5.2485,7.7957142857142845,16,0,"Upstox v3 historical, 03:45 canonical; stored bar == fresh re-fetch",NO — series is retroactively adjusted; a CA leaves no jump (6 events verified),NO,NO — exceeds every NSE price band and is not reachable intraday,YES,NO,DATA_ERROR,isolated bar: D+1 close 23.66 sits 204% off its neighbourhood mean 7.80
WEWIN.NS,2017-09-21,2017-09-22,12.6,57.25,60.7,57.0,60.7,54000.0,5820118.0,3.54365,4.54365,259,2113,34.48500000000001,35.764285714285705,18,0,"Upstox v3 historical, 03:45 canonical; stored bar == fresh re-fetch",NO — series is retroactively adjusted; a CA leaves no jump (6 events verified),UNPROVEN,NO — exceeds every NSE price band and is not reachable intraday,PARTIAL,NO,UNPROVEN,no structural signature strong enough to attribute a cause
WEWIN.NS,2017-10-11,2017-10-12,12.35,55.8,55.95,54.7,55.6,18000.0,3723646.0,3.51822,4.51822,272,2113,34.6175,33.395238095238085,18,0,"Upstox v3 historical, 03:45 canonical; stored bar == fresh re-fetch",NO — series is retroactively adjusted; a CA leaves no jump (6 events verified),UNPROVEN,NO — exceeds every NSE price band and is not reachable intraday,PARTIAL,NO,UNPROVEN,no structural signature strong enough to attribute a cause
MIDSELIETF.NS,2016-12-09,2016-12-12,5.34,24.11,24.3,23.84,23.98,600.0,621710.0,3.51498,4.51498,64,2477,7.045999999999999,6.03,16,0,"Upstox v3 historical, 03:45 canonical; stored bar == fresh re-fetch",NO — series is retroactively adjusted; a CA leaves no jump (6 events verified),NO,NO — exceeds every NSE price band and is not reachable intraday,YES,NO,DATA_ERROR,isolated bar: D+1 close 24.11 sits 300% off its neighbourhood mean 6.03
GOLDETF.NS,2018-10-08,2023-02-24,12.45,56.1,56.95,55.05,55.05,2872.0,67861.0,3.50602,4.50602,284,1160,17.259999999999998,57.026190476190465,17,0,"Upstox v3 historical, 03:45 canonical; stored bar == fresh re-fetch",NO — series is retroactively adjusted; a CA leaves no jump (6 events verified),YES,NO — exceeds every NSE price band and is not reachable intraday,PARTIAL,NO,SERIES_CHANGE,"persistent splice 17.26->57.03 with volume moving inversely (2,872->67,861) — adjustment applied to one segment only"
WEWIN.NS,2017-09-28,2017-09-29,12.65,55.95,57.45,55.7,57.4,9000.0,3628484.0,3.42292,4.42292,264,2113,31.125,36.66666666666668,17,0,"Upstox v3 historical, 03:45 canonical; stored bar == fresh re-fetch",NO — series is retroactively adjusted; a CA leaves no jump (6 events verified),UNPROVEN,NO — exceeds every NSE price band and is not reachable intraday,PARTIAL,NO,UNPROVEN,no structural signature strong enough to attribute a cause
RAMAPHO.NS,2019-06-06,2022-08-05,31.42,136.88,139.22,136.35,138.98,42658.0,44814.0,3.35646,4.35646,677,1690,28.6145,145.71190476190478,20,0,"Upstox v3 historical, 03:45 canonical; stored bar == fresh re-fetch",NO — series is retroactively adjusted; a CA leaves no jump (6 events verified),UNPROVEN,NO — exceeds every NSE price band and is not reachable intraday,PARTIAL,NO,UNPROVEN,persistent splice 28.61->145.71; no volume or liveness signature to attribute a cause
WEWIN.NS,2017-09-12,2017-09-13,12.65,52.6,53.3,52.2,52.35,18000.0,2158466.0,3.1581,4.1581,252,2113,30.505000000000003,35.61190476190476,16,0,"Upstox v3 historical, 03:45 canonical; stored bar == fresh re-fetch",NO — series is retroactively adjusted; a CA leaves no jump (6 events verified),UNPROVEN,NO — exceeds every NSE price band and is not reachable intraday,PARTIAL,NO,UNPROVEN,no structural signature strong enough to attribute a cause
WEWIN.NS,2017-09-08,2017-09-11,12.35,51.35,51.55,51.05,51.1,45000.0,987072.0,3.15789,4.15789,250,2113,28.655,35.41428571428571,15,0,"Upstox v3 historical, 03:45 canonical; stored bar == fresh re-fetch",NO — series is retroactively adjusted; a CA leaves no jump (6 events verified),UNPROVEN,NO — exceeds every NSE price band and is not reachable intraday,PARTIAL,NO,UNPROVEN,no structural signature strong enough to attribute a cause
WEWIN.NS,2017-08-29,2017-08-30,12.65,52.15,52.45,52.0,52.25,9000.0,848950.0,3.12253,4.12253,242,2113,36.05500000000001,32.12619047619048,14,0,"Upstox v3 historical, 03:45 canonical; stored bar == fresh re-fetch",NO — series is retroactively adjusted; a CA leaves no jump (6 events verified),UNPROVEN,NO — exceeds every NSE price band and is not reachable intraday,PARTIAL,NO,UNPROVEN,no structural signature strong enough to attribute a cause
WEWIN.NS,2017-08-31,2017-09-01,12.85,52.7,53.15,52.35,52.4,9000.0,1128465.0,3.10117,4.10117,244,2113,33.605,32.29761904761905,14,0,"Upstox v3 historical, 03:45 canonical; stored bar == fresh re-fetch",NO — series is retroactively adjusted; a CA leaves no jump (6 events verified),UNPROVEN,NO — exceeds every NSE price band and is not reachable intraday,PARTIAL,NO,UNPROVEN,no structural signature strong enough to attribute a cause
WEWIN.NS,2017-08-22,2017-08-23,12.7,51.45,51.7,50.0,50.35,18000.0,3240503.0,3.05118,4.05118,238,2113,39.237500000000004,33.44285714285715,15,0,"Upstox v3 historical, 03:45 canonical; stored bar == fresh re-fetch",NO — series is retroactively adjusted; a CA leaves no jump (6 events verified),UNPROVEN,NO — exceeds every NSE price band and is not reachable intraday,PARTIAL,NO,UNPROVEN,no structural signature strong enough to attribute a cause
UEL.NS,2024-05-21,2024-05-27,43.8,160.95,160.95,153.3,153.3,527.0,828.0,2.67466,3.67466,11,302,33.965,273.52,11,0,"Upstox v3 historical, 03:45 canonical; stored bar == fresh re-fetch",NO — series is retroactively adjusted; a CA leaves no jump (6 events verified),UNPROVEN,NO — exceeds every NSE price band and is not reachable intraday,PARTIAL,NO,UNPROVEN,no structural signature strong enough to attribute a cause
PVP.NS,2019-10-29,2021-07-22,1.7,5.75,5.75,5.3,5.5,642.0,676340.0,2.38235,3.38235,640,1913,2.0449999999999995,5.957142857142858,12,0,"Upstox v3 historical, 03:45 canonical; stored bar == fresh re-fetch",NO — series is retroactively adjusted; a CA leaves no jump (6 events verified),YES,NO — exceeds every NSE price band and is not reachable intraday,PARTIAL,NO,SERIES_CHANGE,"persistent splice 2.04->5.96 with volume moving inversely (642->676,340) — adjustment applied to one segment only"
INDIGOPNTS.NS,2019-10-18,2021-02-02,950.0,3117.15,3129.0,2436.05,2607.5,15.0,12652036.0,2.28121,3.28121,20,1408,1038.252631578947,2646.6928571428566,15,2,"Upstox v3 historical, 03:45 canonical; stored bar == fresh re-fetch",NO — series is retroactively adjusted; a CA leaves no jump (6 events verified),YES,NO — exceeds every NSE price band and is not reachable intraday,PARTIAL,NO,SERIES_CHANGE,"persistent splice 1038.25->2646.69 with volume moving inversely (15->12,652,036) — adjustment applied to one segment only"
SPCENET.NS,2018-11-30,2019-02-21,0.3,0.9,0.95,0.9,0.9,6681.0,9228.0,2,3,196,1697,0.3849999999999999,0.9238095238095239,4,0,"Upstox v3 historical, 03:45 canonical; stored bar == fresh re-fetch",NO — series is retroactively adjusted; a CA leaves no jump (6 events verified),UNPROVEN,NO — exceeds every NSE price band and is not reachable intraday,PARTIAL,NO,UNPROVEN,persistent splice 0.38->0.92; no volume or liveness signature to attribute a cause
GFLLIMITED.NS,2021-03-25,2021-03-26,29.6,80.75,88.0,80.75,85.0,3218350.0,68250.0,1.72804,2.72804,1126,2476,25.485000000000003,71.73095238095239,18,0,"Upstox v3 historical, 03:45 canonical; stored bar == fresh re-fetch",NO — series is retroactively adjusted; a CA leaves no jump (6 events verified),YES,NO — exceeds every NSE price band and is not reachable intraday,PARTIAL,NO,SERIES_CHANGE,"persistent splice 25.49->71.73 with volume moving inversely (3,218,350->68,250) — adjustment applied to one segment only"
MITTAL.NS,2018-11-30,2019-02-22,3.5,9.35,9.55,9.35,9.55,132000.0,198000.0,1.67143,2.67143,135,1876,2.985,11.352380952380955,18,0,"Upstox v3 historical, 03:45 canonical; stored bar == fresh re-fetch",NO — series is retroactively adjusted; a CA leaves no jump (6 events verified),UNPROVEN,NO — exceeds every NSE price band and is not reachable intraday,PARTIAL,NO,UNPROVEN,persistent splice 2.98->11.35; no volume or liveness signature to attribute a cause
BANKA.NS,2020-09-02,2020-09-03,39.25,103.05,103.05,99.95,100.0,9600.0,13200.0,1.62548,2.62548,178,1656,36.59,44.73095238095239,18,0,"Upstox v3 historical, 03:45 canonical; stored bar == fresh re-fetch",NO — series is retroactively adjusted; a CA leaves no jump (6 events verified),NO,NO — exceeds every NSE price band and is not reachable intraday,YES,NO,DATA_ERROR,isolated bar: D+1 close 103.05 sits 130% off its neighbourhood mean 44.73
KHAITANLTD.NS,2017-10-06,2018-01-08,16.5,41.1,41.1,39.0,39.0,50.0,3115.0,1.49091,2.49091,80,1814,16.479999999999997,50.75714285714285,14,0,"Upstox v3 historical, 03:45 canonical; stored bar == fresh re-fetch",NO — series is retroactively adjusted; a CA leaves no jump (6 events verified),YES,NO — exceeds every NSE price band and is not reachable intraday,PARTIAL,NO,SERIES_CHANGE,"persistent splice 16.48->50.76 with volume moving inversely (50->3,115) — adjustment applied to one segment only"
GLFL.NS,2016-12-13,2017-04-10,2.0,4.6,4.6,4.6,4.6,313.0,210.0,1.3,2.3,1,1595,,3.2238095238095235,1,0,"Upstox v3 historical, 03:45 canonical; stored bar == fresh re-fetch",NO — series is retroactively adjusted; a CA leaves no jump (6 events verified),NO,NO — exceeds every NSE price band and is not reachable intraday,PARTIAL,YES,LISTING/RELISTING,session 1 of 1595 — start-of-series boundary
PANSARI.NS,2017-04-27,2017-05-02,9.65,22.0,22.0,22.0,22.0,0.0,6000.0,1.27979,2.27979,36,1416,20.549999999999997,18.06190476190476,10,2,"Upstox v3 historical, 03:45 canonical; stored bar == fresh re-fetch",NO — series is retroactively adjusted; a CA leaves no jump (6 events verified),NO,NO — exceeds every NSE price band and is not reachable intraday,YES,NO,SYNTHETIC/BAD_BAR,zero-volume placeholder bar at the transition
PANSARI.NS,2017-06-27,2017-07-05,9.65,22.0,22.0,22.0,22.0,0.0,6000.0,1.27979,2.27979,43,1416,20.0,18.695238095238096,12,2,"Upstox v3 historical, 03:45 canonical; stored bar == fresh re-fetch",NO — series is retroactively adjusted; a CA leaves no jump (6 events verified),NO,NO — exceeds every NSE price band and is not reachable intraday,YES,NO,SYNTHETIC/BAD_BAR,zero-volume placeholder bar at the transition
WEWIN.NS,2017-12-14,2017-12-15,26.35,59.3,61.2,59.1,60.25,9000.0,3384390.0,1.25047,2.25047,316,2113,33.260000000000005,35.740476190476194,20,0,"Upstox v3 historical, 03:45 canonical; stored bar == fresh re-fetch",NO — series is retroactively adjusted; a CA leaves no jump (6 events verified),NO,NO — exceeds every NSE price band and is not reachable intraday,YES,NO,DATA_ERROR,isolated bar: D+1 close 59.3 sits 66% off its neighbourhood mean 35.74
WEWIN.NS,2017-12-12,2017-12-13,27.7,59.6,60.95,59.05,60.7,45000.0,1499436.0,1.15162,2.15162,314,2113,32.63,35.50476190476191,20,0,"Upstox v3 historical, 03:45 canonical; stored bar == fresh re-fetch",NO — series is retroactively adjusted; a CA leaves no jump (6 events verified),NO,NO — exceeds every NSE price band and is not reachable intraday,YES,NO,DATA_ERROR,isolated bar: D+1 close 59.6 sits 68% off its neighbourhood mean 35.50
PANSARI.NS,2017-07-27,2017-08-01,9.65,20.25,20.25,20.25,20.25,0.0,6000.0,1.09845,2.09845,45,1416,19.482499999999998,19.385714285714286,12,3,"Upstox v3 historical, 03:45 canonical; stored bar == fresh re-fetch",NO — series is retroactively adjusted; a CA leaves no jump (6 events verified),NO,NO — exceeds every NSE price band and is not reachable intraday,YES,NO,SYNTHETIC/BAD_BAR,zero-volume placeholder bar at the transition
PANSARI.NS,2017-09-27,2017-10-17,9.65,20.25,20.25,20.25,20.25,0.0,6000.0,1.09845,2.09845,51,1416,18.807499999999997,19.826190476190476,12,5,"Upstox v3 historical, 03:45 canonical; stored bar == fresh re-fetch",NO — series is retroactively adjusted; a CA leaves no jump (6 events verified),NO,NO — exceeds every NSE price band and is not reachable intraday,YES,NO,SYNTHETIC/BAD_BAR,zero-volume placeholder bar at the transition
APOLSINHOT.NS,2016-12-05,2016-12-06,330.8,694.0,694.65,694.0,694.65,456.0,31.0,1.09794,2.09794,53,2421,217.76949999999997,472.46666666666664,19,0,"Upstox v3 historical, 03:45 canonical; stored bar == fresh re-fetch",NO — series is retroactively adjusted; a CA leaves no jump (6 events verified),UNPROVEN,NO — exceeds every NSE price band and is not reachable intraday,PARTIAL,NO,UNPROVEN,no structural signature strong enough to attribute a cause
GLOBAL.NS,2022-06-20,2022-06-21,23.9,50.0,50.2,45.44,47.6,435060.0,84095.0,1.09205,2.09205,381,1427,22.518,64.02190476190476,20,0,"Upstox v3 historical, 03:45 canonical; stored bar == fresh re-fetch",NO — series is retroactively adjusted; a CA leaves no jump (6 events verified),YES,NO — exceeds every NSE price band and is not reachable intraday,PARTIAL,NO,SERIES_CHANGE,"persistent splice 22.52->64.02 with volume moving inversely (435,060->84,095) — adjustment applied to one segment only"
PANSARI.NS,2017-03-27,2017-03-28,9.65,20.0,20.0,20.0,20.0,500.0,6000.0,1.07254,2.07254,33,1416,21.3625,18.23095238095238,9,1,"Upstox v3 historical, 03:45 canonical; stored bar == fresh re-fetch",NO — series is retroactively adjusted; a CA leaves no jump (6 events verified),UNPROVEN,NO — exceeds every NSE price band and is not reachable intraday,PARTIAL,NO,UNPROVEN,no structural signature strong enough to attribute a cause
BALAXI.NS,2016-10-07,2017-07-10,3.4,7.0,7.0,7.0,7.0,2520.0,500.0,1.05882,2.05882,18,1938,3.329411764705882,5.571428571428572,10,0,"Upstox v3 historical, 03:45 canonical; stored bar == fresh re-fetch",NO — series is retroactively adjusted; a CA leaves no jump (6 events verified),YES,NO — exceeds every NSE price band and is not reachable intraday,PARTIAL,NO,SERIES_CHANGE,"persistent splice 3.33->5.57 with volume moving inversely (2,520->500) — adjustment applied to one segment only"
WEWIN.NS,2020-03-13,2020-03-16,10.05,20.55,20.55,20.55,20.55,1895731.0,6000.0,1.04478,2.04478,868,2113,20.505,17.692857142857147,20,0,"Upstox v3 historical, 03:45 canonical; stored bar == fresh re-fetch",NO — series is retroactively adjusted; a CA leaves no jump (6 events verified),UNPROVEN,NO — exceeds every NSE price band and is not reachable intraday,PARTIAL,NO,UNPROVEN,no structural signature strong enough to attribute a cause
MCL.NS,2018-11-29,2019-02-21,33.95,69.25,69.5,68.75,69.5,1200.0,7200.0,1.03976,2.03976,311,2139,35.8625,79.19285714285714,16,0,"Upstox v3 historical, 03:45 canonical; stored bar == fresh re-fetch",NO — series is retroactively adjusted; a CA leaves no jump (6 events verified),YES,NO — exceeds every NSE price band and is not reachable intraday,PARTIAL,NO,SERIES_CHANGE,"persistent splice 35.86->79.19 with volume moving inversely (1,200->7,200) — adjustment applied to one segment only"
MCL.NS,2019-05-03,2019-05-06,43.6,88.6,88.6,88.6,88.6,4800.0,2400.0,1.03211,2.03211,350,2139,79.35249999999999,89.01190476190477,18,0,"Upstox v3 historical, 03:45 canonical; stored bar == fresh re-fetch",NO — series is retroactively adjusted; a CA leaves no jump (6 events verified),UNPROVEN,NO — exceeds every NSE price band and is not reachable intraday,PARTIAL,NO,UNPROVEN,no structural signature strong enough to attribute a cause
WEWIN.NS,2017-12-28,2017-12-29,28.65,58.15,59.05,57.9,59.05,54000.0,3788273.0,1.02967,2.02967,325,2113,29.355000000000008,41.02619047619047,20,0,"Upstox v3 historical, 03:45 canonical; stored bar == fresh re-fetch",NO — series is retroactively adjusted; a CA leaves no jump (6 events verified),UNPROVEN,NO — exceeds every NSE price band and is not reachable intraday,PARTIAL,NO,UNPROVEN,no structural signature strong enough to attribute a cause
BCG.NS,2024-12-30,2025-07-14,10.25,20.71,22.0,20.71,21.8,7274134.0,7963358.0,1.02049,2.02049,1950,2236,8.624999999999996,15.4352380952381,19,0,"Upstox v3 historical, 03:45 canonical; stored bar == fresh re-fetch",NO — series is retroactively adjusted; a CA leaves no jump (6 events verified),UNPROVEN,NO — exceeds every NSE price band and is not reachable intraday,PARTIAL,NO,UNPROVEN,persistent splice 8.62->15.44; no volume or liveness signature to attribute a cause
LANDSMILL.NS,2020-11-19,2020-11-20,0.05,0.1,0.1,0.05,0.05,413660.0,2925590.0,1,2,1038,2475,0.05000000000000001,1.1214285714285714,1,0,"Upstox v3 historical, 03:45 canonical; stored bar == fresh re-fetch",NO — series is retroactively adjusted; a CA leaves no jump (6 events verified),NO,NO — exceeds every NSE price band and is not reachable intraday,YES,NO,SYNTHETIC/BAD_BAR,pre-segment frozen: only 1 distinct closes across 20 sessions
BLUECHIP.NS,2018-04-12,2018-04-13,0.05,0.1,0.1,0.05,0.05,1000.0,13.0,1,2,41,945,0.10250000000000001,0.22857142857142856,4,1,"Upstox v3 historical, 03:45 canonical; stored bar == fresh re-fetch",NO — series is retroactively adjusted; a CA leaves no jump (6 events verified),UNPROVEN,NO — exceeds every NSE price band and is not reachable intraday,PARTIAL,NO,UNPROVEN,no structural signature strong enough to attribute a cause
BLUECHIP.NS,2020-04-01,2020-04-03,0.05,0.1,0.1,0.05,0.05,1705.0,10295.0,1,2,140,945,0.12000000000000002,0.20476190476190476,4,0,"Upstox v3 historical, 03:45 canonical; stored bar == fresh re-fetch",NO — series is retroactively adjusted; a CA leaves no jump (6 events verified),UNPROVEN,NO — exceeds every NSE price band and is not reachable intraday,PARTIAL,NO,UNPROVEN,no structural signature strong enough to attribute a cause
BLUECHIP.NS,2020-09-07,2020-09-14,0.05,0.1,0.1,0.1,0.1,5000.0,1.0,1,2,163,945,0.20749999999999996,0.23809523809523814,6,0,"Upstox v3 historical, 03:45 canonical; stored bar == fresh re-fetch",NO — series is retroactively adjusted; a CA leaves no jump (6 events verified),UNPROVEN,NO — exceeds every NSE price band and is not reachable intraday,PARTIAL,NO,UNPROVEN,no structural signature strong enough to attribute a cause
BLUECHIP.NS,2020-09-16,2020-09-17,0.05,0.1,0.1,0.05,0.05,4.0,329.0,1,2,165,945,0.195,0.2666666666666667,6,0,"Upstox v3 historical, 03:45 canonical; stored bar == fresh re-fetch",NO — series is retroactively adjusted; a CA leaves no jump (6 events verified),UNPROVEN,NO — exceeds every NSE price band and is not reachable intraday,PARTIAL,NO,UNPROVEN,no structural signature strong enough to attribute a cause
FCSSOFT.NS,2018-01-01,2018-02-01,0.05,0.1,0.1,0.1,0.1,247505.0,458035.0,1,2,233,2337,0.2125,0.4,5,0,"Upstox v3 historical, 03:45 canonical; stored bar == fresh re-fetch",NO — series is retroactively adjusted; a CA leaves no jump (6 events verified),UNPROVEN,NO — exceeds every NSE price band and is not reachable intraday,PARTIAL,NO,UNPROVEN,no structural signature strong enough to attribute a cause
LANDSMILL.NS,2020-06-04,2020-06-05,0.05,0.1,0.1,0.1,0.1,259880.0,187370.0,1,2,919,2475,0.05000000000000001,0.07857142857142858,1,0,"Upstox v3 historical, 03:45 canonical; stored bar == fresh re-fetch",NO — series is retroactively adjusted; a CA leaves no jump (6 events verified),NO,NO — exceeds every NSE price band and is not reachable intraday,YES,NO,SYNTHETIC/BAD_BAR,pre-segment frozen: only 1 distinct closes across 20 sessions
LANDSMILL.NS,2020-06-23,2020-06-24,0.05,0.1,0.1,0.05,0.05,611790.0,334310.0,1,2,932,2475,0.07750000000000001,0.052380952380952396,2,0,"Upstox v3 historical, 03:45 canonical; stored bar == fresh re-fetch",NO — series is retroactively adjusted; a CA leaves no jump (6 events verified),NO,NO — exceeds every NSE price band and is not reachable intraday,YES,NO,SYNTHETIC/BAD_BAR,pre-segment frozen: only 2 distinct closes across 20 sessions
LANDSMILL.NS,2020-08-20,2020-08-21,0.05,0.1,0.1,0.1,0.1,49500.0,171380.0,1,2,974,2475,0.05000000000000001,0.09523809523809526,1,0,"Upstox v3 historical, 03:45 canonical; stored bar == fresh re-fetch",NO — series is retroactively adjusted; a CA leaves no jump (6 events verified),NO,NO — exceeds every NSE price band and is not reachable intraday,YES,NO,SYNTHETIC/BAD_BAR,pre-segment frozen: only 1 distinct closes across 20 sessions
LANDSMILL.NS,2020-09-16,2020-09-17,0.05,0.1,0.1,0.05,0.05,3384750.0,866480.0,1,2,993,2475,0.09250000000000003,0.05952380952380955,2,0,"Upstox v3 historical, 03:45 canonical; stored bar == fresh re-fetch",NO — series is retroactively adjusted; a CA leaves no jump (6 events verified),NO,NO — exceeds every NSE price band and is not reachable intraday,YES,NO,SYNTHETIC/BAD_BAR,pre-segment frozen: only 2 distinct closes across 20 sessions
LANDSMILL.NS,2020-10-01,2020-10-05,0.05,0.1,0.1,0.1,0.1,3750.0,15000.0,1,2,1004,2475,0.07500000000000002,0.054761904761904776,2,0,"Upstox v3 historical, 03:45 canonical; stored bar == fresh re-fetch",NO — series is retroactively adjusted; a CA leaves no jump (6 events verified),NO,NO — exceeds every NSE price band and is not reachable intraday,YES,NO,SYNTHETIC/BAD_BAR,pre-segment frozen: only 2 distinct closes across 20 sessions
LANDSMILL.NS,2020-10-14,2020-10-15,0.05,0.1,0.1,0.05,0.1,200010.0,1315700.0,1,2,1012,2475,0.057500000000000016,0.052380952380952396,2,0,"Upstox v3 historical, 03:45 canonical; stored bar == fresh re-fetch",NO — series is retroactively adjusted; a CA leaves no jump (6 events verified),NO,NO — exceeds every NSE price band and is not reachable intraday,YES,NO,SYNTHETIC/BAD_BAR,pre-segment frozen: only 2 distinct closes across 20 sessions
PARASPETRO.NS,2017-01-31,2017-02-01,0.05,0.1,0.1,0.1,0.1,200.0,1200.0,1,2,86,1024,0.21999999999999992,0.29047619047619044,6,0,"Upstox v3 historical, 03:45 canonical; stored bar == fresh re-fetch",NO — series is retroactively adjusted; a CA leaves no jump (6 events verified),UNPROVEN,NO — exceeds every NSE price band and is not reachable intraday,PARTIAL,NO,UNPROVEN,no structural signature strong enough to attribute a cause
PRAKASHSTL.NS,2018-06-18,2018-06-25,0.05,0.1,0.1,0.05,0.05,900298.0,1007942.0,1,2,279,2230,0.19750000000000004,0.24761904761904757,6,0,"Upstox v3 historical, 03:45 canonical; stored bar == fresh re-fetch",NO — series is retroactively adjusted; a CA leaves no jump (6 events verified),UNPROVEN,NO — exceeds every NSE price band and is not reachable intraday,PARTIAL,NO,UNPROVEN,no structural signature strong enough to attribute a cause
PRIVISCL.NS,2018-03-28,2018-04-02,0.05,0.1,0.1,0.05,0.05,7350000.0,139180000.0,1,2,386,2477,0.09500000000000003,0.10000000000000002,2,0,"Upstox v3 historical, 03:45 canonical; stored bar == fresh re-fetch",NO — series is retroactively adjusted; a CA leaves no jump (6 events verified),NO,NO — exceeds every NSE price band and is not reachable intraday,YES,NO,SYNTHETIC/BAD_BAR,pre-segment frozen: only 2 distinct closes across 20 sessions
PRIVISCL.NS,2018-07-02,2018-07-03,0.05,0.1,0.1,0.05,0.05,7950000.0,5405000.0,1,2,451,2477,0.08750000000000002,0.08095238095238098,2,0,"Upstox v3 historical, 03:45 canonical; stored bar == fresh re-fetch",NO — series is retroactively adjusted; a CA leaves no jump (6 events verified),NO,NO — exceeds every NSE price band and is not reachable intraday,YES,NO,SYNTHETIC/BAD_BAR,pre-segment frozen: only 2 distinct closes across 20 sessions
PRIVISCL.NS,2018-07-06,2018-07-09,0.05,0.1,0.1,0.05,0.05,5555000.0,15635000.0,1,2,455,2477,0.08000000000000002,0.08809523809523814,2,0,"Upstox v3 historical, 03:45 canonical; stored bar == fresh re-fetch",NO — series is retroactively adjusted; a CA leaves no jump (6 events verified),NO,NO — exceeds every NSE price band and is not reachable intraday,YES,NO,SYNTHETIC/BAD_BAR,pre-segment frozen: only 2 distinct closes across 20 sessions
PRIVISCL.NS,2018-07-20,2018-07-23,0.05,0.1,0.1,0.05,0.05,17195000.0,20075000.0,1,2,465,2477,0.06750000000000002,0.10000000000000002,2,0,"Upstox v3 historical, 03:45 canonical; stored bar == fresh re-fetch",NO — series is retroactively adjusted; a CA leaves no jump (6 events verified),NO,NO — exceeds every NSE price band and is not reachable intraday,YES,NO,SYNTHETIC/BAD_BAR,pre-segment frozen: only 2 distinct closes across 20 sessions
PRIVISCL.NS,2018-09-06,2018-09-07,0.05,0.1,0.1,0.05,0.05,44860000.0,127375000.0,1,2,497,2477,0.10000000000000002,0.0904761904761905,2,0,"Upstox v3 historical, 03:45 canonical; stored bar == fresh re-fetch",NO — series is retroactively adjusted; a CA leaves no jump (6 events verified),NO,NO — exceeds every NSE price band and is not reachable intraday,YES,NO,SYNTHETIC/BAD_BAR,pre-segment frozen: only 2 distinct closes across 20 sessions
PRIVISCL.NS,2018-09-28,2018-10-01,0.05,0.1,0.1,0.05,0.05,51010000.0,29720000.0,1,2,511,2477,0.09750000000000004,0.07142857142857147,2,0,"Upstox v3 historical, 03:45 canonical; stored bar == fresh re-fetch",NO — series is retroactively adjusted; a CA leaves no jump (6 events verified),NO,NO — exceeds every NSE price band and is not reachable intraday,YES,NO,SYNTHETIC/BAD_BAR,pre-segment frozen: only 2 distinct closes across 20 sessions
PRIVISCL.NS,2018-10-09,2018-10-10,0.05,0.1,0.1,0.05,0.05,31995000.0,24605000.0,1,2,517,2477,0.09000000000000002,0.0666666666666667,2,0,"Upstox v3 historical, 03:45 canonical; stored bar == fresh re-fetch",NO — series is retroactively adjusted; a CA leaves no jump (6 events verified),NO,NO — exceeds every NSE price band and is not reachable intraday,YES,NO,SYNTHETIC/BAD_BAR,pre-segment frozen: only 2 distinct closes across 20 sessions
PRIVISCL.NS,2018-10-12,2018-10-15,0.05,0.1,0.1,0.05,0.05,13050000.0,12950000.0,1,2,520,2477,0.08750000000000002,0.0642857142857143,2,0,"Upstox v3 historical, 03:45 canonical; stored bar == fresh re-fetch",NO — series is retroactively adjusted; a CA leaves no jump (6 events verified),NO,NO — exceeds every NSE price band and is not reachable intraday,YES,NO,SYNTHETIC/BAD_BAR,pre-segment frozen: only 2 distinct closes across 20 sessions
PRIVISCL.NS,2018-10-26,2018-10-29,0.05,0.1,0.1,0.05,0.05,8760000.0,892300000.0,1,2,529,2477,0.07000000000000003,0.059523809523809555,2,0,"Upstox v3 historical, 03:45 canonical; stored bar == fresh re-fetch",NO — series is retroactively adjusted; a CA leaves no jump (6 events verified),NO,NO — exceeds every NSE price band and is not reachable intraday,YES,NO,SYNTHETIC/BAD_BAR,pre-segment frozen: only 2 distinct closes across 20 sessions
PRIVISCL.NS,2019-02-05,2019-02-06,0.05,0.1,0.1,0.05,0.05,37635000.0,470905000.0,1,2,597,2477,0.05000000000000001,0.0928571428571429,1,0,"Upstox v3 historical, 03:45 canonical; stored bar == fresh re-fetch",NO — series is retroactively adjusted; a CA leaves no jump (6 events verified),NO,NO — exceeds every NSE price band and is not reachable intraday,YES,NO,SYNTHETIC/BAD_BAR,pre-segment frozen: only 1 distinct closes across 20 sessions
PRIVISCL.NS,2019-02-15,2019-02-18,0.05,0.1,0.1,0.1,0.1,10045000.0,13050000.0,1,2,605,2477,0.06250000000000001,0.10000000000000002,2,0,"Upstox v3 historical, 03:45 canonical; stored bar == fresh re-fetch",NO — series is retroactively adjusted; a CA leaves no jump (6 events verified),NO,NO — exceeds every NSE price band and is not reachable intraday,YES,NO,SYNTHETIC/BAD_BAR,pre-segment frozen: only 2 distinct closes across 20 sessions
PRIVISCL.NS,2020-03-23,2020-03-24,0.05,0.1,0.1,0.05,0.1,202700000.0,254185000.0,1,2,874,2477,0.11250000000000004,0.10000000000000002,3,0,"Upstox v3 historical, 03:45 canonical; stored bar == fresh re-fetch",NO — series is retroactively adjusted; a CA leaves no jump (6 events verified),NO,NO — exceeds every NSE price band and is not reachable intraday,YES,NO,SYNTHETIC/BAD_BAR,pre-segment frozen: only 3 distinct closes across 20 sessions
CHEMBOND.NS,2017-02-08,2019-11-20,102.7,205.25,213.95,202.45,209.5,108700.0,1716.0,0.998539,1.99854,105,1796,114.19499999999996,216.57380952380953,17,0,"Upstox v3 historical, 03:45 canonical; stored bar == fresh re-fetch",NO — series is retroactively adjusted; a CA leaves no jump (6 events verified),YES,NO — exceeds every NSE price band and is not reachable intraday,PARTIAL,NO,SERIES_CHANGE,"persistent splice 114.19->216.57 with volume moving inversely (108,700->1,716) — adjustment applied to one segment only"
SHRADHA.NS,2022-09-21,2022-09-22,11.92,23.8,24.9,22.8,24.8,137340.0,17513.0,0.996644,1.99664,468,1450,10.318000000000001,24.98952380952381,17,0,"Upstox v3 historical, 03:45 canonical; stored bar == fresh re-fetch",NO — series is retroactively adjusted; a CA leaves no jump (6 events verified),YES,NO — exceeds every NSE price band and is not reachable intraday,PARTIAL,NO,SERIES_CHANGE,"persistent splice 10.32->24.99 with volume moving inversely (137,340->17,513) — adjustment applied to one segment only"
WEWIN.NS,2020-02-25,2020-02-26,14.7,29.35,29.35,29.35,29.35,484217.0,3000.0,0.996599,1.9966,856,2113,19.175000000000004,19.159523809523808,19,0,"Upstox v3 historical, 03:45 canonical; stored bar == fresh re-fetch",NO — series is retroactively adjusted; a CA leaves no jump (6 events verified),UNPROVEN,NO — exceeds every NSE price band and is not reachable intraday,PARTIAL,NO,UNPROVEN,no structural signature strong enough to attribute a cause
VINEETLAB.NS,2017-12-06,2018-01-30,2280.0,9.0,9.0,9.0,9.0,29802.0,0.0,-0.996053,0.00394737,310,1687,1812.4625,1881.7404761904763,20,0,"Upstox v3 historical, 03:45 canonical; stored bar == fresh re-fetch",NO — series is retroactively adjusted; a CA leaves no jump (6 events verified),NO,NO — exceeds every NSE price band and is not reachable intraday,YES,NO,SYNTHETIC/BAD_BAR,zero-volume placeholder bar at the transition
VINEETLAB.NS,2018-05-23,2018-05-30,1902.05,9.0,9.0,9.0,9.0,1861.0,0.0,-0.995268,0.00473174,382,1687,1950.1650000000002,46.99999999999999,20,0,"Upstox v3 historical, 03:45 canonical; stored bar == fresh re-fetch",NO — series is retroactively adjusted; a CA leaves no jump (6 events verified),NO,NO — exceeds every NSE price band and is not reachable intraday,YES,NO,SYNTHETIC/BAD_BAR,zero-volume placeholder bar at the transition
BECTORFOOD.NS,2018-11-09,2020-12-24,20799.8,118.8,120.0,100.0,100.0,0.0,185333960.0,-0.994288,0.00571159,25,1439,20648.980000000003,93.74285714285713,8,9,"Upstox v3 historical, 03:45 canonical; stored bar == fresh re-fetch",NO — series is retroactively adjusted; a CA leaves no jump (6 events verified),NO,NO — exceeds every NSE price band and is not reachable intraday,YES,NO,SYNTHETIC/BAD_BAR,zero-volume placeholder bar at the transition
VINEETLAB.NS,2016-12-29,2016-12-30,1149.95,9.0,9.0,9.0,9.0,2714.0,0.0,-0.992174,0.00782643,78,1687,1156.1649999999997,1187.1261904761905,20,0,"Upstox v3 historical, 03:45 canonical; stored bar == fresh re-fetch",NO — series is retroactively adjusted; a CA leaves no jump (6 events verified),NO,NO — exceeds every NSE price band and is not reachable intraday,YES,NO,SYNTHETIC/BAD_BAR,zero-volume placeholder bar at the transition
RHL.NS,2017-09-06,2023-04-25,10500.0,93.45,93.45,84.55,89.0,20.0,27102.0,-0.9911,0.0089,2,840,10500.0,97.8047619047619,1,0,"Upstox v3 historical, 03:45 canonical; stored bar == fresh re-fetch",NO — series is retroactively adjusted; a CA leaves no jump (6 events verified),NO,NO — exceeds every NSE price band and is not reachable intraday,PARTIAL,YES,LISTING/RELISTING,session 2 of 840 — start-of-series boundary
AJOONI.NS,2018-02-19,2021-05-07,640.1,6.75,6.85,6.5,6.5,26654.0,636593.0,-0.989455,0.0105452,9,1334,543.14375,33.26904761904762,7,1,"Upstox v3 historical, 03:45 canonical; stored bar == fresh re-fetch",NO — series is retroactively adjusted; a CA leaves no jump (6 events verified),NO,NO — exceeds every NSE price band and is not reachable intraday,YES,NO,DATA_ERROR,isolated bar: D+1 close 6.75 sits 80% off its neighbourhood mean 33.27
AURUM.NS,2020-12-22,2020-12-23,717.2,8.9,8.9,8.9,8.9,1826527.0,64927.0,-0.987591,0.0124094,1062,2477,705.7199999999999,14.869047619047617,20,0,"Upstox v3 historical, 03:45 canonical; stored bar == fresh re-fetch",NO — series is retroactively adjusted; a CA leaves no jump (6 events verified),UNPROVEN,NO — exceeds every NSE price band and is not reachable intraday,PARTIAL,NO,UNPROVEN,no structural signature strong enough to attribute a cause
SEJALLTD.NS,2020-02-12,2021-12-13,1010.44,13.65,13.65,13.0,13.0,338.0,11.0,-0.986491,0.013509,493,1611,1001.3365,22.997619047619047,19,0,"Upstox v3 historical, 03:45 canonical; stored bar == fresh re-fetch",NO — series is retroactively adjusted; a CA leaves no jump (6 events verified),UNPROVEN,NO — exceeds every NSE price band and is not reachable intraday,PARTIAL,NO,UNPROVEN,no structural signature strong enough to attribute a cause
WEWIN.NS,2020-03-18,2020-03-19,9.4,18.65,20.4,18.65,20.4,955995.0,6000.0,0.984043,1.98404,871,2113,20.207500000000003,17.533333333333335,20,0,"Upstox v3 historical, 03:45 canonical; stored bar == fresh re-fetch",NO — series is retroactively adjusted; a CA leaves no jump (6 events verified),UNPROVEN,NO — exceeds every NSE price band and is not reachable intraday,PARTIAL,NO,UNPROVEN,no structural signature strong enough to attribute a cause
WEWIN.NS,2020-03-11,2020-03-12,10.9,21.6,21.6,21.6,21.6,955870.0,3000.0,0.981651,1.98165,866,2113,20.46,17.550000000000004,20,0,"Upstox v3 historical, 03:45 canonical; stored bar == fresh re-fetch",NO — series is retroactively adjusted; a CA leaves no jump (6 events verified),UNPROVEN,NO — exceeds every NSE price band and is not reachable intraday,PARTIAL,NO,UNPROVEN,no structural signature strong enough to attribute a cause
MARINE.NS,2018-06-27,2020-12-02,2110.0,39.4,40.0,38.0,39.6,25.0,791985.0,-0.981327,0.018673,159,1589,2056.2925000000005,42.12619047619047,18,0,"Upstox v3 historical, 03:45 canonical; stored bar == fresh re-fetch",NO — series is retroactively adjusted; a CA leaves no jump (6 events verified),YES,NO — exceeds every NSE price band and is not reachable intraday,PARTIAL,NO,SERIES_CHANGE,"persistent splice 2056.29->42.13 with volume moving inversely (25->791,985) — adjustment applied to one segment only"
RAJRATAN.NS,2017-02-08,2020-05-22,1982.0,37.3,39.3,36.4,39.3,836.0,38825.0,-0.981181,0.0188194,46,1611,1966.868,41.57142857142858,17,1,"Upstox v3 historical, 03:45 canonical; stored bar == fresh re-fetch",NO — series is retroactively adjusted; a CA leaves no jump (6 events verified),YES,NO — exceeds every NSE price band and is not reachable intraday,PARTIAL,NO,SERIES_CHANGE,"persistent splice 1966.87->41.57 with volume moving inversely (836->38,825) — adjustment applied to one segment only"
SHRADHA.NS,2021-02-01,2021-02-02,11.76,23.2,24.56,22.36,22.36,1245.0,1795.0,0.972789,1.97279,70,1450,12.436,22.43809523809524,17,0,"Upstox v3 historical, 03:45 canonical; stored bar == fresh re-fetch",NO — series is retroactively adjusted; a CA leaves no jump (6 events verified),UNPROVEN,NO — exceeds every NSE price band and is not reachable intraday,PARTIAL,NO,UNPROVEN,persistent splice 12.44->22.44; no volume or liveness signature to attribute a cause
SHANTI.NS,2017-01-12,2017-08-03,1002.0,28.35,36.65,27.35,36.0,64.0,1032000.0,-0.971707,0.0282934,29,1632,1010.4445,24.654761904761905,14,0,"Upstox v3 historical, 03:45 canonical; stored bar == fresh re-fetch",NO — series is retroactively adjusted; a CA leaves no jump (6 events verified),YES,NO — exceeds every NSE price band and is not reachable intraday,PARTIAL,NO,SERIES_CHANGE,"persistent splice 1010.44->24.65 with volume moving inversely (64->1,032,000) — adjustment applied to one segment only"
KELLTONTEC.NS,2017-11-13,2017-11-14,11.32,22.3,23.0,21.6,22.43,1074105.0,197080.0,0.969965,1.96996,293,2452,10.323000000000002,20.948095238095238,17,0,"Upstox v3 historical, 03:45 canonical; stored bar == fresh re-fetch",NO — series is retroactively adjusted; a CA leaves no jump (6 events verified),YES,NO — exceeds every NSE price band and is not reachable intraday,PARTIAL,NO,SERIES_CHANGE,"persistent splice 10.32->20.95 with volume moving inversely (1,074,105->197,080) — adjustment applied to one segment only"
VAISHALI.NS,2016-11-02,2017-08-22,210.96,7.18,7.3,6.66,7.19,130.0,4000000.0,-0.965965,0.0340349,37,1950,211.9635,6.491428571428573,20,0,"Upstox v3 historical, 03:45 canonical; stored bar == fresh re-fetch",NO — series is retroactively adjusted; a CA leaves no jump (6 events verified),YES,NO — exceeds every NSE price band and is not reachable intraday,PARTIAL,NO,SERIES_CHANGE,"persistent splice 211.96->6.49 with volume moving inversely (130->4,000,000) — adjustment applied to one segment only"
SONAMLTD.NS,2017-05-02,2018-06-14,498.0,18.5,18.75,18.4,18.5,400.0,2136000.0,-0.962851,0.0371486,42,1651,516.12,18.409523809523808,14,2,"Upstox v3 historical, 03:45 canonical; stored bar == fresh re-fetch",NO — series is retroactively adjusted; a CA leaves no jump (6 events verified),YES,NO — exceeds every NSE price band and is not reachable intraday,PARTIAL,NO,SERIES_CHANGE,"persistent splice 516.12->18.41 with volume moving inversely (400->2,136,000) — adjustment applied to one segment only"
BBTCL.NS,2017-03-15,2018-10-15,998.0,38.1,39.5,36.2,37.8,68.0,525000.0,-0.961824,0.0381764,40,1466,1027.3145,44.259523809523806,13,1,"Upstox v3 historical, 03:45 canonical; stored bar == fresh re-fetch",NO — series is retroactively adjusted; a CA leaves no jump (6 events verified),YES,NO — exceeds every NSE price band and is not reachable intraday,PARTIAL,NO,SERIES_CHANGE,"persistent splice 1027.31->44.26 with volume moving inversely (68->525,000) — adjustment applied to one segment only"
NMDC.NS,2022-10-25,2022-10-27,16.3,31.9,33.48,27.88,27.88,160793978.0,115821134.0,0.957055,1.95706,1685,2644,16.1475,34.08761904761904,19,0,"Upstox v3 historical, 03:45 canonical; stored bar == fresh re-fetch",NO — series is retroactively adjusted; a CA leaves no jump (6 events verified),UNPROVEN,NO — exceeds every NSE price band and is not reachable intraday,PARTIAL,NO,UNPROVEN,persistent splice 16.15->34.09; no volume or liveness signature to attribute a cause
LANDSMILL.NS,2020-03-03,2020-03-04,1.1,0.05,0.05,0.05,0.05,14599.0,44810.0,-0.954545,0.0454545,861,2475,1.0950000000000002,0.05000000000000001,3,0,"Upstox v3 historical, 03:45 canonical; stored bar == fresh re-fetch",NO — series is retroactively adjusted; a CA leaves no jump (6 events verified),NO,NO — exceeds every NSE price band and is not reachable intraday,YES,NO,SYNTHETIC/BAD_BAR,pre-segment frozen: only 3 distinct closes across 20 sessions
VINNY.NS,2023-01-11,2023-01-12,162.05,7.4,7.4,6.7,6.7,37695.0,396106.0,-0.954335,0.0456649,33,938,139.965,9.995238095238093,20,0,"Upstox v3 historical, 03:45 canonical; stored bar == fresh re-fetch",NO — series is retroactively adjusted; a CA leaves no jump (6 events verified),YES,NO — exceeds every NSE price band and is not reachable intraday,PARTIAL,NO,SERIES_CHANGE,"persistent splice 139.97->10.00 with volume moving inversely (37,695->396,106) — adjustment applied to one segment only"
SUVEN.NS,2020-01-20,2020-01-21,277.7,14.7,14.7,14.0,14.0,851063.0,970198.0,-0.947065,0.0529348,830,2477,281.8225,26.533333333333335,19,0,"Upstox v3 historical, 03:45 canonical; stored bar == fresh re-fetch",NO — series is retroactively adjusted; a CA leaves no jump (6 events verified),UNPROVEN,NO — exceeds every NSE price band and is not reachable intraday,PARTIAL,NO,UNPROVEN,no structural signature strong enough to attribute a cause
LANDSMILL.NS,2019-12-16,2019-12-17,0.9,0.05,0.05,0.05,0.05,24656.0,172730.0,-0.944444,0.0555556,806,2475,0.9775,0.5547619047619048,4,0,"Upstox v3 historical, 03:45 canonical; stored bar == fresh re-fetch",NO — series is retroactively adjusted; a CA leaves no jump (6 events verified),NO,NO — exceeds every NSE price band and is not reachable intraday,YES,NO,DATA_ERROR,isolated bar: D+1 close 0.05 sits 91% off its neighbourhood mean 0.55
LANDSMILL.NS,2021-02-01,2021-02-02,2.5,0.15,0.15,0.15,0.15,17994.0,1405710.0,-0.94,0.06,1087,2475,2.59,0.1928571428571429,15,0,"Upstox v3 historical, 03:45 canonical; stored bar == fresh re-fetch",NO — series is retroactively adjusted; a CA leaves no jump (6 events verified),YES,NO — exceeds every NSE price band and is not reachable intraday,PARTIAL,NO,SERIES_CHANGE,"persistent splice 2.59->0.19 with volume moving inversely (17,994->1,405,710) — adjustment applied to one segment only"
LANDSMILL.NS,2021-10-11,2021-10-12,3.2,0.2,0.2,0.2,0.2,125067.0,3210770.0,-0.9375,0.0625,1258,2475,3.16,0.20000000000000004,9,0,"Upstox v3 historical, 03:45 canonical; stored bar == fresh re-fetch",NO — series is retroactively adjusted; a CA leaves no jump (6 events verified),YES,NO — exceeds every NSE price band and is not reachable intraday,PARTIAL,NO,SERIES_CHANGE,"persistent splice 3.16->0.20 with volume moving inversely (125,067->3,210,770) — adjustment applied to one segment only"
LANDSMILL.NS,2022-03-28,2022-03-29,7.15,0.45,0.5,0.45,0.5,136888.0,3139080.0,-0.937063,0.0629371,1372,2475,7.359999999999999,2.5,16,0,"Upstox v3 historical, 03:45 canonical; stored bar == fresh re-fetch",NO — series is retroactively adjusted; a CA leaves no jump (6 events verified),NO,NO — exceeds every NSE price band and is not reachable intraday,YES,NO,DATA_ERROR,isolated bar: D+1 close 0.45 sits 82% off its neighbourhood mean 2.50
LANDSMILL.NS,2018-02-06,2018-02-07,29.85,1.9,2.05,1.9,1.9,5387.0,3586190.0,-0.936348,0.0636516,352,2475,75.12750000000001,1.9309523809523812,20,0,"Upstox v3 historical, 03:45 canonical; stored bar == fresh re-fetch",NO — series is retroactively adjusted; a CA leaves no jump (6 events verified),NO,NO — exceeds every NSE price band and is not reachable intraday,YES,NO,DATA_ERROR,isolated bar: D close 29.85 sits 60% off its 21-bar neighbourhood mean 75.13
LANDSMILL.NS,2022-06-20,2022-06-21,5.35,0.35,0.35,0.35,0.35,112336.0,2328720.0,-0.934579,0.0654206,1429,2475,5.89,0.5023809523809524,15,0,"Upstox v3 historical, 03:45 canonical; stored bar == fresh re-fetch",NO — series is retroactively adjusted; a CA leaves no jump (6 events verified),YES,NO — exceeds every NSE price band and is not reachable intraday,PARTIAL,NO,SERIES_CHANGE,"persistent splice 5.89->0.50 with volume moving inversely (112,336->2,328,720) — adjustment applied to one segment only"
HDFCVALUE.NS,2017-07-26,2022-09-29,1189.0,84.11,86.45,83.5,85.7,42214.0,9215.0,-0.92926,0.0707401,5,982,1113.9375,86.55952380952382,5,0,"Upstox v3 historical, 03:45 canonical; stored bar == fresh re-fetch",NO — series is retroactively adjusted; a CA leaves no jump (6 events verified),NO,NO — exceeds every NSE price band and is not reachable intraday,PARTIAL,YES,LISTING/RELISTING,session 5 of 982 — start-of-series boundary
SHANTI.NS,2018-10-31,2018-11-01,271.95,19.4,19.4,19.4,19.4,34254.0,3000.0,-0.928663,0.0713366,233,1632,32.089999999999996,185.37857142857138,17,0,"Upstox v3 historical, 03:45 canonical; stored bar == fresh re-fetch",NO — series is retroactively adjusted; a CA leaves no jump (6 events verified),UNPROVEN,NO — exceeds every NSE price band and is not reachable intraday,PARTIAL,NO,UNPROVEN,no structural signature strong enough to attribute a cause
HARDWYN.NS,2022-06-20,2022-06-21,80.84,5.99,6.35,5.84,6.25,15873.0,102838.0,-0.925903,0.074097,47,1094,78.42099999999999,6.1099999999999985,19,0,"Upstox v3 historical, 03:45 canonical; stored bar == fresh re-fetch",NO — series is retroactively adjusted; a CA leaves no jump (6 events verified),YES,NO — exceeds every NSE price band and is not reachable intraday,PARTIAL,NO,SERIES_CHANGE,"persistent splice 78.42->6.11 with volume moving inversely (15,873->102,838) — adjustment applied to one segment only"
LANDSMILL.NS,2019-06-24,2019-06-25,1.3,0.1,0.1,0.1,0.1,146923.0,2138400.0,-0.923077,0.0769231,689,2475,1.0450000000000002,0.38095238095238093,8,0,"Upstox v3 historical, 03:45 canonical; stored bar == fresh re-fetch",NO — series is retroactively adjusted; a CA leaves no jump (6 events verified),NO,NO — exceeds every NSE price band and is not reachable intraday,YES,NO,DATA_ERROR,isolated bar: D+1 close 0.1 sits 74% off its neighbourhood mean 0.38
WEWIN.NS,2018-03-14,2018-03-15,22.35,42.95,43.4,41.5,41.5,18000.0,13444214.0,0.9217,1.9217,376,2113,37.545,34.945238095238096,17,0,"Upstox v3 historical, 03:45 canonical; stored bar == fresh re-fetch",NO — series is retroactively adjusted; a CA leaves no jump (6 events verified),UNPROVEN,NO — exceeds every NSE price band and is not reachable intraday,PARTIAL,NO,UNPROVEN,no structural signature strong enough to attribute a cause
SHANTI.NS,2018-11-30,2019-02-25,216.45,17.35,17.35,17.35,17.35,30917.0,3000.0,-0.919843,0.0801571,252,1632,208.88500000000005,18.969047619047622,19,0,"Upstox v3 historical, 03:45 canonical; stored bar == fresh re-fetch",NO — series is retroactively adjusted; a CA leaves no jump (6 events verified),YES,NO — exceeds every NSE price band and is not reachable intraday,PARTIAL,NO,SERIES_CHANGE,"persistent splice 208.89->18.97 with volume moving inversely (30,917->3,000) — adjustment applied to one segment only"
PANSARI.NS,2017-11-27,2017-11-28,9.65,18.5,18.5,18.5,18.5,0.0,6000.0,0.917098,1.9171,55,1416,18.1425,21.473809523809525,11,7,"Upstox v3 historical, 03:45 canonical; stored bar == fresh re-fetch",NO — series is retroactively adjusted; a CA leaves no jump (6 events verified),NO,NO — exceeds every NSE price band and is not reachable intraday,YES,NO,SYNTHETIC/BAD_BAR,zero-volume placeholder bar at the transition
SHANTI.NS,2018-11-27,2018-11-28,230.85,19.35,19.35,19.35,19.35,39788.0,3000.0,-0.916179,0.0838207,249,1632,198.18999999999997,28.309523809523814,20,0,"Upstox v3 historical, 03:45 canonical; stored bar == fresh re-fetch",NO — series is retroactively adjusted; a CA leaves no jump (6 events verified),YES,NO — exceeds every NSE price band and is not reachable intraday,PARTIAL,NO,SERIES_CHANGE,"persistent splice 198.19->28.31 with volume moving inversely (39,788->3,000) — adjustment applied to one segment only"
SHANTI.NS,2018-11-22,2018-11-26,219.85,20.2,20.5,19.95,19.95,36686.0,12000.0,-0.908119,0.0918808,247,1632,187.93,38.39047619047619,19,0,"Upstox v3 historical, 03:45 canonical; stored bar == fresh re-fetch",NO — series is retroactively adjusted; a CA leaves no jump (6 events verified),UNPROVEN,NO — exceeds every NSE price band and is not reachable intraday,PARTIAL,NO,UNPROVEN,no structural signature strong enough to attribute a cause
WEWIN.NS,2018-01-01,2018-01-02,30.1,57.35,58.6,56.85,58.4,27000.0,2072831.0,0.905316,1.90532,327,2113,31.7625,41.86190476190476,20,0,"Upstox v3 historical, 03:45 canonical; stored bar == fresh re-fetch",NO — series is retroactively adjusted; a CA leaves no jump (6 events verified),YES,NO — exceeds every NSE price band and is not reachable intraday,PARTIAL,NO,SERIES_CHANGE,"persistent splice 31.76->41.86 with volume moving inversely (27,000->2,072,831) — adjustment applied to one segment only"
KAPSTON.NS,2017-05-05,2018-04-04,318.35,30.8,31.0,30.7,30.85,0.0,424779.0,-0.903251,0.0967489,42,1794,356.31500000000005,28.8952380952381,11,5,"Upstox v3 historical, 03:45 canonical; stored bar == fresh re-fetch",NO — series is retroactively adjusted; a CA leaves no jump (6 events verified),NO,NO — exceeds every NSE price band and is not reachable intraday,YES,NO,SYNTHETIC/BAD_BAR,zero-volume placeholder bar at the transition
DEVIT.NS,2022-05-05,2022-05-06,38.98,74.1,74.1,74.1,74.1,100600.0,11753.0,0.900975,1.90097,53,1131,34.190000000000005,69.5409523809524,20,0,"Upstox v3 historical, 03:45 canonical; stored bar == fresh re-fetch",NO — series is retroactively adjusted; a CA leaves no jump (6 events verified),YES,NO — exceeds every NSE price band and is not reachable intraday,PARTIAL,NO,SERIES_CHANGE,"persistent splice 34.19->69.54 with volume moving inversely (100,600->11,753) — adjustment applied to one segment only"
BSHSL.NS,2021-10-11,2021-10-12,288.05,28.55,29.8,27.8,27.8,1598.0,218120.0,-0.900885,0.0991147,237,1454,289.62,28.402380952380955,15,0,"Upstox v3 historical, 03:45 canonical; stored bar == fresh re-fetch",NO — series is retroactively adjusted; a CA leaves no jump (6 events verified),YES,NO — exceeds every NSE price band and is not reachable intraday,PARTIAL,NO,SERIES_CHANGE,"persistent splice 289.62->28.40 with volume moving inversely (1,598->218,120) — adjustment applied to one segment only"
VCL.NS,2022-05-18,2022-05-19,13.6,25.85,25.85,25.85,25.85,80399.0,19676.0,0.900735,1.90074,21,1026,13.3225,23.509523809523813,19,0,"Upstox v3 historical, 03:45 canonical; stored bar == fresh re-fetch",NO — series is retroactively adjusted; a CA leaves no jump (6 events verified),UNPROVEN,NO — exceeds every NSE price band and is not reachable intraday,PARTIAL,NO,UNPROVEN,persistent splice 13.32->23.51; no volume or liveness signature to attribute a cause
NIFTY1.NS,2017-07-26,2017-07-27,1009.9,101.18,115.5,101.0,109.5,35964.0,207901.0,-0.899812,0.100188,219,2477,982.691,100.24904761904762,20,0,"Upstox v3 historical, 03:45 canonical; stored bar == fresh re-fetch",NO — series is retroactively adjusted; a CA leaves no jump (6 events verified),YES,NO — exceeds every NSE price band and is not reachable intraday,PARTIAL,NO,SERIES_CHANGE,"persistent splice 982.69->100.25 with volume moving inversely (35,964->207,901) — adjustment applied to one segment only"
GOYALALUM.NS,2023-03-09,2023-03-10,292.45,29.45,29.5,29.3,29.5,306464.0,925290.0,-0.899299,0.100701,89,934,254.84249999999997,32.78571428571429,20,0,"Upstox v3 historical, 03:45 canonical; stored bar == fresh re-fetch",NO — series is retroactively adjusted; a CA leaves no jump (6 events verified),UNPROVEN,NO — exceeds every NSE price band and is not reachable intraday,PARTIAL,NO,UNPROVEN,persistent splice 254.84->32.79; no volume or liveness signature to attribute a cause
BSHSL.NS,2022-06-20,2022-06-21,390.25,39.5,39.5,38.0,38.0,627.0,1880.0,-0.898783,0.101217,408,1454,402.57500000000005,40.219047619047615,17,0,"Upstox v3 historical, 03:45 canonical; stored bar == fresh re-fetch",NO — series is retroactively adjusted; a CA leaves no jump (6 events verified),UNPROVEN,NO — exceeds every NSE price band and is not reachable intraday,PARTIAL,NO,UNPROVEN,persistent splice 402.58->40.22; no volume or liveness signature to attribute a cause
MOM30IETF.NS,2022-08-11,2022-08-12,186.62,18.89,22.2,18.6,18.7,53640.0,147948.0,-0.898778,0.101222,2,1012,203.18,19.468571428571426,2,0,"Upstox v3 historical, 03:45 canonical; stored bar == fresh re-fetch",NO — series is retroactively adjusted; a CA leaves no jump (6 events verified),NO,NO — exceeds every NSE price band and is not reachable intraday,PARTIAL,YES,LISTING/RELISTING,session 2 of 1012 — start-of-series boundary
SAKUMA.NS,2018-02-06,2018-02-07,35.37,3.66,3.71,3.56,3.56,253200.0,1592895.0,-0.896522,0.103478,352,2477,31.224500000000006,3.807619047619048,19,0,"Upstox v3 historical, 03:45 canonical; stored bar == fresh re-fetch",NO — series is retroactively adjusted; a CA leaves no jump (6 events verified),YES,NO — exceeds every NSE price band and is not reachable intraday,PARTIAL,NO,SERIES_CHANGE,"persistent splice 31.22->3.81 with volume moving inversely (253,200->1,592,895) — adjustment applied to one segment only"
PANSARI.NS,2017-10-27,2017-11-09,9.65,18.3,18.3,18.3,18.3,0.0,6000.0,0.896373,1.89637,53,1416,18.2275,20.51904761904762,12,6,"Upstox v3 historical, 03:45 canonical; stored bar == fresh re-fetch",NO — series is retroactively adjusted; a CA leaves no jump (6 events verified),NO,NO — exceeds every NSE price band and is not reachable intraday,YES,NO,SYNTHETIC/BAD_BAR,zero-volume placeholder bar at the transition
BSHSL.NS,2021-04-26,2021-04-27,131.5,13.65,13.65,13.15,13.65,2766.0,16950.0,-0.896198,0.103802,121,1454,136.335,15.378571428571433,15,0,"Upstox v3 historical, 03:45 canonical; stored bar == fresh re-fetch",NO — series is retroactively adjusted; a CA leaves no jump (6 events verified),YES,NO — exceeds every NSE price band and is not reachable intraday,PARTIAL,NO,SERIES_CHANGE,"persistent splice 136.34->15.38 with volume moving inversely (2,766->16,950) — adjustment applied to one segment only"
DRCSYSTEMS.NS,2022-03-14,2022-03-21,127.1,13.35,13.35,12.25,12.25,1179.0,18396.0,-0.894965,0.105035,461,1484,128.225,13.421428571428573,20,0,"Upstox v3 historical, 03:45 canonical; stored bar == fresh re-fetch",NO — series is retroactively adjusted; a CA leaves no jump (6 events verified),YES,NO — exceeds every NSE price band and is not reachable intraday,PARTIAL,NO,SERIES_CHANGE,"persistent splice 128.22->13.42 with volume moving inversely (1,179->18,396) — adjustment applied to one segment only"
FISCHER.NS,2025-07-10,2025-07-11,775.85,84.5,85.9,78.3,80.4,10938.0,1057110.0,-0.891087,0.108913,1,288,,93.48095238095237,1,0,"Upstox v3 historical, 03:45 canonical; stored bar == fresh re-fetch",NO — series is retroactively adjusted; a CA leaves no jump (6 events verified),NO,NO — exceeds every NSE price band and is not reachable intraday,PARTIAL,YES,LISTING/RELISTING,session 1 of 288 — start-of-series boundary
GFLLIMITED.NS,2019-08-05,2019-08-06,240.8,26.25,29.0,26.25,27.6,1022842.0,117264.0,-0.890988,0.109012,719,2476,249.25249999999997,16.83333333333333,19,0,"Upstox v3 historical, 03:45 canonical; stored bar == fresh re-fetch",NO — series is retroactively adjusted; a CA leaves no jump (6 events verified),UNPROVEN,NO — exceeds every NSE price band and is not reachable intraday,PARTIAL,NO,UNPROVEN,no structural signature strong enough to attribute a cause
WEWIN.NS,2020-03-02,2020-03-03,13.35,25.15,25.15,25.15,25.15,493141.0,3000.0,0.883895,1.8839,860,2113,20.43,17.683333333333334,19,0,"Upstox v3 historical, 03:45 canonical; stored bar == fresh re-fetch",NO — series is retroactively adjusted; a CA leaves no jump (6 events verified),UNPROVEN,NO — exceeds every NSE price band and is not reachable intraday,PARTIAL,NO,UNPROVEN,no structural signature strong enough to attribute a cause
WEWIN.NS,2018-02-28,2018-03-01,24.35,45.3,46.05,44.95,45.25,9000.0,2245740.0,0.86037,1.86037,367,2113,41.165,32.36428571428572,16,0,"Upstox v3 historical, 03:45 canonical; stored bar == fresh re-fetch",NO — series is retroactively adjusted; a CA leaves no jump (6 events verified),UNPROVEN,NO — exceeds every NSE price band and is not reachable intraday,PARTIAL,NO,UNPROVEN,no structural signature strong enough to attribute a cause
AHLADA.NS,2018-09-19,2018-09-27,1020.0,145.05,148.05,141.0,141.0,105.0,616000.0,-0.857794,0.142206,2,1712,1020.0,136.50238095238095,1,0,"Upstox v3 historical, 03:45 canonical; stored bar == fresh re-fetch",NO — series is retroactively adjusted; a CA leaves no jump (6 events verified),NO,NO — exceeds every NSE price band and is not reachable intraday,PARTIAL,YES,LISTING/RELISTING,session 2 of 1712 — start-of-series boundary
WEWIN.NS,2020-02-18,2020-02-19,14.75,27.35,27.35,27.35,27.35,616214.0,3000.0,0.854237,1.85424,852,2113,18.297500000000003,19.56904761904762,19,0,"Upstox v3 historical, 03:45 canonical; stored bar == fresh re-fetch",NO — series is retroactively adjusted; a CA leaves no jump (6 events verified),YES,NO — exceeds every NSE price band and is not reachable intraday,PARTIAL,NO,SERIES_CHANGE,"persistent splice 18.30->19.57 with volume moving inversely (616,214->3,000) — adjustment applied to one segment only"
NDLVENTURE.NS,2022-11-21,2022-11-22,436.75,68.9,68.9,62.4,65.65,38157.0,40484.0,-0.842244,0.157756,1535,2477,400.18500000000006,100.89523809523808,19,0,"Upstox v3 historical, 03:45 canonical; stored bar == fresh re-fetch",NO — series is retroactively adjusted; a CA leaves no jump (6 events verified),UNPROVEN,NO — exceeds every NSE price band and is not reachable intraday,PARTIAL,NO,UNPROVEN,persistent splice 400.19->100.90; no volume or liveness signature to attribute a cause
WEWIN.NS,2018-03-20,2018-03-21,23.35,43.0,43.9,42.65,43.0,9000.0,7757194.0,0.841542,1.84154,380,2113,33.525000000000006,37.1047619047619,19,0,"Upstox v3 historical, 03:45 canonical; stored bar == fresh re-fetch",NO — series is retroactively adjusted; a CA leaves no jump (6 events verified),YES,NO — exceeds every NSE price band and is not reachable intraday,PARTIAL,NO,SERIES_CHANGE,"persistent splice 33.53->37.10 with volume moving inversely (9,000->7,757,194) — adjustment applied to one segment only"
WEWIN.NS,2017-11-23,2017-11-24,64.75,10.65,10.7,10.65,10.7,2975995.0,27000.0,-0.835521,0.164479,301,2113,40.83749999999999,26.926190476190484,16,0,"Upstox v3 historical, 03:45 canonical; stored bar == fresh re-fetch",NO — series is retroactively adjusted; a CA leaves no jump (6 events verified),UNPROVEN,NO — exceeds every NSE price band and is not reachable intraday,PARTIAL,NO,UNPROVEN,no structural signature strong enough to attribute a cause
SHIVAUM.NS,2017-05-24,2019-10-01,262.6,44.15,44.6,44.1,44.25,21250.0,279000.0,-0.831874,0.168126,176,528,309.59000000000003,44.82380952380953,20,0,"Upstox v3 historical, 03:45 canonical; stored bar == fresh re-fetch",NO — series is retroactively adjusted; a CA leaves no jump (6 events verified),YES,NO — exceeds every NSE price band and is not reachable intraday,PARTIAL,NO,SERIES_CHANGE,"persistent splice 309.59->44.82 with volume moving inversely (21,250->279,000) — adjustment applied to one segment only"
BEARDSELL.NS,2016-12-05,2016-12-06,400.6,68.5,70.05,66.95,69.7,50.0,2822.0,-0.829006,0.170994,59,2472,398.4174999999999,63.12857142857143,20,0,"Upstox v3 historical, 03:45 canonical; stored bar == fresh re-fetch",NO — series is retroactively adjusted; a CA leaves no jump (6 events verified),YES,NO — exceeds every NSE price band and is not reachable intraday,PARTIAL,NO,SERIES_CHANGE,"persistent splice 398.42->63.13 with volume moving inversely (50->2,822) — adjustment applied to one segment only"
WEWIN.NS,2017-11-01,2017-11-02,68.7,12.0,12.0,12.0,12.0,10026196.0,18000.0,-0.825328,0.174672,285,2113,35.06500000000001,37.421428571428564,17,0,"Upstox v3 historical, 03:45 canonical; stored bar == fresh re-fetch",NO — series is retroactively adjusted; a CA leaves no jump (6 events verified),UNPROVEN,NO — exceeds every NSE price band and is not reachable intraday,PARTIAL,NO,UNPROVEN,no structural signature strong enough to attribute a cause
BEARDSELL.NS,2017-05-03,2017-05-04,454.2,79.45,79.45,79.45,79.45,1057.0,268.0,-0.825077,0.174923,160,2472,377.91999999999996,70.45238095238095,20,0,"Upstox v3 historical, 03:45 canonical; stored bar == fresh re-fetch",NO — series is retroactively adjusted; a CA leaves no jump (6 events verified),UNPROVEN,NO — exceeds every NSE price band and is not reachable intraday,PARTIAL,NO,UNPROVEN,persistent splice 377.92->70.45; no volume or liveness signature to attribute a cause
WEWIN.NS,2017-10-30,2017-10-31,68.0,11.95,11.95,11.95,11.95,6082160.0,18000.0,-0.824265,0.175735,283,2113,32.3375,39.421428571428564,17,0,"Upstox v3 historical, 03:45 canonical; stored bar == fresh re-fetch",NO — series is retroactively adjusted; a CA leaves no jump (6 events verified),UNPROVEN,NO — exceeds every NSE price band and is not reachable intraday,PARTIAL,NO,UNPROVEN,no structural signature strong enough to attribute a cause
WEWIN.NS,2018-01-22,2018-01-23,31.85,58.1,58.65,55.8,56.2,27000.0,2432419.0,0.824176,1.82418,342,2113,37.50000000000001,43.266666666666666,19,0,"Upstox v3 historical, 03:45 canonical; stored bar == fresh re-fetch",NO — series is retroactively adjusted; a CA leaves no jump (6 events verified),YES,NO — exceeds every NSE price band and is not reachable intraday,PARTIAL,NO,SERIES_CHANGE,"persistent splice 37.50->43.27 with volume moving inversely (27,000->2,432,419) — adjustment applied to one segment only"
WEWIN.NS,2017-11-16,2017-11-17,64.8,11.5,11.5,10.65,10.65,4021264.0,36000.0,-0.822531,0.177469,296,2113,32.62249999999999,32.669047619047625,16,0,"Upstox v3 historical, 03:45 canonical; stored bar == fresh re-fetch",NO — series is retroactively adjusted; a CA leaves no jump (6 events verified),UNPROVEN,NO — exceeds every NSE price band and is not reachable intraday,PARTIAL,NO,UNPROVEN,no structural signature strong enough to attribute a cause
WEWIN.NS,2017-11-14,2017-11-15,63.05,11.65,11.75,11.65,11.65,2650719.0,27000.0,-0.815226,0.184774,294,2113,32.27499999999999,32.23095238095238,16,0,"Upstox v3 historical, 03:45 canonical; stored bar == fresh re-fetch",NO — series is retroactively adjusted; a CA leaves no jump (6 events verified),UNPROVEN,NO — exceeds every NSE price band and is not reachable intraday,PARTIAL,NO,UNPROVEN,no structural signature strong enough to attribute a cause
WEWIN.NS,2018-01-11,2018-01-12,31.85,57.5,58.3,56.7,58.0,45000.0,1652181.0,0.805338,1.80534,335,2113,35.6875,43.02619047619047,17,0,"Upstox v3 historical, 03:45 canonical; stored bar == fresh re-fetch",NO — series is retroactively adjusted; a CA leaves no jump (6 events verified),YES,NO — exceeds every NSE price band and is not reachable intraday,PARTIAL,NO,SERIES_CHANGE,"persistent splice 35.69->43.03 with volume moving inversely (45,000->1,652,181) — adjustment applied to one segment only"
AJOONI.NS,2021-07-19,2021-07-20,41.7,8.15,8.35,7.95,8.25,41951.0,407903.0,-0.804556,0.195444,60,1334,44.205,8.814285714285713,18,0,"Upstox v3 historical, 03:45 canonical; stored bar == fresh re-fetch",NO — series is retroactively adjusted; a CA leaves no jump (6 events verified),YES,NO — exceeds every NSE price band and is not reachable intraday,PARTIAL,NO,SERIES_CHANGE,"persistent splice 44.20->8.81 with volume moving inversely (41,951->407,903) — adjustment applied to one segment only"
WEWIN.NS,2018-02-20,2018-02-21,25.35,45.7,47.15,45.25,46.6,63000.0,2617792.0,0.802761,1.80276,361,2113,42.7125,32.86428571428572,18,0,"Upstox v3 historical, 03:45 canonical; stored bar == fresh re-fetch",NO — series is retroactively adjusted; a CA leaves no jump (6 events verified),UNPROVEN,NO — exceeds every NSE price band and is not reachable intraday,PARTIAL,NO,UNPROVEN,no structural signature strong enough to attribute a cause
AIRAN.NS,2018-08-13,2018-08-14,359.5,73.0,74.0,72.0,72.0,2000.0,17500.0,-0.79694,0.20306,329,2259,359.80749999999995,69.57380952380952,19,0,"Upstox v3 historical, 03:45 canonical; stored bar == fresh re-fetch",NO — series is retroactively adjusted; a CA leaves no jump (6 events verified),YES,NO — exceeds every NSE price band and is not reachable intraday,PARTIAL,NO,SERIES_CHANGE,"persistent splice 359.81->69.57 with volume moving inversely (2,000->17,500) — adjustment applied to one segment only"
GVPTECH.NS,2022-12-05,2022-12-06,91.2,18.55,18.55,17.9,18.4,64904.0,98675.0,-0.796601,0.203399,60,992,86.48499999999999,21.476190476190474,19,0,"Upstox v3 historical, 03:45 canonical; stored bar == fresh re-fetch",NO — series is retroactively adjusted; a CA leaves no jump (6 events verified),UNPROVEN,NO — exceeds every NSE price band and is not reachable intraday,PARTIAL,NO,UNPROVEN,persistent splice 86.48->21.48; no volume or liveness signature to attribute a cause
CORALFINAC.NS,2017-06-28,2017-06-29,207.05,42.4,42.4,42.2,42.2,5.0,150.0,-0.795219,0.204781,61,2337,232.8025,50.31095238095238,17,0,"Upstox v3 historical, 03:45 canonical; stored bar == fresh re-fetch",NO — series is retroactively adjusted; a CA leaves no jump (6 events verified),YES,NO — exceeds every NSE price band and is not reachable intraday,PARTIAL,NO,SERIES_CHANGE,persistent splice 232.80->50.31 with volume moving inversely (5->150) — adjustment applied to one segment only
WEWIN.NS,2018-01-25,2018-01-29,30.25,54.25,56.4,54.05,56.0,9000.0,2979148.0,0.793388,1.79339,345,2113,40.285000000000004,41.78809523809524,19,0,"Upstox v3 historical, 03:45 canonical; stored bar == fresh re-fetch",NO — series is retroactively adjusted; a CA leaves no jump (6 events verified),YES,NO — exceeds every NSE price band and is not reachable intraday,PARTIAL,NO,SERIES_CHANGE,"persistent splice 40.29->41.79 with volume moving inversely (9,000->2,979,148) — adjustment applied to one segment only"
SUMEETINDS.NS,2025-06-19,2025-06-20,55.96,11.75,11.75,11.75,11.75,63970.0,67940.0,-0.790029,0.209971,1,303,,20.305714285714288,1,0,"Upstox v3 historical, 03:45 canonical; stored bar == fresh re-fetch",NO — series is retroactively adjusted; a CA leaves no jump (6 events verified),NO,NO — exceeds every NSE price band and is not reachable intraday,PARTIAL,YES,LISTING/RELISTING,session 1 of 303 — start-of-series boundary
KSHITIJPOL.NS,2022-08-24,2022-08-25,70.4,14.8,14.8,13.4,14.6,195192.0,224310.0,-0.789773,0.210227,19,1017,49.891666666666666,18.023809523809522,19,0,"Upstox v3 historical, 03:45 canonical; stored bar == fresh re-fetch",NO — series is retroactively adjusted; a CA leaves no jump (6 events verified),UNPROVEN,NO — exceeds every NSE price band and is not reachable intraday,PARTIAL,NO,UNPROVEN,no structural signature strong enough to attribute a cause
WEWIN.NS,2017-10-24,2017-10-25,58.5,12.35,13.4,12.35,13.4,8383168.0,54000.0,-0.788889,0.211111,279,2113,34.63999999999999,39.480952380952374,17,0,"Upstox v3 historical, 03:45 canonical; stored bar == fresh re-fetch",NO — series is retroactively adjusted; a CA leaves no jump (6 events verified),UNPROVEN,NO — exceeds every NSE price band and is not reachable intraday,PARTIAL,NO,UNPROVEN,no structural signature strong enough to attribute a cause
LATTEYS.NS,2018-06-14,2018-06-20,25.0,5.3,5.3,5.0,5.0,5000.0,125000.0,-0.788,0.212,7,1129,25.774999999999995,5.004761904761905,5,0,"Upstox v3 historical, 03:45 canonical; stored bar == fresh re-fetch",NO — series is retroactively adjusted; a CA leaves no jump (6 events verified),NO,NO — exceeds every NSE price band and is not reachable intraday,PARTIAL,YES,LISTING/RELISTING,session 7 of 1129 — start-of-series boundary
WEWIN.NS,2017-10-10,2017-10-11,58.25,12.35,12.35,12.35,12.35,2618464.0,18000.0,-0.787983,0.212017,271,2113,34.272499999999994,30.99285714285714,17,0,"Upstox v3 historical, 03:45 canonical; stored bar == fresh re-fetch",NO — series is retroactively adjusted; a CA leaves no jump (6 events verified),UNPROVEN,NO — exceeds every NSE price band and is not reachable intraday,PARTIAL,NO,UNPROVEN,no structural signature strong enough to attribute a cause
INDIAGLYCO.NS,2026-09-01,2026-09-02,1111.7,236.2,236.2,217.0,225.0,880527.0,115189.0,-0.787533,0.212467,2473,2477,1129.235,254.49999999999997,20,0,"Upstox v3 historical, 03:45 canonical; stored bar == fresh re-fetch",NO — series is retroactively adjusted; a CA leaves no jump (6 events verified),YES,NO — exceeds every NSE price band and is not reachable intraday,PARTIAL,NO,SERIES_CHANGE,"persistent splice 1129.23->254.50 with volume moving inversely (880,527->115,189) — adjustment applied to one segment only"
WEWIN.NS,2017-10-13,2017-10-16,55.7,12.05,12.05,12.05,12.05,5519112.0,9000.0,-0.783662,0.216338,274,2113,34.762499999999996,31.64285714285714,18,0,"Upstox v3 historical, 03:45 canonical; stored bar == fresh re-fetch",NO — series is retroactively adjusted; a CA leaves no jump (6 events verified),UNPROVEN,NO — exceeds every NSE price band and is not reachable intraday,PARTIAL,NO,UNPROVEN,no structural signature strong enough to attribute a cause
WEWIN.NS,2017-09-25,2017-09-26,58.75,12.75,12.75,12.75,12.75,8356124.0,45000.0,-0.782979,0.217021,261,2113,32.78500000000001,31.404761904761905,18,0,"Upstox v3 historical, 03:45 canonical; stored bar == fresh re-fetch",NO — series is retroactively adjusted; a CA leaves no jump (6 events verified),UNPROVEN,NO — exceeds every NSE price band and is not reachable intraday,PARTIAL,NO,UNPROVEN,no structural signature strong enough to attribute a cause
MIDSELIETF.NS,2016-12-12,2016-12-13,24.11,5.24,5.26,5.24,5.26,621710.0,10170.0,-0.782663,0.217337,65,2477,7.0344999999999995,5.130952380952381,16,0,"Upstox v3 historical, 03:45 canonical; stored bar == fresh re-fetch",NO — series is retroactively adjusted; a CA leaves no jump (6 events verified),NO,NO — exceeds every NSE price band and is not reachable intraday,YES,NO,DATA_ERROR,isolated bar: D close 24.11 sits 243% off its 21-bar neighbourhood mean 7.03
WEWIN.NS,2018-01-16,2018-01-17,32.0,56.95,57.25,54.2,55.15,9000.0,2749025.0,0.779688,1.77969,338,2113,34.56250000000001,43.85952380952381,17,0,"Upstox v3 historical, 03:45 canonical; stored bar == fresh re-fetch",NO — series is retroactively adjusted; a CA leaves no jump (6 events verified),YES,NO — exceeds every NSE price band and is not reachable intraday,PARTIAL,NO,SERIES_CHANGE,"persistent splice 34.56->43.86 with volume moving inversely (9,000->2,749,025) — adjustment applied to one segment only"
MIDSELIETF.NS,2016-12-07,2016-12-08,23.72,5.28,5.32,5.28,5.32,213010.0,100.0,-0.777403,0.222597,62,2477,6.142000000000001,6.035238095238096,17,0,"Upstox v3 historical, 03:45 canonical; stored bar == fresh re-fetch",NO — series is retroactively adjusted; a CA leaves no jump (6 events verified),NO,NO — exceeds every NSE price band and is not reachable intraday,YES,NO,DATA_ERROR,isolated bar: D close 23.72 sits 286% off its 21-bar neighbourhood mean 6.14
WEWIN.NS,2017-10-04,2017-10-05,56.65,12.65,12.65,12.65,12.65,3099524.0,9000.0,-0.776699,0.223301,267,2113,31.48,30.31904761904762,17,0,"Upstox v3 historical, 03:45 canonical; stored bar == fresh re-fetch",NO — series is retroactively adjusted; a CA leaves no jump (6 events verified),UNPROVEN,NO — exceeds every NSE price band and is not reachable intraday,PARTIAL,NO,UNPROVEN,no structural signature strong enough to attribute a cause
MIRZAINT.NS,2023-03-28,2023-03-29,148.0,34.65,34.65,31.35,33.0,1924248.0,2117782.0,-0.765878,0.234122,1624,2477,155.745,47.82142857142857,20,0,"Upstox v3 historical, 03:45 canonical; stored bar == fresh re-fetch",NO — series is retroactively adjusted; a CA leaves no jump (6 events verified),UNPROVEN,NO — exceeds every NSE price band and is not reachable intraday,PARTIAL,NO,UNPROVEN,persistent splice 155.75->47.82; no volume or liveness signature to attribute a cause
WEWIN.NS,2020-03-05,2020-03-06,13.55,23.9,26.35,23.9,26.35,1388067.0,15000.0,0.763838,1.76384,863,2113,20.2575,17.666666666666668,19,0,"Upstox v3 historical, 03:45 canonical; stored bar == fresh re-fetch",NO — series is retroactively adjusted; a CA leaves no jump (6 events verified),YES,NO — exceeds every NSE price band and is not reachable intraday,PARTIAL,NO,SERIES_CHANGE,"persistent splice 20.26->17.67 with volume moving inversely (1,388,067->15,000) — adjustment applied to one segment only"
NIITLTD.NS,2023-06-07,2023-06-08,405.4,96.75,96.75,88.1,92.15,1119580.0,385737.0,-0.761347,0.238653,1670,2477,385.0175,87.31190476190476,20,0,"Upstox v3 historical, 03:45 canonical; stored bar == fresh re-fetch",NO — series is retroactively adjusted; a CA leaves no jump (6 events verified),UNPROVEN,NO — exceeds every NSE price band and is not reachable intraday,PARTIAL,NO,UNPROVEN,persistent splice 385.02->87.31; no volume or liveness signature to attribute a cause
WEWIN.NS,2017-08-28,2017-08-29,52.65,12.65,12.65,12.65,12.65,1406981.0,9000.0,-0.759734,0.240266,241,2113,36.260000000000005,32.121428571428574,15,0,"Upstox v3 historical, 03:45 canonical; stored bar == fresh re-fetch",NO — series is retroactively adjusted; a CA leaves no jump (6 events verified),UNPROVEN,NO — exceeds every NSE price band and is not reachable intraday,PARTIAL,NO,UNPROVEN,no structural signature strong enough to attribute a cause
WEWIN.NS,2017-09-14,2017-09-15,52.85,12.9,13.0,12.85,12.85,1364623.0,18000.0,-0.755913,0.244087,254,2113,32.432500000000005,33.81666666666666,17,0,"Upstox v3 historical, 03:45 canonical; stored bar == fresh re-fetch",NO — series is retroactively adjusted; a CA leaves no jump (6 events verified),UNPROVEN,NO — exceeds every NSE price band and is not reachable intraday,PARTIAL,NO,UNPROVEN,no structural signature strong enough to attribute a cause
SHANKARA.NS,2025-09-23,2025-09-24,990.5,242.25,255.0,242.25,255.0,238010.0,46416.0,-0.755427,0.244573,2099,2335,984.6525000000001,163.83380952380955,19,0,"Upstox v3 historical, 03:45 canonical; stored bar == fresh re-fetch",NO — series is retroactively adjusted; a CA leaves no jump (6 events verified),UNPROVEN,NO — exceeds every NSE price band and is not reachable intraday,PARTIAL,NO,UNPROVEN,no structural signature strong enough to attribute a cause
WEWIN.NS,2017-09-06,2017-09-07,52.05,12.75,12.85,12.75,12.85,995366.0,45000.0,-0.755043,0.244957,248,2113,30.909999999999997,31.092857142857138,14,0,"Upstox v3 historical, 03:45 canonical; stored bar == fresh re-fetch",NO — series is retroactively adjusted; a CA leaves no jump (6 events verified),UNPROVEN,NO — exceeds every NSE price band and is not reachable intraday,PARTIAL,NO,UNPROVEN,no structural signature strong enough to attribute a cause
WEWIN.NS,2017-08-08,2017-08-09,54.25,13.35,16.0,12.75,16.0,1869769.0,1548000.0,-0.753917,0.246083,229,2113,56.967499999999994,27.87857142857143,17,0,"Upstox v3 historical, 03:45 canonical; stored bar == fresh re-fetch",NO — series is retroactively adjusted; a CA leaves no jump (6 events verified),UNPROVEN,NO — exceeds every NSE price band and is not reachable intraday,PARTIAL,NO,UNPROVEN,no structural signature strong enough to attribute a cause
WEWIN.NS,2017-09-11,2017-09-12,51.35,12.65,12.65,12.35,12.35,987072.0,18000.0,-0.753651,0.246349,251,2113,28.605,33.55714285714286,16,0,"Upstox v3 historical, 03:45 canonical; stored bar == fresh re-fetch",NO — series is retroactively adjusted; a CA leaves no jump (6 events verified),UNPROVEN,NO — exceeds every NSE price band and is not reachable intraday,PARTIAL,NO,UNPROVEN,no structural signature strong enough to attribute a cause
WEWIN.NS,2017-08-30,2017-08-31,52.15,12.85,12.85,12.85,12.85,848950.0,9000.0,-0.753595,0.246405,243,2113,33.855,30.245238095238093,14,0,"Upstox v3 historical, 03:45 canonical; stored bar == fresh re-fetch",NO — series is retroactively adjusted; a CA leaves no jump (6 events verified),UNPROVEN,NO — exceeds every NSE price band and is not reachable intraday,PARTIAL,NO,UNPROVEN,no structural signature strong enough to attribute a cause
KSOLVES.NS,2020-07-17,2020-07-20,52.75,13.1,13.1,13.1,13.1,7200.0,9600.0,-0.751659,0.248341,10,1466,52.494444444444454,17.845238095238095,6,0,"Upstox v3 historical, 03:45 canonical; stored bar == fresh re-fetch",NO — series is retroactively adjusted; a CA leaves no jump (6 events verified),NO,NO — exceeds every NSE price band and is not reachable intraday,PARTIAL,YES,LISTING/RELISTING,session 10 of 1466 — start-of-series boundary
COFFEEDAY.NS,2020-08-24,2021-04-26,26.35,46.1,48.7,46.1,48.5,203458.0,767027.0,0.749526,1.74953,866,2141,19.317500000000003,33.0,20,0,"Upstox v3 historical, 03:45 canonical; stored bar == fresh re-fetch",NO — series is retroactively adjusted; a CA leaves no jump (6 events verified),UNPROVEN,NO — exceeds every NSE price band and is not reachable intraday,PARTIAL,NO,UNPROVEN,persistent splice 19.32->33.00; no volume or liveness signature to attribute a cause
IRISDOREME.NS,2018-11-02,2018-11-16,9.12,2.42,2.42,2.42,2.42,16000.0,56000.0,-0.734649,0.265351,4,1495,8.966666666666667,3.5980952380952376,3,0,"Upstox v3 historical, 03:45 canonical; stored bar == fresh re-fetch",NO — series is retroactively adjusted; a CA leaves no jump (6 events verified),NO,NO — exceeds every NSE price band and is not reachable intraday,PARTIAL,YES,LISTING/RELISTING,session 4 of 1495 — start-of-series boundary
WEWIN.NS,2018-02-06,2018-02-07,26.65,46.2,48.0,45.95,47.5,18000.0,4392611.0,0.733583,1.73358,352,2113,40.834999999999994,40.33809523809524,19,0,"Upstox v3 historical, 03:45 canonical; stored bar == fresh re-fetch",NO — series is retroactively adjusted; a CA leaves no jump (6 events verified),YES,NO — exceeds every NSE price band and is not reachable intraday,PARTIAL,NO,SERIES_CHANGE,"persistent splice 40.83->40.34 with volume moving inversely (18,000->4,392,611) — adjustment applied to one segment only"
ROSSELLIND.NS,2024-09-19,2024-09-20,621.65,170.85,179.8,170.85,179.8,894801.0,152767.0,-0.725167,0.274833,1990,2477,574.785,118.87285714285714,20,0,"Upstox v3 historical, 03:45 canonical; stored bar == fresh re-fetch",NO — series is retroactively adjusted; a CA leaves no jump (6 events verified),UNPROVEN,NO — exceeds every NSE price band and is not reachable intraday,PARTIAL,NO,UNPROVEN,no structural signature strong enough to attribute a cause
WEWIN.NS,2018-03-07,2018-03-08,22.85,39.4,40.0,38.3,39.95,36000.0,4365016.0,0.724289,1.72429,371,2113,39.964999999999996,33.41666666666667,16,0,"Upstox v3 historical, 03:45 canonical; stored bar == fresh re-fetch",NO — series is retroactively adjusted; a CA leaves no jump (6 events verified),UNPROVEN,NO — exceeds every NSE price band and is not reachable intraday,PARTIAL,NO,UNPROVEN,no structural signature strong enough to attribute a cause
ANGELONE.NS,2018-11-28,2020-10-05,97.0,27.6,29.7,25.7,27.5,0.0,85462380.0,-0.715464,0.284536,40,1511,104.545,27.114285714285714,16,2,"Upstox v3 historical, 03:45 canonical; stored bar == fresh re-fetch",NO — series is retroactively adjusted; a CA leaves no jump (6 events verified),NO,NO — exceeds every NSE price band and is not reachable intraday,YES,NO,SYNTHETIC/BAD_BAR,zero-volume placeholder bar at the transition
CCAVENUE.NS,2018-09-27,2018-09-28,49.3,14.4,44.65,13.15,44.4,107721752.0,640187881.0,-0.707911,0.292089,510,2477,55.767500000000005,12.297619047619047,18,0,"Upstox v3 historical, 03:45 canonical; stored bar == fresh re-fetch",NO — series is retroactively adjusted; a CA leaves no jump (6 events verified),YES,NO — exceeds every NSE price band and is not reachable intraday,PARTIAL,NO,SERIES_CHANGE,"persistent splice 55.77->12.30 with volume moving inversely (107,721,752->640,187,881) — adjustment applied to one segment only"
WEWIN.NS,2018-04-06,2018-04-09,26.6,45.3,47.0,44.5,45.95,9000.0,18073768.0,0.703008,1.70301,391,2113,32.63500000000001,35.25,20,0,"Upstox v3 historical, 03:45 canonical; stored bar == fresh re-fetch",NO — series is retroactively adjusted; a CA leaves no jump (6 events verified),YES,NO — exceeds every NSE price band and is not reachable intraday,PARTIAL,NO,SERIES_CHANGE,"persistent splice 32.64->35.25 with volume moving inversely (9,000->18,073,768) — adjustment applied to one segment only"
WEWIN.NS,2020-02-14,2020-02-17,15.5,26.1,26.1,26.1,26.1,352571.0,3000.0,0.683871,1.68387,850,2113,17.93,19.692857142857143,17,0,"Upstox v3 historical, 03:45 canonical; stored bar == fresh re-fetch",NO — series is retroactively adjusted; a CA leaves no jump (6 events verified),YES,NO — exceeds every NSE price band and is not reachable intraday,PARTIAL,NO,SERIES_CHANGE,"persistent splice 17.93->19.69 with volume moving inversely (352,571->3,000) — adjustment applied to one segment only"
DCMSRIND.NS,2025-12-24,2025-12-26,172.16,54.52,54.52,51.0,51.0,309497.0,16821.0,-0.683318,0.316682,994,1167,167.45650000000003,48.95238095238094,19,0,"Upstox v3 historical, 03:45 canonical; stored bar == fresh re-fetch",NO — series is retroactively adjusted; a CA leaves no jump (6 events verified),YES,NO — exceeds every NSE price band and is not reachable intraday,PARTIAL,NO,SERIES_CHANGE,"persistent splice 167.46->48.95 with volume moving inversely (309,497->16,821) — adjustment applied to one segment only"
AGI.NS,2019-08-16,2019-08-19,194.3,61.75,65.1,61.75,65.0,212095.0,818997.0,-0.682192,0.317808,726,2477,182.85500000000002,49.083333333333336,19,0,"Upstox v3 historical, 03:45 canonical; stored bar == fresh re-fetch",NO — series is retroactively adjusted; a CA leaves no jump (6 events verified),UNPROVEN,NO — exceeds every NSE price band and is not reachable intraday,PARTIAL,NO,UNPROVEN,persistent splice 182.86->49.08; no volume or liveness signature to attribute a cause
GLOBE.NS,2021-02-01,2021-02-02,9.9,3.25,3.45,3.25,3.4,75597.0,41220.0,-0.671717,0.328283,81,1442,10.354999999999999,3.2428571428571424,12,0,"Upstox v3 historical, 03:45 canonical; stored bar == fresh re-fetch",NO — series is retroactively adjusted; a CA leaves no jump (6 events verified),UNPROVEN,NO — exceeds every NSE price band and is not reachable intraday,PARTIAL,NO,UNPROVEN,persistent splice 10.35->3.24; no volume or liveness signature to attribute a cause
WEWIN.NS,2018-03-26,2018-03-27,25.35,42.3,42.95,41.45,42.2,27000.0,6073631.0,0.668639,1.66864,384,2113,31.2,37.435714285714276,19,0,"Upstox v3 historical, 03:45 canonical; stored bar == fresh re-fetch",NO — series is retroactively adjusted; a CA leaves no jump (6 events verified),YES,NO — exceeds every NSE price band and is not reachable intraday,PARTIAL,NO,SERIES_CHANGE,"persistent splice 31.20->37.44 with volume moving inversely (27,000->6,073,631) — adjustment applied to one segment only"
ABFRL.NS,2025-05-21,2025-05-22,268.95,89.85,98.0,88.2,98.0,16517340.0,35644420.0,-0.665923,0.334077,2154,2477,268.66999999999996,80.72904761904763,20,0,"Upstox v3 historical, 03:45 canonical; stored bar == fresh re-fetch",NO — series is retroactively adjusted; a CA leaves no jump (6 events verified),UNPROVEN,NO — exceeds every NSE price band and is not reachable intraday,PARTIAL,NO,UNPROVEN,persistent splice 268.67->80.73; no volume or liveness signature to attribute a cause
JYOTISTRUC.NS,2018-11-30,2019-02-21,2.45,0.85,0.85,0.75,0.8,13364.0,55445.0,-0.653061,0.346939,551,2145,2.205,1.1928571428571428,12,0,"Upstox v3 historical, 03:45 canonical; stored bar == fresh re-fetch",NO — series is retroactively adjusted; a CA leaves no jump (6 events verified),UNPROVEN,NO — exceeds every NSE price band and is not reachable intraday,PARTIAL,NO,UNPROVEN,persistent splice 2.21->1.19; no volume or liveness signature to attribute a cause
ESSENTIA.NS,2022-01-31,2022-02-07,2.45,0.85,0.85,0.85,0.85,580.0,635.0,-0.653061,0.346939,645,1704,2.2325,0.8880952380952382,6,0,"Upstox v3 historical, 03:45 canonical; stored bar == fresh re-fetch",NO — series is retroactively adjusted; a CA leaves no jump (6 events verified),UNPROVEN,NO — exceeds every NSE price band and is not reachable intraday,PARTIAL,NO,UNPROVEN,persistent splice 2.23->0.89; no volume or liveness signature to attribute a cause
LANDSMILL.NS,2018-01-22,2018-01-23,110.0,38.45,38.45,37.7,37.8,47625.0,9319.0,-0.650455,0.349545,342,2475,101.86249999999998,17.723809523809525,20,0,"Upstox v3 historical, 03:45 canonical; stored bar == fresh re-fetch",NO — series is retroactively adjusted; a CA leaves no jump (6 events verified),NO,NO — exceeds every NSE price band and is not reachable intraday,YES,NO,DATA_ERROR,isolated bar: D+1 close 38.45 sits 117% off its neighbourhood mean 17.72
MCL.NS,2018-09-04,2018-09-05,112.5,39.35,39.35,35.65,39.0,4400.0,32400.0,-0.650222,0.349778,274,2139,93.86999999999999,36.45238095238095,16,0,"Upstox v3 historical, 03:45 canonical; stored bar == fresh re-fetch",NO — series is retroactively adjusted; a CA leaves no jump (6 events verified),YES,NO — exceeds every NSE price band and is not reachable intraday,PARTIAL,NO,SERIES_CHANGE,"persistent splice 93.87->36.45 with volume moving inversely (4,400->32,400) — adjustment applied to one segment only"
UEL.NS,2025-10-09,2025-10-13,371.35,129.9,129.9,117.65,117.65,5206.0,4006.0,-0.650195,0.349805,133,302,319.28499999999997,130.68428571428572,20,0,"Upstox v3 historical, 03:45 canonical; stored bar == fresh re-fetch",NO — series is retroactively adjusted; a CA leaves no jump (6 events verified),UNPROVEN,NO — exceeds every NSE price band and is not reachable intraday,PARTIAL,NO,UNPROVEN,persistent splice 319.28->130.68; no volume or liveness signature to attribute a cause
ALLCARGO.NS,2025-11-11,2025-11-12,33.87,11.88,11.95,10.6,10.6,6849254.0,4869820.0,-0.649247,0.350753,2273,2477,33.8765,13.282857142857143,19,0,"Upstox v3 historical, 03:45 canonical; stored bar == fresh re-fetch",NO — series is retroactively adjusted; a CA leaves no jump (6 events verified),UNPROVEN,NO — exceeds every NSE price band and is not reachable intraday,PARTIAL,NO,UNPROVEN,persistent splice 33.88->13.28; no volume or liveness signature to attribute a cause
VEDL.NS,2026-04-29,2026-04-30,773.6,271.55,292.0,268.7,289.5,54738724.0,73870853.0,-0.648979,0.351021,2387,2477,729.8974999999999,322.1452380952381,20,0,"Upstox v3 historical, 03:45 canonical; stored bar == fresh re-fetch",NO — series is retroactively adjusted; a CA leaves no jump (6 events verified),UNPROVEN,NO — exceeds every NSE price band and is not reachable intraday,PARTIAL,NO,UNPROVEN,persistent splice 729.90->322.15; no volume or liveness signature to attribute a cause
RAYMOND.NS,2025-05-13,2025-05-14,1564.3,551.2,551.2,523.1,525.0,766555.0,353755.0,-0.647638,0.352362,2148,2477,1529.1400000000003,623.0880952380952,20,0,"Upstox v3 historical, 03:45 canonical; stored bar == fresh re-fetch",NO — series is retroactively adjusted; a CA leaves no jump (6 events verified),UNPROVEN,NO — exceeds every NSE price band and is not reachable intraday,PARTIAL,NO,UNPROVEN,persistent splice 1529.14->623.09; no volume or liveness signature to attribute a cause
ADL.NS,2018-08-16,2018-11-13,4.65,1.7,1.7,1.7,1.7,1186007.0,52784.0,-0.634409,0.365591,400,1917,4.025,1.9571428571428569,16,0,"Upstox v3 historical, 03:45 canonical; stored bar == fresh re-fetch",NO — series is retroactively adjusted; a CA leaves no jump (6 events verified),YES,NO — exceeds every NSE price band and is not reachable intraday,PARTIAL,NO,SERIES_CHANGE,"persistent splice 4.03->1.96 with volume moving inversely (1,186,007->52,784) — adjustment applied to one segment only"
PTL.NS,2017-03-24,2017-03-27,75.9,28.2,29.7,28.2,29.7,436782.0,71760.0,-0.628458,0.371542,136,2477,72.8275,24.450000000000003,17,0,"Upstox v3 historical, 03:45 canonical; stored bar == fresh re-fetch",NO — series is retroactively adjusted; a CA leaves no jump (6 events verified),YES,NO — exceeds every NSE price band and is not reachable intraday,PARTIAL,NO,SERIES_CHANGE,"persistent splice 72.83->24.45 with volume moving inversely (436,782->71,760) — adjustment applied to one segment only"
HEG.NS,2026-09-04,2026-09-07,728.25,272.2,273.0,250.0,260.0,2565950.0,3615221.0,-0.626227,0.373773,2476,2477,707.2225,272.2,20,0,"Upstox v3 historical, 03:45 canonical; stored bar == fresh re-fetch",NO — series is retroactively adjusted; a CA leaves no jump (6 events verified),UNPROVEN,NO — exceeds every NSE price band and is not reachable intraday,PARTIAL,NO,UNPROVEN,persistent splice 707.22->272.20; no volume or liveness signature to attribute a cause
TVSHLTD.NS,2023-08-23,2023-08-24,3173.2,5097.1,5097.75,4612.25,4855.0,52437.0,53453.0,0.606296,1.6063,1723,2473,2866.8499999999995,5410.726190476191,20,0,"Upstox v3 historical, 03:45 canonical; stored bar == fresh re-fetch",NO — series is retroactively adjusted; a CA leaves no jump (6 events verified),UNPROVEN,NO — exceeds every NSE price band and is not reachable intraday,PARTIAL,NO,UNPROVEN,persistent splice 2866.85->5410.73; no volume or liveness signature to attribute a cause
ZOTA.NS,2017-05-09,2017-05-10,309.15,125.65,142.25,125.5,142.25,425870.0,3010000.0,-0.593563,0.406437,165,2420,321.7175,130.1904761904762,20,0,"Upstox v3 historical, 03:45 canonical; stored bar == fresh re-fetch",NO — series is retroactively adjusted; a CA leaves no jump (6 events verified),YES,NO — exceeds every NSE price band and is not reachable intraday,PARTIAL,NO,SERIES_CHANGE,"persistent splice 321.72->130.19 with volume moving inversely (425,870->3,010,000) — adjustment applied to one segment only"
LIQUID1.NS,2018-11-30,2019-06-25,28.25,44.8,49.2,44.65,49.2,5708.0,9715.0,0.585841,1.58584,41,931,29.307499999999997,39.94285714285714,18,1,"Upstox v3 historical, 03:45 canonical; stored bar == fresh re-fetch",NO — series is retroactively adjusted; a CA leaves no jump (6 events verified),UNPROVEN,NO — exceeds every NSE price band and is not reachable intraday,PARTIAL,NO,UNPROVEN,persistent splice 29.31->39.94; no volume or liveness signature to attribute a cause
WEWIN.NS,2020-02-12,2020-02-13,15.7,24.85,24.85,23.35,23.35,588995.0,9000.0,0.582803,1.5828,848,2113,17.655,20.238095238095237,17,0,"Upstox v3 historical, 03:45 canonical; stored bar == fresh re-fetch",NO — series is retroactively adjusted; a CA leaves no jump (6 events verified),YES,NO — exceeds every NSE price band and is not reachable intraday,PARTIAL,NO,SERIES_CHANGE,"persistent splice 17.66->20.24 with volume moving inversely (588,995->9,000) — adjustment applied to one segment only"
BANKA.NS,2020-09-07,2020-09-09,105.0,43.85,43.85,43.85,43.85,6000.0,3000.0,-0.582381,0.417619,181,1656,44.2375,34.26428571428571,18,0,"Upstox v3 historical, 03:45 canonical; stored bar == fresh re-fetch",NO — series is retroactively adjusted; a CA leaves no jump (6 events verified),NO,NO — exceeds every NSE price band and is not reachable intraday,YES,NO,DATA_ERROR,isolated bar: D close 105 sits 137% off its 21-bar neighbourhood mean 44.24
TOUCHWOOD.NS,2019-08-19,2019-08-26,110.05,46.05,46.2,46.0,46.2,3000.0,15000.0,-0.581554,0.418446,224,1929,114.19000000000001,49.654761904761905,20,0,"Upstox v3 historical, 03:45 canonical; stored bar == fresh re-fetch",NO — series is retroactively adjusted; a CA leaves no jump (6 events verified),YES,NO — exceeds every NSE price band and is not reachable intraday,PARTIAL,NO,SERIES_CHANGE,"persistent splice 114.19->49.65 with volume moving inversely (3,000->15,000) — adjustment applied to one segment only"
JAIPURKURT.NS,2019-04-23,2019-04-30,42.0,17.6,17.6,17.6,17.6,8000.0,5000.0,-0.580952,0.419048,306,1777,47.157500000000006,12.116666666666667,19,0,"Upstox v3 historical, 03:45 canonical; stored bar == fresh re-fetch",NO — series is retroactively adjusted; a CA leaves no jump (6 events verified),UNPROVEN,NO — exceeds every NSE price band and is not reachable intraday,PARTIAL,NO,UNPROVEN,no structural signature strong enough to attribute a cause
YESBANK.NS,2020-03-16,2020-03-17,37.1,58.65,64.9,40.8,40.8,166521851.0,223463025.0,0.580863,1.58086,869,2477,32.137499999999996,32.06904761904762,19,0,"Upstox v3 historical, 03:45 canonical; stored bar == fresh re-fetch",NO — series is retroactively adjusted; a CA leaves no jump (6 events verified),NO,NO — exceeds every NSE price band and is not reachable intraday,YES,NO,DATA_ERROR,isolated bar: D+1 close 58.65 sits 83% off its neighbourhood mean 32.07
BOROLTD.NS,2023-12-04,2023-12-05,238.35,375.75,382.2,345.8,364.0,1146946.0,242384.0,0.576463,1.57646,838,1523,218.61250000000004,344.60952380952386,20,0,"Upstox v3 historical, 03:45 canonical; stored bar == fresh re-fetch",NO — series is retroactively adjusted; a CA leaves no jump (6 events verified),UNPROVEN,NO — exceeds every NSE price band and is not reachable intraday,PARTIAL,NO,UNPROVEN,persistent splice 218.61->344.61; no volume or liveness signature to attribute a cause
WEWIN.NS,2019-08-21,2019-08-22,18.35,28.9,28.9,28.9,28.9,537684.0,6000.0,0.574932,1.57493,729,2113,21.677500000000002,20.978571428571428,18,0,"Upstox v3 historical, 03:45 canonical; stored bar == fresh re-fetch",NO — series is retroactively adjusted; a CA leaves no jump (6 events verified),YES,NO — exceeds every NSE price band and is not reachable intraday,PARTIAL,NO,SERIES_CHANGE,"persistent splice 21.68->20.98 with volume moving inversely (537,684->6,000) — adjustment applied to one segment only"
HOMEFIRST.NS,2018-07-27,2021-02-03,335.65,527.55,640.0,522.0,618.8,227284.0,24532661.0,0.571727,1.57173,90,1477,287.265,539.1833333333333,20,0,"Upstox v3 historical, 03:45 canonical; stored bar == fresh re-fetch",NO — series is retroactively adjusted; a CA leaves no jump (6 events verified),YES,NO — exceeds every NSE price band and is not reachable intraday,PARTIAL,NO,SERIES_CHANGE,"persistent splice 287.26->539.18 with volume moving inversely (227,284->24,532,661) — adjustment applied to one segment only"
PANSARI.NS,2017-06-14,2017-06-27,22.45,9.65,9.65,9.65,9.65,6000.0,0.0,-0.570156,0.429844,42,1416,19.927500000000002,18.040476190476195,12,1,"Upstox v3 historical, 03:45 canonical; stored bar == fresh re-fetch",NO — series is retroactively adjusted; a CA leaves no jump (6 events verified),NO,NO — exceeds every NSE price band and is not reachable intraday,YES,NO,SYNTHETIC/BAD_BAR,zero-volume placeholder bar at the transition
ARVIND.NS,2018-11-27,2018-11-28,248.85,108.6,119.85,90.25,109.45,16150648.0,100438649.0,-0.563593,0.436407,548,2477,257.7099999999999,100.65238095238097,20,0,"Upstox v3 historical, 03:45 canonical; stored bar == fresh re-fetch",NO — series is retroactively adjusted; a CA leaves no jump (6 events verified),YES,NO — exceeds every NSE price band and is not reachable intraday,PARTIAL,NO,SERIES_CHANGE,"persistent splice 257.71->100.65 with volume moving inversely (16,150,648->100,438,649) — adjustment applied to one segment only"
POCL.NS,2018-02-06,2018-10-25,3.2,1.4,1.5,1.4,1.5,72635.0,8405.0,-0.5625,0.4375,23,983,3.8150000000000004,1.323809523809524,10,0,"Upstox v3 historical, 03:45 canonical; stored bar == fresh re-fetch",NO — series is retroactively adjusted; a CA leaves no jump (6 events verified),YES,NO — exceeds every NSE price band and is not reachable intraday,PARTIAL,NO,SERIES_CHANGE,"persistent splice 3.82->1.32 with volume moving inversely (72,635->8,405) — adjustment applied to one segment only"
TATACHEM.NS,2020-03-03,2020-03-04,719.65,314.95,339.7,304.4,315.0,2416050.0,4791542.0,-0.562357,0.437643,861,2477,743.76,247.4595238095238,19,0,"Upstox v3 historical, 03:45 canonical; stored bar == fresh re-fetch",NO — series is retroactively adjusted; a CA leaves no jump (6 events verified),UNPROVEN,NO — exceeds every NSE price band and is not reachable intraday,PARTIAL,NO,UNPROVEN,persistent splice 743.76->247.46; no volume or liveness signature to attribute a cause
PANSARI.NS,2017-07-05,2017-07-27,22.0,9.65,9.65,9.65,9.65,6000.0,0.0,-0.561364,0.438636,44,1416,19.432499999999997,18.75,12,2,"Upstox v3 historical, 03:45 canonical; stored bar == fresh re-fetch",NO — series is retroactively adjusted; a CA leaves no jump (6 events verified),NO,NO — exceeds every NSE price band and is not reachable intraday,YES,NO,SYNTHETIC/BAD_BAR,zero-volume placeholder bar at the transition
YESBANK.NS,2020-03-05,2020-03-06,36.8,16.15,33.15,5.65,33.15,784703310.0,1264917719.0,-0.561141,0.438859,863,2477,35.67999999999999,32.12857142857143,19,0,"Upstox v3 historical, 03:45 canonical; stored bar == fresh re-fetch",NO — series is retroactively adjusted; a CA leaves no jump (6 events verified),UNPROVEN,NO — exceeds every NSE price band and is not reachable intraday,PARTIAL,NO,UNPROVEN,no structural signature strong enough to attribute a cause
WEWIN.NS,2017-12-13,2017-12-14,59.6,26.35,26.35,26.35,26.35,1499436.0,9000.0,-0.557886,0.442114,315,2113,30.8625,35.404761904761905,20,0,"Upstox v3 historical, 03:45 canonical; stored bar == fresh re-fetch",NO — series is retroactively adjusted; a CA leaves no jump (6 events verified),NO,NO — exceeds every NSE price band and is not reachable intraday,YES,NO,DATA_ERROR,isolated bar: D close 59.6 sits 93% off its 21-bar neighbourhood mean 30.86
PANSARI.NS,2017-09-20,2017-09-27,21.75,9.65,9.65,9.65,9.65,6000.0,0.0,-0.556322,0.443678,50,1416,18.7575,19.299999999999997,12,4,"Upstox v3 historical, 03:45 canonical; stored bar == fresh re-fetch",NO — series is retroactively adjusted; a CA leaves no jump (6 events verified),NO,NO — exceeds every NSE price band and is not reachable intraday,YES,NO,SYNTHETIC/BAD_BAR,zero-volume placeholder bar at the transition
MAHAPEXLTD.NS,2026-03-19,2026-03-20,126.9,56.45,63.5,56.0,60.6,80053.0,183679.0,-0.555162,0.444838,1870,1985,101.6055,50.68904761904762,19,0,"Upstox v3 historical, 03:45 canonical; stored bar == fresh re-fetch",NO — series is retroactively adjusted; a CA leaves no jump (6 events verified),UNPROVEN,NO — exceeds every NSE price band and is not reachable intraday,PARTIAL,NO,UNPROVEN,persistent splice 101.61->50.69; no volume or liveness signature to attribute a cause
ABREL.NS,2019-10-10,2019-10-11,882.2,393.85,421.3,380.1,390.0,2058265.0,2235482.0,-0.553559,0.446441,761,2477,908.7624999999998,407.4190476190476,20,0,"Upstox v3 historical, 03:45 canonical; stored bar == fresh re-fetch",NO — series is retroactively adjusted; a CA leaves no jump (6 events verified),UNPROVEN,NO — exceeds every NSE price band and is not reachable intraday,PARTIAL,NO,UNPROVEN,persistent splice 908.76->407.42; no volume or liveness signature to attribute a cause
SUMIT.NS,2019-07-12,2019-07-17,46.5,20.85,22.05,19.8,22.05,18000.0,36000.0,-0.551613,0.448387,114,1868,42.75,22.347619047619045,19,0,"Upstox v3 historical, 03:45 canonical; stored bar == fresh re-fetch",NO — series is retroactively adjusted; a CA leaves no jump (6 events verified),UNPROVEN,NO — exceeds every NSE price band and is not reachable intraday,PARTIAL,NO,UNPROVEN,persistent splice 42.75->22.35; no volume or liveness signature to attribute a cause
AARON.NS,2018-09-17,2018-09-18,20.65,9.3,9.8,9.3,9.8,36000.0,12000.0,-0.549637,0.450363,10,1870,19.711111111111112,9.378571428571428,9,0,"Upstox v3 historical, 03:45 canonical; stored bar == fresh re-fetch",NO — series is retroactively adjusted; a CA leaves no jump (6 events verified),NO,NO — exceeds every NSE price band and is not reachable intraday,PARTIAL,YES,LISTING/RELISTING,session 10 of 1870 — start-of-series boundary
ROTO.NS,2018-04-13,2022-04-21,83.3,37.55,38.65,36.25,38.65,12.0,733609.0,-0.54922,0.45078,59,1147,82.94000000000003,35.788095238095245,10,0,"Upstox v3 historical, 03:45 canonical; stored bar == fresh re-fetch",NO — series is retroactively adjusted; a CA leaves no jump (6 events verified),YES,NO — exceeds every NSE price band and is not reachable intraday,PARTIAL,NO,SERIES_CHANGE,"persistent splice 82.94->35.79 with volume moving inversely (12->733,609) — adjustment applied to one segment only"
SKFINDIA.NS,2025-10-14,2025-10-15,5008.4,2266.1,2300.0,2185.0,2300.0,81877.0,26700.0,-0.54754,0.45246,2255,2477,4797.539999999998,2142.9285714285716,20,0,"Upstox v3 historical, 03:45 canonical; stored bar == fresh re-fetch",NO — series is retroactively adjusted; a CA leaves no jump (6 events verified),UNPROVEN,NO — exceeds every NSE price band and is not reachable intraday,PARTIAL,NO,UNPROVEN,persistent splice 4797.54->2142.93; no volume or liveness signature to attribute a cause
DCI.NS,2022-01-07,2022-01-10,96.0,43.6,43.6,43.6,43.6,3000.0,6000.0,-0.545833,0.454167,133,1164,80.5125,40.033333333333324,16,0,"Upstox v3 historical, 03:45 canonical; stored bar == fresh re-fetch",NO — series is retroactively adjusted; a CA leaves no jump (6 events verified),UNPROVEN,NO — exceeds every NSE price band and is not reachable intraday,PARTIAL,NO,UNPROVEN,persistent splice 80.51->40.03; no volume or liveness signature to attribute a cause
WEWIN.NS,2017-12-15,2017-12-18,59.3,27.0,27.0,26.35,26.35,3384390.0,27000.0,-0.544688,0.455312,317,2113,31.337500000000006,34.4404761904762,20,0,"Upstox v3 historical, 03:45 canonical; stored bar == fresh re-fetch",NO — series is retroactively adjusted; a CA leaves no jump (6 events verified),NO,NO — exceeds every NSE price band and is not reachable intraday,YES,NO,DATA_ERROR,isolated bar: D close 59.3 sits 89% off its 21-bar neighbourhood mean 31.34
DNAMEDIA.NS,2019-01-07,2019-02-21,6.55,3.0,3.0,2.8,3.0,54613.0,48102.0,-0.541985,0.458015,264,2098,4.8325000000000005,2.1023809523809525,15,0,"Upstox v3 historical, 03:45 canonical; stored bar == fresh re-fetch",NO — series is retroactively adjusted; a CA leaves no jump (6 events verified),UNPROVEN,NO — exceeds every NSE price band and is not reachable intraday,PARTIAL,NO,UNPROVEN,no structural signature strong enough to attribute a cause
STAR.NS,2024-12-05,2024-12-06,1485.05,682.55,682.55,650.0,650.05,739827.0,147264.0,-0.540386,0.459614,2042,2477,1501.3049999999998,696.242857142857,20,0,"Upstox v3 historical, 03:45 canonical; stored bar == fresh re-fetch",NO — series is retroactively adjusted; a CA leaves no jump (6 events verified),YES,NO — exceeds every NSE price band and is not reachable intraday,PARTIAL,NO,SERIES_CHANGE,"persistent splice 1501.30->696.24 with volume moving inversely (739,827->147,264) — adjustment applied to one segment only"
WEWIN.NS,2020-03-12,2020-03-13,21.6,10.05,10.2,7.65,8.9,3000.0,1895731.0,-0.534722,0.465278,867,2113,20.214999999999996,17.361904761904764,20,0,"Upstox v3 historical, 03:45 canonical; stored bar == fresh re-fetch",NO — series is retroactively adjusted; a CA leaves no jump (6 events verified),UNPROVEN,NO — exceeds every NSE price band and is not reachable intraday,PARTIAL,NO,UNPROVEN,no structural signature strong enough to attribute a cause
WEWIN.NS,2020-01-06,2020-01-07,16.3,25.0,25.0,25.0,25.0,771174.0,3000.0,0.533742,1.53374,820,2113,17.2625,17.43809523809524,14,0,"Upstox v3 historical, 03:45 canonical; stored bar == fresh re-fetch",NO — series is retroactively adjusted; a CA leaves no jump (6 events verified),UNPROVEN,NO — exceeds every NSE price band and is not reachable intraday,PARTIAL,NO,UNPROVEN,no structural signature strong enough to attribute a cause
PANSARI.NS,2017-03-22,2017-03-27,20.5,9.65,9.65,9.65,9.65,24000.0,500.0,-0.529268,0.470732,32,1416,21.4875,17.819047619047616,9,1,"Upstox v3 historical, 03:45 canonical; stored bar == fresh re-fetch",NO — series is retroactively adjusted; a CA leaves no jump (6 events verified),UNPROVEN,NO — exceeds every NSE price band and is not reachable intraday,PARTIAL,NO,UNPROVEN,no structural signature strong enough to attribute a cause
UNITEDPOLY.NS,2018-10-25,2019-02-22,1.38,0.65,0.65,0.65,0.65,0.0,90000.0,-0.528986,0.471014,160,1508,1.2924999999999998,0.5314285714285715,15,1,"Upstox v3 historical, 03:45 canonical; stored bar == fresh re-fetch",NO — series is retroactively adjusted; a CA leaves no jump (6 events verified),NO,NO — exceeds every NSE price band and is not reachable intraday,YES,NO,SYNTHETIC/BAD_BAR,zero-volume placeholder bar at the transition
VCL.NS,2022-06-20,2022-06-21,15.55,7.35,7.85,7.35,7.6,616832.0,677246.0,-0.527331,0.472669,44,1026,22.8525,6.488095238095236,20,0,"Upstox v3 historical, 03:45 canonical; stored bar == fresh re-fetch",NO — series is retroactively adjusted; a CA leaves no jump (6 events verified),UNPROVEN,NO — exceeds every NSE price band and is not reachable intraday,PARTIAL,NO,UNPROVEN,persistent splice 22.85->6.49; no volume or liveness signature to attribute a cause
COHANCE.NS,2020-03-23,2020-03-24,219.0,103.55,108.2,87.6,87.6,13957.0,595554.0,-0.527169,0.472831,10,1613,281.2888888888889,128.73333333333335,10,0,"Upstox v3 historical, 03:45 canonical; stored bar == fresh re-fetch",NO — series is retroactively adjusted; a CA leaves no jump (6 events verified),NO,NO — exceeds every NSE price band and is not reachable intraday,PARTIAL,YES,LISTING/RELISTING,session 10 of 1613 — start-of-series boundary
SUKHJITS.NS,2024-10-24,2024-10-25,528.5,250.6,264.6,244.15,260.0,22923.0,35589.0,-0.525828,0.474172,489,952,568.2475,259.7123809523809,19,0,"Upstox v3 historical, 03:45 canonical; stored bar == fresh re-fetch",NO — series is retroactively adjusted; a CA leaves no jump (6 events verified),UNPROVEN,NO — exceeds every NSE price band and is not reachable intraday,PARTIAL,NO,UNPROVEN,persistent splice 568.25->259.71; no volume or liveness signature to attribute a cause
WEWIN.NS,2018-06-13,2018-06-14,24.15,36.8,37.2,36.3,37.2,9000.0,2895500.0,0.52381,1.52381,438,2113,31.009999999999998,31.842857142857135,20,0,"Upstox v3 historical, 03:45 canonical; stored bar == fresh re-fetch",NO — series is retroactively adjusted; a CA leaves no jump (6 events verified),YES,NO — exceeds every NSE price band and is not reachable intraday,PARTIAL,NO,SERIES_CHANGE,"persistent splice 31.01->31.84 with volume moving inversely (9,000->2,895,500) — adjustment applied to one segment only"
PANSARI.NS,2017-10-17,2017-10-27,20.25,9.65,9.65,9.65,9.65,6000.0,0.0,-0.523457,0.476543,52,1416,18.240000000000002,19.895238095238092,12,5,"Upstox v3 historical, 03:45 canonical; stored bar == fresh re-fetch",NO — series is retroactively adjusted; a CA leaves no jump (6 events verified),NO,NO — exceeds every NSE price band and is not reachable intraday,YES,NO,SYNTHETIC/BAD_BAR,zero-volume placeholder bar at the transition
IIFL.NS,2019-05-29,2019-05-30,405.5,193.8,203.95,193.8,203.95,485294.0,39115.0,-0.522072,0.477928,672,2477,412.82250000000005,155.43571428571425,20,0,"Upstox v3 historical, 03:45 canonical; stored bar == fresh re-fetch",NO — series is retroactively adjusted; a CA leaves no jump (6 events verified),YES,NO — exceeds every NSE price band and is not reachable intraday,PARTIAL,NO,SERIES_CHANGE,"persistent splice 412.82->155.44 with volume moving inversely (485,294->39,115) — adjustment applied to one segment only"
WEWIN.NS,2020-03-09,2020-03-11,22.75,10.9,11.45,10.75,11.05,3000.0,955870.0,-0.520879,0.479121,865,2113,20.130000000000003,17.1952380952381,19,0,"Upstox v3 historical, 03:45 canonical; stored bar == fresh re-fetch",NO — series is retroactively adjusted; a CA leaves no jump (6 events verified),YES,NO — exceeds every NSE price band and is not reachable intraday,PARTIAL,NO,SERIES_CHANGE,"persistent splice 20.13->17.20 with volume moving inversely (3,000->955,870) — adjustment applied to one segment only"
PANSARI.NS,2017-03-30,2017-04-27,20.05,9.65,9.65,9.65,9.65,6000.0,0.0,-0.518703,0.481297,35,1416,20.647499999999997,17.664285714285715,11,1,"Upstox v3 historical, 03:45 canonical; stored bar == fresh re-fetch",NO — series is retroactively adjusted; a CA leaves no jump (6 events verified),NO,NO — exceeds every NSE price band and is not reachable intraday,YES,NO,SYNTHETIC/BAD_BAR,zero-volume placeholder bar at the transition
WEWIN.NS,2020-03-17,2020-03-18,19.5,9.4,10.0,9.3,9.75,12000.0,955995.0,-0.517949,0.482051,870,2113,20.0075,17.28571428571429,20,0,"Upstox v3 historical, 03:45 canonical; stored bar == fresh re-fetch",NO — series is retroactively adjusted; a CA leaves no jump (6 events verified),UNPROVEN,NO — exceeds every NSE price band and is not reachable intraday,PARTIAL,NO,UNPROVEN,no structural signature strong enough to attribute a cause
NBIFIN.NS,2017-05-29,2017-05-30,3691.35,1790.33,1900.0,1758.5,1850.0,108.0,140.0,-0.514993,0.485007,106,2394,4182.05,1942.7923809523809,20,0,"Upstox v3 historical, 03:45 canonical; stored bar == fresh re-fetch",NO — series is retroactively adjusted; a CA leaves no jump (6 events verified),UNPROVEN,NO — exceeds every NSE price band and is not reachable intraday,PARTIAL,NO,UNPROVEN,persistent splice 4182.05->1942.79; no volume or liveness signature to attribute a cause
QUESS.NS,2025-04-11,2025-04-15,604.9,298.2,298.2,272.15,284.0,1248840.0,66898.0,-0.507026,0.492974,2129,2477,644.53,342.18809523809523,19,0,"Upstox v3 historical, 03:45 canonical; stored bar == fresh re-fetch",NO — series is retroactively adjusted; a CA leaves no jump (6 events verified),YES,NO — exceeds every NSE price band and is not reachable intraday,PARTIAL,NO,SERIES_CHANGE,"persistent splice 644.53->342.19 with volume moving inversely (1,248,840->66,898) — adjustment applied to one segment only"
SHRADHA.NS,2022-12-05,2022-12-06,26.64,13.14,13.68,12.66,13.68,4963.0,35425.0,-0.506757,0.493243,518,1450,26.596999999999998,12.899047619047622,19,0,"Upstox v3 historical, 03:45 canonical; stored bar == fresh re-fetch",NO — series is retroactively adjusted; a CA leaves no jump (6 events verified),YES,NO — exceeds every NSE price band and is not reachable intraday,PARTIAL,NO,SERIES_CHANGE,"persistent splice 26.60->12.90 with volume moving inversely (4,963->35,425) — adjustment applied to one segment only"
WEWIN.NS,2018-03-15,2018-03-16,42.95,21.2,23.45,21.2,23.45,13444214.0,198000.0,-0.506403,0.493597,377,2113,36.22500000000001,34.438095238095244,18,0,"Upstox v3 historical, 03:45 canonical; stored bar == fresh re-fetch",NO — series is retroactively adjusted; a CA leaves no jump (6 events verified),YES,NO — exceeds every NSE price band and is not reachable intraday,PARTIAL,NO,SERIES_CHANGE,"persistent splice 36.23->34.44 with volume moving inversely (13,444,214->198,000) — adjustment applied to one segment only"
WEWIN.NS,2019-08-27,2019-08-28,19.05,28.65,28.65,28.65,28.65,718016.0,3000.0,0.503937,1.50394,733,2113,22.4075,20.195238095238093,18,0,"Upstox v3 historical, 03:45 canonical; stored bar == fresh re-fetch",NO — series is retroactively adjusted; a CA leaves no jump (6 events verified),UNPROVEN,NO — exceeds every NSE price band and is not reachable intraday,PARTIAL,NO,UNPROVEN,no structural signature strong enough to attribute a cause
LIKHITHA.NS,2020-10-28,2020-10-29,160.0,79.55,88.0,73.55,82.95,107960.0,3222988.0,-0.502812,0.497188,10,1463,138.60000000000002,78.08571428571429,10,0,"Upstox v3 historical, 03:45 canonical; stored bar == fresh re-fetch",NO — series is retroactively adjusted; a CA leaves no jump (6 events verified),NO,NO — exceeds every NSE price band and is not reachable intraday,PARTIAL,YES,LISTING/RELISTING,session 10 of 1463 — start-of-series boundary
PAR.NS,2019-05-28,2019-05-30,50.0,24.9,25.1,24.55,24.95,4000.0,40000.0,-0.502,0.498,9,1619,49.84374999999999,23.98095238095238,8,0,"Upstox v3 historical, 03:45 canonical; stored bar == fresh re-fetch",NO — series is retroactively adjusted; a CA leaves no jump (6 events verified),NO,NO — exceeds every NSE price band and is not reachable intraday,PARTIAL,YES,LISTING/RELISTING,session 9 of 1619 — start-of-series boundary
