timestamp,symbol,instrument_key,instrument_class,status,rows_received,rows_valid,rows_saved,rows_existing,first_session,last_session,conventions,duplicates,weekend_violations,ohlc_violations,refetch_compared,refetch_identical,error_type,error_message,elapsed_seconds,attempt
2026-09-07T14:27:59,63MOONS.NS,NSE_EQ|INE111B01023,nse_equity,SUCCESS,2477,2477,2467,10,2016-09-06,2026-09-07,03:45,0,0,0,10,10,,,5.45,1
2026-09-07T14:27:59,5PAISA.NS,NSE_EQ|INE618L01018,nse_equity,SUCCESS,2182,2182,2172,10,2017-11-16,2026-09-07,03:45,0,0,0,10,10,,,5.46,1
2026-09-07T14:27:59,3MINDIA.NS,NSE_EQ|INE470A01017,nse_equity,SUCCESS,2477,2477,2467,10,2016-09-06,2026-09-07,03:45,0,0,0,10,10,,,5.46,1
2026-09-07T14:28:03,AARNAV.NS,NSE_EQ|INE750R01016,nse_equity,SUCCESS,131,131,121,10,2026-02-25,2026-09-07,03:45,0,0,0,10,10,,,9.74,1
2026-09-07T14:28:04,3BBLACKBIO.NS,NSE_EQ|INE994E01018,nse_equity,SUCCESS,98,98,88,10,2026-04-20,2026-09-07,03:45,0,0,0,10,10,,,10.77,1
2026-09-07T14:28:05,AADHARHFC.NS,NSE_EQ|INE883F01010,nse_equity,SUCCESS,576,576,566,10,2024-05-15,2026-09-07,03:45,0,0,0,10,10,,,11.24,1
2026-09-07T14:28:05,20MICRONS.NS,NSE_EQ|INE144J01027,nse_equity,SUCCESS,2477,2477,2467,10,2016-09-06,2026-09-07,03:45,0,0,0,10,10,,,11.53,1
2026-09-07T14:28:06,3PLAND.NS,NSE_EQ|INE105C01023,nse_equity,SUCCESS,2346,2346,2336,10,2016-09-06,2026-09-07,03:45,0,0,0,10,10,,,12.52,1
2026-09-07T14:28:06,AARON.NS,NSE_EQ|INE721Z01010,nse_equity,SUCCESS,1870,1870,1860,10,2018-09-03,2026-09-07,03:45,0,0,0,10,10,,,12.52,1
2026-09-07T14:28:06,360ONE.NS,NSE_EQ|INE466L01038,nse_equity,SUCCESS,1729,1729,1719,10,2019-09-19,2026-09-07,03:45,0,0,0,10,10,,,12.52,1
2026-09-07T14:28:06,21STCENMGM.NS,NSE_EQ|INE253B01015,nse_equity,SUCCESS,2118,2118,2108,10,2018-01-11,2026-09-07,03:45,0,0,0,10,10,,,12.52,1
2026-09-07T14:28:06,AAKASH.NS,NSE_EQ|INE087Z01024,nse_equity,SUCCESS,1474,1474,1464,10,2020-09-29,2026-09-07,03:45,0,0,0,10,10,,,12.52,1
2026-09-07T14:28:08,AAREYDRUGS.NS,NSE_EQ|INE198H01019,nse_equity,SUCCESS,1262,1262,1252,10,2021-08-06,2026-09-07,03:45,0,0,0,10,10,,,13.96,1
2026-09-07T14:28:08,AASTHA.NS,NSE_EQ|INE2FMX01012,nse_equity,SUCCESS,46,46,36,10,2026-07-06,2026-09-07,03:45,0,0,0,10,10,,,14.35,1
2026-09-07T14:28:08,AAATECH.NS,NSE_EQ|INE0D0U01013,nse_equity,SUCCESS,1322,1322,1312,10,2020-10-13,2026-09-07,03:45,0,0,0,10,10,,,14.50,1
2026-09-07T14:28:08,AARTIPHARM.NS,NSE_EQ|INE0LRU01027,nse_equity,SUCCESS,912,912,902,10,2017-06-22,2026-09-07,03:45,0,0,0,10,10,,,14.50,1
2026-09-07T14:28:11,A2ZINFRA.NS,NSE_EQ|INE619I01012,nse_equity,SUCCESS,2477,2477,2467,10,2016-09-06,2026-09-07,03:45,0,0,0,10,10,,,17.16,1
2026-09-07T14:28:11,AARTIIND.NS,NSE_EQ|INE769A01020,nse_equity,SUCCESS,2477,2477,2467,10,2016-09-06,2026-09-07,03:45,0,0,0,10,10,,,17.29,1
2026-09-07T14:28:11,AARTIDRUGS.NS,NSE_EQ|INE767A01016,nse_equity,SUCCESS,2477,2477,2467,10,2016-09-06,2026-09-07,03:45,0,0,0,10,10,,,17.29,1
2026-09-07T14:28:11,AARVI.NS,NSE_EQ|INE754X01016,nse_equity,SUCCESS,1898,1898,1888,10,2017-10-05,2026-09-07,03:45,0,0,0,10,10,,,17.29,1
2026-09-07T14:28:11,ABANSENT.NS,NSE_EQ|INE365O01028,nse_equity,SUCCESS,98,98,88,10,2026-04-20,2026-09-07,03:45,0,0,0,10,10,,,11.85,1
2026-09-07T14:28:11,ABB.NS,NSE_EQ|INE117A01022,nse_equity,SUCCESS,2477,2477,2467,10,2016-09-06,2026-09-07,03:45,0,0,0,10,10,,,12.10,1
2026-09-07T14:28:12,AAVAS.NS,NSE_EQ|INE216P01012,nse_equity,SUCCESS,1962,1962,1952,10,2018-10-08,2026-09-07,03:45,0,0,0,10,9,,,12.72,1
2026-09-07T14:28:14,ABCAPITAL.NS,NSE_EQ|INE674K01013,nse_equity,SUCCESS,2233,2233,2223,10,2017-09-01,2026-09-07,03:45,0,0,0,10,10,,,9.24,1
2026-09-07T14:28:14,ABBOTINDIA.NS,NSE_EQ|INE358A01014,nse_equity,SUCCESS,2477,2477,2467,10,2016-09-06,2026-09-07,03:45,0,0,0,10,10,,,10.21,1
2026-09-07T14:28:14,ABCOTS.NS,NSE_EQ|INE08PH01015,nse_equity,SUCCESS,899,899,889,10,2022-01-11,2026-09-07,03:45,0,0,0,10,10,,,9.50,1
2026-09-07T14:28:15,ABDL.NS,NSE_EQ|INE552Z01027,nse_equity,SUCCESS,543,543,533,10,2024-07-02,2026-09-07,03:45,0,0,0,10,10,,,10.10,1
2026-09-07T14:28:16,ABMKNO.NS,NSE_EQ|INE850B01026,nse_equity,SUCCESS,98,98,88,10,2026-04-20,2026-09-07,03:45,0,0,0,10,10,,,9.16,1
2026-09-07T14:28:16,ABSL10BANK.NS,NSE_EQ|INF209KC1670,nse_equity,SUCCESS,127,127,117,10,2026-03-04,2026-09-07,03:45,0,0,0,10,10,,,8.21,1
2026-09-07T14:28:16,ABLBL.NS,NSE_EQ|INE14LE01019,nse_equity,SUCCESS,301,301,291,10,2025-06-23,2026-09-07,03:45,0,0,0,10,10,,,9.40,1
2026-09-07T14:28:16,ABFRL.NS,NSE_EQ|INE647O01011,nse_equity,SUCCESS,2477,2477,2467,10,2016-09-06,2026-09-07,03:45,0,0,0,10,10,,,9.40,1
2026-09-07T14:28:16,ABINFRA.NS,NSE_EQ|INE00YB01025,nse_equity,SUCCESS,1060,1060,1050,10,2019-07-12,2026-09-07,03:45,0,0,0,10,9,,,9.41,1
2026-09-07T14:28:17,ABGSEC.NS,NSE_EQ|INF209KC1134,nse_equity,SUCCESS,507,507,497,10,2024-07-10,2026-09-07,03:45,0,0,0,10,10,,,9.63,1
2026-09-07T14:28:17,ABREL.NS,NSE_EQ|INE055A01016,nse_equity,SUCCESS,2477,2477,2467,10,2016-09-06,2026-09-07,03:45,0,0,0,10,10,,,8.97,1
2026-09-07T14:28:17,ABSLMSCIN.NS,NSE_EQ|INF209KC1662,nse_equity,SUCCESS,133,133,123,10,2026-02-20,2026-09-07,03:45,0,0,0,10,10,,,8.79,1
2026-09-07T14:28:17,ABSLAMC.NS,NSE_EQ|INE404A01024,nse_equity,SUCCESS,1218,1218,1208,10,2021-10-11,2026-09-07,03:45,0,0,0,10,10,,,8.82,1
2026-09-07T14:28:22,ABSLPSE.NS,NSE_EQ|INF209KB19Z4,nse_equity,SUCCESS,570,570,560,10,2024-05-23,2026-09-07,03:45,0,0,0,10,10,,,10.74,1
2026-09-07T14:28:22,ABSLNN50ET.NS,NSE_EQ|INF209KB16D7,nse_equity,SUCCESS,1848,1848,1838,10,2018-12-27,2026-09-07,03:45,0,0,0,10,10,,,10.78,1
2026-09-07T14:28:22,ACE.NS,NSE_EQ|INE731H01025,nse_equity,SUCCESS,2477,2477,2467,10,2016-09-06,2026-09-07,03:45,0,0,0,10,10,,,10.87,1
2026-09-07T14:28:22,ACC.NS,NSE_EQ|INE012A01025,nse_equity,SUCCESS,2477,2477,2467,10,2016-09-06,2026-09-07,03:45,0,0,0,10,9,,,10.92,1
2026-09-07T14:28:22,ACGL.NS,NSE_EQ|INE451C01013,nse_equity,SUCCESS,16,16,6,10,2026-08-17,2026-09-07,03:45,0,0,0,10,10,,,10.29,1
2026-09-07T14:28:22,ACEINTEG.NS,NSE_EQ|INE543V01017,nse_equity,SUCCESS,1237,1237,1227,10,2016-09-06,2026-09-07,03:45,0,0,0,10,10,,,11.11,1
2026-09-07T14:28:22,ACCELYA.NS,NSE_EQ|INE793A01012,nse_equity,SUCCESS,2477,2477,2467,10,2016-09-06,2026-09-07,03:45,0,0,0,10,10,,,11.57,1
2026-09-07T14:28:24,ACI.NS,NSE_EQ|INE128X01021,nse_equity,SUCCESS,943,943,933,10,2022-11-21,2026-09-07,03:45,0,0,0,10,10,,,10.78,1
2026-09-07T14:28:25,ACMESOLAR.NS,NSE_EQ|INE622W01025,nse_equity,SUCCESS,450,450,440,10,2024-11-13,2026-09-07,03:45,0,0,0,10,10,,,10.77,1
2026-09-07T14:28:25,ACL.NS,NSE_EQ|INE666E01020,nse_equity,SUCCESS,828,828,818,10,2023-05-10,2026-09-07,03:45,0,0,0,10,10,,,11.53,1
2026-09-07T14:28:27,ACSTECH.NS,NSE_EQ|INE366C01021,nse_equity,SUCCESS,98,98,88,10,2026-04-20,2026-09-07,03:45,0,0,0,10,10,,,12.03,1
2026-09-07T14:28:29,ADANIENSOL.NS,NSE_EQ|INE931S01010,nse_equity,SUCCESS,2477,2477,2466,11,2016-09-06,2026-09-07,03:45,0,0,0,11,11,,,13.06,1
2026-09-07T14:28:29,ACUTAAS.NS,NSE_EQ|INE00FF01025,nse_equity,SUCCESS,1237,1237,1227,10,2021-09-14,2026-09-07,03:45,0,0,0,10,10,,,13.07,1
2026-09-07T14:28:30,ADDIND.NS,NSE_EQ|INE757C01021,nse_equity,SUCCESS,15,15,5,10,2026-08-18,2026-09-07,03:45,0,0,0,10,10,,,12.99,1
2026-09-07T14:28:32,ADANIPORTS.NS,NSE_EQ|INE742F01042,nse_equity,SUCCESS,2477,2477,2466,11,2016-09-06,2026-09-07,03:45,0,0,0,11,11,,,15.48,1
2026-09-07T14:28:32,ADANIPOWER.NS,NSE_EQ|INE814H01029,nse_equity,SUCCESS,2477,2477,2466,11,2016-09-06,2026-09-07,03:45,0,0,0,11,11,,,15.47,1
2026-09-07T14:28:32,ADANIGREEN.NS,NSE_EQ|INE364U01010,nse_equity,SUCCESS,2037,2037,2027,10,2018-06-18,2026-09-07,03:45,0,0,0,10,10,,,15.70,1
2026-09-07T14:28:33,ADVAIT.NS,NSE_EQ|INE0ALI01010,nse_equity,SUCCESS,157,157,147,10,2026-01-20,2026-09-07,03:45,0,0,0,10,10,,,11.43,1
2026-09-07T14:28:34,ADL.NS,NSE_EQ|INE0CHO01012,nse_equity,SUCCESS,1917,1917,1907,10,2016-09-06,2026-09-07,03:45,0,0,0,10,10,,,16.47,1
2026-09-07T14:28:34,ADFFOODS.NS,NSE_EQ|INE982B01027,nse_equity,SUCCESS,2477,2477,2467,10,2016-09-06,2026-09-07,03:45,0,0,0,10,10,,,16.65,1
2026-09-07T14:28:34,ADANIENT.NS,NSE_EQ|INE423A01024,nse_equity,SUCCESS,2477,2477,2466,11,2016-09-06,2026-09-07,03:45,0,0,0,11,11,,,17.13,1
2026-09-07T14:28:34,ADOR.NS,NSE_EQ|INE045A01017,nse_equity,SUCCESS,2477,2477,2467,10,2016-09-06,2026-09-07,03:45,0,0,0,10,9,,,12.03,1
2026-09-07T14:28:34,ADVANCE.NS,NSE_EQ|INE1B0W01010,nse_equity,SUCCESS,227,227,217,10,2025-10-08,2026-09-07,03:45,0,0,0,10,10,,,11.50,1
2026-09-07T14:28:34,ADSL.NS,NSE_EQ|INE102I01027,nse_equity,SUCCESS,2477,2477,2467,10,2016-09-06,2026-09-07,03:45,0,0,0,10,10,,,11.86,1
2026-09-07T14:28:34,ADROITINFO.NS,NSE_EQ|INE737B01033,nse_equity,SUCCESS,2443,2443,2433,10,2016-09-06,2026-09-07,03:45,0,0,0,10,10,,,12.03,1
2026-09-07T14:28:35,ADVENTHTL.NS,NSE_EQ|INE28GN01010,nse_equity,SUCCESS,203,203,193,10,2025-11-13,2026-09-07,03:45,0,0,0,10,10,,,12.79,1
2026-09-07T14:28:36,ADVENZYMES.NS,NSE_EQ|INE837H01020,nse_equity,SUCCESS,2477,2477,2467,10,2016-09-06,2026-09-07,03:45,0,0,0,10,10,,,11.10,1
2026-09-07T14:28:36,ADVANIHOTR.NS,NSE_EQ|INE199C01026,nse_equity,SUCCESS,2477,2477,2467,10,2016-09-06,2026-09-07,03:45,0,0,0,10,10,,,13.15,1
2026-09-07T14:28:36,ADVIKCA.NS,NSE_EQ|INE178T01024,nse_equity,SUCCESS,16,16,6,10,2026-08-17,2026-09-07,03:45,0,0,0,10,10,,,10.65,1
2026-09-07T14:28:36,AEGISLOG.NS,NSE_EQ|INE208C01025,nse_equity,SUCCESS,2477,2477,2467,10,2016-09-06,2026-09-07,03:45,0,0,0,10,10,,,10.66,1
2026-09-07T14:28:36,AEPL.NS,NSE_EQ|INE757T01025,nse_equity,SUCCESS,121,121,111,10,2026-03-12,2026-09-07,03:45,0,0,0,10,10,,,6.71,1
2026-09-07T14:28:36,AEGISVOPAK.NS,NSE_EQ|INE0INX01018,nse_equity,SUCCESS,316,316,306,10,2025-06-02,2026-09-07,03:45,0,0,0,10,10,,,8.77,1
2026-09-07T14:28:36,AEQUS.NS,NSE_EQ|INE947N01017,nse_equity,SUCCESS,184,184,174,10,2025-12-10,2026-09-07,03:45,0,0,0,10,10,,,6.79,1
2026-09-07T14:28:37,AEROENTER.NS,NSE_EQ|INE065D01027,nse_equity,SUCCESS,943,943,933,10,2022-11-21,2026-09-07,03:45,0,0,0,10,10,,,6.88,1
2026-09-07T14:28:37,AEROPLANE.NS,NSE_EQ|INE05TO01019,nse_equity,SUCCESS,108,108,98,10,2026-04-02,2026-09-07,03:45,0,0,0,10,10,,,5.02,1
2026-09-07T14:28:37,AEROFLEX.NS,NSE_EQ|INE024001021,nse_equity,SUCCESS,749,749,739,10,2023-08-31,2026-09-07,03:45,0,0,0,10,10,,,5.14,1
2026-09-07T14:28:37,AERONEU.NS,NSE_EQ|INE035801013,nse_equity,SUCCESS,905,905,895,10,2023-01-12,2026-09-07,03:45,0,0,0,10,10,,,5.14,1
2026-09-07T14:28:38,AFCONS.NS,NSE_EQ|INE101I01011,nse_equity,SUCCESS,457,457,447,10,2024-11-04,2026-09-07,03:45,0,0,0,10,10,,,4.28,1
2026-09-07T14:28:38,AETHER.NS,NSE_EQ|INE0BWX01014,nse_equity,SUCCESS,1058,1058,1048,10,2022-06-03,2026-09-07,03:45,0,0,0,10,10,,,4.56,1
2026-09-07T14:28:40,AFFORDABLE.NS,NSE_EQ|INE692Z01013,nse_equity,SUCCESS,465,465,455,10,2024-10-23,2026-09-07,03:45,0,0,0,10,10,,,6.19,1
2026-09-07T14:28:40,AFSL.NS,NSE_EQ|INE00ZE01026,nse_equity,SUCCESS,919,919,909,10,2022-12-23,2026-09-07,03:45,0,0,0,10,10,,,5.66,1
2026-09-07T14:28:40,AFFLE.NS,NSE_EQ|INE00WC01027,nse_equity,SUCCESS,1756,1756,1746,10,2019-08-08,2026-09-07,03:45,0,0,0,10,10,,,6.20,1
2026-09-07T14:28:40,AFIL.NS,NSE_EQ|INE916Y01027,nse_equity,SUCCESS,547,547,537,10,2024-06-26,2026-09-07,03:45,0,0,0,10,10,,,5.68,1
2026-09-07T14:28:40,AGARIND.NS,NSE_EQ|INE204E01012,nse_equity,SUCCESS,2475,2475,2465,10,2016-09-06,2026-09-07,03:45,0,0,0,10,10,,,6.11,1
2026-09-07T14:28:40,AGL.NS,NSE_EQ|INE1YPB01014,nse_equity,SUCCESS,47,47,37,10,2026-07-03,2026-09-07,03:45,0,0,0,10,10,,,4.80,1
2026-09-07T14:28:41,AGARWALEYE.NS,NSE_EQ|INE943P01029,nse_equity,SUCCESS,393,393,383,10,2025-02-04,2026-09-07,03:45,0,0,0,10,10,,,7.20,1
2026-09-07T14:28:44,AHCL.NS,NSE_EQ|INE0Y8W01025,nse_equity,SUCCESS,251,251,241,10,2025-09-03,2026-09-07,03:45,0,0,0,10,10,,,7.58,1
2026-09-07T14:28:45,AHLADA.NS,NSE_EQ|INE00PV01013,nse_equity,SUCCESS,1712,1712,1702,10,2018-09-17,2026-09-07,03:45,0,0,0,10,10,,,8.48,1
2026-09-07T14:28:45,AGROPHOS.NS,NSE_EQ|INE740V01019,nse_equity,SUCCESS,2333,2333,2323,10,2016-11-16,2026-09-07,03:45,0,0,0,10,10,,,8.59,1
2026-09-07T14:28:45,AGRITECH.NS,NSE_EQ|INE449G01018,nse_equity,SUCCESS,2451,2451,2441,10,2016-09-06,2026-09-07,03:45,0,0,0,10,10,,,8.67,1
2026-09-07T14:28:45,AIAENG.NS,NSE_EQ|INE212H01026,nse_equity,SUCCESS,2477,2477,2467,10,2016-09-06,2026-09-07,03:45,0,0,0,10,10,,,7.64,1
2026-09-07T14:28:45,AGI.NS,NSE_EQ|INE415A01038,nse_equity,SUCCESS,2477,2477,2467,10,2016-09-06,2026-09-07,03:45,0,0,0,10,10,,,9.50,1
2026-09-07T14:28:49,AHLUCONT.NS,NSE_EQ|INE758C01029,nse_equity,SUCCESS,2477,2477,2467,10,2016-09-06,2026-09-07,03:45,0,0,0,10,10,,,11.88,1
2026-09-07T14:28:49,AHLEAST.NS,NSE_EQ|INE926K01017,nse_equity,SUCCESS,2474,2474,2464,10,2016-09-06,2026-09-07,03:45,0,0,0,10,10,,,12.29,1
2026-09-07T14:28:49,AKI.NS,NSE_EQ|INE642Z01026,nse_equity,ERROR,850,0,0,0,,,03:45,0,1,0,10,10,ValidationError,session date 2025-04-26 is a weekend,7.57,1
2026-09-07T14:28:50,AGIIL.NS,NSE_EQ|INE976R01033,nse_equity,SUCCESS,534,534,524,10,2024-07-15,2026-09-07,03:45,0,0,0,10,10,,,14.02,1
2026-09-07T14:28:51,AJANTPHARM.NS,NSE_EQ|INE031B01049,nse_equity,SUCCESS,2477,2477,2467,10,2016-09-06,2026-09-07,03:45,0,0,0,10,9,,,12.86,1
2026-09-07T14:28:51,AIIL.NS,NSE_EQ|INE206F01022,nse_equity,SUCCESS,591,591,581,10,2024-04-23,2026-09-07,03:45,0,0,0,10,10,,,13.44,1
2026-09-07T14:28:51,AIRAN.NS,NSE_EQ|INE645W01026,nse_equity,SUCCESS,2259,2259,2249,10,2017-03-24,2026-09-07,03:45,0,0,0,10,10,,,13.81,1
2026-09-07T14:28:52,AJAXENGG.NS,NSE_EQ|INE274Y01021,nse_equity,SUCCESS,384,384,374,10,2025-02-17,2026-09-07,03:45,0,0,0,10,10,,,12.41,1
2026-09-07T14:28:52,AKCAPIT.NS,NSE_EQ|INE701G01012,nse_equity,SUCCESS,98,98,88,10,2026-04-20,2026-09-07,03:45,0,0,0,10,10,,,11.96,1
2026-09-07T14:28:53,AJOONI.NS,NSE_EQ|INE820Y01021,nse_equity,SUCCESS,1334,1334,1324,10,2016-12-12,2026-09-07,03:45,0,0,0,10,10,,,13.33,1
2026-09-07T14:28:53,AKASH.NS,NSE_EQ|INE737W01013,nse_equity,SUCCESS,1990,1990,1980,10,2017-03-15,2026-09-07,03:45,0,0,0,10,10,,,13.46,1
2026-09-07T14:28:53,AKG.NS,NSE_EQ|INE00Y801016,nse_equity,SUCCESS,1642,1642,1632,10,2018-09-25,2026-09-07,03:45,0,0,0,10,10,,,12.90,1
2026-09-07T14:28:53,AIROLAM.NS,NSE_EQ|INE801L01010,nse_equity,SUCCESS,1729,1729,1719,10,2017-10-06,2026-09-07,03:45,0,0,0,10,10,,,15.42,1
2026-09-07T14:28:53,AJMERA.NS,NSE_EQ|INE298G01035,nse_equity,SUCCESS,2477,2477,2467,10,2016-09-06,2026-09-07,03:45,0,0,0,10,10,,,13.54,1
2026-09-07T14:28:56,AKSHAR.NS,NSE_EQ|INE256Z01025,nse_equity,SUCCESS,1067,1067,1057,10,2022-05-23,2026-09-07,03:45,0,0,0,10,10,,,12.47,1
2026-09-07T14:28:57,ALFREDHE.NS,NSE_EQ|INE782D01027,nse_equity,SUCCESS,16,16,6,10,2026-08-17,2026-09-07,03:45,0,0,0,10,10,,,12.07,1
2026-09-07T14:28:58,AKUMS.NS,NSE_EQ|INE09XN01023,nse_equity,SUCCESS,519,519,509,10,2024-08-06,2026-09-07,03:45,0,0,0,10,10,,,12.96,1
2026-09-07T14:28:58,ALEMBICLTD.NS,NSE_EQ|INE426A01027,nse_equity,SUCCESS,2477,2477,2467,10,2016-09-06,2026-09-07,03:45,0,0,0,10,10,,,12.93,1
2026-09-07T14:28:58,ALBERTDAVD.NS,NSE_EQ|INE155C01010,nse_equity,SUCCESS,2477,2477,2467,10,2016-09-06,2026-09-07,03:45,0,0,0,10,10,,,13.38,1
2026-09-07T14:28:59,ALANKIT.NS,NSE_EQ|INE914E01040,nse_equity,SUCCESS,2477,2477,2467,10,2016-09-06,2026-09-07,03:45,0,0,0,10,10,,,14.10,1
2026-09-07T14:28:59,ALGOQUANT.NS,NSE_EQ|INE598D01035,nse_equity,SUCCESS,166,166,156,10,2026-01-06,2026-09-07,03:45,0,0,0,10,10,,,10.45,1
2026-09-07T14:29:00,ALICON.NS,NSE_EQ|INE062D01024,nse_equity,SUCCESS,2477,2477,2467,10,2016-09-06,2026-09-07,03:45,0,0,0,10,10,,,11.51,1
2026-09-07T14:29:02,ALIVUS.NS,NSE_EQ|INE03Q201024,nse_equity,SUCCESS,1270,1270,1260,10,2018-04-06,2026-09-07,03:45,0,0,0,10,10,,,13.07,1
2026-09-07T14:29:02,ALLCARGO.NS,NSE_EQ|INE418H01029,nse_equity,SUCCESS,2477,2477,2467,10,2016-09-06,2026-09-07,03:45,0,0,0,10,10,,,10.46,1
2026-09-07T14:29:02,ALKALI.NS,NSE_EQ|INE773I01017,nse_equity,SUCCESS,2477,2477,2477,0,2016-09-06,2026-09-07,03:45,0,0,0,0,0,,,12.48,1
2026-09-07T14:29:04,ALKEM.NS,NSE_EQ|INE540L01014,nse_equity,SUCCESS,2477,2477,2467,10,2016-09-06,2026-09-07,03:45,0,0,0,10,10,,,12.62,1
2026-09-07T14:29:04,ALKYLAMINE.NS,NSE_EQ|INE150B01039,nse_equity,SUCCESS,2477,2477,2467,10,2016-09-06,2026-09-07,03:45,0,0,0,10,9,,,12.62,1
2026-09-07T14:29:05,ALLTIME.NS,NSE_EQ|INE0GV601021,nse_equity,SUCCESS,263,263,253,10,2025-08-14,2026-09-07,03:45,0,0,0,10,10,,,12.19,1
2026-09-07T14:29:05,ALLDIGI.NS,NSE_EQ|INE835G01018,nse_equity,SUCCESS,2477,2477,2467,10,2016-09-06,2026-09-07,03:45,0,0,0,10,10,,,13.15,1
2026-09-07T14:29:06,ALOKINDS.NS,NSE_EQ|INE270A01029,nse_equity,SUCCESS,1625,1625,1615,10,2020-02-19,2026-09-07,03:45,0,0,0,10,10,,,12.58,1
2026-09-07T14:29:06,ALPINETEX.NS,NSE_EQ|INE1JCQ01037,nse_equity,SUCCESS,35,35,25,10,2026-07-21,2026-09-07,03:45,0,0,0,10,10,,,12.60,1
2026-09-07T14:29:06,ALMONDZ.NS,NSE_EQ|INE326B01035,nse_equity,SUCCESS,2459,2459,2449,10,2016-09-06,2026-09-07,03:45,0,0,0,10,10,,,12.85,1
2026-09-07T14:29:06,ALPA.NS,NSE_EQ|INE385I01010,nse_equity,SUCCESS,2477,2477,2467,10,2016-09-06,2026-09-07,03:45,0,0,0,10,10,,,12.96,1
2026-09-07T14:29:06,ALUFLUOR.NS,NSE_EQ|INE058F01019,nse_equity,SUCCESS,16,16,6,10,2026-08-17,2026-09-07,03:45,0,0,0,10,10,,,12.91,1
2026-09-07T14:29:07,AMAGI.NS,NSE_EQ|INE121R01077,nse_equity,SUCCESS,156,156,146,10,2026-01-21,2026-09-07,03:45,0,0,0,10,10,,,10.95,1
2026-09-07T14:29:08,AMAL.NS,NSE_EQ|INE841D01013,nse_equity,SUCCESS,16,16,6,10,2026-08-17,2026-09-07,03:45,0,0,0,10,10,,,10.47,1
2026-09-07T14:29:08,AMARJOTHI.NS,NSE_EQ|INE484D01012,nse_equity,SUCCESS,16,16,6,10,2026-08-17,2026-09-07,03:45,0,0,0,10,10,,,10.54,1
2026-09-07T14:29:09,AMBALALSA.NS,NSE_EQ|INE432A01017,nse_equity,SUCCESS,98,98,88,10,2026-04-20,2026-09-07,03:45,0,0,0,10,10,,,11.56,1
2026-09-07T14:29:11,AMBICAAGAR.NS,NSE_EQ|INE792B01012,nse_equity,SUCCESS,1331,1331,1321,10,2021-04-22,2026-09-07,03:45,0,0,0,10,10,,,12.19,1
2026-09-07T14:29:11,AMBER.NS,NSE_EQ|INE371P01015,nse_equity,SUCCESS,2131,2131,2121,10,2018-01-30,2026-09-07,03:45,0,0,0,10,10,,,12.86,1
2026-09-07T14:29:11,AMBIKCO.NS,NSE_EQ|INE540G01014,nse_equity,SUCCESS,2477,2477,2467,10,2016-09-06,2026-09-07,03:45,0,0,0,10,10,,,12.01,1
2026-09-07T14:29:13,AMBUJACEM.NS,NSE_EQ|INE079A01024,nse_equity,SUCCESS,2477,2477,2467,10,2016-09-06,2026-09-07,03:45,0,0,0,10,10,,,12.33,1
2026-09-07T14:29:14,AMDIND.NS,NSE_EQ|INE005I01014,nse_equity,SUCCESS,2477,2477,2467,10,2016-09-06,2026-09-07,03:45,0,0,0,10,10,,,11.80,1
2026-09-07T14:29:15,AMJLAND.NS,NSE_EQ|INE606A01024,nse_equity,SUCCESS,2477,2477,2467,10,2016-09-06,2026-09-07,03:45,0,0,0,10,10,,,12.62,1
2026-09-07T14:29:15,AMNPLST.NS,NSE_EQ|INE275D01022,nse_equity,SUCCESS,701,701,691,10,2023-11-10,2026-09-07,03:45,0,0,0,10,10,,,12.36,1
2026-09-07T14:29:15,ANANDRATHI.NS,NSE_EQ|INE463V01026,nse_equity,SUCCESS,1175,1175,1165,10,2021-12-14,2026-09-07,03:45,0,0,0,10,10,,,11.27,1
2026-09-07T14:29:15,AMRUTANJAN.NS,NSE_EQ|INE098F01031,nse_equity,SUCCESS,2477,2477,2467,10,2016-09-06,2026-09-07,03:45,0,0,0,10,10,,,11.27,1
2026-09-07T14:29:17,ANANTRAJ.NS,NSE_EQ|INE242C01024,nse_equity,SUCCESS,2477,2477,2467,10,2016-09-06,2026-09-07,03:45,0,0,0,10,10,,,12.64,1
2026-09-07T14:29:18,ANDREWYU.NS,NSE_EQ|INE449C01025,nse_equity,SUCCESS,16,16,6,10,2026-08-17,2026-09-07,03:45,0,0,0,10,10,,,11.94,1
2026-09-07T14:29:19,ANDHRSUGAR.NS,NSE_EQ|INE715B01021,nse_equity,SUCCESS,2477,2477,2467,10,2016-09-06,2026-09-07,03:45,0,0,0,10,10,,,13.23,1
2026-09-07T14:29:19,ANDHRAPAP.NS,NSE_EQ|INE435A01051,nse_equity,SUCCESS,2477,2477,2467,10,2016-09-06,2026-09-07,03:45,0,0,0,10,10,,,13.72,1
2026-09-07T14:29:20,ANGELONE.NS,NSE_EQ|INE732I01021,nse_equity,SUCCESS,1511,1511,1501,10,2016-09-09,2026-09-07,03:45,0,0,0,10,10,,,14.20,1
2026-09-07T14:29:21,ANIKINDS.NS,NSE_EQ|INE087B01017,nse_equity,SUCCESS,2470,2470,2460,10,2016-09-06,2026-09-07,03:45,0,0,0,10,10,,,14.35,1
2026-09-07T14:29:21,ANMOL.NS,NSE_EQ|INE02AR01019,nse_equity,SUCCESS,1306,1306,1296,10,2021-06-04,2026-09-07,03:45,0,0,0,10,10,,,14.84,1
2026-09-07T14:29:21,ANNAPURNA.NS,NSE_EQ|INE0MGM01017,nse_equity,SUCCESS,979,979,969,10,2022-09-27,2026-09-07,03:45,0,0,0,10,10,,,13.74,1
2026-09-07T14:29:23,ANSALBU.NS,NSE_EQ|INE030C01015,nse_equity,SUCCESS,15,15,5,10,2026-08-17,2026-09-07,03:45,0,0,0,10,10,,,15.30,1
2026-09-07T14:29:24,ANTGRAPHIC.NS,NSE_EQ|INE414B01021,nse_equity,SUCCESS,2069,2069,2059,10,2016-09-06,2026-09-07,03:45,0,0,0,10,10,,,14.21,1
2026-09-07T14:29:24,ANTELOPUS.NS,NSE_EQ|INE818A01017,nse_equity,SUCCESS,2477,2477,2467,10,2016-09-06,2026-09-07,03:45,0,0,0,10,10,,,14.70,1
2026-09-07T14:29:24,ANUHPHR.NS,NSE_EQ|INE489G01022,nse_equity,SUCCESS,425,425,415,10,2024-12-20,2026-09-07,03:45,0,0,0,10,10,,,13.16,1
2026-09-07T14:29:24,ANTHEM.NS,NSE_EQ|INE0CZ201020,nse_equity,SUCCESS,281,281,271,10,2025-07-21,2026-09-07,03:45,0,0,0,10,10,,,13.19,1
2026-09-07T14:29:25,ANUP.NS,NSE_EQ|INE294Z01018,nse_equity,SUCCESS,1863,1863,1853,10,2019-03-01,2026-09-07,03:45,0,0,0,10,10,,,13.91,1
2026-09-07T14:29:27,AONETMMQ50.NS,NSE_EQ|INF1J2R01148,nse_equity,SUCCESS,193,193,183,10,2025-11-27,2026-09-07,03:45,0,0,0,10,10,,,12.81,1
2026-09-07T14:29:27,ANURAS.NS,NSE_EQ|INE930P01018,nse_equity,SUCCESS,1353,1353,1343,10,2021-03-24,2026-09-07,03:45,0,0,0,10,9,,,14.39,1
2026-09-07T14:29:27,AONETOTAL.NS,NSE_EQ|INF1J2R01015,nse_equity,SUCCESS,373,373,363,10,2025-03-05,2026-09-07,03:45,0,0,0,10,10,,,12.45,1
2026-09-07T14:29:29,APCL.NS,NSE_EQ|INE071F01012,nse_equity,SUCCESS,2332,2332,2322,10,2017-04-10,2026-09-07,03:45,0,0,0,10,10,,,14.28,1
2026-09-07T14:29:30,APCOTEXIND.NS,NSE_EQ|INE116A01032,nse_equity,SUCCESS,2477,2477,2467,10,2016-09-06,2026-09-07,03:45,0,0,0,10,10,,,15.31,1
2026-09-07T14:29:31,APARINDS.NS,NSE_EQ|INE372A01015,nse_equity,SUCCESS,2477,2477,2466,11,2016-09-06,2026-09-07,03:45,0,0,0,11,11,,,16.38,1
2026-09-07T14:29:33,APEX.NS,NSE_EQ|INE346W01013,nse_equity,SUCCESS,2232,2232,2222,10,2017-09-04,2026-09-07,03:45,0,0,0,10,10,,,16.05,1
2026-09-07T14:29:34,APLLTD.NS,NSE_EQ|INE901L01018,nse_equity,SUCCESS,2477,2477,2467,10,2016-09-06,2026-09-07,03:45,0,0,0,10,10,,,14.38,1
2026-09-07T14:29:34,APLAPOLLO.NS,NSE_EQ|INE702C01027,nse_equity,SUCCESS,2477,2477,2467,10,2016-09-06,2026-09-07,03:45,0,0,0,10,10,,,15.72,1
2026-09-07T14:29:34,APOLLO.NS,NSE_EQ|INE713T01028,nse_equity,SUCCESS,2136,2136,2126,10,2018-01-22,2026-09-07,03:45,0,0,0,10,10,,,14.44,1
2026-09-07T14:29:35,APOLLOHOSP.NS,NSE_EQ|INE437A01024,nse_equity,SUCCESS,2477,2477,2466,11,2016-09-06,2026-09-07,03:45,0,0,0,11,11,,,14.67,1
2026-09-07T14:29:35,APOLLOPIPE.NS,NSE_EQ|INE126J01016,nse_equity,SUCCESS,1696,1696,1686,10,2019-11-11,2026-09-07,03:45,0,0,0,10,9,,,14.83,1
2026-09-07T14:29:36,APOORVA.NS,NSE_EQ|INE217S01014,nse_equity,SUCCESS,5,5,2,3,2026-08-20,2026-09-07,03:45,0,0,0,3,3,,,13.10,1
2026-09-07T14:29:36,APOLSINHOT.NS,NSE_EQ|INE451F01024,nse_equity,SUCCESS,2421,2421,2411,10,2016-09-06,2026-09-07,03:45,0,0,0,10,10,,,15.31,1
2026-09-07T14:29:37,APOLLOTYRE.NS,NSE_EQ|INE438A01022,nse_equity,SUCCESS,2477,2477,2467,10,2016-09-06,2026-09-07,03:45,0,0,0,10,10,,,15.64,1
2026-09-07T14:29:37,AQYLON.NS,NSE_EQ|INE416A01051,nse_equity,SUCCESS,603,603,593,10,2024-04-02,2026-09-07,03:45,0,0,0,10,10,,,13.40,1
2026-09-07T14:29:39,APTUS.NS,NSE_EQ|INE852O01025,nse_equity,SUCCESS,1251,1251,1241,10,2021-08-24,2026-09-07,03:45,0,0,0,10,9,,,15.03,1
2026-09-07T14:29:40,ARCL.NS,NSE_EQ|INE372M01010,nse_equity,SUCCESS,16,16,6,10,2026-08-17,2026-09-07,03:45,0,0,0,10,10,,,15.12,1
2026-09-07T14:29:40,ARCHIES.NS,NSE_EQ|INE731A01020,nse_equity,SUCCESS,2477,2477,2467,10,2016-09-06,2026-09-07,03:45,0,0,0,10,10,,,15.84,1
2026-09-07T14:29:40,ARCHIDPLY.NS,NSE_EQ|INE877I01016,nse_equity,SUCCESS,2477,2477,2467,10,2016-09-06,2026-09-07,03:45,0,0,0,10,10,,,15.95,1
2026-09-07T14:29:41,ARDEE.NS,NSE_EQ|INE0XNF01022,nse_equity,SUCCESS,19,19,9,10,2026-08-12,2026-09-07,03:45,0,0,0,10,10,,,13.92,1
2026-09-07T14:29:43,ARE&M.NS,NSE_EQ|INE885A01032,nse_equity,SUCCESS,2477,2477,2467,10,2016-09-06,2026-09-07,03:45,0,0,0,10,10,,,15.54,1
2026-09-07T14:29:43,ARENTERP.NS,NSE_EQ|INE610C01014,nse_equity,SUCCESS,1703,1703,1693,10,2017-11-07,2026-09-07,03:45,0,0,0,10,10,,,15.50,1
2026-09-07T14:29:43,ARFIN.NS,NSE_EQ|INE784R01023,nse_equity,SUCCESS,280,280,270,10,2025-07-22,2026-09-07,03:45,0,0,0,10,9,,,12.57,1
2026-09-07T14:29:44,ARIHANT.NS,NSE_EQ|INE413D01011,nse_equity,SUCCESS,98,98,88,10,2026-04-20,2026-09-07,03:45,0,0,0,10,10,,,12.94,1
2026-09-07T14:29:45,ARIES.NS,NSE_EQ|INE298I01015,nse_equity,SUCCESS,2477,2477,2467,10,2016-09-06,2026-09-07,03:45,0,0,0,10,10,,,14.10,1
2026-09-07T14:29:46,ARIHANTCAP.NS,NSE_EQ|INE420B01036,nse_equity,SUCCESS,1299,1299,1289,10,2021-06-15,2026-09-07,03:45,0,0,0,10,10,,,12.34,1
2026-09-07T14:29:46,ARIS.NS,NSE_EQ|INE0H9P01028,nse_equity,SUCCESS,299,299,289,10,2025-06-25,2026-09-07,03:45,0,0,0,10,10,,,12.19,1
2026-09-07T14:29:46,ARKADE.NS,NSE_EQ|INE0QRL01017,nse_equity,SUCCESS,485,485,475,10,2024-09-24,2026-09-07,03:45,0,0,0,10,10,,,12.09,1
2026-09-07T14:29:47,ARIHANTSUP.NS,NSE_EQ|INE643K01018,nse_equity,SUCCESS,2340,2340,2330,10,2017-03-28,2026-09-07,03:45,0,0,0,10,10,,,13.26,1
2026-09-07T14:29:48,ARMANFIN.NS,NSE_EQ|INE109C01017,nse_equity,SUCCESS,2477,2477,2467,10,2016-09-06,2026-09-07,03:45,0,0,0,10,9,,,12.70,1
2026-09-07T14:29:48,AROGRANITE.NS,NSE_EQ|INE210C01013,nse_equity,SUCCESS,2477,2477,2467,10,2016-09-06,2026-09-07,03:45,0,0,0,10,10,,,12.40,1
2026-09-07T14:29:50,ARSSBL.NS,NSE_EQ|INE549H01021,nse_equity,SUCCESS,232,232,222,10,2025-09-30,2026-09-07,03:45,0,0,0,10,10,,,13.25,1
2026-09-07T14:29:50,ARTEMISMED.NS,NSE_EQ|INE025R01021,nse_equity,SUCCESS,1644,1644,1634,10,2020-01-24,2026-09-07,03:45,0,0,0,10,10,,,13.00,1
2026-09-07T14:29:51,ARTNIRMAN.NS,NSE_EQ|INE738V01013,nse_equity,SUCCESS,1310,1310,1301,9,2016-10-19,2026-09-07,03:45,0,0,0,9,9,,,13.85,1
2026-09-07T14:29:51,ARVEE.NS,NSE_EQ|INE006Z01016,nse_equity,SUCCESS,1419,1419,1409,10,2018-02-22,2026-09-07,03:45,0,0,0,10,10,,,13.58,1
2026-09-07T14:29:53,ARVSMART.NS,NSE_EQ|INE034S01021,nse_equity,SUCCESS,2477,2477,2467,10,2016-09-06,2026-09-07,03:45,0,0,0,10,9,,,12.96,1
2026-09-07T14:29:53,ARVIND.NS,NSE_EQ|INE034A01011,nse_equity,SUCCESS,2477,2477,2467,10,2016-09-06,2026-09-07,03:45,0,0,0,10,10,,,14.57,1
2026-09-07T14:29:53,ARVINDFASN.NS,NSE_EQ|INE955V01021,nse_equity,SUCCESS,1859,1859,1849,10,2019-03-08,2026-09-07,03:45,0,0,0,10,10,,,13.20,1
2026-09-07T14:29:54,ARYAMAN.NS,NSE_EQ|INE032E01017,nse_equity,SUCCESS,16,16,6,10,2026-08-17,2026-09-07,03:45,0,0,0,10,10,,,13.88,1
2026-09-07T14:29:54,ASAHIINDIA.NS,NSE_EQ|INE439A01020,nse_equity,SUCCESS,2477,2477,2467,10,2016-09-06,2026-09-07,03:45,0,0,0,10,10,,,13.52,1
2026-09-07T14:29:57,ASALCBR.NS,NSE_EQ|INE073G01016,nse_equity,SUCCESS,1630,1630,1620,10,2020-02-12,2026-09-07,03:45,0,0,0,10,10,,,13.99,1
2026-09-07T14:29:58,ASAL.NS,NSE_EQ|INE900C01027,nse_equity,SUCCESS,2475,2475,2465,10,2016-09-06,2026-09-07,03:45,0,0,0,10,10,,,14.80,1
2026-09-07T14:29:58,ASHAPURMIN.NS,NSE_EQ|INE348A01023,nse_equity,SUCCESS,2477,2477,2467,10,2016-09-06,2026-09-07,03:45,0,0,0,10,9,,,14.81,1
2026-09-07T14:29:59,ASHIANA.NS,NSE_EQ|INE365D01021,nse_equity,SUCCESS,2477,2477,2467,10,2016-09-06,2026-09-07,03:45,0,0,0,10,10,,,14.61,1
2026-09-07T14:30:00,ASHIMASYN.NS,NSE_EQ|INE440A01010,nse_equity,SUCCESS,2445,2445,2435,10,2016-09-06,2026-09-07,03:45,0,0,0,10,10,,,14.98,1
2026-09-07T14:30:01,ASHOKA.NS,NSE_EQ|INE442H01029,nse_equity,SUCCESS,2477,2477,2467,10,2016-09-06,2026-09-07,03:45,0,0,0,10,10,,,14.60,1
2026-09-07T14:30:01,ASHOKLEY.NS,NSE_EQ|INE208A01029,nse_equity,SUCCESS,2477,2477,2467,10,2016-09-06,2026-09-07,03:45,0,0,0,10,10,,,13.97,1
2026-09-07T14:30:02,ASHOKAMET.NS,NSE_EQ|INE760Y01011,nse_equity,SUCCESS,794,794,784,10,2023-06-27,2026-09-07,03:45,0,0,0,10,10,,,15.26,1
2026-09-07T14:30:02,ASIANENE.NS,NSE_EQ|INE276G01015,nse_equity,SUCCESS,1189,1189,1179,10,2018-01-04,2026-09-07,03:45,0,0,0,10,10,,,15.00,1
2026-09-07T14:30:04,ASIANTNE.NS,NSE_EQ|INE822B01017,nse_equity,SUCCESS,16,16,6,10,2026-08-17,2026-09-07,03:45,0,0,0,10,10,,,14.41,1
2026-09-07T14:30:04,ASIANTILES.NS,NSE_EQ|INE022I01019,nse_equity,SUCCESS,2477,2477,2467,10,2016-09-06,2026-09-07,03:45,0,0,0,10,10,,,14.71,1
2026-09-07T14:30:04,ASIANHOTNR.NS,NSE_EQ|INE363A01022,nse_equity,SUCCESS,2476,2476,2466,10,2016-09-06,2026-09-07,03:45,0,0,0,10,10,,,16.65,1
2026-09-07T14:30:04,ASIANPAINT.NS,NSE_EQ|INE021A01026,nse_equity,SUCCESS,2477,2477,2391,86,2016-09-06,2026-09-07,03:45,0,0,0,86,84,,,16.58,1
2026-09-07T14:30:05,ASKAUTOLTD.NS,NSE_EQ|INE491J01022,nse_equity,SUCCESS,698,698,688,10,2023-11-15,2026-09-07,03:45,0,0,0,10,10,,,14.38,1
2026-09-07T14:30:05,ASPINWALL.NS,NSE_EQ|INE991I01015,nse_equity,SUCCESS,2476,2476,2466,10,2016-09-06,2026-09-07,03:45,0,0,0,10,10,,,14.58,1
2026-09-07T14:30:08,ASTAR.NS,NSE_EQ|INE194D01017,nse_equity,SUCCESS,85,85,78,7,2026-04-20,2026-09-07,03:45,0,0,0,7,7,,,14.68,1
2026-09-07T14:30:08,ASSAMENT.NS,NSE_EQ|INE165G01010,nse_equity,SUCCESS,12,12,5,7,2026-08-17,2026-09-07,03:45,0,0,0,7,7,,,14.68,1
2026-09-07T14:30:08,ASTEC.NS,NSE_EQ|INE563J01010,nse_equity,SUCCESS,2477,2477,2467,10,2016-09-06,2026-09-07,03:45,0,0,0,10,10,,,14.86,1
2026-09-07T14:30:08,ASTRAL.NS,NSE_EQ|INE006I01046,nse_equity,SUCCESS,2477,2477,2391,86,2016-09-06,2026-09-07,03:45,0,0,0,86,84,,,13.82,1
2026-09-07T14:30:11,ASTERDM.NS,NSE_EQ|INE914M01019,nse_equity,SUCCESS,2113,2113,2102,11,2018-02-26,2026-09-07,03:45,0,0,0,11,11,,,16.11,1
2026-09-07T14:30:12,ASTRAMICRO.NS,NSE_EQ|INE386C01029,nse_equity,SUCCESS,2477,2477,2467,10,2016-09-06,2026-09-07,03:45,0,0,0,10,10,,,14.45,1
2026-09-07T14:30:12,ASTRAZEN.NS,NSE_EQ|INE203A01020,nse_equity,SUCCESS,2477,2477,2467,10,2016-09-06,2026-09-07,03:45,0,0,0,10,9,,,14.13,1
2026-09-07T14:30:13,ATALREAL.NS,NSE_EQ|INE0ALR01029,nse_equity,SUCCESS,1277,1277,1267,10,2020-10-15,2026-09-07,03:45,0,0,0,10,10,,,14.76,1
2026-09-07T14:30:13,ATAM.NS,NSE_EQ|INE09KD01013,nse_equity,SUCCESS,828,828,818,10,2023-05-10,2026-09-07,03:45,0,0,0,10,10,,,13.03,1
2026-09-07T14:30:13,ATGL.NS,NSE_EQ|INE399L01023,nse_equity,SUCCESS,1943,1943,1933,10,2018-11-05,2026-09-07,03:45,0,0,0,10,10,,,12.73,1
2026-09-07T14:30:14,ATHERENERG.NS,NSE_EQ|INE0LEZ01016,nse_equity,SUCCESS,335,335,324,11,2025-05-06,2026-09-07,03:45,0,0,0,11,11,,,13.05,1
2026-09-07T14:30:14,ATLASCYCLE.NS,NSE_EQ|INE446A01025,nse_equity,ERROR,422,0,0,0,,,03:45,0,1,0,10,10,ValidationError,session date 2025-04-26 is a weekend,9.64,1
2026-09-07T14:30:14,ATL.NS,NSE_EQ|INE0NN701020,nse_equity,SUCCESS,763,763,753,10,2023-08-10,2026-09-07,03:45,0,0,0,10,10,,,13.81,1
2026-09-07T14:30:16,ATLANTAELE.NS,NSE_EQ|INE0Z4F01028,nse_equity,SUCCESS,233,233,223,10,2025-09-29,2026-09-07,03:45,0,0,0,10,10,,,13.96,1
2026-09-07T14:30:16,ATLANTAA.NS,NSE_EQ|INE285H01022,nse_equity,SUCCESS,2477,2477,2467,10,2016-09-06,2026-09-07,03:45,0,0,0,10,10,,,14.51,1
2026-09-07T14:30:20,AUBANK.NS,NSE_EQ|INE949L01017,nse_equity,SUCCESS,2270,2270,2260,10,2017-07-10,2026-09-07,03:45,0,0,0,10,10,,,15.22,1
2026-09-07T14:30:21,ATULAUTO.NS,NSE_EQ|INE951D01028,nse_equity,SUCCESS,2477,2477,2467,10,2016-09-06,2026-09-07,03:45,0,0,0,10,10,,,16.06,1
2026-09-07T14:30:21,ATUL.NS,NSE_EQ|INE100A01010,nse_equity,SUCCESS,2477,2477,2467,10,2016-09-06,2026-09-07,03:45,0,0,0,10,10,,,16.26,1
2026-09-07T14:30:21,AUGMONT.NS,NSE_EQ|INE16W401027,nse_equity,SUCCESS,6,6,0,6,2026-08-31,2026-09-07,03:45,0,0,0,6,6,,,15.98,1
2026-09-07T14:30:23,AURIONPRO.NS,NSE_EQ|INE132H01018,nse_equity,SUCCESS,2477,2477,2467,10,2016-09-06,2026-09-07,03:45,0,0,0,10,9,,,17.24,1
2026-09-07T14:30:25,AURUM.NS,NSE_EQ|INE898S01029,nse_equity,SUCCESS,2477,2477,2467,10,2016-09-06,2026-09-07,03:45,0,0,0,10,10,,,17.39,1
2026-09-07T14:30:25,AUROPHARMA.NS,NSE_EQ|INE406A01037,nse_equity,SUCCESS,2477,2477,2467,10,2016-09-06,2026-09-07,03:45,0,0,0,10,10,,,17.41,1
2026-09-07T14:30:26,AUSOMENT.NS,NSE_EQ|INE218C01016,nse_equity,SUCCESS,2467,2467,2457,10,2016-09-06,2026-09-07,03:45,0,0,0,10,10,,,17.50,1
2026-09-07T14:30:26,AURUS.NS,NSE_EQ|INE142K01011,nse_equity,SUCCESS,2451,2451,2441,10,2016-09-06,2026-09-07,03:45,0,0,0,10,10,,,17.50,1
2026-09-07T14:30:28,AUSTENG.NS,NSE_EQ|INE759F01012,nse_equity,SUCCESS,16,16,6,10,2026-08-17,2026-09-07,03:45,0,0,0,10,10,,,17.48,1
2026-09-07T14:30:29,AVONMORE.NS,NSE_EQ|INE323B01024,nse_equity,ERROR,912,0,0,0,,,03:45,0,1,0,10,10,ValidationError,session date 2025-04-26 is a weekend,12.81,1
2026-09-07T14:30:30,AUTOIND.NS,NSE_EQ|INE718H01014,nse_equity,SUCCESS,2477,2477,2467,10,2016-09-06,2026-09-07,03:45,0,0,0,10,10,,,18.19,1
2026-09-07T14:30:30,AVANCE.NS,NSE_EQ|INE758A01072,nse_equity,SUCCESS,16,16,6,10,2026-08-17,2026-09-07,03:45,0,0,0,10,10,,,17.18,1
2026-09-07T14:30:30,AVALON.NS,NSE_EQ|INE0LCL01028,nse_equity,SUCCESS,843,843,833,10,2023-04-18,2026-09-07,03:45,0,0,0,10,10,,,17.21,1
2026-09-07T14:30:30,AUTOAXLES.NS,NSE_EQ|INE449A01011,nse_equity,SUCCESS,2477,2477,2467,10,2016-09-06,2026-09-07,03:45,0,0,0,10,10,,,18.67,1
2026-09-07T14:30:30,AVADHSUGAR.NS,NSE_EQ|INE349W01017,nse_equity,SUCCESS,2256,2256,2246,10,2017-07-28,2026-09-07,03:45,0,0,0,10,10,,,17.71,1
2026-09-07T14:30:31,AVANTEL.NS,NSE_EQ|INE005B01027,nse_equity,SUCCESS,523,523,513,10,2024-07-31,2026-09-07,03:45,0,0,0,10,10,,,16.87,1
2026-09-07T14:30:31,AVANTIFEED.NS,NSE_EQ|INE871C01038,nse_equity,SUCCESS,2477,2477,2467,10,2016-09-06,2026-09-07,03:45,0,0,0,10,9,,,16.65,1
2026-09-07T14:30:31,AVL.NS,NSE_EQ|INE679V01027,nse_equity,SUCCESS,455,455,445,10,2024-11-06,2026-09-07,03:45,0,0,0,10,9,,,16.39,1
2026-09-07T14:30:32,AVROIND.NS,NSE_EQ|INE652Z01025,nse_equity,SUCCESS,1330,1330,1320,10,2018-07-26,2026-09-07,03:45,0,0,0,10,10,,,15.76,1
2026-09-07T14:30:35,AVTNPL.NS,NSE_EQ|INE488D01021,nse_equity,SUCCESS,2477,2477,2467,10,2016-09-06,2026-09-07,03:45,0,0,0,10,10,,,14.81,1
2026-09-07T14:30:35,AXISBANK.NS,NSE_EQ|INE238A01034,nse_equity,SUCCESS,2477,2477,2391,86,2016-09-06,2026-09-07,03:45,0,0,0,86,84,,,12.29,1
2026-09-07T14:30:36,AWFIS.NS,NSE_EQ|INE108V01019,nse_equity,SUCCESS,565,565,555,10,2024-05-30,2026-09-07,03:45,0,0,0,10,10,,,14.98,1
2026-09-07T14:30:36,AWHCL.NS,NSE_EQ|INE01BK01022,nse_equity,SUCCESS,1409,1409,1399,10,2021-01-01,2026-09-07,03:45,0,0,0,10,10,,,15.11,1
2026-09-07T14:30:37,AWL.NS,NSE_EQ|INE699H01024,nse_equity,SUCCESS,1065,1065,1055,10,2022-02-08,2026-09-07,03:45,0,0,0,10,10,,,14.87,1
2026-09-07T14:30:37,AXITA.NS,NSE_EQ|INE02EZ01022,nse_equity,SUCCESS,1046,1046,1036,10,2022-06-21,2026-09-07,03:45,0,0,0,10,10,,,11.64,1
2026-09-07T14:30:37,AXISCADES.NS,NSE_EQ|INE555B01013,nse_equity,SUCCESS,2477,2477,2467,10,2016-09-06,2026-09-07,03:45,0,0,0,10,10,,,11.66,1
2026-09-07T14:30:38,AYE.NS,NSE_EQ|INE501X01029,nse_equity,SUCCESS,138,138,128,10,2026-02-16,2026-09-07,03:45,0,0,0,10,9,,,11.30,1
2026-09-07T14:30:38,AXTEL.NS,NSE_EQ|INE767C01012,nse_equity,SUCCESS,16,16,6,10,2026-08-17,2026-09-07,03:45,0,0,0,10,10,,,11.34,1
2026-09-07T14:30:39,AYMSYNTEX.NS,NSE_EQ|INE193B01039,nse_equity,SUCCESS,2477,2477,2467,10,2016-09-06,2026-09-07,03:45,0,0,0,10,10,,,11.31,1
2026-09-07T14:30:41,AZAD.NS,NSE_EQ|INE02IJ01035,nse_equity,SUCCESS,669,669,659,10,2023-12-28,2026-09-07,03:45,0,0,0,10,10,,,11.38,1
2026-09-07T14:30:44,AZADIND.NS,NSE_EQ|INE566M01017,nse_equity,SUCCESS,16,16,6,10,2026-08-17,2026-09-07,03:45,0,0,0,10,10,,,13.82,1
2026-09-07T14:30:44,BAIDFIN.NS,NSE_EQ|INE020D01022,nse_equity,SUCCESS,899,899,889,10,2023-01-20,2026-09-07,03:45,0,0,0,10,10,,,13.53,1
2026-09-07T14:30:44,BAGFILMS.NS,NSE_EQ|INE116D01028,nse_equity,SUCCESS,2477,2477,2467,10,2016-09-06,2026-09-07,03:45,0,0,0,10,10,,,13.80,1
2026-09-07T14:30:45,BAJAJELEC.NS,NSE_EQ|INE193E01025,nse_equity,SUCCESS,2477,2477,2467,10,2016-09-06,2026-09-07,03:45,0,0,0,10,10,,,14.63,1
2026-09-07T14:30:46,BAJAJHCARE.NS,NSE_EQ|INE411U01027,nse_equity,SUCCESS,1202,1202,1192,10,2017-04-12,2026-09-07,03:45,0,0,0,10,10,,,14.93,1
2026-09-07T14:30:46,BAJAJFINSV.NS,NSE_EQ|INE918I01026,nse_equity,SUCCESS,2477,2477,2467,10,2016-09-06,2026-09-07,03:45,0,0,0,10,10,,,14.97,1
2026-09-07T14:30:46,BAJAJ-AUTO.NS,NSE_EQ|INE917I01010,nse_equity,SUCCESS,2477,2477,2466,11,2016-09-06,2026-09-07,03:45,0,0,0,11,11,,,15.25,1
2026-09-07T14:30:46,BAJAJCON.NS,NSE_EQ|INE933K01021,nse_equity,SUCCESS,2477,2477,2467,10,2016-09-06,2026-09-07,03:45,0,0,0,10,10,,,15.41,1
2026-09-07T14:30:47,BAJAJHFL.NS,NSE_EQ|INE377Y01014,nse_equity,SUCCESS,491,491,481,10,2024-09-16,2026-09-07,03:45,0,0,0,10,10,,,14.48,1
2026-09-07T14:30:50,BAJAJHLDNG.NS,NSE_EQ|INE118A01012,nse_equity,SUCCESS,2477,2477,2467,10,2016-09-06,2026-09-07,03:45,0,0,0,10,10,,,14.64,1
2026-09-07T14:30:50,BAJAJHIND.NS,NSE_EQ|INE306A01021,nse_equity,SUCCESS,2477,2477,2467,10,2016-09-06,2026-09-07,03:45,0,0,0,10,10,,,15.64,1
2026-09-07T14:30:51,BAJAJINDEF.NS,NSE_EQ|INE0O9T01021,nse_equity,SUCCESS,380,380,370,10,2025-02-21,2026-09-07,03:45,0,0,0,10,10,,,15.10,1
2026-09-07T14:30:51,BAJAJST.NS,NSE_EQ|INE704G01024,nse_equity,SUCCESS,98,98,88,10,2026-04-20,2026-09-07,03:45,0,0,0,10,10,,,14.88,1
2026-09-07T14:30:51,BAJEL.NS,NSE_EQ|INE0KQN01018,nse_equity,SUCCESS,675,675,665,10,2023-12-19,2026-09-07,03:45,0,0,0,10,10,,,14.51,1
2026-09-07T14:30:53,BAJFINANCE.NS,NSE_EQ|INE296A01032,nse_equity,SUCCESS,2477,2477,2391,86,2016-09-06,2026-09-07,03:45,0,0,0,86,84,,,15.88,1
2026-09-07T14:30:54,BALAJEE.NS,NSE_EQ|INE0S2G01011,nse_equity,SUCCESS,493,493,483,10,2024-09-12,2026-09-07,03:45,0,0,0,10,10,,,17.15,1
2026-09-07T14:30:55,BALAJITELE.NS,NSE_EQ|INE794B01026,nse_equity,SUCCESS,2477,2477,2467,10,2016-09-06,2026-09-07,03:45,0,0,0,10,10,,,17.40,1
2026-09-07T14:30:57,BALAMINES.NS,NSE_EQ|INE050E01027,nse_equity,SUCCESS,2477,2477,2467,10,2016-09-06,2026-09-07,03:45,0,0,0,10,10,,,19.77,1
2026-09-07T14:31:00,BALAXI.NS,NSE_EQ|INE618N01022,nse_equity,SUCCESS,1938,1938,1928,10,2016-09-06,2026-09-07,03:45,0,0,0,10,10,,,20.15,1
2026-09-07T14:31:01,BALKRISHNA.NS,NSE_EQ|INE875R01011,nse_equity,SUCCESS,2447,2447,2437,10,2016-09-06,2026-09-07,03:45,0,0,0,10,10,,,19.87,1
2026-09-07T14:31:10,BALKRISIND.NS,NSE_EQ|INE787D01026,nse_equity,SUCCESS,2477,2477,2467,10,2016-09-06,2026-09-07,03:45,0,0,0,10,10,,,26.28,1
2026-09-07T14:31:10,BALRAMCHIN.NS,NSE_EQ|INE119A01028,nse_equity,SUCCESS,2477,2477,2466,11,2016-09-06,2026-09-07,03:45,0,0,0,11,11,,,26.08,1
2026-09-07T14:31:17,BANK10ADD.NS,NSE_EQ|INF740KA1YH2,nse_equity,SUCCESS,121,121,111,10,2026-03-12,2026-09-07,03:45,0,0,0,10,10,,,26.91,1
2026-09-07T14:31:20,BANARISUG.NS,NSE_EQ|INE459A01010,nse_equity,SUCCESS,2475,2475,2465,10,2016-09-06,2026-09-07,03:45,0,0,0,10,10,,,34.03,1
2026-09-07T14:31:20,BANKA.NS,NSE_EQ|INE862Y01015,nse_equity,SUCCESS,1656,1656,1646,10,2018-02-27,2026-09-07,03:45,0,0,0,10,10,,,29.30,1
2026-09-07T14:31:20,BANKPSU.NS,NSE_EQ|INF769K01LZ4,nse_equity,SUCCESS,476,476,466,10,2024-10-08,2026-09-07,03:45,0,0,0,10,10,,,25.99,1
2026-09-07T14:31:20,BATLIBOI.NS,NSE_EQ|INE177C01022,nse_equity,SUCCESS,98,98,88,10,2026-04-20,2026-09-07,03:45,0,0,0,10,10,,,19.33,1
2026-09-07T14:31:20,BALMLAWRIE.NS,NSE_EQ|INE164A01016,nse_equity,SUCCESS,2477,2477,2467,10,2016-09-06,2026-09-07,03:45,0,0,0,10,10,,,36.02,1
2026-09-07T14:31:20,BANARBEADS.NS,NSE_EQ|INE655B01011,nse_equity,SUCCESS,2473,2473,2463,10,2016-09-06,2026-09-07,03:45,0,0,0,10,10,,,34.30,1
2026-09-07T14:31:20,BALUFORGE.NS,NSE_EQ|INE011E01029,nse_equity,SUCCESS,587,587,577,10,2024-04-29,2026-09-07,03:45,0,0,0,10,10,,,34.66,1
2026-09-07T14:31:20,BANKADD.NS,NSE_EQ|INF740KA1RX3,nse_equity,SUCCESS,909,909,899,10,2023-01-06,2026-09-07,03:45,0,0,0,10,10,,,29.06,1
2026-09-07T14:31:20,BANCOINDIA.NS,NSE_EQ|INE213C01025,nse_equity,SUCCESS,2477,2477,2467,10,2016-09-06,2026-09-07,03:45,0,0,0,10,10,,,34.37,1
2026-09-07T14:31:20,BANSALWIRE.NS,NSE_EQ|INE0B9K01025,nse_equity,SUCCESS,537,537,527,10,2024-07-10,2026-09-07,03:45,0,0,0,10,10,,,25.96,1
2026-09-07T14:31:21,BANDHANBNK.NS,NSE_EQ|INE545U01014,nse_equity,SUCCESS,2093,2093,2083,10,2018-03-27,2026-09-07,03:45,0,0,0,10,10,,,34.60,1
2026-09-07T14:31:21,BANKINDIA.NS,NSE_EQ|INE084A01016,nse_equity,SUCCESS,2477,2477,2467,10,2016-09-06,2026-09-07,03:45,0,0,0,10,10,,,28.30,1
2026-09-07T14:31:21,BANSWRAS.NS,NSE_EQ|INE629D01020,nse_equity,SUCCESS,2477,2477,2467,10,2016-09-06,2026-09-07,03:45,0,0,0,10,10,,,26.04,1
2026-09-07T14:31:21,BANKBARODA.NS,NSE_EQ|INE028A01039,nse_equity,SUCCESS,2477,2477,2467,10,2016-09-06,2026-09-07,03:45,0,0,0,10,10,,,30.06,1
2026-09-07T14:31:21,BANG.NS,NSE_EQ|INE863I01016,nse_equity,SUCCESS,2477,2477,2467,10,2016-09-06,2026-09-07,03:45,0,0,0,10,10,,,33.78,1
2026-09-07T14:31:21,BASF.NS,NSE_EQ|INE373A01013,nse_equity,SUCCESS,2477,2477,2467,10,2016-09-06,2026-09-07,03:45,0,0,0,10,9,,,23.50,1
2026-09-07T14:31:21,BBOX.NS,NSE_EQ|INE676A01027,nse_equity,SUCCESS,2477,2477,2467,10,2016-09-06,2026-09-07,03:45,0,0,0,10,10,,,3.81,1
2026-09-07T14:31:21,BATAINDIA.NS,NSE_EQ|INE176A01028,nse_equity,SUCCESS,2477,2477,2467,10,2016-09-06,2026-09-07,03:45,0,0,0,10,10,,,21.36,1
2026-09-07T14:31:21,BBL.NS,NSE_EQ|INE464A01036,nse_equity,SUCCESS,2477,2477,2467,10,2016-09-06,2026-09-07,03:45,0,0,0,10,10,,,11.02,1
2026-09-07T14:31:21,BAYERCROP.NS,NSE_EQ|INE462A01022,nse_equity,SUCCESS,2477,2477,2467,10,2016-09-06,2026-09-07,03:45,0,0,0,10,10,,,11.02,1
2026-09-07T14:31:23,BCLIND.NS,NSE_EQ|INE412G01024,nse_equity,SUCCESS,1366,1366,1356,10,2021-03-04,2026-09-07,03:45,0,0,0,10,10,,,3.47,1
2026-09-07T14:31:24,BCPL.NS,NSE_EQ|INE00SW01015,nse_equity,SUCCESS,111,111,101,10,2026-03-27,2026-09-07,03:45,0,0,0,10,10,,,3.76,1
2026-09-07T14:31:24,BBTCL.NS,NSE_EQ|INE01EE01011,nse_equity,SUCCESS,1466,1466,1456,10,2016-09-12,2026-09-07,03:45,0,0,0,10,10,,,4.23,1
2026-09-07T14:31:24,BCG.NS,NSE_EQ|INE425B01027,nse_equity,SUCCESS,2236,2236,2226,10,2016-09-06,2026-09-07,03:45,0,0,0,10,10,,,4.15,1
2026-09-07T14:31:24,BBTC.NS,NSE_EQ|INE050A01025,nse_equity,SUCCESS,2477,2477,2467,10,2016-09-06,2026-09-07,03:45,0,0,0,10,10,,,4.30,1
2026-09-07T14:31:28,BEDMUTHA.NS,NSE_EQ|INE844K01012,nse_equity,SUCCESS,2451,2451,2441,10,2016-09-06,2026-09-07,03:45,0,0,0,10,10,,,7.49,1
2026-09-07T14:31:28,BDL.NS,NSE_EQ|INE171Z01026,nse_equity,SUCCESS,2095,2095,2085,10,2018-03-23,2026-09-07,03:45,0,0,0,10,10,,,7.53,1
2026-09-07T14:31:28,BCONCEPTS.NS,NSE_EQ|INE977Y01011,nse_equity,SUCCESS,1661,1661,1651,10,2018-01-10,2026-09-07,03:45,0,0,0,10,10,,,7.61,1
2026-09-07T14:31:30,BEEKAY.NS,NSE_EQ|INE213D01015,nse_equity,SUCCESS,98,98,88,10,2026-04-20,2026-09-07,03:45,0,0,0,10,10,,,9.00,1
2026-09-07T14:31:30,BELLACASA.NS,NSE_EQ|INE344T01014,nse_equity,SUCCESS,282,282,272,10,2025-07-18,2026-09-07,03:45,0,0,0,10,10,,,8.54,1
2026-09-07T14:31:30,BELRISE.NS,NSE_EQ|INE894V01022,nse_equity,SUCCESS,319,319,309,10,2025-05-28,2026-09-07,03:45,0,0,0,10,10,,,8.54,1
2026-09-07T14:31:30,BECTORFOOD.NS,NSE_EQ|INE495P01020,nse_equity,SUCCESS,1439,1439,1429,10,2016-09-16,2026-09-07,03:45,0,0,0,10,10,,,9.52,1
2026-09-07T14:31:30,BEARDSELL.NS,NSE_EQ|INE520H01022,nse_equity,SUCCESS,2472,2472,2462,10,2016-09-06,2026-09-07,03:45,0,0,0,10,10,,,9.87,1
2026-09-07T14:31:34,BERGEPAINT.NS,NSE_EQ|INE463A01038,nse_equity,SUCCESS,2477,2477,2467,10,2016-09-06,2026-09-07,03:45,0,0,0,10,10,,,12.47,1
2026-09-07T14:31:35,BESTAGRO.NS,NSE_EQ|INE052T01021,nse_equity,SUCCESS,1199,1199,1189,10,2021-02-22,2026-09-07,03:45,0,0,0,10,10,,,13.36,1
2026-09-07T14:31:35,BEL.NS,NSE_EQ|INE263A01024,nse_equity,SUCCESS,2477,2477,2466,11,2016-09-06,2026-09-07,03:45,0,0,0,11,11,,,14.15,1
2026-09-07T14:31:35,BEPL.NS,NSE_EQ|INE922A01025,nse_equity,SUCCESS,2477,2477,2467,10,2016-09-06,2026-09-07,03:45,0,0,0,10,10,,,13.81,1
2026-09-07T14:31:35,BENGALASM.NS,NSE_EQ|INE083K01017,nse_equity,SUCCESS,98,98,88,10,2026-04-20,2026-09-07,03:45,0,0,0,10,10,,,14.35,1
2026-09-07T14:31:35,BENARAS.NS,NSE_EQ|INE664D01019,nse_equity,SUCCESS,16,16,6,10,2026-08-17,2026-09-07,03:45,0,0,0,10,10,,,14.35,1
2026-09-07T14:31:37,BEML.NS,NSE_EQ|INE258A01024,nse_equity,SUCCESS,2477,2477,2467,10,2016-09-06,2026-09-07,03:45,0,0,0,10,10,,,15.85,1
2026-09-07T14:31:38,BHAGCHEM.NS,NSE_EQ|INE414D01027,nse_equity,SUCCESS,1214,1214,1204,10,2021-10-18,2026-09-07,03:45,0,0,0,10,10,,,13.48,1
2026-09-07T14:31:38,BFUTILITIE.NS,NSE_EQ|INE243D01012,nse_equity,SUCCESS,2477,2477,2467,10,2016-09-06,2026-09-07,03:45,0,0,0,10,10,,,13.50,1
2026-09-07T14:31:38,BFSI.NS,NSE_EQ|INF769K01HI8,nse_equity,SUCCESS,1263,1263,1253,10,2021-08-05,2026-09-07,03:45,0,0,0,10,10,,,13.70,1
2026-09-07T14:31:38,BFINVEST.NS,NSE_EQ|INE878K01010,nse_equity,SUCCESS,2477,2477,2467,10,2016-09-06,2026-09-07,03:45,0,0,0,10,10,,,14.03,1
2026-09-07T14:31:39,BHAGYANGR.NS,NSE_EQ|INE458B01036,nse_equity,SUCCESS,2307,2307,2297,10,2017-05-17,2026-09-07,03:45,0,0,0,10,10,,,14.78,1
2026-09-07T14:31:40,BHARATCOAL.NS,NSE_EQ|INE05XR01022,nse_equity,SUCCESS,158,158,148,10,2026-01-19,2026-09-07,03:45,0,0,0,10,10,,,12.08,1
2026-09-07T14:31:40,BHANDARI.NS,NSE_EQ|INE474E01029,nse_equity,SUCCESS,2379,2379,2369,10,2017-01-30,2026-09-07,03:45,0,0,0,10,10,,,12.21,1
2026-09-07T14:31:40,BHARATFORG.NS,NSE_EQ|INE465A01025,nse_equity,SUCCESS,2477,2477,2467,10,2016-09-06,2026-09-07,03:45,0,0,0,10,10,,,12.21,1
2026-09-07T14:31:42,BHARTIARTL.NS,NSE_EQ|INE397D01024,nse_equity,SUCCESS,2477,2477,2391,86,2016-09-06,2026-09-07,03:45,0,0,0,86,84,,,12.69,1
2026-09-07T14:31:42,BHARATRAS.NS,NSE_EQ|INE838B01021,nse_equity,SUCCESS,2477,2477,2467,10,2016-09-06,2026-09-07,03:45,0,0,0,10,10,,,12.78,1
2026-09-07T14:31:43,BHARATWIRE.NS,NSE_EQ|INE316L01019,nse_equity,SUCCESS,2477,2477,2467,10,2016-09-06,2026-09-07,03:45,0,0,0,10,10,,,12.99,1
2026-09-07T14:31:43,BHARATSE.NS,NSE_EQ|INE415D01024,nse_equity,SUCCESS,361,361,351,10,2025-03-24,2026-09-07,03:45,0,0,0,10,10,,,13.27,1
2026-09-07T14:31:43,BHARTIHEXA.NS,NSE_EQ|INE343G01021,nse_equity,SUCCESS,597,597,587,10,2024-04-12,2026-09-07,03:45,0,0,0,10,10,,,13.26,1
2026-09-07T14:31:46,BIRLAMONEY.NS,NSE_EQ|INE865C01022,nse_equity,ERROR,2446,0,0,0,,,03:45,0,1,0,10,10,ValidationError,session date 2025-04-26 is a weekend,8.81,1
2026-09-07T14:31:47,BHEL.NS,NSE_EQ|INE257A01026,nse_equity,SUCCESS,2477,2477,2466,11,2016-09-06,2026-09-07,03:45,0,0,0,11,11,,,13.18,1
2026-09-07T14:31:47,BIMETAL.NS,NSE_EQ|INE469A01019,nse_equity,SUCCESS,98,98,88,10,2026-04-20,2026-09-07,03:45,0,0,0,10,10,,,11.65,1
2026-09-07T14:31:48,BIGBLOC.NS,NSE_EQ|INE412U01025,nse_equity,SUCCESS,2474,2474,2464,10,2016-09-06,2026-09-07,03:45,0,0,0,10,10,,,13.05,1
2026-09-07T14:31:48,BIOCON.NS,NSE_EQ|INE376G01013,nse_equity,SUCCESS,2477,2477,2467,10,2016-09-06,2026-09-07,03:45,0,0,0,10,10,,,12.35,1
2026-09-07T14:31:48,BIL.NS,NSE_EQ|INE828A01016,nse_equity,SUCCESS,2476,2476,2466,10,2016-09-06,2026-09-07,03:45,0,0,0,10,10,,,12.43,1
2026-09-07T14:31:48,BIKAJI.NS,NSE_EQ|INE00E101023,nse_equity,SUCCESS,946,946,936,10,2022-11-16,2026-09-07,03:45,0,0,0,10,10,,,12.44,1
2026-09-07T14:31:50,BIOFILCHEM.NS,NSE_EQ|INE829A01014,nse_equity,SUCCESS,2189,2189,2179,10,2017-07-27,2026-09-07,03:45,0,0,0,10,10,,,12.91,1
2026-09-07T14:31:50,BIRLACORPN.NS,NSE_EQ|INE340A01012,nse_equity,SUCCESS,2477,2477,2467,10,2016-09-06,2026-09-07,03:45,0,0,0,10,10,,,12.56,1
2026-09-07T14:31:50,BIRLACABLE.NS,NSE_EQ|INE800A01015,nse_equity,SUCCESS,2477,2477,2477,0,2016-09-06,2026-09-07,03:45,0,0,0,0,0,,,12.77,1
2026-09-07T14:31:51,BIRLAPREC.NS,NSE_EQ|INE372E01025,nse_equity,SUCCESS,98,98,88,10,2026-04-20,2026-09-07,03:45,0,0,0,10,10,,,12.01,1
2026-09-07T14:31:52,BIRLANU.NS,NSE_EQ|INE557A01011,nse_equity,SUCCESS,2477,2477,2467,10,2016-09-06,2026-09-07,03:45,0,0,0,10,10,,,14.16,1
2026-09-07T14:31:52,BLACKBUCK.NS,NSE_EQ|INE0UIZ01018,nse_equity,SUCCESS,445,445,435,10,2024-11-22,2026-09-07,03:45,0,0,0,10,10,,,12.39,1
2026-09-07T14:31:52,BLAL.NS,NSE_EQ|INE0N7W01012,nse_equity,SUCCESS,842,842,832,10,2023-04-19,2026-09-07,03:45,0,0,0,10,10,,,12.27,1
2026-09-07T14:31:53,BLBLIMITED.NS,NSE_EQ|INE791A01024,nse_equity,SUCCESS,2468,2468,2458,10,2016-09-06,2026-09-07,03:45,0,0,0,10,10,,,13.20,1
2026-09-07T14:31:54,BLIL.NS,NSE_EQ|INE525F01025,nse_equity,SUCCESS,98,98,88,10,2026-04-20,2026-09-07,03:45,0,0,0,10,10,,,11.57,1
2026-09-07T14:31:54,BLEL.NS,NSE_EQ|INE1EEM01017,nse_equity,SUCCESS,14,14,4,10,2026-08-19,2026-09-07,03:45,0,0,0,10,10,,,12.00,1
2026-09-07T14:31:54,BLKASHYAP.NS,NSE_EQ|INE350H01032,nse_equity,SUCCESS,2477,2477,2467,10,2016-09-06,2026-09-07,03:45,0,0,0,10,10,,,11.67,1
2026-09-07T14:31:55,BLUECOAST.NS,NSE_EQ|INE472B01011,nse_equity,ERROR,540,0,0,0,,,03:45,0,1,0,0,0,ValidationError,session date 2025-04-26 is a weekend,7.49,1
2026-09-07T14:31:55,BLSE.NS,NSE_EQ|INE0NLT01010,nse_equity,SUCCESS,642,642,632,10,2024-02-06,2026-09-07,03:45,0,0,0,10,10,,,11.56,1
2026-09-07T14:31:55,BLS.NS,NSE_EQ|INE153T01027,nse_equity,SUCCESS,2477,2477,2467,10,2016-09-06,2026-09-07,03:45,0,0,0,10,10,,,12.06,1
2026-09-07T14:31:57,BLUECHIP.NS,NSE_EQ|INE657B01025,nse_equity,SUCCESS,945,945,938,7,2016-12-13,2026-09-07,03:45,0,0,0,7,7,,,10.13,1
2026-09-07T14:31:57,BLUECLOUDS.NS,NSE_EQ|INE373T01047,nse_equity,SUCCESS,16,16,6,10,2026-08-17,2026-09-07,03:45,0,0,0,10,10,,,10.24,1
2026-09-07T14:31:58,BLUESTONE.NS,NSE_EQ|INE304W01038,nse_equity,SUCCESS,261,261,251,10,2025-08-19,2026-09-07,03:45,0,0,0,10,10,,,9.68,1
2026-09-07T14:31:58,BLUEJET.NS,NSE_EQ|INE0KBH01020,nse_equity,SUCCESS,708,708,698,10,2023-11-01,2026-09-07,03:45,0,0,0,10,10,,,9.90,1
2026-09-07T14:31:58,BLUESTARCO.NS,NSE_EQ|INE472A01039,nse_equity,SUCCESS,2477,2477,2467,10,2016-09-06,2026-09-07,03:45,0,0,0,10,10,,,10.18,1
2026-09-07T14:31:58,BLUEDART.NS,NSE_EQ|INE233B01017,nse_equity,SUCCESS,2477,2477,2467,10,2016-09-06,2026-09-07,03:45,0,0,0,10,10,,,10.18,1
2026-09-07T14:31:59,BMWVENTLTD.NS,NSE_EQ|INE965W01036,nse_equity,SUCCESS,231,231,221,10,2025-10-01,2026-09-07,03:45,0,0,0,10,10,,,8.80,1
2026-09-07T14:31:59,BLUSPRING.NS,NSE_EQ|INE0U4101014,nse_equity,SUCCESS,309,309,299,10,2025-06-11,2026-09-07,03:45,0,0,0,10,10,,,8.80,1
2026-09-07T14:31:59,BNAGROCHEM.NS,NSE_EQ|INE00HZ01011,nse_equity,SUCCESS,98,98,88,10,2026-04-20,2026-09-07,03:45,0,0,0,10,10,,,8.50,1
2026-09-07T14:32:00,BOHRAIND.NS,NSE_EQ|INE802W01023,nse_equity,SUCCESS,795,795,785,10,2022-10-27,2026-09-07,03:45,0,0,0,10,10,,,8.31,1
2026-09-07T14:32:00,BODALCHEM.NS,NSE_EQ|INE338D01028,nse_equity,SUCCESS,2477,2477,2467,10,2016-09-06,2026-09-07,03:45,0,0,0,10,10,,,8.66,1
2026-09-07T14:32:01,BORANA.NS,NSE_EQ|INE16SF01016,nse_equity,SUCCESS,320,320,310,10,2025-05-27,2026-09-07,03:45,0,0,0,10,10,,,7.97,1
2026-09-07T14:32:01,BOMDYEING.NS,NSE_EQ|INE032A01023,nse_equity,SUCCESS,2477,2477,2467,10,2016-09-06,2026-09-07,03:45,0,0,0,10,10,,,9.06,1
2026-09-07T14:32:01,BONLON.NS,NSE_EQ|INE0B9A01018,nse_equity,SUCCESS,134,134,124,10,2026-02-20,2026-09-07,03:45,0,0,0,10,10,,,9.04,1
2026-09-07T14:32:03,BOROLTD.NS,NSE_EQ|INE02PY01013,nse_equity,SUCCESS,1523,1523,1513,10,2020-07-22,2026-09-07,03:45,0,0,0,10,9,,,8.47,1
2026-09-07T14:32:04,BORORENEW.NS,NSE_EQ|INE666D01022,nse_equity,SUCCESS,2053,2053,2043,10,2018-05-25,2026-09-07,03:45,0,0,0,10,10,,,9.93,1
2026-09-07T14:32:04,BOROSCI.NS,NSE_EQ|INE02L001032,nse_equity,SUCCESS,559,559,549,10,2024-06-07,2026-09-07,03:45,0,0,0,10,10,,,10.07,1
2026-09-07T14:32:06,BOSCHLTD.NS,NSE_EQ|INE323A01026,nse_equity,SUCCESS,2477,2477,2467,10,2016-09-06,2026-09-07,03:45,0,0,0,10,10,,,10.96,1
2026-09-07T14:32:06,BOSCH-HCIL.NS,NSE_EQ|INE782A01015,nse_equity,SUCCESS,2477,2477,2467,10,2016-09-06,2026-09-07,03:45,0,0,0,10,10,,,11.42,1
2026-09-07T14:32:07,BPCL.NS,NSE_EQ|INE029A01011,nse_equity,SUCCESS,2477,2477,2467,10,2016-09-06,2026-09-07,03:45,0,0,0,10,10,,,11.27,1
2026-09-07T14:32:07,BPLPHARMA.NS,NSE_EQ|INE365Y01019,nse_equity,SUCCESS,16,16,6,10,2026-08-17,2026-09-07,03:45,0,0,0,10,10,,,9.86,1
2026-09-07T14:32:08,BPL.NS,NSE_EQ|INE110A01019,nse_equity,SUCCESS,2477,2477,2467,10,2016-09-06,2026-09-07,03:45,0,0,0,10,10,,,10.91,1
2026-09-07T14:32:08,BRAHMINFRA.NS,NSE_EQ|INE320I01017,nse_equity,SUCCESS,16,16,6,10,2026-08-17,2026-09-07,03:45,0,0,0,10,10,,,10.40,1
2026-09-07T14:32:08,BRIGADE.NS,NSE_EQ|INE791I01019,nse_equity,SUCCESS,2477,2477,2467,10,2016-09-06,2026-09-07,03:45,0,0,0,10,10,,,10.54,1
2026-09-07T14:32:09,BRIGHTBR.NS,NSE_EQ|INE630D01010,nse_equity,SUCCESS,16,16,6,10,2026-08-17,2026-09-07,03:45,0,0,0,10,10,,,10.83,1
2026-09-07T14:32:10,BRIGHOTEL.NS,NSE_EQ|INE03NU01014,nse_equity,SUCCESS,273,273,263,10,2025-07-31,2026-09-07,03:45,0,0,0,10,10,,,11.69,1
2026-09-07T14:32:12,BROOKS.NS,NSE_EQ|INE650L01011,nse_equity,SUCCESS,2477,2477,2477,0,2016-09-06,2026-09-07,03:45,0,0,0,0,0,,,12.77,1
2026-09-07T14:32:12,BRNL.NS,NSE_EQ|INE727S01012,nse_equity,SUCCESS,2222,2222,2212,10,2017-09-18,2026-09-07,03:45,0,0,0,10,10,,,12.79,1
2026-09-07T14:32:13,BRITANNIA.NS,NSE_EQ|INE216A01030,nse_equity,SUCCESS,2477,2477,2467,10,2016-09-06,2026-09-07,03:45,0,0,0,10,10,,,13.57,1
2026-09-07T14:32:14,BSHSL.NS,NSE_EQ|INE032Z01020,nse_equity,SUCCESS,1454,1454,1444,10,2020-10-28,2026-09-07,03:45,0,0,0,10,10,,,13.54,1
2026-09-07T14:32:14,BSE.NS,NSE_EQ|INE118H01025,nse_equity,SUCCESS,2375,2375,2364,11,2017-02-03,2026-09-07,03:45,0,0,0,11,11,,,13.65,1
2026-09-07T14:32:14,BSL.NS,NSE_EQ|INE594B01012,nse_equity,SUCCESS,2477,2477,2467,10,2016-09-06,2026-09-07,03:45,0,0,0,10,10,,,13.08,1
2026-09-07T14:32:15,BTML.NS,NSE_EQ|INE0EEJ01023,nse_equity,SUCCESS,1251,1251,1241,10,2020-10-21,2026-09-07,03:45,0,0,0,10,10,,,13.30,1
2026-09-07T14:32:15,BSOFT.NS,NSE_EQ|INE836A01035,nse_equity,SUCCESS,2477,2477,2467,10,2016-09-06,2026-09-07,03:45,0,0,0,10,10,,,13.34,1
2026-09-07T14:32:15,BUILDPRO.NS,NSE_EQ|INE24OJ01011,nse_equity,SUCCESS,163,163,153,10,2026-01-09,2026-09-07,03:45,0,0,0,10,9,,,12.64,1
2026-09-07T14:32:16,BURNPUR.NS,NSE_EQ|INE817H01022,nse_equity,SUCCESS,20,20,10,10,2026-08-11,2026-09-07,03:45,0,0,0,10,10,,,11.82,1
2026-09-07T14:32:17,BUTTERFLY.NS,NSE_EQ|INE295F01017,nse_equity,SUCCESS,2477,2477,2467,10,2016-09-06,2026-09-07,03:45,0,0,0,10,10,,,11.80,1
2026-09-07T14:32:19,CALSOFT.NS,NSE_EQ|INE526B01014,nse_equity,SUCCESS,2251,2251,2241,10,2017-07-11,2026-09-07,03:45,0,0,0,10,10,,,12.78,1
2026-09-07T14:32:20,BVCL.NS,NSE_EQ|INE139I01011,nse_equity,SUCCESS,2401,2401,2391,10,2016-09-06,2026-09-07,03:45,0,0,0,10,10,,,13.33,1
2026-09-07T14:32:21,CAMPUS.NS,NSE_EQ|INE278Y01022,nse_equity,SUCCESS,1077,1077,1067,10,2022-05-09,2026-09-07,03:45,0,0,0,10,10,,,13.52,1
2026-09-07T14:32:21,CAMLINFINE.NS,NSE_EQ|INE052I01032,nse_equity,SUCCESS,2477,2477,2467,10,2016-09-06,2026-09-07,03:45,0,0,0,10,10,,,13.61,1
2026-09-07T14:32:22,CAMS.NS,NSE_EQ|INE596I01020,nse_equity,SUCCESS,1471,1471,1461,10,2020-10-05,2026-09-07,03:45,0,0,0,10,10,,,14.35,1
2026-09-07T14:32:22,CANBK.NS,NSE_EQ|INE476A01022,nse_equity,SUCCESS,2477,2477,2467,10,2016-09-06,2026-09-07,03:45,0,0,0,10,10,,,14.13,1
2026-09-07T14:32:23,CANHLIFE.NS,NSE_EQ|INE01TY01017,nse_equity,SUCCESS,220,220,210,10,2025-10-17,2026-09-07,03:45,0,0,0,10,10,,,13.43,1
2026-09-07T14:32:24,CANFINHOME.NS,NSE_EQ|INE477A01020,nse_equity,SUCCESS,2477,2477,2467,10,2016-09-06,2026-09-07,03:45,0,0,0,10,9,,,15.25,1
2026-09-07T14:32:24,CANTABIL.NS,NSE_EQ|INE068L01024,nse_equity,SUCCESS,2477,2477,2467,10,2016-09-06,2026-09-07,03:45,0,0,0,10,10,,,14.05,1
2026-09-07T14:32:25,CAPILLARY.NS,NSE_EQ|INE0ILV01024,nse_equity,SUCCESS,197,197,187,10,2025-11-21,2026-09-07,03:45,0,0,0,10,9,,,13.20,1
2026-09-07T14:32:26,CAPACITE.NS,NSE_EQ|INE264T01014,nse_equity,SUCCESS,2217,2217,2207,10,2017-09-25,2026-09-07,03:45,0,0,0,10,10,,,13.52,1
2026-09-07T14:32:26,CAPITALSFB.NS,NSE_EQ|INE646H01017,nse_equity,SUCCESS,636,636,626,10,2024-02-14,2026-09-07,03:45,0,0,0,10,10,,,12.82,1
2026-09-07T14:32:27,CARBORUNIV.NS,NSE_EQ|INE120A01034,nse_equity,SUCCESS,2477,2477,2467,10,2016-09-06,2026-09-07,03:45,0,0,0,10,10,,,13.22,1
2026-09-07T14:32:27,CAPLIPOINT.NS,NSE_EQ|INE475E01026,nse_equity,SUCCESS,2477,2477,2467,10,2016-09-06,2026-09-07,03:45,0,0,0,10,10,,,13.29,1
2026-09-07T14:32:28,CARRARO.NS,NSE_EQ|INE0V7W01012,nse_equity,SUCCESS,420,420,410,10,2024-12-30,2026-09-07,03:45,0,0,0,10,9,,,13.19,1
2026-09-07T14:32:28,CARERATING.NS,NSE_EQ|INE752H01013,nse_equity,SUCCESS,2477,2477,2467,10,2016-09-06,2026-09-07,03:45,0,0,0,10,10,,,13.62,1
2026-09-07T14:32:28,CARTRADE.NS,NSE_EQ|INE290S01011,nse_equity,SUCCESS,1253,1253,1243,10,2021-08-20,2026-09-07,03:45,0,0,0,10,10,,,13.60,1
2026-09-07T14:32:30,CARYSIL.NS,NSE_EQ|INE482D01024,nse_equity,SUCCESS,1400,1400,1390,10,2021-01-14,2026-09-07,03:45,0,0,0,10,9,,,14.29,1
2026-09-07T14:32:31,CCAVENUE.NS,NSE_EQ|INE483S01020,nse_equity,SUCCESS,2477,2477,2467,10,2016-09-06,2026-09-07,03:45,0,0,0,10,10,,,14.57,1
2026-09-07T14:32:31,CASTROLIND.NS,NSE_EQ|INE172A01027,nse_equity,SUCCESS,2477,2477,2467,10,2016-09-06,2026-09-07,03:45,0,0,0,10,10,,,14.67,1
2026-09-07T14:32:33,CCCL.NS,NSE_EQ|INE429I01024,nse_equity,SUCCESS,1728,1728,1718,10,2016-09-06,2026-09-07,03:45,0,0,0,10,10,,,13.77,1
2026-09-07T14:32:33,CCHHL.NS,NSE_EQ|INE652F01027,nse_equity,SUCCESS,2477,2477,2467,10,2016-09-06,2026-09-07,03:45,0,0,0,10,10,,,13.63,1
2026-09-07T14:32:35,CDSL.NS,NSE_EQ|INE736A01011,nse_equity,SUCCESS,2276,2276,2266,10,2017-06-30,2026-09-07,03:45,0,0,0,10,10,,,14.44,1
2026-09-07T14:32:35,CCL.NS,NSE_EQ|INE421D01022,nse_equity,SUCCESS,2477,2477,2467,10,2016-09-06,2026-09-07,03:45,0,0,0,10,10,,,14.55,1
2026-09-07T14:32:36,CEIGALL.NS,NSE_EQ|INE0AG901020,nse_equity,SUCCESS,517,517,507,10,2024-08-08,2026-09-07,03:45,0,0,0,10,10,,,13.28,1
2026-09-07T14:32:37,CEATLTD.NS,NSE_EQ|INE482A01020,nse_equity,SUCCESS,2477,2477,2467,10,2016-09-06,2026-09-07,03:45,0,0,0,10,10,,,14.97,1
2026-09-07T14:32:38,CEINSYS.NS,NSE_EQ|INE016Q01014,nse_equity,SUCCESS,135,135,125,10,2026-02-19,2026-09-07,03:45,0,0,0,10,10,,,14.58,1
2026-09-07T14:32:38,CELLO.NS,NSE_EQ|INE0LMW01024,nse_equity,SUCCESS,705,705,695,10,2023-11-06,2026-09-07,03:45,0,0,0,10,9,,,14.19,1
2026-09-07T14:32:41,CELEBRITY.NS,NSE_EQ|INE185H01016,nse_equity,SUCCESS,2477,2477,2467,10,2016-09-06,2026-09-07,03:45,0,0,0,10,10,,,17.08,1
2026-09-07T14:32:42,CEMNTGROWW.NS,NSE_EQ|INF666M01PH7,nse_equity,SUCCESS,30,30,20,10,2026-07-28,2026-09-07,03:45,0,0,0,10,10,,,16.74,1
2026-09-07T14:32:46,CENTENKA.NS,NSE_EQ|INE485A01015,nse_equity,SUCCESS,2477,2477,2467,10,2016-09-06,2026-09-07,03:45,0,0,0,10,10,,,19.84,1
2026-09-07T14:32:46,CEMPRO.NS,NSE_EQ|INE686A01026,nse_equity,SUCCESS,2477,2477,2467,10,2016-09-06,2026-09-07,03:45,0,0,0,10,10,,,20.37,1
2026-09-07T14:32:46,CENTEXT.NS,NSE_EQ|INE281A01026,nse_equity,SUCCESS,2477,2477,2467,10,2016-09-06,2026-09-07,03:45,0,0,0,10,10,,,19.10,1
2026-09-07T14:32:47,CENTRALBK.NS,NSE_EQ|INE483A01010,nse_equity,SUCCESS,2477,2477,2467,10,2016-09-06,2026-09-07,03:45,0,0,0,10,10,,,19.91,1
2026-09-07T14:32:48,CENTRUM.NS,NSE_EQ|INE660C01027,nse_equity,SUCCESS,2089,2089,2079,10,2018-04-04,2026-09-07,03:45,0,0,0,10,10,,,20.69,1
2026-09-07T14:32:48,CENTUM.NS,NSE_EQ|INE320B01020,nse_equity,SUCCESS,2477,2477,2467,10,2016-09-06,2026-09-07,03:45,0,0,0,10,10,,,20.61,1
2026-09-07T14:32:50,CENTURYPLY.NS,NSE_EQ|INE348B01021,nse_equity,SUCCESS,2477,2477,2467,10,2016-09-06,2026-09-07,03:45,0,0,0,10,10,,,22.27,1
2026-09-07T14:32:52,CERA.NS,NSE_EQ|INE739E01017,nse_equity,SUCCESS,2477,2477,2467,10,2016-09-06,2026-09-07,03:45,0,0,0,10,10,,,21.98,1
2026-09-07T14:32:54,CEWATER.NS,NSE_EQ|INE037Z01029,nse_equity,SUCCESS,421,421,411,10,2024-12-27,2026-09-07,03:45,0,0,0,10,10,,,21.92,1
2026-09-07T14:32:54,CESC.NS,NSE_EQ|INE486A01021,nse_equity,SUCCESS,2477,2477,2467,10,2016-09-06,2026-09-07,03:45,0,0,0,10,10,,,22.13,1
2026-09-07T14:32:56,CFEL.NS,NSE_EQ|INE700F01024,nse_equity,SUCCESS,16,16,6,10,2026-08-17,2026-09-07,03:45,0,0,0,10,10,,,22.72,1
2026-09-07T14:32:57,CGCL.NS,NSE_EQ|INE180C01042,nse_equity,SUCCESS,2477,2477,2467,10,2016-09-06,2026-09-07,03:45,0,0,0,10,10,,,23.50,1
2026-09-07T14:32:59,CGVAK.NS,NSE_EQ|INE084D01010,nse_equity,SUCCESS,16,16,6,10,2026-08-17,2026-09-07,03:45,0,0,0,10,10,,,23.85,1
2026-09-07T14:32:59,CGPOWER.NS,NSE_EQ|INE067A01029,nse_equity,SUCCESS,2477,2477,2467,10,2016-09-06,2026-09-07,03:45,0,0,0,10,10,,,23.87,1
2026-09-07T14:33:02,CHALET.NS,NSE_EQ|INE427F01016,nse_equity,SUCCESS,1879,1879,1869,10,2019-02-07,2026-09-07,03:45,0,0,0,10,10,,,26.35,1
2026-09-07T14:33:02,CHAMBLFERT.NS,NSE_EQ|INE085A01013,nse_equity,SUCCESS,2477,2477,2467,10,2016-09-06,2026-09-07,03:45,0,0,0,10,10,,,24.87,1
2026-09-07T14:33:02,CHEMFAB.NS,NSE_EQ|INE783X01023,nse_equity,SUCCESS,2074,2074,2064,10,2018-04-25,2026-09-07,03:45,0,0,0,10,10,,,24.28,1
2026-09-07T14:33:02,CHEMCRUX.NS,NSE_EQ|INE298W01016,nse_equity,SUCCESS,16,16,6,10,2026-08-17,2026-09-07,03:45,0,0,0,10,10,,,24.29,1
2026-09-07T14:33:03,CHEMICAL.NS,NSE_EQ|INF174KA1XV0,nse_equity,SUCCESS,199,199,189,10,2025-11-19,2026-09-07,03:45,0,0,0,10,10,,,22.05,1
2026-09-07T14:33:04,CHEMPLASTS.NS,NSE_EQ|INE488A01050,nse_equity,SUCCESS,1251,1251,1241,10,2021-08-24,2026-09-07,03:45,0,0,0,10,10,,,22.45,1
2026-09-07T14:33:09,CHEVIOT.NS,NSE_EQ|INE974B01016,nse_equity,SUCCESS,1047,1047,1037,10,2022-06-20,2026-09-07,03:45,0,0,0,10,10,,,22.89,1
2026-09-07T14:33:09,CHENNPETRO.NS,NSE_EQ|INE178A01016,nse_equity,SUCCESS,2477,2477,2466,11,2016-09-06,2026-09-07,03:45,0,0,0,11,11,,,23.29,1
2026-09-07T14:33:10,CHOICEIN.NS,NSE_EQ|INE102B01014,nse_equity,SUCCESS,1095,1095,1085,10,2022-04-08,2026-09-07,03:45,0,0,0,10,10,,,24.09,1
2026-09-07T14:33:10,CHOLAFIN.NS,NSE_EQ|INE121A01024,nse_equity,SUCCESS,2477,2477,2467,10,2016-09-06,2026-09-07,03:45,0,0,0,10,10,,,22.27,1
2026-09-07T14:33:10,CHOLAHLDNG.NS,NSE_EQ|INE149A01033,nse_equity,SUCCESS,2217,2217,2207,10,2017-09-25,2026-09-07,03:45,0,0,0,10,9,,,21.86,1
2026-09-07T14:33:12,CIEINDIA.NS,NSE_EQ|INE536H01010,nse_equity,SUCCESS,2477,2477,2467,10,2016-09-06,2026-09-07,03:45,0,0,0,10,10,,,23.36,1
2026-09-07T14:33:12,CIFL.NS,NSE_EQ|INE345H01024,nse_equity,SUCCESS,346,346,336,10,2025-04-17,2026-09-07,03:45,0,0,0,10,10,,,21.47,1
2026-09-07T14:33:13,CINELINE.NS,NSE_EQ|INE704H01022,nse_equity,SUCCESS,2477,2477,2467,10,2016-09-06,2026-09-07,03:45,0,0,0,10,10,,,20.95,1
2026-09-07T14:33:14,CINEVISTA.NS,NSE_EQ|INE039B01026,nse_equity,SUCCESS,2472,2472,2462,10,2016-09-06,2026-09-07,03:45,0,0,0,10,10,,,19.45,1
2026-09-07T14:33:14,CIPLA.NS,NSE_EQ|INE059A01026,nse_equity,SUCCESS,2477,2477,2467,10,2016-09-06,2026-09-07,03:45,0,0,0,10,10,,,19.82,1
2026-09-07T14:33:15,CLEANMAX.NS,NSE_EQ|INE647U01026,nse_equity,SUCCESS,128,128,118,10,2026-03-02,2026-09-07,03:45,0,0,0,10,10,,,18.48,1
2026-09-07T14:33:15,CLEAN.NS,NSE_EQ|INE227W01023,nse_equity,SUCCESS,1275,1275,1265,10,2021-07-19,2026-09-07,03:45,0,0,0,10,10,,,19.46,1
2026-09-07T14:33:15,CLSEL.NS,NSE_EQ|INE419D01026,nse_equity,SUCCESS,1322,1322,1312,10,2021-05-12,2026-09-07,03:45,0,0,0,10,10,,,16.42,1
2026-09-07T14:33:17,CLEDUCATE.NS,NSE_EQ|INE201M01029,nse_equity,SUCCESS,2337,2337,2337,0,2017-03-31,2026-09-07,03:45,0,0,0,0,0,,,18.07,1
2026-09-07T14:33:19,CMLL.NS,NSE_EQ|INE11XY01018,nse_equity,SUCCESS,32,32,22,10,2026-07-24,2026-09-07,03:45,0,0,0,10,10,,,16.95,1
2026-09-07T14:33:20,CMPDI.NS,NSE_EQ|INE05HV01027,nse_equity,SUCCESS,110,110,100,10,2026-03-30,2026-09-07,03:45,0,0,0,10,10,,,17.70,1
2026-09-07T14:33:21,COFFEEDAY.NS,NSE_EQ|INE335K01011,nse_equity,ERROR,2142,0,0,0,,,03:45,0,1,0,0,0,ValidationError,session date 2025-04-26 is a weekend,10.36,1
2026-09-07T14:33:21,CMRGREEN.NS,NSE_EQ|INE00WV01027,nse_equity,SUCCESS,63,63,53,10,2026-06-10,2026-09-07,03:45,0,0,0,10,9,,,17.75,1
2026-09-07T14:33:21,CMSINFO.NS,NSE_EQ|INE925R01014,nse_equity,SUCCESS,1162,1162,1152,10,2021-12-31,2026-09-07,03:45,0,0,0,10,9,,,17.75,1
2026-09-07T14:33:21,CNL.NS,NSE_EQ|INE985W01018,nse_equity,SUCCESS,2036,2036,2026,10,2017-04-12,2026-09-07,03:45,0,0,0,10,10,,,17.81,1
2026-09-07T14:33:21,COALINDIA.NS,NSE_EQ|INE522F01014,nse_equity,SUCCESS,2477,2477,1918,559,2016-09-06,2026-09-07,03:45,0,0,0,559,11,,,16.65,1
2026-09-07T14:33:26,COHANCE.NS,NSE_EQ|INE03QK01018,nse_equity,SUCCESS,1613,1613,1603,10,2020-03-09,2026-09-07,03:45,0,0,0,10,10,,,14.10,1
2026-09-07T14:33:26,COCKERILL.NS,NSE_EQ|INE515A01019,nse_equity,SUCCESS,98,98,88,10,2026-04-20,2026-09-07,03:45,0,0,0,10,10,,,15.60,1
2026-09-07T14:33:26,COASTCORP.NS,NSE_EQ|INE377E01024,nse_equity,SUCCESS,1219,1219,1209,10,2021-10-08,2026-09-07,03:45,0,0,0,10,10,,,16.89,1
2026-09-07T14:33:26,COCHINSHIP.NS,NSE_EQ|INE704P01025,nse_equity,SUCCESS,2246,2246,2236,10,2017-08-11,2026-09-07,03:45,0,0,0,10,10,,,16.71,1
2026-09-07T14:33:27,COLPAL.NS,NSE_EQ|INE259A01022,nse_equity,SUCCESS,2477,2477,2467,10,2016-09-06,2026-09-07,03:45,0,0,0,10,9,,,14.57,1
2026-09-07T14:33:27,COFORGE.NS,NSE_EQ|INE591G01025,nse_equity,SUCCESS,2477,2477,2391,86,2016-09-06,2026-09-07,03:45,0,0,0,86,84,,,16.34,1
2026-09-07T14:33:28,COMFINTE.NS,NSE_EQ|INE819A01049,nse_equity,SUCCESS,98,98,88,10,2026-04-20,2026-09-07,03:45,0,0,0,10,10,,,14.73,1
2026-09-07T14:33:30,COMPEAU.NS,NSE_EQ|INE823B01015,nse_equity,SUCCESS,16,16,6,10,2026-08-17,2026-09-07,03:45,0,0,0,10,10,,,16.12,1
2026-09-07T14:33:30,COMPUSOFT.NS,NSE_EQ|INE453B01029,nse_equity,SUCCESS,2477,2477,2467,10,2016-09-06,2026-09-07,03:45,0,0,0,10,10,,,15.93,1
2026-09-07T14:33:30,CONCOR.NS,NSE_EQ|INE111A01025,nse_equity,SUCCESS,2477,2477,2467,10,2016-09-06,2026-09-07,03:45,0,0,0,10,10,,,15.10,1
2026-09-07T14:33:31,COMSYN.NS,NSE_EQ|INE073V01015,nse_equity,SUCCESS,650,650,640,10,2024-01-23,2026-09-07,03:45,0,0,0,10,10,,,15.36,1
2026-09-07T14:33:33,CONCORDBIO.NS,NSE_EQ|INE338H01029,nse_equity,SUCCESS,758,758,748,10,2023-08-18,2026-09-07,03:45,0,0,0,10,10,,,17.14,1
2026-09-07T14:33:33,CONFIPET.NS,NSE_EQ|INE552D01024,nse_equity,SUCCESS,1796,1796,1786,10,2019-06-13,2026-09-07,03:45,0,0,0,10,10,,,16.29,1
2026-09-07T14:33:36,CONS.NS,NSE_EQ|INF174KA1ZF8,nse_equity,SUCCESS,1000,1000,990,10,2022-08-04,2026-09-07,03:45,0,0,0,10,10,,,16.51,1
2026-09-07T14:33:37,CONSUMAXIS.NS,NSE_EQ|INF846K016C7,nse_equity,SUCCESS,1230,1230,1220,10,2021-09-23,2026-09-07,03:45,0,0,0,10,10,,,16.77,1
2026-09-07T14:33:37,CORDELIA.NS,NSE_EQ|INE0LZF01039,nse_equity,SUCCESS,49,49,39,10,2026-07-01,2026-09-07,03:45,0,0,0,10,10,,,16.60,1
2026-09-07T14:33:37,CONSUMER.NS,NSE_EQ|INF769K01NS5,nse_equity,SUCCESS,418,418,408,10,2025-01-01,2026-09-07,03:45,0,0,0,10,10,,,16.69,1
2026-09-07T14:33:38,CORALFINAC.NS,NSE_EQ|INE558D01021,nse_equity,SUCCESS,2337,2337,2327,10,2017-03-29,2026-09-07,03:45,0,0,0,10,10,,,16.90,1
2026-09-07T14:33:38,CONTROLPR.NS,NSE_EQ|INE663B01015,nse_equity,SUCCESS,2477,2477,2467,10,2016-09-06,2026-09-07,03:45,0,0,0,10,10,,,17.48,1
2026-09-07T14:33:39,CORDSCABLE.NS,NSE_EQ|INE792I01017,nse_equity,SUCCESS,2477,2477,2467,10,2016-09-06,2026-09-07,03:45,0,0,0,10,10,,,18.15,1
2026-09-07T14:33:42,CORONA.NS,NSE_EQ|INE02ZQ01018,nse_equity,SUCCESS,181,181,171,10,2025-12-15,2026-09-07,03:45,0,0,0,10,10,,,15.94,1
2026-09-07T14:33:42,COSMOFIRST.NS,NSE_EQ|INE757A01017,nse_equity,SUCCESS,2477,2477,2467,10,2016-09-06,2026-09-07,03:45,0,0,0,10,10,,,15.96,1
2026-09-07T14:33:42,CPCAP.NS,NSE_EQ|INE521J01018,nse_equity,SUCCESS,2477,2477,2467,10,2016-09-06,2026-09-07,03:45,0,0,0,10,10,,,15.96,1
2026-09-07T14:33:42,CPEDU.NS,NSE_EQ|INE0P6P01016,nse_equity,SUCCESS,249,249,239,10,2025-09-05,2026-09-07,03:45,0,0,0,10,10,,,15.71,1
2026-09-07T14:33:43,CPPLUS.NS,NSE_EQ|INE819V01029,nse_equity,SUCCESS,270,270,260,10,2025-08-05,2026-09-07,03:45,0,0,0,10,10,,,15.40,1
2026-09-07T14:33:43,COROMANDEL.NS,NSE_EQ|INE169A01031,nse_equity,SUCCESS,2477,2477,2467,10,2016-09-06,2026-09-07,03:45,0,0,0,10,10,,,17.08,1
2026-09-07T14:33:43,CPL.NS,NSE_EQ|INE536P01021,nse_equity,SUCCESS,33,33,23,10,2026-07-23,2026-09-07,03:45,0,0,0,10,10,,,16.42,1
2026-09-07T14:33:44,CRAFTSMAN.NS,NSE_EQ|INE00LO01017,nse_equity,SUCCESS,1352,1352,1342,10,2021-03-25,2026-09-07,03:45,0,0,0,10,10,,,14.09,1
2026-09-07T14:33:44,CRAVATEX.NS,NSE_EQ|INE145E01017,nse_equity,SUCCESS,16,16,6,10,2026-08-17,2026-09-07,03:45,0,0,0,10,10,,,13.70,1
2026-09-07T14:33:45,CRAMC.NS,NSE_EQ|INE218I01013,nse_equity,SUCCESS,221,221,211,10,2025-10-16,2026-09-07,03:45,0,0,0,10,10,,,14.51,1
2026-09-07T14:33:45,CREATIVEYE.NS,NSE_EQ|INE230B01021,nse_equity,SUCCESS,1653,1653,1643,10,2018-12-12,2026-09-07,03:45,0,0,0,10,10,,,14.75,1
2026-09-07T14:33:48,CREDITACC.NS,NSE_EQ|INE741K01010,nse_equity,SUCCESS,1991,1991,1981,10,2018-08-23,2026-09-07,03:45,0,0,0,10,9,,,15.57,1
2026-09-07T14:33:50,CREST.NS,NSE_EQ|INE559D01011,nse_equity,SUCCESS,2477,2477,2467,10,2016-09-06,2026-09-07,03:45,0,0,0,10,10,,,16.49,1
2026-09-07T14:33:51,CRIZAC.NS,NSE_EQ|INE0S4R01014,nse_equity,SUCCESS,289,289,279,10,2025-07-09,2026-09-07,03:45,0,0,0,10,10,,,13.72,1
2026-09-07T14:33:51,CRISIL.NS,NSE_EQ|INE007A01025,nse_equity,SUCCESS,2477,2477,2467,10,2016-09-06,2026-09-07,03:45,0,0,0,10,10,,,14.90,1
2026-09-07T14:33:52,CTE.NS,NSE_EQ|INE627H01017,nse_equity,ERROR,2478,0,0,0,,,03:45,0,1,0,10,10,ValidationError,session date 2025-04-26 is a weekend,10.07,1
2026-09-07T14:33:54,CURAA.NS,NSE_EQ|INE117B01020,nse_equity,ERROR,357,0,0,0,,,03:45,0,1,0,10,10,ValidationError,session date 2025-04-26 is a weekend,10.54,1
2026-09-07T14:33:59,DANGEE.NS,NSE_EQ|INE688Y01022,nse_equity,ERROR,1443,0,0,0,,,03:45,0,1,0,10,10,ValidationError,session date 2025-04-26 is a weekend,6.67,1
2026-09-07T14:34:07,CRSL.NS,NSE_EQ|INE716D01033,nse_equity,SUCCESS,16,16,6,10,2026-08-17,2026-09-07,03:45,0,0,0,10,10,,,29.14,1
2026-09-07T14:34:07,CSM.NS,NSE_EQ|INE0ZK601013,nse_equity,SUCCESS,48,48,38,10,2026-07-02,2026-09-07,03:45,0,0,0,10,10,,,25.48,1
2026-09-07T14:34:08,CROWN.NS,NSE_EQ|INE491V01019,nse_equity,SUCCESS,1452,1452,1442,10,2016-09-27,2026-09-07,03:45,0,0,0,10,10,,,30.17,1
2026-09-07T14:34:08,CSBBANK.NS,NSE_EQ|INE679A01013,nse_equity,SUCCESS,1680,1680,1670,10,2019-12-04,2026-09-07,03:45,0,0,0,10,10,,,29.91,1
2026-09-07T14:34:08,CROMPTON.NS,NSE_EQ|INE299U01018,nse_equity,SUCCESS,2477,2477,2467,10,2016-09-06,2026-09-07,03:45,0,0,0,10,10,,,30.79,1
2026-09-07T14:34:08,DAICHI.NS,NSE_EQ|INE928C01010,nse_equity,SUCCESS,98,98,88,10,2026-04-20,2026-09-07,03:45,0,0,0,10,10,,,19.84,1
2026-09-07T14:34:08,CSLFINANCE.NS,NSE_EQ|INE718F01018,nse_equity,SUCCESS,1024,1024,1014,10,2022-07-21,2026-09-07,03:45,0,0,0,10,10,,,28.33,1
2026-09-07T14:34:08,DAMCAPITAL.NS,NSE_EQ|INE284H01025,nse_equity,SUCCESS,421,421,411,10,2024-12-27,2026-09-07,03:45,0,0,0,10,10,,,17.15,1
2026-09-07T14:34:09,CYIENTDLM.NS,NSE_EQ|INE055S01018,nse_equity,SUCCESS,786,786,776,10,2023-07-10,2026-09-07,03:45,0,0,0,10,10,,,23.65,1
2026-09-07T14:34:09,CYBERMEDIA.NS,NSE_EQ|INE278G01037,nse_equity,SUCCESS,1935,1935,1925,10,2016-10-10,2026-09-07,03:45,0,0,0,10,10,,,24.42,1
2026-09-07T14:34:09,CUBEXTUB.NS,NSE_EQ|INE144D01012,nse_equity,SUCCESS,2402,2402,2392,10,2016-09-06,2026-09-07,03:45,0,0,0,10,10,,,26.21,1
2026-09-07T14:34:09,DALMIASUG.NS,NSE_EQ|INE495A01022,nse_equity,SUCCESS,2477,2477,2467,10,2016-09-06,2026-09-07,03:45,0,0,0,10,10,,,17.54,1
2026-09-07T14:34:09,DALBHARAT.NS,NSE_EQ|INE00R701025,nse_equity,SUCCESS,1881,1881,1871,10,2019-02-05,2026-09-07,03:45,0,0,0,10,10,,,18.66,1
2026-09-07T14:34:09,DABUR.NS,NSE_EQ|INE016A01026,nse_equity,SUCCESS,2477,2477,2467,10,2016-09-06,2026-09-07,03:45,0,0,0,10,10,,,22.46,1
2026-09-07T14:34:09,DATAMATICS.NS,NSE_EQ|INE365B01017,nse_equity,SUCCESS,2477,2477,2467,10,2016-09-06,2026-09-07,03:45,0,0,0,10,10,,,14.95,1
2026-09-07T14:34:09,CUB.NS,NSE_EQ|INE491A01021,nse_equity,SUCCESS,2477,2477,2467,10,2016-09-06,2026-09-07,03:45,0,0,0,10,10,,,26.91,1
2026-09-07T14:34:09,CUMMINSIND.NS,NSE_EQ|INE298A01020,nse_equity,SUCCESS,2477,2477,2467,10,2016-09-06,2026-09-07,03:45,0,0,0,10,10,,,25.80,1
2026-09-07T14:34:09,CUPID.NS,NSE_EQ|INE509F01029,nse_equity,SUCCESS,2469,2469,2458,11,2016-09-16,2026-09-07,03:45,0,0,0,11,11,,,25.74,1
2026-09-07T14:34:09,CYIENT.NS,NSE_EQ|INE136B01020,nse_equity,SUCCESS,2477,2477,2467,10,2016-09-06,2026-09-07,03:45,0,0,0,10,10,,,24.61,1
2026-09-07T14:34:09,DATAPATTNS.NS,NSE_EQ|INE0IX101010,nse_equity,SUCCESS,1167,1167,1156,11,2021-12-24,2026-09-07,03:45,0,0,0,11,11,,,10.23,1
2026-09-07T14:34:14,DAVANGERE.NS,NSE_EQ|INE179G01029,nse_equity,SUCCESS,649,649,639,10,2024-01-25,2026-09-07,03:45,0,0,0,10,10,,,6.33,1
2026-09-07T14:34:14,DBCORP.NS,NSE_EQ|INE950I01011,nse_equity,SUCCESS,2477,2477,2467,10,2016-09-06,2026-09-07,03:45,0,0,0,10,10,,,6.32,1
2026-09-07T14:34:18,DCMSIL.NS,NSE_EQ|INE0OU201013,nse_equity,SUCCESS,137,137,127,10,2026-02-17,2026-09-07,03:45,0,0,0,10,10,,,9.07,1
2026-09-07T14:34:18,DBOL.NS,NSE_EQ|INE0I3401014,nse_equity,ERROR,993,0,0,0,,,03:45,0,1,0,10,10,ValidationError,session date 2025-04-26 is a weekend,9.60,1
2026-09-07T14:34:18,DBREALTY.NS,NSE_EQ|INE879I01012,nse_equity,SUCCESS,2445,2445,2435,10,2016-09-06,2026-09-07,03:45,0,0,0,10,10,,,9.86,1
2026-09-07T14:34:18,DCI.NS,NSE_EQ|INE0A1101019,nse_equity,SUCCESS,1164,1164,1154,10,2019-12-27,2026-09-07,03:45,0,0,0,10,10,,,9.53,1
2026-09-07T14:34:18,DCAL.NS,NSE_EQ|INE385W01011,nse_equity,SUCCESS,2219,2219,2209,10,2017-09-21,2026-09-07,03:45,0,0,0,10,10,,,9.92,1
2026-09-07T14:34:19,DCMSRIND.NS,NSE_EQ|INE843D01027,nse_equity,SUCCESS,1167,1167,1157,10,2021-12-24,2026-09-07,03:45,0,0,0,10,10,,,10.65,1
2026-09-07T14:34:27,DCMFINSERV.NS,NSE_EQ|INE891B01012,nse_equity,SUCCESS,1637,1637,1627,10,2018-04-26,2026-09-07,03:45,0,0,0,10,10,,,18.05,1
2026-09-07T14:34:27,DBL.NS,NSE_EQ|INE917M01012,nse_equity,SUCCESS,2477,2477,2467,10,2016-09-06,2026-09-07,03:45,0,0,0,10,9,,,19.09,1
2026-09-07T14:34:27,DBEIL.NS,NSE_EQ|INE0OPA01027,nse_equity,SUCCESS,462,462,462,0,2024-10-28,2026-09-07,03:45,0,0,0,0,0,,,19.71,1
2026-09-07T14:34:27,DCMSHRIRAM.NS,NSE_EQ|INE499A01024,nse_equity,SUCCESS,2477,2477,2467,10,2016-09-06,2026-09-07,03:45,0,0,0,10,10,,,18.70,1
2026-09-07T14:34:28,DEEDEV.NS,NSE_EQ|INE841L01016,nse_equity,SUCCESS,547,547,537,10,2024-06-26,2026-09-07,03:45,0,0,0,10,10,,,19.00,1
2026-09-07T14:34:28,DEEP.NS,NSE_EQ|INE00IY01012,nse_equity,SUCCESS,16,16,6,10,2026-08-17,2026-09-07,03:45,0,0,0,10,10,,,18.98,1
2026-09-07T14:34:29,DCXINDIA.NS,NSE_EQ|INE0KL801015,nse_equity,SUCCESS,949,949,939,10,2022-11-11,2026-09-07,03:45,0,0,0,10,10,,,20.38,1
2026-09-07T14:34:29,DCMNVL.NS,NSE_EQ|INE08KP01019,nse_equity,SUCCESS,1773,1773,1763,10,2019-07-16,2026-09-07,03:45,0,0,0,10,10,,,20.62,1
2026-09-07T14:34:29,DCBBANK.NS,NSE_EQ|INE503A01015,nse_equity,SUCCESS,2477,2477,2467,10,2016-09-06,2026-09-07,03:45,0,0,0,10,10,,,20.85,1
2026-09-07T14:34:30,DDEVPLSTIK.NS,NSE_EQ|INE0HR601026,nse_equity,SUCCESS,408,408,398,10,2025-01-15,2026-09-07,03:45,0,0,0,10,10,,,21.07,1
2026-09-07T14:34:31,DECCANCE.NS,NSE_EQ|INE583C01021,nse_equity,SUCCESS,2477,2477,2467,10,2016-09-06,2026-09-07,03:45,0,0,0,10,10,,,21.83,1
2026-09-07T14:34:31,DCW.NS,NSE_EQ|INE500A01029,nse_equity,SUCCESS,2477,2477,2467,10,2016-09-06,2026-09-07,03:45,0,0,0,10,10,,,21.98,1
2026-09-07T14:34:33,DEEPAKNTR.NS,NSE_EQ|INE288B01029,nse_equity,SUCCESS,2477,2477,2467,10,2016-09-06,2026-09-07,03:45,0,0,0,10,10,,,19.32,1
2026-09-07T14:34:34,DEEPAKFERT.NS,NSE_EQ|INE501A01019,nse_equity,SUCCESS,2477,2477,2467,10,2016-09-06,2026-09-07,03:45,0,0,0,10,10,,,20.42,1
2026-09-07T14:34:37,DEEPINDS.NS,NSE_EQ|INE0FHS01024,nse_equity,SUCCESS,1333,1333,1323,10,2021-04-27,2026-09-07,03:45,0,0,0,10,10,,,18.83,1
2026-09-07T14:34:37,DEFENCE.NS,NSE_EQ|INF769K01QC2,nse_equity,SUCCESS,135,135,125,10,2026-02-19,2026-09-07,03:45,0,0,0,10,10,,,18.45,1
2026-09-07T14:34:37,DELHIVERY.NS,NSE_EQ|INE148O01028,nse_equity,SUCCESS,1066,1066,1056,10,2022-05-24,2026-09-07,03:45,0,0,0,10,10,,,18.94,1
2026-09-07T14:34:37,DELTACORP.NS,NSE_EQ|INE124G01033,nse_equity,SUCCESS,2477,2477,2467,10,2016-09-06,2026-09-07,03:45,0,0,0,10,10,,,18.95,1
2026-09-07T14:34:37,DELTAMAGNT.NS,NSE_EQ|INE393A01011,nse_equity,SUCCESS,2333,2333,2323,10,2016-09-06,2026-09-07,03:45,0,0,0,10,10,,,18.86,1
2026-09-07T14:34:38,DEN.NS,NSE_EQ|INE947J01015,nse_equity,SUCCESS,2477,2477,2467,10,2016-09-06,2026-09-07,03:45,0,0,0,10,10,,,18.68,1
2026-09-07T14:34:43,DENTA.NS,NSE_EQ|INE0R4L01018,nse_equity,SUCCESS,398,398,388,10,2025-01-29,2026-09-07,03:45,0,0,0,10,10,,,15.41,1
2026-09-07T14:34:44,DEVIT.NS,NSE_EQ|INE060X01034,nse_equity,SUCCESS,1131,1131,1121,10,2022-02-15,2026-09-07,03:45,0,0,0,10,10,,,16.45,1
2026-09-07T14:34:44,DENORA.NS,NSE_EQ|INE244A01016,nse_equity,SUCCESS,2477,2477,2467,10,2016-09-06,2026-09-07,03:45,0,0,0,10,10,,,16.68,1
2026-09-07T14:34:44,DEVX.NS,NSE_EQ|INE0VOV01021,nse_equity,SUCCESS,241,241,231,10,2025-09-17,2026-09-07,03:45,0,0,0,10,10,,,16.19,1
2026-09-07T14:34:46,DGCONTENT.NS,NSE_EQ|INE03JI01017,nse_equity,SUCCESS,1749,1749,1739,10,2019-06-18,2026-09-07,03:45,0,0,0,10,10,,,17.68,1
2026-09-07T14:34:46,DHABRIYA.NS,NSE_EQ|INE260R01016,nse_equity,SUCCESS,16,16,6,10,2026-08-17,2026-09-07,03:45,0,0,0,10,10,,,16.50,1
2026-09-07T14:34:46,DEVYANI.NS,NSE_EQ|INE872J01023,nse_equity,SUCCESS,1256,1256,1246,10,2021-08-16,2026-09-07,03:45,0,0,0,10,10,,,18.29,1
2026-09-07T14:34:46,DHAMPURSUG.NS,NSE_EQ|INE041A01016,nse_equity,SUCCESS,2477,2477,2467,10,2016-09-06,2026-09-07,03:45,0,0,0,10,10,,,16.99,1
2026-09-07T14:34:46,DHANUKA.NS,NSE_EQ|INE435G01025,nse_equity,SUCCESS,2477,2477,2467,10,2016-09-06,2026-09-07,03:45,0,0,0,10,10,,,16.41,1
2026-09-07T14:34:47,DHATRE.NS,NSE_EQ|INE715T01031,nse_equity,SUCCESS,16,16,6,10,2026-08-17,2026-09-07,03:45,0,0,0,10,10,,,15.73,1
2026-09-07T14:34:47,DHARMAJ.NS,NSE_EQ|INE00OQ01016,nse_equity,SUCCESS,930,930,920,10,2022-12-08,2026-09-07,03:45,0,0,0,10,10,,,16.39,1
2026-09-07T14:34:47,DHANBANK.NS,NSE_EQ|INE680A01011,nse_equity,SUCCESS,2451,2451,2441,10,2016-09-06,2026-09-07,03:45,0,0,0,10,10,,,18.01,1
2026-09-07T14:34:51,DHOOTTRANS.NS,NSE_EQ|INE01NH01023,nse_equity,SUCCESS,16,16,5,11,2026-08-17,2026-09-07,03:45,0,0,0,11,11,,,17.39,1
2026-09-07T14:34:53,DHRUV.NS,NSE_EQ|INE506Z01015,nse_equity,SUCCESS,1199,1199,1189,10,2017-01-04,2026-09-07,03:45,0,0,0,10,10,,,17.79,1
2026-09-07T14:34:54,DIFFNKG.NS,NSE_EQ|INE184O01015,nse_equity,SUCCESS,478,478,468,10,2024-10-04,2026-09-07,03:45,0,0,0,10,10,,,17.01,1
2026-09-07T14:34:54,DHUNINV.NS,NSE_EQ|INE320L01011,nse_equity,SUCCESS,2477,2477,2467,10,2016-09-06,2026-09-07,03:45,0,0,0,10,10,,,17.79,1
2026-09-07T14:34:54,DICIND.NS,NSE_EQ|INE303A01010,nse_equity,SUCCESS,2477,2477,2467,10,2016-09-06,2026-09-07,03:45,0,0,0,10,10,,,17.29,1
2026-09-07T14:34:54,DIAMINESQ.NS,NSE_EQ|INE591D01014,nse_equity,SUCCESS,733,733,723,10,2023-09-25,2026-09-07,03:45,0,0,0,10,10,,,17.79,1
2026-09-07T14:34:56,DIAMONDYD.NS,NSE_EQ|INE393P01035,nse_equity,SUCCESS,2210,2210,2200,10,2017-10-05,2026-09-07,03:45,0,0,0,10,10,,,18.51,1
2026-09-07T14:34:56,DIGIDRIVE.NS,NSE_EQ|INE0PSC01024,nse_equity,SUCCESS,660,660,650,10,2024-01-10,2026-09-07,03:45,0,0,0,10,10,,,17.24,1
2026-09-07T14:34:56,DIGITIDE.NS,NSE_EQ|INE0U4701011,nse_equity,SUCCESS,309,309,299,10,2025-06-11,2026-09-07,03:45,0,0,0,10,10,,,12.51,1
2026-09-07T14:34:58,DIGISPICE.NS,NSE_EQ|INE927C01020,nse_equity,SUCCESS,2477,2477,2467,10,2016-09-06,2026-09-07,03:45,0,0,0,10,10,,,14.08,1
2026-09-07T14:34:58,DISAQ.NS,NSE_EQ|INE131C01011,nse_equity,SUCCESS,98,98,88,10,2026-04-20,2026-09-07,03:45,0,0,0,10,10,,,14.03,1
2026-09-07T14:34:58,DIGJAMLMTD.NS,NSE_EQ|INE731U01028,nse_equity,SUCCESS,1086,1086,1076,10,2021-10-18,2026-09-07,03:45,0,0,0,10,10,,,14.43,1
2026-09-07T14:35:00,DIVIDEND.NS,NSE_EQ|INF769K01PY8,nse_equity,SUCCESS,177,177,167,10,2025-12-19,2026-09-07,03:45,0,0,0,10,10,,,13.53,1
2026-09-07T14:35:00,DIVGIITTS.NS,NSE_EQ|INE753U01022,nse_equity,SUCCESS,864,864,854,10,2023-03-14,2026-09-07,03:45,0,0,0,10,9,,,13.65,1
2026-09-07T14:35:01,DISHTV.NS,NSE_EQ|INE836F01026,nse_equity,SUCCESS,2477,2477,2467,10,2016-09-06,2026-09-07,03:45,0,0,0,10,10,,,14.98,1
2026-09-07T14:35:02,DJML.NS,NSE_EQ|INE0B1K01014,nse_equity,SUCCESS,933,933,923,10,2022-12-05,2026-09-07,03:45,0,0,0,10,10,,,15.32,1
2026-09-07T14:35:02,DIVISLAB.NS,NSE_EQ|INE361B01024,nse_equity,SUCCESS,2477,2477,2466,11,2016-09-06,2026-09-07,03:45,0,0,0,11,11,,,15.60,1
2026-09-07T14:35:02,DIXON.NS,NSE_EQ|INE935N01020,nse_equity,SUCCESS,2222,2222,2211,11,2017-09-18,2026-09-07,03:45,0,0,0,11,11,,,15.38,1
2026-09-07T14:35:03,DLF.NS,NSE_EQ|INE271C01023,nse_equity,SUCCESS,2477,2477,2467,10,2016-09-06,2026-09-07,03:45,0,0,0,10,10,,,16.09,1
2026-09-07T14:35:03,DLINKINDIA.NS,NSE_EQ|INE250K01012,nse_equity,SUCCESS,2477,2477,2467,10,2016-09-06,2026-09-07,03:45,0,0,0,10,10,,,16.08,1
2026-09-07T14:35:06,DMART.NS,NSE_EQ|INE192R01011,nse_equity,SUCCESS,2345,2345,2335,10,2017-03-21,2026-09-07,03:45,0,0,0,10,10,,,15.17,1
2026-09-07T14:35:08,DOLPHIN.NS,NSE_EQ|INE920A01037,nse_equity,ERROR,757,0,0,0,,,03:45,0,1,0,10,10,ValidationError,session date 2025-04-26 is a weekend,12.06,1
2026-09-07T14:35:09,DMCC.NS,NSE_EQ|INE505A01010,nse_equity,SUCCESS,1183,1183,1173,10,2021-12-01,2026-09-07,03:45,0,0,0,10,10,,,16.67,1
2026-09-07T14:35:10,DOLATALGO.NS,NSE_EQ|INE966A01022,nse_equity,SUCCESS,1750,1750,1740,10,2019-08-20,2026-09-07,03:45,0,0,0,10,10,,,15.90,1
2026-09-07T14:35:11,DOLLAR.NS,NSE_EQ|INE325C01035,nse_equity,SUCCESS,2324,2324,2314,10,2017-04-21,2026-09-07,03:45,0,0,0,10,10,,,16.18,1
2026-09-07T14:35:11,DODLA.NS,NSE_EQ|INE021O01019,nse_equity,SUCCESS,1290,1290,1280,10,2021-06-28,2026-09-07,03:45,0,0,0,10,10,,,16.18,1
2026-09-07T14:35:11,DNAMEDIA.NS,NSE_EQ|INE016M01021,nse_equity,SUCCESS,2098,2098,2088,10,2017-12-11,2026-09-07,03:45,0,0,0,10,10,,,16.69,1
2026-09-07T14:35:13,DOMS.NS,NSE_EQ|INE321T01012,nse_equity,SUCCESS,674,674,664,10,2023-12-20,2026-09-07,03:45,0,0,0,10,10,,,17.34,1
2026-09-07T14:35:14,DONEAR.NS,NSE_EQ|INE668D01028,nse_equity,SUCCESS,2477,2477,2467,10,2016-09-06,2026-09-07,03:45,0,0,0,10,10,,,17.46,1
2026-09-07T14:35:15,DPABHUSHAN.NS,NSE_EQ|INE266Y01019,nse_equity,SUCCESS,1862,1862,1852,10,2017-10-23,2026-09-07,03:45,0,0,0,10,10,,,16.94,1
2026-09-07T14:35:16,DRAGARWQ.NS,NSE_EQ|INE934C01018,nse_equity,SUCCESS,98,98,88,10,2026-04-20,2026-09-07,03:45,0,0,0,10,10,,,18.24,1
2026-09-07T14:35:16,DRCSYSTEMS.NS,NSE_EQ|INE03RS01027,nse_equity,SUCCESS,1484,1484,1474,10,2016-09-06,2026-09-07,03:45,0,0,0,10,10,,,17.85,1
2026-09-07T14:35:19,DREAMFOLKS.NS,NSE_EQ|INE0JS101016,nse_equity,SUCCESS,994,994,984,10,2022-09-06,2026-09-07,03:45,0,0,0,10,10,,,19.06,1
2026-09-07T14:35:19,DREDGECORP.NS,NSE_EQ|INE506A01018,nse_equity,SUCCESS,2477,2477,2467,10,2016-09-06,2026-09-07,03:45,0,0,0,10,10,,,18.99,1
2026-09-07T14:35:21,DRREDDY.NS,NSE_EQ|INE089A01031,nse_equity,SUCCESS,2477,2477,2391,86,2016-09-06,2026-09-07,03:45,0,0,0,86,84,,,19.70,1
2026-09-07T14:35:21,DSSL.NS,NSE_EQ|INE417B01040,nse_equity,SUCCESS,2271,2271,2261,10,2016-12-13,2026-09-07,03:45,0,0,0,10,10,,,19.14,1
2026-09-07T14:35:23,DTIL.NS,NSE_EQ|INE341R01014,nse_equity,SUCCESS,2477,2477,2467,10,2016-09-06,2026-09-07,03:45,0,0,0,10,10,,,21.00,1
2026-09-07T14:35:24,DUCON.NS,NSE_EQ|INE741L01018,nse_equity,SUCCESS,2477,2477,2467,10,2016-09-06,2026-09-07,03:45,0,0,0,10,10,,,21.70,1
2026-09-07T14:35:25,DVL.NS,NSE_EQ|INE477B01010,nse_equity,SUCCESS,2477,2477,2467,10,2016-09-06,2026-09-07,03:45,0,0,0,10,10,,,21.54,1
2026-09-07T14:35:25,DWARKESH.NS,NSE_EQ|INE366A01041,nse_equity,SUCCESS,2451,2451,2441,10,2016-09-06,2026-09-07,03:45,0,0,0,10,10,,,21.56,1
2026-09-07T14:35:26,DYCL.NS,NSE_EQ|INE600Y01019,nse_equity,SUCCESS,1020,1020,1010,10,2022-07-27,2026-09-07,03:45,0,0,0,10,10,,,19.68,1
2026-09-07T14:35:27,DYNPRO.NS,NSE_EQ|INE256H01015,nse_equity,SUCCESS,2263,2263,2253,10,2017-07-19,2026-09-07,03:45,0,0,0,10,10,,,17.79,1
2026-09-07T14:35:27,DYNAMATECH.NS,NSE_EQ|INE221B01012,nse_equity,SUCCESS,2477,2477,2467,10,2016-09-06,2026-09-07,03:45,0,0,0,10,9,,,19.00,1
2026-09-07T14:35:28,EASEMYTRIP.NS,NSE_EQ|INE07O001026,nse_equity,SUCCESS,1356,1356,1346,10,2021-03-19,2026-09-07,03:45,0,0,0,10,10,,,17.27,1
2026-09-07T14:35:28,EBANK10.NS,NSE_EQ|INF754K01XH9,nse_equity,SUCCESS,24,24,14,10,2026-08-05,2026-09-07,03:45,0,0,0,10,10,,,17.04,1
2026-09-07T14:35:28,EASTWEST.NS,NSE_EQ|INE595R01023,nse_equity,SUCCESS,16,16,6,10,2026-08-17,2026-09-07,03:45,0,0,0,10,10,,,17.11,1
2026-09-07T14:35:28,EBGNG.NS,NSE_EQ|INE18JU01028,nse_equity,SUCCESS,274,274,264,10,2025-07-30,2026-09-07,03:45,0,0,0,10,10,,,17.11,1
2026-09-07T14:35:30,EBIX.NS,NSE_EQ|INE432F01032,nse_equity,SUCCESS,16,16,6,10,2026-08-17,2026-09-07,03:45,0,0,0,10,10,,,16.20,1
2026-09-07T14:35:32,ECAPINSURE.NS,NSE_EQ|INF754K01TX4,nse_equity,SUCCESS,415,415,405,10,2025-01-06,2026-09-07,03:45,0,0,0,10,10,,,17.71,1
2026-09-07T14:35:32,ECLERX.NS,NSE_EQ|INE738I01010,nse_equity,SUCCESS,2477,2477,2467,10,2016-09-06,2026-09-07,03:45,0,0,0,10,10,,,16.75,1
2026-09-07T14:35:33,ECORECO.NS,NSE_EQ|INE316A01038,nse_equity,SUCCESS,16,16,6,10,2026-08-17,2026-09-07,03:45,0,0,0,10,10,,,16.42,1
2026-09-07T14:35:34,EFCIL.NS,NSE_EQ|INE886D01026,nse_equity,SUCCESS,260,260,250,10,2025-08-20,2026-09-07,03:45,0,0,0,10,9,,,15.03,1
2026-09-07T14:35:34,ECOSMOBLTY.NS,NSE_EQ|INE06HJ01020,nse_equity,SUCCESS,499,499,489,10,2024-09-04,2026-09-07,03:45,0,0,0,10,10,,,17.70,1
2026-09-07T14:35:34,EDELWEISS.NS,NSE_EQ|INE532F01054,nse_equity,SUCCESS,2477,2477,2467,10,2016-09-06,2026-09-07,03:45,0,0,0,10,10,,,15.17,1
2026-09-07T14:35:35,EICHERMOT.NS,NSE_EQ|INE066A01021,nse_equity,SUCCESS,2477,2477,2466,11,2016-09-06,2026-09-07,03:45,0,0,0,11,11,,,14.64,1
2026-09-07T14:35:36,EIDPARRY.NS,NSE_EQ|INE126A01031,nse_equity,SUCCESS,2477,2477,2467,10,2016-09-06,2026-09-07,03:45,0,0,0,10,10,,,14.37,1
2026-09-07T14:35:39,EIEL.NS,NSE_EQ|INE0LLY01014,nse_equity,SUCCESS,440,440,430,10,2024-11-29,2026-09-07,03:45,0,0,0,10,10,,,15.83,1
2026-09-07T14:35:39,EIHAHOTELS.NS,NSE_EQ|INE276C01014,nse_equity,SUCCESS,2476,2476,2466,10,2016-09-06,2026-09-07,03:45,0,0,0,10,10,,,15.45,1
2026-09-07T14:35:40,EKC.NS,NSE_EQ|INE184H01027,nse_equity,SUCCESS,2477,2477,2467,10,2016-09-06,2026-09-07,03:45,0,0,0,10,10,,,14.12,1
2026-09-07T14:35:40,EIHOTEL.NS,NSE_EQ|INE230A01023,nse_equity,SUCCESS,2477,2477,2467,10,2016-09-06,2026-09-07,03:45,0,0,0,10,10,,,15.28,1
2026-09-07T14:35:40,EIMCOELECO.NS,NSE_EQ|INE158B01016,nse_equity,SUCCESS,2476,2476,2466,10,2016-09-06,2026-09-07,03:45,0,0,0,10,9,,,14.65,1
2026-09-07T14:35:42,ELANTAS.NS,NSE_EQ|INE280B01018,nse_equity,SUCCESS,98,98,88,10,2026-04-20,2026-09-07,03:45,0,0,0,10,10,,,14.46,1
2026-09-07T14:35:42,EKI.NS,NSE_EQ|INE0CPR01018,nse_equity,SUCCESS,16,16,6,10,2026-08-17,2026-09-07,03:45,0,0,0,10,10,,,14.46,1
2026-09-07T14:35:42,ELECTHERM.NS,NSE_EQ|INE822G01016,nse_equity,ERROR,2478,0,0,0,,,03:45,0,1,0,10,10,ValidationError,session date 2025-04-26 is a weekend,11.90,1
2026-09-07T14:35:43,ELCIDIN.NS,NSE_EQ|INE927X01018,nse_equity,SUCCESS,98,98,88,10,2026-04-20,2026-09-07,03:45,0,0,0,10,10,,,15.17,1
2026-09-07T14:35:43,ELDEHSG.NS,NSE_EQ|INE668G01021,nse_equity,SUCCESS,1093,1093,1083,10,2022-04-12,2026-09-07,03:45,0,0,0,10,10,,,15.16,1
2026-09-07T14:35:43,ELGIRUBCO.NS,NSE_EQ|INE819L01012,nse_equity,ERROR,2477,0,0,0,,,03:45,0,1,0,10,10,ValidationError,session date 2025-04-26 is a weekend,11.63,1
2026-09-07T14:35:44,ELECON.NS,NSE_EQ|INE205B01031,nse_equity,SUCCESS,2477,2477,2467,10,2016-09-06,2026-09-07,03:45,0,0,0,10,10,,,15.70,1
2026-09-07T14:35:44,ELECTCAST.NS,NSE_EQ|INE086A01029,nse_equity,SUCCESS,2477,2477,2467,10,2016-09-06,2026-09-07,03:45,0,0,0,10,10,,,15.90,1
2026-09-07T14:35:46,ELITECON.NS,NSE_EQ|INE669R01026,nse_equity,SUCCESS,98,98,88,10,2026-04-20,2026-09-07,03:45,0,0,0,10,10,,,11.78,1
2026-09-07T14:35:46,ELIN.NS,NSE_EQ|INE050401020,nse_equity,SUCCESS,914,914,904,10,2022-12-30,2026-09-07,03:45,0,0,0,10,10,,,12.99,1
2026-09-07T14:35:46,ELM250.NS,NSE_EQ|INF754K01VV4,nse_equity,SUCCESS,247,247,237,10,2025-09-09,2026-09-07,03:45,0,0,0,10,10,,,12.03,1
2026-09-07T14:35:46,ELLEN.NS,NSE_EQ|INE236E01022,nse_equity,SUCCESS,295,295,285,10,2025-07-01,2026-09-07,03:45,0,0,0,10,10,,,12.08,1
2026-09-07T14:35:46,ELGIEQUIP.NS,NSE_EQ|INE285A01027,nse_equity,SUCCESS,2477,2477,2467,10,2016-09-06,2026-09-07,03:45,0,0,0,10,10,,,14.52,1
2026-09-07T14:35:46,ELMDIV.NS,NSE_EQ|INF754K01XI7,nse_equity,SUCCESS,24,24,14,10,2026-08-05,2026-09-07,03:45,0,0,0,10,10,,,11.07,1
2026-09-07T14:35:48,ELPROINTL.NS,NSE_EQ|INE579B01039,nse_equity,SUCCESS,98,98,88,10,2026-04-20,2026-09-07,03:45,0,0,0,10,10,,,12.01,1
2026-09-07T14:35:49,EMKAY.NS,NSE_EQ|INE296H01011,nse_equity,ERROR,2478,0,0,0,,,03:45,0,1,0,10,10,ValidationError,session date 2025-04-26 is a weekend,7.11,1
2026-09-07T14:35:50,EMAMILTD.NS,NSE_EQ|INE548C01032,nse_equity,SUCCESS,2477,2477,2467,10,2016-09-06,2026-09-07,03:45,0,0,0,10,10,,,10.62,1
2026-09-07T14:35:50,EMAMIREAL.NS,NSE_EQ|INE778K01012,nse_equity,SUCCESS,2444,2444,2434,10,2016-09-06,2026-09-07,03:45,0,0,0,10,10,,,10.35,1
2026-09-07T14:35:50,EMETAL.NS,NSE_EQ|INF754K01XG1,nse_equity,SUCCESS,30,30,20,10,2026-07-28,2026-09-07,03:45,0,0,0,10,10,,,9.71,1
2026-09-07T14:35:50,EMCURE.NS,NSE_EQ|INE168P01015,nse_equity,SUCCESS,537,537,527,10,2024-07-10,2026-09-07,03:45,0,0,0,10,10,,,9.87,1
2026-09-07T14:35:50,EMBDL.NS,NSE_EQ|INE069I01010,nse_equity,SUCCESS,2465,2465,2455,10,2016-09-06,2026-09-07,03:45,0,0,0,10,10,,,10.25,1
2026-09-07T14:35:51,EMPIND.NS,NSE_EQ|INE515H01014,nse_equity,SUCCESS,16,16,6,10,2026-08-17,2026-09-07,03:45,0,0,0,10,10,,,7.85,1
2026-09-07T14:35:51,EMMVEE.NS,NSE_EQ|INE1C6T01020,nse_equity,SUCCESS,200,200,190,10,2025-11-18,2026-09-07,03:45,0,0,0,10,10,,,9.26,1
2026-09-07T14:35:51,EMIL.NS,NSE_EQ|INE02YR01019,nse_equity,SUCCESS,966,966,956,10,2022-10-17,2026-09-07,03:45,0,0,0,10,10,,,9.46,1
2026-09-07T14:35:51,EMPOWER.NS,NSE_EQ|INE507F01023,nse_equity,SUCCESS,98,98,88,10,2026-04-20,2026-09-07,03:45,0,0,0,10,10,,,8.20,1
2026-09-07T14:35:52,EMSLIMITED.NS,NSE_EQ|INE0OV601013,nse_equity,SUCCESS,735,735,725,10,2023-09-21,2026-09-07,03:45,0,0,0,10,10,,,8.78,1
2026-09-07T14:35:52,EMULTIMQ.NS,NSE_EQ|INF754K01TF1,nse_equity,SUCCESS,454,454,444,10,2024-11-07,2026-09-07,03:45,0,0,0,10,10,,,8.12,1
2026-09-07T14:35:52,EMUDHRA.NS,NSE_EQ|INE01QM01018,nse_equity,SUCCESS,1060,1060,1050,10,2022-06-01,2026-09-07,03:45,0,0,0,10,10,,,8.32,1
2026-09-07T14:35:55,ENDURANCE.NS,NSE_EQ|INE913H01037,nse_equity,SUCCESS,2449,2449,2439,10,2016-10-19,2026-09-07,03:45,0,0,0,10,9,,,9.38,1
2026-09-07T14:35:55,ENERGYAXIS.NS,NSE_EQ|INF846KA1598,nse_equity,SUCCESS,4,4,1,3,2026-09-02,2026-09-07,03:45,0,0,0,3,3,,,9.41,1
2026-09-07T14:35:56,ENEXT50.NS,NSE_EQ|INF754K01XF3,nse_equity,SUCCESS,74,74,64,10,2026-05-25,2026-09-07,03:45,0,0,0,10,10,,,9.48,1
2026-09-07T14:35:56,ENERGY.NS,NSE_EQ|INF769K01PR2,nse_equity,SUCCESS,203,203,193,10,2025-11-13,2026-09-07,03:45,0,0,0,10,10,,,9.52,1
2026-09-07T14:35:57,ENGINERSIN.NS,NSE_EQ|INE510A01028,nse_equity,SUCCESS,2477,2477,2467,10,2016-09-06,2026-09-07,03:45,0,0,0,10,10,,,10.65,1
2026-09-07T14:35:57,ENERGYDEV.NS,NSE_EQ|INE306C01019,nse_equity,SUCCESS,2451,2451,2441,10,2016-09-06,2026-09-07,03:45,0,0,0,10,10,,,10.95,1
2026-09-07T14:35:58,ENKEIWHEL.NS,NSE_EQ|INE130L01014,nse_equity,SUCCESS,16,16,6,10,2026-08-17,2026-09-07,03:45,0,0,0,10,10,,,8.52,1
2026-09-07T14:35:58,ENIL.NS,NSE_EQ|INE265F01028,nse_equity,SUCCESS,2477,2477,2467,10,2016-09-06,2026-09-07,03:45,0,0,0,10,10,,,9.29,1
2026-09-07T14:35:58,ENTERO.NS,NSE_EQ|INE010601016,nse_equity,SUCCESS,634,634,624,10,2024-02-16,2026-09-07,03:45,0,0,0,10,10,,,8.56,1
2026-09-07T14:35:58,ENRIN.NS,NSE_EQ|INE1NPP01017,nse_equity,SUCCESS,303,303,293,10,2025-06-19,2026-09-07,03:45,0,0,0,10,10,,,8.56,1
2026-09-07T14:36:00,EPACK.NS,NSE_EQ|INE0G5901015,nse_equity,SUCCESS,647,647,637,10,2024-01-30,2026-09-07,03:45,0,0,0,10,10,,,10.23,1
2026-09-07T14:36:01,EPACKPEB.NS,NSE_EQ|INE0MLS01022,nse_equity,SUCCESS,231,231,221,10,2025-10-01,2026-09-07,03:45,0,0,0,10,10,,,10.63,1
2026-09-07T14:36:01,EPIGRAL.NS,NSE_EQ|INE071N01016,nse_equity,SUCCESS,1254,1254,1244,10,2021-08-18,2026-09-07,03:45,0,0,0,10,9,,,10.50,1
2026-09-07T14:36:02,EQUITASBNK.NS,NSE_EQ|INE063P01018,nse_equity,SUCCESS,1451,1451,1441,10,2020-11-02,2026-09-07,03:45,0,0,0,10,9,,,10.66,1
2026-09-07T14:36:02,EPL.NS,NSE_EQ|INE255A01020,nse_equity,SUCCESS,2477,2477,2466,11,2016-09-06,2026-09-07,03:45,0,0,0,11,11,,,10.75,1
2026-09-07T14:36:04,ESABINDIA.NS,NSE_EQ|INE284A01012,nse_equity,SUCCESS,2478,2478,2468,10,2016-09-06,2026-09-07,03:45,0,0,0,10,10,,,12.46,1
2026-09-07T14:36:04,ESDS.NS,NSE_EQ|INE0DRI01029,nse_equity,SUCCESS,2,2,2,0,2026-09-04,2026-09-07,03:45,0,0,0,0,0,,,12.29,1
2026-09-07T14:36:04,ESG.NS,NSE_EQ|INF769K01GS9,nse_equity,SUCCESS,1435,1435,1425,10,2020-11-24,2026-09-07,03:45,0,0,0,10,10,,,12.31,1
2026-09-07T14:36:05,ERIS.NS,NSE_EQ|INE406M01024,nse_equity,SUCCESS,2277,2277,2267,10,2017-06-29,2026-09-07,03:45,0,0,0,10,10,,,13.65,1
2026-09-07T14:36:05,ESCORTS.NS,NSE_EQ|INE042A01014,nse_equity,SUCCESS,2477,2477,2467,10,2016-09-06,2026-09-07,03:45,0,0,0,10,9,,,12.98,1
2026-09-07T14:36:07,ESSARSHPNG.NS,NSE_EQ|INE122M01019,nse_equity,SUCCESS,2477,2477,2467,10,2016-09-06,2026-09-07,03:45,0,0,0,10,10,,,12.29,1
2026-09-07T14:36:09,ESSENTIA.NS,NSE_EQ|INE418N01035,nse_equity,SUCCESS,1704,1704,1694,10,2016-09-06,2026-09-07,03:45,0,0,0,10,10,,,13.12,1
2026-09-07T14:36:09,ETERNAL.NS,NSE_EQ|INE758T01015,nse_equity,SUCCESS,1272,1272,1261,11,2021-07-23,2026-09-07,03:45,0,0,0,11,11,,,13.12,1
2026-09-07T14:36:09,ESTER.NS,NSE_EQ|INE778B01029,nse_equity,SUCCESS,2477,2477,2467,10,2016-09-06,2026-09-07,03:45,0,0,0,10,10,,,13.12,1
2026-09-07T14:36:11,ETHOSLTD.NS,NSE_EQ|INE04TZ01018,nse_equity,SUCCESS,1062,1062,1052,10,2022-05-30,2026-09-07,03:45,0,0,0,10,9,,,13.62,1
2026-09-07T14:36:11,EUREKAFORB.NS,NSE_EQ|INE0KCE01017,nse_equity,SUCCESS,494,494,484,10,2024-09-11,2026-09-07,03:45,0,0,0,10,10,,,13.92,1
2026-09-07T14:36:13,EUROPRATIK.NS,NSE_EQ|INE198501012,nse_equity,SUCCESS,237,237,227,10,2025-09-23,2026-09-07,03:45,0,0,0,10,10,,,15.72,1
2026-09-07T14:36:13,EVINDIA.NS,NSE_EQ|INF769K01LQ3,nse_equity,SUCCESS,533,533,523,10,2024-07-16,2026-09-07,03:45,0,0,0,10,10,,,15.00,1
2026-09-07T14:36:13,EXCELINDUS.NS,NSE_EQ|INE369A01029,nse_equity,SUCCESS,2477,2477,2467,10,2016-09-06,2026-09-07,03:45,0,0,0,10,10,,,15.00,1
2026-09-07T14:36:13,EXCELSOFT.NS,NSE_EQ|INE606N01019,nse_equity,SUCCESS,194,194,184,10,2025-11-26,2026-09-07,03:45,0,0,0,10,10,,,12.88,1
2026-09-07T14:36:13,EVEREADY.NS,NSE_EQ|INE128A01029,nse_equity,SUCCESS,2477,2477,2467,10,2016-09-06,2026-09-07,03:45,0,0,0,10,10,,,15.77,1
2026-09-07T14:36:15,EXICOM.NS,NSE_EQ|INE777F01014,nse_equity,SUCCESS,621,621,611,10,2024-03-05,2026-09-07,03:45,0,0,0,10,10,,,13.90,1
2026-09-07T14:36:15,EXIDEIND.NS,NSE_EQ|INE302A01020,nse_equity,SUCCESS,2477,2477,2467,10,2016-09-06,2026-09-07,03:45,0,0,0,10,10,,,13.85,1
2026-09-07T14:36:15,EXPLEOSOL.NS,NSE_EQ|INE201K01015,nse_equity,SUCCESS,2473,2473,2463,10,2016-09-06,2026-09-07,03:45,0,0,0,10,9,,,13.02,1
2026-09-07T14:36:17,FABTECH.NS,NSE_EQ|INE0HF201011,nse_equity,SUCCESS,228,228,218,10,2025-10-07,2026-09-07,03:45,0,0,0,10,10,,,13.04,1
2026-09-07T14:36:17,EXXARO.NS,NSE_EQ|INE0GFE01026,nse_equity,SUCCESS,1256,1256,1246,10,2021-08-16,2026-09-07,03:45,0,0,0,10,10,,,15.30,1
2026-09-07T14:36:19,FACT.NS,NSE_EQ|INE188A01015,nse_equity,SUCCESS,2477,2477,2467,10,2016-09-06,2026-09-07,03:45,0,0,0,10,10,,,14.66,1
2026-09-07T14:36:19,FAZE3Q.NS,NSE_EQ|INE963C01033,nse_equity,SUCCESS,944,944,934,10,2022-11-18,2026-09-07,03:45,0,0,0,10,10,,,14.66,1
2026-09-07T14:36:19,FCSSOFT.NS,NSE_EQ|INE512B01022,nse_equity,SUCCESS,2337,2337,2327,10,2016-09-06,2026-09-07,03:45,0,0,0,10,10,,,14.07,1
2026-09-07T14:36:19,FCL.NS,NSE_EQ|INE045J01034,nse_equity,SUCCESS,2477,2477,2467,10,2016-09-06,2026-09-07,03:45,0,0,0,10,10,,,14.07,1
2026-09-07T14:36:22,FDC.NS,NSE_EQ|INE258B01022,nse_equity,SUCCESS,2477,2477,2467,10,2016-09-06,2026-09-07,03:45,0,0,0,10,10,,,14.50,1
2026-09-07T14:36:23,FEDFINA.NS,NSE_EQ|INE007N01010,nse_equity,SUCCESS,688,688,678,10,2023-11-30,2026-09-07,03:45,0,0,0,10,10,,,13.83,1
2026-09-07T14:36:23,FERMENTA.NS,NSE_EQ|INE225B01021,nse_equity,SUCCESS,98,98,88,10,2026-04-20,2026-09-07,03:45,0,0,0,10,10,,,12.43,1
2026-09-07T14:36:23,FEDDERSHOL.NS,NSE_EQ|INE417D01020,nse_equity,SUCCESS,98,98,88,10,2026-04-20,2026-09-07,03:45,0,0,0,10,10,,,14.55,1
2026-09-07T14:36:23,FEDERALBNK.NS,NSE_EQ|INE171A01029,nse_equity,SUCCESS,2480,2480,2470,10,2016-09-06,2026-09-07,03:45,0,0,0,10,10,,,14.55,1
2026-09-07T14:36:23,FIBERWEB.NS,NSE_EQ|INE296C01020,nse_equity,SUCCESS,1130,1130,1120,10,2022-02-16,2026-09-07,03:45,0,0,0,10,10,,,12.31,1
2026-09-07T14:36:29,FIEMIND.NS,NSE_EQ|INE737H01014,nse_equity,SUCCESS,2477,2477,2467,10,2016-09-06,2026-09-07,03:45,0,0,0,10,10,,,15.77,1
2026-09-07T14:36:29,FILATFASH.NS,NSE_EQ|INE185E01021,nse_equity,SUCCESS,583,583,573,10,2024-05-06,2026-09-07,03:45,0,0,0,10,10,,,15.84,1
2026-09-07T14:36:30,FILATEX.NS,NSE_EQ|INE816B01035,nse_equity,SUCCESS,2477,2477,2467,10,2016-09-06,2026-09-07,03:45,0,0,0,10,10,,,16.20,1
2026-09-07T14:36:30,FINEORG.NS,NSE_EQ|INE686Y01026,nse_equity,SUCCESS,2027,2027,2017,10,2018-07-02,2026-09-07,03:45,0,0,0,10,10,,,16.29,1
2026-09-07T14:36:30,FINCABLES.NS,NSE_EQ|INE235A01022,nse_equity,SUCCESS,2477,2477,2467,10,2016-09-06,2026-09-07,03:45,0,0,0,10,10,,,16.36,1
2026-09-07T14:36:30,FINKURVE.NS,NSE_EQ|INE734I01027,nse_equity,SUCCESS,231,231,221,10,2025-10-01,2026-09-07,03:45,0,0,0,10,10,,,15.02,1
2026-09-07T14:36:30,FINOPB.NS,NSE_EQ|INE02NC01014,nse_equity,SUCCESS,1196,1196,1186,10,2021-11-12,2026-09-07,03:45,0,0,0,10,10,,,15.02,1
2026-09-07T14:36:31,FINPIPE.NS,NSE_EQ|INE183A01024,nse_equity,SUCCESS,2477,2477,2467,10,2016-09-06,2026-09-07,03:45,0,0,0,10,10,,,15.61,1
2026-09-07T14:36:31,FIRSTCRY.NS,NSE_EQ|INE02RE01045,nse_equity,SUCCESS,514,514,504,10,2024-08-13,2026-09-07,03:45,0,0,0,10,10,,,13.86,1
2026-09-07T14:36:32,FISCHER.NS,NSE_EQ|INE771F01041,nse_equity,SUCCESS,288,288,278,10,2025-07-10,2026-09-07,03:45,0,0,0,10,10,,,14.56,1
2026-09-07T14:36:33,FLEXIADD.NS,NSE_EQ|INF740KA1WU9,nse_equity,SUCCESS,221,221,211,10,2025-10-16,2026-09-07,03:45,0,0,0,10,10,,,13.74,1
2026-09-07T14:36:33,FLAIR.NS,NSE_EQ|INE00Y201027,nse_equity,SUCCESS,687,687,677,10,2023-12-01,2026-09-07,03:45,0,0,0,10,10,,,13.74,1
2026-09-07T14:36:33,FIVESTAR.NS,NSE_EQ|INE128S01021,nse_equity,SUCCESS,943,943,933,10,2022-11-21,2026-09-07,03:45,0,0,0,10,10,,,14.21,1
2026-09-07T14:36:33,FLUOROCHEM.NS,NSE_EQ|INE09N301011,nse_equity,SUCCESS,1713,1713,1703,10,2019-10-16,2026-09-07,03:45,0,0,0,10,10,,,14.22,1
2026-09-07T14:36:36,FMCGADD.NS,NSE_EQ|INF740KA1ZA4,nse_equity,SUCCESS,75,75,65,10,2026-05-22,2026-09-07,03:45,0,0,0,10,10,,,13.95,1
2026-09-07T14:36:39,FMGOETZE.NS,NSE_EQ|INE529A01010,nse_equity,SUCCESS,2477,2477,2467,10,2016-09-06,2026-09-07,03:45,0,0,0,10,10,,,16.49,1
2026-09-07T14:36:39,FMNL.NS,NSE_EQ|INE360L01017,nse_equity,SUCCESS,2477,2477,2467,10,2016-09-06,2026-09-07,03:45,0,0,0,10,10,,,16.06,1
2026-09-07T14:36:40,FOODSIN.NS,NSE_EQ|INE976E01023,nse_equity,SUCCESS,1194,1194,1184,10,2021-11-16,2026-09-07,03:45,0,0,0,10,10,,,16.54,1
2026-09-07T14:36:40,FORCEMOT.NS,NSE_EQ|INE451A01017,nse_equity,SUCCESS,1674,1674,1664,10,2019-08-20,2026-09-07,03:45,0,0,0,10,10,,,16.54,1
2026-09-07T14:36:40,FORTIS.NS,NSE_EQ|INE061F01013,nse_equity,SUCCESS,2477,2477,2467,10,2016-09-06,2026-09-07,03:45,0,0,0,10,10,,,16.88,1
2026-09-07T14:36:44,FRONTSP.NS,NSE_EQ|INE572D01014,nse_equity,SUCCESS,98,98,88,10,2026-04-20,2026-09-07,03:45,0,0,0,10,10,,,14.43,1
2026-09-07T14:36:44,FREDUN.NS,NSE_EQ|INE194R01017,nse_equity,SUCCESS,16,16,6,10,2026-08-17,2026-09-07,03:45,0,0,0,10,10,,,14.50,1
2026-09-07T14:36:44,FOSECOIND.NS,NSE_EQ|INE519A01011,nse_equity,SUCCESS,2477,2477,2467,10,2016-09-06,2026-09-07,03:45,0,0,0,10,9,,,14.99,1
2026-09-07T14:36:44,FRACTAL.NS,NSE_EQ|INE212S01015,nse_equity,SUCCESS,138,138,128,10,2026-02-16,2026-09-07,03:45,0,0,0,10,9,,,14.80,1
2026-09-07T14:36:44,FSL.NS,NSE_EQ|INE684F01012,nse_equity,SUCCESS,2477,2477,2467,10,2016-09-06,2026-09-07,03:45,0,0,0,10,10,,,14.51,1
2026-09-07T14:36:46,GABRIEL.NS,NSE_EQ|INE524A01029,nse_equity,SUCCESS,2477,2477,2467,10,2016-09-06,2026-09-07,03:45,0,0,0,10,10,,,15.99,1
2026-09-07T14:36:46,FUSION.NS,NSE_EQ|INE139R01012,nse_equity,SUCCESS,947,947,937,10,2022-11-15,2026-09-07,03:45,0,0,0,10,9,,,16.11,1
2026-09-07T14:36:48,GAEL.NS,NSE_EQ|INE036B01030,nse_equity,SUCCESS,2477,2477,2467,10,2016-09-06,2026-09-07,03:45,0,0,0,10,10,,,17.31,1
2026-09-07T14:36:48,GAIL.NS,NSE_EQ|INE129A01019,nse_equity,SUCCESS,2477,2477,2467,10,2016-09-06,2026-09-07,03:45,0,0,0,10,10,,,16.83,1
2026-09-07T14:36:49,GAJA.NS,NSE_EQ|INE18UN01038,nse_equity,SUCCESS,9,9,1,8,2026-08-26,2026-09-07,03:45,0,0,0,8,8,,,17.13,1
2026-09-07T14:36:49,GALAPREC.NS,NSE_EQ|INE0RE001014,nse_equity,SUCCESS,496,496,486,10,2024-09-09,2026-09-07,03:45,0,0,0,10,10,,,16.52,1
2026-09-07T14:36:50,GALAXYSURF.NS,NSE_EQ|INE600K01018,nse_equity,SUCCESS,2124,2124,2114,10,2018-02-08,2026-09-07,03:45,0,0,0,10,10,,,16.72,1
2026-09-07T14:36:51,GANDHAR.NS,NSE_EQ|INE717W01049,nse_equity,SUCCESS,688,688,678,10,2023-11-30,2026-09-07,03:45,0,0,0,10,9,,,17.97,1
2026-09-07T14:36:51,GALLANTT.NS,NSE_EQ|INE297H01019,nse_equity,SUCCESS,2382,2382,2372,10,2016-09-06,2026-09-07,03:45,0,0,0,10,10,,,17.97,1
2026-09-07T14:36:53,GANDHITUBE.NS,NSE_EQ|INE524B01027,nse_equity,SUCCESS,2477,2477,2467,10,2016-09-06,2026-09-07,03:45,0,0,0,10,10,,,17.00,1
2026-09-07T14:36:55,GAYAHWS.NS,NSE_EQ|INE287Z01012,nse_equity,ERROR,1784,0,0,0,,,03:45,0,1,0,10,10,ValidationError,session date 2025-04-26 is a weekend,10.28,1
2026-09-07T14:36:55,GANESHCP.NS,NSE_EQ|INE652V01016,nse_equity,SUCCESS,233,233,223,10,2025-09-29,2026-09-07,03:45,0,0,0,10,10,,,15.57,1
2026-09-07T14:36:55,GANECOS.NS,NSE_EQ|INE845D01014,nse_equity,SUCCESS,2477,2477,2467,10,2016-09-06,2026-09-07,03:45,0,0,0,10,10,,,16.35,1
2026-09-07T14:36:55,GANGAFORGE.NS,NSE_EQ|INE691Z01023,nse_equity,SUCCESS,1275,1275,1265,10,2021-07-06,2026-09-07,03:45,0,0,0,10,10,,,15.56,1
2026-09-07T14:36:58,GANGESSECU.NS,NSE_EQ|INE335W01016,nse_equity,SUCCESS,2220,2220,2210,10,2017-07-28,2026-09-07,03:45,0,0,0,10,10,,,17.99,1
2026-09-07T14:36:58,GANESHHOU.NS,NSE_EQ|INE460C01014,nse_equity,SUCCESS,2477,2477,2467,10,2016-09-06,2026-09-07,03:45,0,0,0,10,10,,,18.44,1
2026-09-07T14:36:59,GARUDA.NS,NSE_EQ|INE0JVO01026,nse_equity,SUCCESS,471,471,461,10,2024-10-15,2026-09-07,03:45,0,0,0,10,10,,,15.20,1
2026-09-07T14:37:00,GATEWAY.NS,NSE_EQ|INE079J01017,nse_equity,SUCCESS,1108,1108,1098,10,2022-03-22,2026-09-07,03:45,0,0,0,10,10,,,15.66,1
2026-09-07T14:37:00,GAYAPROJ.NS,NSE_EQ|INE336H01023,nse_equity,SUCCESS,2173,2173,2163,10,2016-09-06,2026-09-07,03:45,0,0,0,10,10,,,15.55,1
2026-09-07T14:37:00,GARFIBRES.NS,NSE_EQ|INE276A01018,nse_equity,SUCCESS,2477,2477,2467,10,2016-09-06,2026-09-07,03:45,0,0,0,10,10,,,15.78,1
2026-09-07T14:37:01,GCSL.NS,NSE_EQ|INE199P01028,nse_equity,SUCCESS,249,249,239,10,2025-09-04,2026-09-07,03:45,0,0,0,10,10,,,15.18,1
2026-09-07T14:37:03,GEEKAYWIRE.NS,NSE_EQ|INE669X01032,nse_equity,SUCCESS,1763,1763,1753,10,2017-08-24,2026-09-07,03:45,0,0,0,10,10,,,16.38,1
2026-09-07T14:37:04,GEMAROMA.NS,NSE_EQ|INE06XZ01023,nse_equity,SUCCESS,256,256,246,10,2025-08-26,2026-09-07,03:45,0,0,0,10,10,,,16.44,1
2026-09-07T14:37:04,GENCON.NS,NSE_EQ|INE854S01022,nse_equity,SUCCESS,1378,1378,1368,10,2021-02-16,2026-09-07,03:45,0,0,0,10,10,,,16.43,1
2026-09-07T14:37:06,GENESYS.NS,NSE_EQ|INE727B01026,nse_equity,SUCCESS,2477,2477,2467,10,2016-09-06,2026-09-07,03:45,0,0,0,10,10,,,16.94,1
2026-09-07T14:37:06,GENUSPAPER.NS,NSE_EQ|INE949P01018,nse_equity,SUCCESS,2477,2477,2467,10,2016-09-06,2026-09-07,03:45,0,0,0,10,10,,,16.53,1
2026-09-07T14:37:07,GENUSPOWER.NS,NSE_EQ|INE955D01029,nse_equity,SUCCESS,2477,2477,2467,10,2016-09-06,2026-09-07,03:45,0,0,0,10,10,,,17.46,1
2026-09-07T14:37:10,GEOJITFSL.NS,NSE_EQ|INE007B01023,nse_equity,SUCCESS,2477,2477,2467,10,2016-09-06,2026-09-07,03:45,0,0,0,10,10,,,18.77,1
2026-09-07T14:37:13,GESHIP.NS,NSE_EQ|INE017A01032,nse_equity,SUCCESS,2477,2477,2467,10,2016-09-06,2026-09-07,03:45,0,0,0,10,10,,,21.21,1
2026-09-07T14:37:16,GFLLIMITED.NS,NSE_EQ|INE538A01037,nse_equity,SUCCESS,2476,2476,2466,10,2016-09-06,2026-09-07,03:45,0,0,0,10,10,,,22.94,1
2026-09-07T14:37:17,GHCL.NS,NSE_EQ|INE539A01019,nse_equity,SUCCESS,2477,2477,2467,10,2016-09-06,2026-09-07,03:45,0,0,0,10,10,,,22.57,1
2026-09-07T14:37:19,GHCLTEXTIL.NS,NSE_EQ|INE0PA801013,nse_equity,SUCCESS,805,805,795,10,2023-06-12,2026-09-07,03:45,0,0,0,10,10,,,24.57,1
2026-09-07T14:37:19,GICL.NS,NSE_EQ|INE947T01022,nse_equity,SUCCESS,1200,1200,1190,10,2016-10-19,2026-09-07,03:45,0,0,0,10,10,,,24.01,1
2026-09-07T14:37:20,GICHSGFIN.NS,NSE_EQ|INE289B01019,nse_equity,SUCCESS,2477,2477,2467,10,2016-09-06,2026-09-07,03:45,0,0,0,10,10,,,24.22,1
2026-09-07T14:37:22,GKWLIMITED.NS,NSE_EQ|INE528A01020,nse_equity,ERROR,2470,0,0,0,,,03:45,0,1,0,10,10,ValidationError,session date 2025-04-26 is a weekend,18.92,1
2026-09-07T14:37:22,GICRE.NS,NSE_EQ|INE481Y01014,nse_equity,SUCCESS,2198,2198,2188,10,2017-10-25,2026-09-07,03:45,0,0,0,10,10,,,23.41,1
2026-09-07T14:37:22,GILLANDERS.NS,NSE_EQ|INE047B01011,nse_equity,SUCCESS,2474,2474,2464,10,2016-09-06,2026-09-07,03:45,0,0,0,10,10,,,23.27,1
2026-09-07T14:37:22,GILLETTE.NS,NSE_EQ|INE322A01010,nse_equity,SUCCESS,2477,2477,2467,10,2016-09-06,2026-09-07,03:45,0,0,0,10,9,,,23.08,1
2026-09-07T14:37:22,GKB.NS,NSE_EQ|INE265D01015,nse_equity,SUCCESS,14,14,6,8,2026-08-17,2026-09-07,03:45,0,0,0,8,8,,,22.53,1
2026-09-07T14:37:23,GIPCL.NS,NSE_EQ|INE162A01010,nse_equity,SUCCESS,2477,2477,2467,10,2016-09-06,2026-09-07,03:45,0,0,0,10,10,,,22.70,1
2026-09-07T14:37:23,GKENERGY.NS,NSE_EQ|INE1AG301022,nse_equity,SUCCESS,234,234,223,11,2025-09-26,2026-09-07,03:45,0,0,0,11,11,,,22.71,1
2026-09-07T14:37:24,GKSL.NS,NSE_EQ|INE0V0W01025,nse_equity,SUCCESS,171,171,161,10,2025-12-30,2026-09-07,03:45,0,0,0,10,9,,,22.76,1
2026-09-07T14:37:27,GLAND.NS,NSE_EQ|INE068V01023,nse_equity,SUCCESS,1437,1437,1427,10,2020-11-20,2026-09-07,03:45,0,0,0,10,10,,,22.38,1
2026-09-07T14:37:27,GLAXO.NS,NSE_EQ|INE159A01016,nse_equity,SUCCESS,2477,2477,2467,10,2016-09-06,2026-09-07,03:45,0,0,0,10,10,,,22.35,1
2026-09-07T14:37:28,GLFL.NS,NSE_EQ|INE540A01017,nse_equity,SUCCESS,1595,1595,1585,10,2016-12-13,2026-09-07,03:45,0,0,0,10,10,,,20.88,1
2026-09-07T14:37:28,GLOBAL.NS,NSE_EQ|INE291W01037,nse_equity,SUCCESS,1427,1427,1417,10,2020-12-07,2026-09-07,03:45,0,0,0,10,10,,,20.31,1
2026-09-07T14:37:28,GLENMARK.NS,NSE_EQ|INE935A01035,nse_equity,SUCCESS,2477,2477,2467,10,2016-09-06,2026-09-07,03:45,0,0,0,10,10,,,21.51,1
2026-09-07T14:37:30,GLOBALE.NS,NSE_EQ|INE0URU01010,nse_equity,SUCCESS,505,505,495,10,2024-08-27,2026-09-07,03:45,0,0,0,10,10,,,19.53,1
2026-09-07T14:37:31,GLOBALVECT.NS,NSE_EQ|INE792H01019,nse_equity,SUCCESS,2477,2477,2467,10,2016-09-06,2026-09-07,03:45,0,0,0,10,10,,,18.55,1
2026-09-07T14:37:33,GLOBE.NS,NSE_EQ|INE581X01021,nse_equity,SUCCESS,1442,1442,1432,10,2020-10-07,2026-09-07,03:45,0,0,0,10,10,,,16.26,1
2026-09-07T14:37:33,GLOBECIVIL.NS,NSE_EQ|INE0V3U01015,nse_equity,SUCCESS,295,295,285,10,2025-07-01,2026-09-07,03:45,0,0,0,10,10,,,14.63,1
2026-09-07T14:37:35,GLOSTERLTD.NS,NSE_EQ|INE350Z01018,nse_equity,SUCCESS,588,588,578,10,2024-04-26,2026-09-07,03:45,0,0,0,10,10,,,15.81,1
2026-09-07T14:37:36,GLOBUSSPR.NS,NSE_EQ|INE615I01010,nse_equity,SUCCESS,2477,2477,2467,10,2016-09-06,2026-09-07,03:45,0,0,0,10,9,,,16.40,1
2026-09-07T14:37:36,GLOTTIS.NS,NSE_EQ|INE0TQE01026,nse_equity,SUCCESS,228,228,218,10,2025-10-07,2026-09-07,03:45,0,0,0,10,10,,,15.55,1
2026-09-07T14:37:38,GMMPFAUDLR.NS,NSE_EQ|INE541A01023,nse_equity,SUCCESS,2109,2109,2099,10,2018-03-05,2026-09-07,03:45,0,0,0,10,10,,,16.38,1
2026-09-07T14:37:38,GMBREW.NS,NSE_EQ|INE075D01018,nse_equity,SUCCESS,2477,2477,2467,10,2016-09-06,2026-09-07,03:45,0,0,0,10,10,,,16.52,1
2026-09-07T14:37:39,GMDCLTD.NS,NSE_EQ|INE131A01031,nse_equity,SUCCESS,2477,2477,2467,10,2016-09-06,2026-09-07,03:45,0,0,0,10,10,,,17.18,1
2026-09-07T14:37:40,GMRP&UI.NS,NSE_EQ|INE0CU601026,nse_equity,SUCCESS,1107,1107,1097,10,2022-03-23,2026-09-07,03:45,0,0,0,10,10,,,17.27,1
2026-09-07T14:37:40,GMRAIRPORT.NS,NSE_EQ|INE776C01039,nse_equity,SUCCESS,2477,2477,2467,10,2016-09-06,2026-09-07,03:45,0,0,0,10,10,,,17.30,1
2026-09-07T14:37:40,GNFC.NS,NSE_EQ|INE113A01013,nse_equity,SUCCESS,2477,2477,2467,10,2016-09-06,2026-09-07,03:45,0,0,0,10,10,,,17.27,1
2026-09-07T14:37:41,GNA.NS,NSE_EQ|INE934S01014,nse_equity,SUCCESS,2464,2464,2454,10,2016-09-26,2026-09-07,03:45,0,0,0,10,10,,,18.17,1
2026-09-07T14:37:42,GODAVARIB.NS,NSE_EQ|INE497S01012,nse_equity,ERROR,461,0,0,0,,,03:45,0,1,0,10,9,ValidationError,session date 2025-04-26 is a weekend,13.85,1
2026-09-07T14:37:42,GNRL.NS,NSE_EQ|INE207H01018,nse_equity,SUCCESS,98,98,88,10,2026-04-20,2026-09-07,03:45,0,0,0,10,10,,,18.16,1
2026-09-07T14:37:43,GOACARBON.NS,NSE_EQ|INE426D01013,nse_equity,SUCCESS,2477,2477,2467,10,2016-09-06,2026-09-07,03:45,0,0,0,10,10,,,16.25,1
2026-09-07T14:37:44,GOCLCORP.NS,NSE_EQ|INE077F01035,nse_equity,SUCCESS,2477,2477,2467,10,2016-09-06,2026-09-07,03:45,0,0,0,10,10,,,17.12,1
2026-09-07T14:37:45,GOCOLORS.NS,NSE_EQ|INE0BJS01011,nse_equity,SUCCESS,1185,1185,1175,10,2021-11-30,2026-09-07,03:45,0,0,0,10,10,,,17.61,1
2026-09-07T14:37:46,GODFRYPHLP.NS,NSE_EQ|INE260B01028,nse_equity,SUCCESS,2477,2477,2467,10,2016-09-06,2026-09-07,03:45,0,0,0,10,10,,,17.95,1
2026-09-07T14:37:47,GODIGIT.NS,NSE_EQ|INE03JT01014,nse_equity,SUCCESS,570,570,560,10,2024-05-23,2026-09-07,03:45,0,0,0,10,10,,,17.20,1
2026-09-07T14:37:49,GODREJAGRO.NS,NSE_EQ|INE850D01014,nse_equity,SUCCESS,2203,2203,2193,10,2017-10-16,2026-09-07,03:45,0,0,0,10,10,,,17.40,1
2026-09-07T14:37:52,GODREJIND.NS,NSE_EQ|INE233A01035,nse_equity,SUCCESS,2477,2477,2467,10,2016-09-06,2026-09-07,03:45,0,0,0,10,9,,,19.49,1
2026-09-07T14:37:52,GODREJCP.NS,NSE_EQ|INE102D01028,nse_equity,SUCCESS,2477,2477,2467,10,2016-09-06,2026-09-07,03:45,0,0,0,10,10,,,19.50,1
2026-09-07T14:37:54,GODREJPROP.NS,NSE_EQ|INE484J01027,nse_equity,SUCCESS,2477,2477,2467,10,2016-09-06,2026-09-07,03:45,0,0,0,10,10,,,18.15,1
2026-09-07T14:37:56,GOKEX.NS,NSE_EQ|INE887G01027,nse_equity,SUCCESS,2477,2477,2467,10,2016-09-06,2026-09-07,03:45,0,0,0,10,10,,,19.67,1
2026-09-07T14:37:56,GOKUL.NS,NSE_EQ|INE020J01029,nse_equity,SUCCESS,2445,2445,2435,10,2016-09-06,2026-09-07,03:45,0,0,0,10,10,,,19.67,1
2026-09-07T14:37:56,GOYALALUM.NS,NSE_EQ|INE705X01026,nse_equity,SUCCESS,934,934,924,10,2016-09-06,2026-09-07,03:45,0,0,0,10,10,,,16.41,1
2026-09-07T14:37:56,GOODYEAR.NS,NSE_EQ|INE533A01012,nse_equity,SUCCESS,98,98,88,10,2026-04-20,2026-09-07,03:45,0,0,0,10,10,,,17.36,1
2026-09-07T14:37:56,GOPAL.NS,NSE_EQ|INE0L9R01028,nse_equity,SUCCESS,615,615,605,10,2024-03-14,2026-09-07,03:45,0,0,0,10,10,,,16.41,1
2026-09-07T14:37:56,GOKULAGRO.NS,NSE_EQ|INE314T01033,nse_equity,SUCCESS,2445,2445,2435,10,2016-09-06,2026-09-07,03:45,0,0,0,10,10,,,18.16,1
2026-09-07T14:37:56,GOODLUCK.NS,NSE_EQ|INE127I01024,nse_equity,SUCCESS,2477,2477,2467,10,2016-09-06,2026-09-07,03:45,0,0,0,10,10,,,17.42,1
2026-09-07T14:37:58,GPIL.NS,NSE_EQ|INE177H01039,nse_equity,SUCCESS,2477,2477,2467,10,2016-09-06,2026-09-07,03:45,0,0,0,10,10,,,17.67,1
2026-09-07T14:37:58,GPTHEALTH.NS,NSE_EQ|INE486R01017,nse_equity,SUCCESS,625,625,615,10,2024-02-29,2026-09-07,03:45,0,0,0,10,10,,,16.66,1
2026-09-07T14:37:59,GRADIENTE.NS,NSE_EQ|INE361K01017,nse_equity,SUCCESS,85,85,75,10,2026-05-08,2026-09-07,03:45,0,0,0,10,10,,,15.80,1
2026-09-07T14:38:00,GPTINFRA.NS,NSE_EQ|INE390G01014,nse_equity,SUCCESS,2477,2477,2467,10,2016-09-06,2026-09-07,03:45,0,0,0,10,10,,,17.21,1
2026-09-07T14:38:00,GPPL.NS,NSE_EQ|INE517F01014,nse_equity,SUCCESS,2477,2477,2467,10,2016-09-06,2026-09-07,03:45,0,0,0,10,10,,,18.82,1
2026-09-07T14:38:00,GRANDOAK.NS,NSE_EQ|INE926B01016,nse_equity,SUCCESS,98,98,88,10,2026-04-20,2026-09-07,03:45,0,0,0,10,10,,,16.24,1
2026-09-07T14:38:02,GRANULES.NS,NSE_EQ|INE101D01020,nse_equity,SUCCESS,2477,2477,2467,10,2016-09-06,2026-09-07,03:45,0,0,0,10,10,,,16.95,1
2026-09-07T14:38:03,GRAPHITE.NS,NSE_EQ|INE371A01025,nse_equity,SUCCESS,2477,2477,2467,10,2016-09-06,2026-09-07,03:45,0,0,0,10,10,,,17.04,1
2026-09-07T14:38:04,GRASIM.NS,NSE_EQ|INE047A01021,nse_equity,SUCCESS,2477,2477,2466,11,2016-09-06,2026-09-07,03:45,0,0,0,11,11,,,16.32,1
2026-09-07T14:38:05,GRAUWEIL.NS,NSE_EQ|INE266D01021,nse_equity,SUCCESS,98,98,88,10,2026-04-20,2026-09-07,03:45,0,0,0,10,10,,,16.40,1
2026-09-07T14:38:05,GRAVISSHO.NS,NSE_EQ|INE214F01026,nse_equity,SUCCESS,97,97,87,10,2026-04-20,2026-09-07,03:45,0,0,0,10,10,,,13.32,1
2026-09-07T14:38:08,GRAVITA.NS,NSE_EQ|INE024L01027,nse_equity,SUCCESS,2477,2477,2467,10,2016-09-06,2026-09-07,03:45,0,0,0,10,10,,,15.46,1
2026-09-07T14:38:08,GREAVESCOT.NS,NSE_EQ|INE224A01026,nse_equity,SUCCESS,2477,2477,2467,10,2016-09-06,2026-09-07,03:45,0,0,0,10,10,,,14.65,1
2026-09-07T14:38:13,GRMOVER.NS,NSE_EQ|INE192H01020,nse_equity,SUCCESS,993,993,983,10,2022-09-07,2026-09-07,03:45,0,0,0,10,10,,,16.18,1
2026-09-07T14:38:14,GREENPOWER.NS,NSE_EQ|INE999K01014,nse_equity,SUCCESS,2477,2477,2467,10,2016-09-06,2026-09-07,03:45,0,0,0,10,10,,,17.04,1
2026-09-07T14:38:14,GREENPANEL.NS,NSE_EQ|INE08ZM01014,nse_equity,SUCCESS,1709,1709,1699,10,2019-10-23,2026-09-07,03:45,0,0,0,10,10,,,18.11,1
2026-09-07T14:38:14,GREENPLY.NS,NSE_EQ|INE461C01038,nse_equity,SUCCESS,2477,2477,2467,10,2016-09-06,2026-09-07,03:45,0,0,0,10,10,,,17.04,1
2026-09-07T14:38:14,GREENLAM.NS,NSE_EQ|INE544R01021,nse_equity,SUCCESS,2477,2477,2467,10,2016-09-06,2026-09-07,03:45,0,0,0,10,10,,,18.15,1
2026-09-07T14:38:14,GRINDWELL.NS,NSE_EQ|INE536A01023,nse_equity,SUCCESS,2477,2477,2467,10,2016-09-06,2026-09-07,03:45,0,0,0,10,10,,,17.57,1
2026-09-07T14:38:14,GRINFRA.NS,NSE_EQ|INE201P01022,nse_equity,SUCCESS,1275,1275,1265,10,2021-07-19,2026-09-07,03:45,0,0,0,10,10,,,17.58,1
2026-09-07T14:38:15,GROWW.NS,NSE_EQ|INE0HOQ01053,nse_equity,SUCCESS,204,204,193,11,2025-11-12,2026-09-07,03:45,0,0,0,11,11,,,16.15,1
2026-09-07T14:38:16,GROBTEA.NS,NSE_EQ|INE646C01018,nse_equity,SUCCESS,2420,2420,2410,10,2016-09-06,2026-09-07,03:45,0,0,0,10,10,,,18.18,1
2026-09-07T14:38:16,GROWWCAPM.NS,NSE_EQ|INF666M01MM4,nse_equity,SUCCESS,188,188,178,10,2025-12-04,2026-09-07,03:45,0,0,0,10,10,,,16.87,1
2026-09-07T14:38:16,GROWWCHEM.NS,NSE_EQ|INF666M01NP5,nse_equity,SUCCESS,159,159,149,10,2026-01-16,2026-09-07,03:45,0,0,0,10,10,,,16.20,1
2026-09-07T14:38:16,GROWWHOSPI.NS,NSE_EQ|INF666M01OD9,nse_equity,SUCCESS,126,126,116,10,2026-03-05,2026-09-07,03:45,0,0,0,10,10,,,13.43,1
2026-09-07T14:38:16,GROWWEV.NS,NSE_EQ|INF666M01IH2,nse_equity,SUCCESS,515,515,505,10,2024-08-12,2026-09-07,03:45,0,0,0,10,10,,,15.65,1
2026-09-07T14:38:16,GROWWDEFNC.NS,NSE_EQ|INF666M01IO8,nse_equity,SUCCESS,473,473,463,10,2024-10-11,2026-09-07,03:45,0,0,0,10,10,,,16.24,1
2026-09-07T14:38:16,GROWWLIQID.NS,NSE_EQ|INF666M01IP5,nse_equity,SUCCESS,483,483,473,10,2024-09-26,2026-09-07,03:45,0,0,0,10,10,,,12.92,1
2026-09-07T14:38:16,GROWWLOVOL.NS,NSE_EQ|INF666M01LB9,nse_equity,SUCCESS,305,305,295,10,2025-06-17,2026-09-07,03:45,0,0,0,10,10,,,11.63,1
2026-09-07T14:38:16,GROWWMC150.NS,NSE_EQ|INF666M01MV5,nse_equity,SUCCESS,201,201,191,10,2025-11-17,2026-09-07,03:45,0,0,0,10,10,,,10.98,1
2026-09-07T14:38:16,GROWWMETAL.NS,NSE_EQ|INF666M01NI0,nse_equity,SUCCESS,175,175,165,10,2025-12-23,2026-09-07,03:45,0,0,0,10,10,,,10.85,1
2026-09-07T14:38:18,GROWWN200.NS,NSE_EQ|INF666M01JV1,nse_equity,SUCCESS,376,376,366,10,2025-02-28,2026-09-07,03:45,0,0,0,10,10,,,9.90,1
2026-09-07T14:38:18,GROWWNET.NS,NSE_EQ|INF666M01LI4,nse_equity,SUCCESS,293,293,283,10,2025-07-03,2026-09-07,03:45,0,0,0,10,10,,,8.32,1
2026-09-07T14:38:18,GROWWNXT50.NS,NSE_EQ|INF666M01LZ8,nse_equity,SUCCESS,256,256,246,10,2025-08-26,2026-09-07,03:45,0,0,0,10,10,,,5.27,1
2026-09-07T14:38:18,GROWWPSE.NS,NSE_EQ|INF666M01NQ3,nse_equity,SUCCESS,141,141,131,10,2026-02-11,2026-09-07,03:45,0,0,0,10,10,,,4.48,1
2026-09-07T14:38:19,GROWWPSUBK.NS,NSE_EQ|INF666M01OG2,nse_equity,SUCCESS,111,111,101,10,2026-03-27,2026-09-07,03:45,0,0,0,10,10,,,4.80,1
2026-09-07T14:38:19,GROWWPOWER.NS,NSE_EQ|INF666M01LM6,nse_equity,SUCCESS,268,268,258,10,2025-08-07,2026-09-07,03:45,0,0,0,10,10,,,4.82,1
2026-09-07T14:38:19,GROWWRAIL.NS,NSE_EQ|INF666M01JJ6,nse_equity,SUCCESS,390,390,380,10,2025-02-07,2026-09-07,03:45,0,0,0,10,10,,,4.88,1
2026-09-07T14:38:20,GROWWRLTY.NS,NSE_EQ|INF666M01MN2,nse_equity,SUCCESS,226,226,216,10,2025-10-09,2026-09-07,03:45,0,0,0,10,10,,,5.08,1
2026-09-07T14:38:20,GROWWSC250.NS,NSE_EQ|INF666M01MO0,nse_equity,SUCCESS,212,212,202,10,2025-10-30,2026-09-07,03:45,0,0,0,10,10,,,5.09,1
2026-09-07T14:38:20,GROWWSLVR.NS,NSE_EQ|INF666M01OF4,nse_equity,SUCCESS,322,322,312,10,2025-05-23,2026-09-07,03:45,0,0,0,10,10,,,5.80,1
2026-09-07T14:38:24,GRWRHITECH.NS,NSE_EQ|INE291A01017,nse_equity,SUCCESS,1139,1139,1129,10,2022-02-03,2026-09-07,03:45,0,0,0,10,9,,,7.75,1
2026-09-07T14:38:24,GSEC10ABSL.NS,NSE_EQ|INF209KC1142,nse_equity,SUCCESS,353,353,347,6,2024-08-19,2026-09-02,03:45,0,0,0,6,6,,,7.84,1
2026-09-07T14:38:24,GSEC10YEAR.NS,NSE_EQ|INF769K01KF8,nse_equity,SUCCESS,809,809,799,10,2023-04-10,2026-09-07,03:45,0,0,0,10,10,,,8.01,1
2026-09-07T14:38:24,GRSE.NS,NSE_EQ|INE382Z01011,nse_equity,SUCCESS,1960,1960,1950,10,2018-10-10,2026-09-07,03:45,0,0,0,10,10,,,8.05,1
2026-09-07T14:38:24,GRPLTD.NS,NSE_EQ|INE137I01015,nse_equity,SUCCESS,2463,2463,2453,10,2016-09-06,2026-09-07,03:45,0,0,0,10,10,,,8.07,1
2026-09-07T14:38:25,GSEC10ADD.NS,NSE_EQ|INF740KA1ZI7,nse_equity,SUCCESS,11,11,3,8,2026-08-20,2026-09-07,03:45,0,0,0,8,8,,,9.25,1
2026-09-07T14:38:26,GSFC.NS,NSE_EQ|INE026A01025,nse_equity,SUCCESS,2477,2477,2467,10,2016-09-06,2026-09-07,03:45,0,0,0,10,10,,,9.35,1
2026-09-07T14:38:26,GSPCROP.NS,NSE_EQ|INE713R01022,nse_equity,SUCCESS,113,113,103,10,2026-03-24,2026-09-07,03:45,0,0,0,10,10,,,9.28,1
2026-09-07T14:38:27,GSS.NS,NSE_EQ|INE871H01011,nse_equity,SUCCESS,2477,2477,2467,10,2016-09-06,2026-09-07,03:45,0,0,0,10,10,,,10.24,1
2026-09-07T14:38:28,GSLSU.NS,NSE_EQ|INE0JSX01015,nse_equity,SUCCESS,857,857,847,10,2023-03-23,2026-09-07,03:45,0,0,0,10,10,,,11.76,1
2026-09-07T14:38:31,GTL.NS,NSE_EQ|INE043A01012,nse_equity,SUCCESS,2403,2403,2393,10,2016-09-06,2026-09-07,03:45,0,0,0,10,10,,,13.10,1
2026-09-07T14:38:32,GTLINFRA.NS,NSE_EQ|INE221H01019,nse_equity,SUCCESS,2477,2477,2467,10,2016-09-06,2026-09-07,03:45,0,0,0,10,10,,,14.37,1
2026-09-07T14:38:33,GTPL.NS,NSE_EQ|INE869I01013,nse_equity,SUCCESS,2274,2274,2264,10,2017-07-04,2026-09-07,03:45,0,0,0,10,10,,,14.59,1
2026-09-07T14:38:33,GUFICBIO.NS,NSE_EQ|INE742B01025,nse_equity,SUCCESS,2477,2477,2467,10,2016-09-06,2026-09-07,03:45,0,0,0,10,10,,,14.59,1
2026-09-07T14:38:35,GUJAPOLLO.NS,NSE_EQ|INE826C01016,nse_equity,SUCCESS,2477,2477,2467,10,2016-09-06,2026-09-07,03:45,0,0,0,10,10,,,15.82,1
2026-09-07T14:38:35,GUJALKALI.NS,NSE_EQ|INE186A01019,nse_equity,SUCCESS,2477,2477,2467,10,2016-09-06,2026-09-07,03:45,0,0,0,10,10,,,15.85,1
2026-09-07T14:38:36,GUJENERGY.NS,NSE_EQ|INE844O01030,nse_equity,SUCCESS,2477,2477,2467,10,2016-09-06,2026-09-07,03:45,0,0,0,10,10,,,16.92,1
2026-09-07T14:38:36,GUJTHEM.NS,NSE_EQ|INE942C01045,nse_equity,SUCCESS,378,378,368,10,2025-02-25,2026-09-07,03:45,0,0,0,10,10,,,16.31,1
2026-09-07T14:38:36,GUJRAFFIA.NS,NSE_EQ|INE610B01024,nse_equity,SUCCESS,1918,1918,1908,10,2017-12-13,2026-09-07,03:45,0,0,0,10,10,,,16.44,1
2026-09-07T14:38:37,GULFOILLUB.NS,NSE_EQ|INE635Q01029,nse_equity,SUCCESS,2477,2477,2467,10,2016-09-06,2026-09-07,03:45,0,0,0,10,10,,,16.90,1
2026-09-07T14:38:41,GULPOLY.NS,NSE_EQ|INE255D01024,nse_equity,SUCCESS,2477,2477,2467,10,2016-09-06,2026-09-07,03:45,0,0,0,10,10,,,17.55,1
2026-09-07T14:38:43,GYFTR.NS,NSE_EQ|INE724A01017,nse_equity,SUCCESS,42,42,32,10,2026-07-10,2026-09-07,03:45,0,0,0,10,10,,,18.83,1
2026-09-07T14:38:43,GVT&D.NS,NSE_EQ|INE200A01026,nse_equity,SUCCESS,2477,2477,2466,11,2016-09-06,2026-09-07,03:45,0,0,0,11,11,,,19.13,1
2026-09-07T14:38:43,GVPTECH.NS,NSE_EQ|INE382T01030,nse_equity,SUCCESS,992,992,982,10,2022-09-08,2026-09-07,03:45,0,0,0,10,10,,,19.13,1
2026-09-07T14:38:43,GVPIL.NS,NSE_EQ|INE878A01011,nse_equity,SUCCESS,2477,2477,2467,10,2016-09-06,2026-09-07,03:45,0,0,0,10,9,,,19.38,1
2026-09-07T14:38:43,HARDWYN.NS,NSE_EQ|INE626Z01029,nse_equity,ERROR,1094,0,0,0,,,03:45,0,1,0,10,10,ValidationError,session date 2025-04-26 is a weekend,11.25,1
2026-09-07T14:38:44,HAL.NS,NSE_EQ|INE066F01020,nse_equity,SUCCESS,2092,2092,2081,11,2018-03-28,2026-09-07,03:45,0,0,0,11,11,,,18.41,1
2026-09-07T14:38:44,HALDER.NS,NSE_EQ|INE115S01010,nse_equity,SUCCESS,157,157,147,10,2026-01-19,2026-09-07,03:45,0,0,0,10,10,,,18.86,1
2026-09-07T14:38:44,HALEOSLABS.NS,NSE_EQ|INE320X01016,nse_equity,SUCCESS,2242,2242,2232,10,2017-08-17,2026-09-07,03:45,0,0,0,10,10,,,18.82,1
2026-09-07T14:38:44,HAMPTON.NS,NSE_EQ|INE299D01022,nse_equity,SUCCESS,16,16,6,10,2026-08-17,2026-09-07,03:45,0,0,0,10,10,,,17.76,1
2026-09-07T14:38:46,HAPPYFORGE.NS,NSE_EQ|INE330T01021,nse_equity,SUCCESS,670,670,660,10,2023-12-27,2026-09-07,03:45,0,0,0,10,10,,,14.45,1
2026-09-07T14:38:47,HAPPSTMNDS.NS,NSE_EQ|INE419U01012,nse_equity,SUCCESS,1482,1482,1472,10,2020-09-17,2026-09-07,03:45,0,0,0,10,10,,,18.44,1
2026-09-07T14:38:48,HARRMALAYA.NS,NSE_EQ|INE544A01019,nse_equity,SUCCESS,2477,2477,2467,10,2016-09-06,2026-09-07,03:45,0,0,0,10,10,,,14.77,1
2026-09-07T14:38:48,HARIOMPIPE.NS,NSE_EQ|INE00EV01017,nse_equity,SUCCESS,1092,1092,1082,10,2022-04-13,2026-09-07,03:45,0,0,0,10,10,,,14.77,1
2026-09-07T14:38:50,HARSHA.NS,NSE_EQ|INE0JUS01029,nse_equity,SUCCESS,980,980,970,10,2022-09-26,2026-09-07,03:45,0,0,0,10,9,,,15.63,1
2026-09-07T14:38:51,HATHWAY.NS,NSE_EQ|INE982F01036,nse_equity,SUCCESS,2477,2477,2467,10,2016-09-06,2026-09-07,03:45,0,0,0,10,10,,,15.83,1
2026-09-07T14:38:51,HAVISHA.NS,NSE_EQ|INE293B01029,nse_equity,SUCCESS,1993,1993,1983,10,2018-04-12,2026-09-07,03:45,0,0,0,10,10,,,14.90,1
2026-09-07T14:38:51,HAVELLS.NS,NSE_EQ|INE176B01034,nse_equity,SUCCESS,2477,2477,2467,10,2016-09-06,2026-09-07,03:45,0,0,0,10,10,,,15.07,1
2026-09-07T14:38:51,HATSUN.NS,NSE_EQ|INE473B01035,nse_equity,SUCCESS,2477,2477,2467,10,2016-09-06,2026-09-07,03:45,0,0,0,10,10,,,15.22,1
2026-09-07T14:38:51,HAWKINCOOK.NS,NSE_EQ|INE979B01015,nse_equity,SUCCESS,98,98,88,10,2026-04-20,2026-09-07,03:45,0,0,0,10,10,,,14.03,1
2026-09-07T14:38:53,HBESD.NS,NSE_EQ|INE640B01021,nse_equity,SUCCESS,98,98,88,10,2026-04-20,2026-09-07,03:45,0,0,0,10,10,,,10.14,1
2026-09-07T14:38:53,HAZOOR.NS,NSE_EQ|INE550F01049,nse_equity,SUCCESS,16,16,6,10,2026-08-17,2026-09-07,03:45,0,0,0,10,10,,,11.34,1
2026-09-07T14:38:55,HCG.NS,NSE_EQ|INE075I01017,nse_equity,SUCCESS,2477,2477,2467,10,2016-09-06,2026-09-07,03:45,0,0,0,10,9,,,11.20,1
2026-09-07T14:38:55,HBLENGINE.NS,NSE_EQ|INE292B01021,nse_equity,SUCCESS,2477,2477,2467,10,2016-09-06,2026-09-07,03:45,0,0,0,10,10,,,11.62,1
2026-09-07T14:38:59,HDBFS.NS,NSE_EQ|INE756I01012,nse_equity,SUCCESS,294,294,284,10,2025-07-02,2026-09-07,03:45,0,0,0,10,10,,,14.88,1
2026-09-07T14:38:59,HCLTECH.NS,NSE_EQ|INE860A01027,nse_equity,SUCCESS,2477,2477,2391,86,2016-09-06,2026-09-07,03:45,0,0,0,86,84,,,15.00,1
2026-09-07T14:38:59,HCC.NS,NSE_EQ|INE549A01026,nse_equity,SUCCESS,2477,2477,2467,10,2016-09-06,2026-09-07,03:45,0,0,0,10,10,,,15.97,1
2026-09-07T14:39:00,HBPOR.NS,NSE_EQ|INE638B01025,nse_equity,SUCCESS,16,16,6,10,2026-08-17,2026-09-07,03:45,0,0,0,10,10,,,16.57,1
2026-09-07T14:39:05,HDFCBANK.NS,NSE_EQ|INE040A01034,nse_equity,SUCCESS,2477,2477,0,2477,2016-09-06,2026-09-07,03:45,0,0,0,2477,2475,,,18.29,1
2026-09-07T14:39:05,HDFCAMC.NS,NSE_EQ|INE127D01025,nse_equity,SUCCESS,2002,2002,1992,10,2018-08-06,2026-09-07,03:45,0,0,0,10,10,,,18.98,1
2026-09-07T14:39:05,HBSL.NS,NSE_EQ|INE550B01022,nse_equity,SUCCESS,1880,1880,1870,10,2018-07-26,2026-09-07,03:45,0,0,0,10,10,,,21.70,1
2026-09-07T14:39:05,HCL-INSYS.NS,NSE_EQ|INE236A01020,nse_equity,SUCCESS,2477,2477,2467,10,2016-09-06,2026-09-07,03:45,0,0,0,10,10,,,20.48,1
2026-09-07T14:39:05,HDFCGROWTH.NS,NSE_EQ|INF179KC1DJ0,nse_equity,SUCCESS,977,977,967,10,2022-09-29,2026-09-07,03:45,0,0,0,10,10,,,17.38,1
2026-09-07T14:39:05,HDFCNEXT50.NS,NSE_EQ|INF179KC1HS2,nse_equity,SUCCESS,1009,1009,999,10,2022-08-11,2026-09-07,03:45,0,0,0,10,10,,,14.43,1
2026-09-07T14:39:05,HDFCMID150.NS,NSE_EQ|INF179KC1HT0,nse_equity,SUCCESS,878,878,868,10,2023-02-21,2026-09-07,03:45,0,0,0,10,10,,,14.66,1
2026-09-07T14:39:05,HDFCBSE500.NS,NSE_EQ|INF179KC1EZ4,nse_equity,SUCCESS,878,878,868,10,2023-02-21,2026-09-07,03:45,0,0,0,10,10,,,17.38,1
2026-09-07T14:39:05,HDFCNIFBAN.NS,NSE_EQ|INF179KC1HY0,nse_equity,SUCCESS,1496,1496,1486,10,2020-08-28,2026-09-07,03:45,0,0,0,10,10,,,14.36,1
2026-09-07T14:39:05,HDFCNIF100.NS,NSE_EQ|INF179KC1HR4,nse_equity,SUCCESS,1009,1009,999,10,2022-08-11,2026-09-07,03:45,0,0,0,10,10,,,14.37,1
2026-09-07T14:39:05,HDFCLIFE.NS,NSE_EQ|INE795G01014,nse_equity,SUCCESS,2181,2181,2171,10,2017-11-17,2026-09-07,03:45,0,0,0,10,10,,,15.00,1
2026-09-07T14:39:06,HDFCNIFIT.NS,NSE_EQ|INF179KC1IA8,nse_equity,SUCCESS,942,942,932,10,2022-11-22,2026-09-07,03:45,0,0,0,10,10,,,14.22,1
2026-09-07T14:39:06,HDFCNIMEG.NS,NSE_EQ|INF179KC1KT4,nse_equity,SUCCESS,27,27,17,10,2026-07-31,2026-09-07,03:45,0,0,0,10,10,,,13.40,1
2026-09-07T14:39:07,HDFCPSUBK.NS,NSE_EQ|INF179KC1HW4,nse_equity,SUCCESS,641,641,631,10,2024-02-07,2026-09-07,03:45,0,0,0,10,10,,,13.25,1
2026-09-07T14:39:08,HDFCPVTBAN.NS,NSE_EQ|INF179KC1HZ7,nse_equity,SUCCESS,940,940,930,10,2022-11-22,2026-09-07,03:45,0,0,0,10,10,,,12.73,1
2026-09-07T14:39:08,HDFCSML250.NS,NSE_EQ|INF179KC1FB2,nse_equity,SUCCESS,878,878,868,10,2023-02-21,2026-09-07,03:45,0,0,0,10,10,,,12.79,1
2026-09-07T14:39:08,HEALTHCARE.NS,NSE_EQ|INF769K01QA6,nse_equity,SUCCESS,138,138,128,10,2026-02-16,2026-09-07,03:45,0,0,0,10,10,,,7.78,1
2026-09-07T14:39:08,HEALTHAXIS.NS,NSE_EQ|INF846K01Z12,nse_equity,SUCCESS,1316,1316,1306,10,2021-05-21,2026-09-07,03:45,0,0,0,10,10,,,8.51,1
2026-09-07T14:39:09,HEADSUP.NS,NSE_EQ|INE759V01019,nse_equity,SUCCESS,2411,2411,2401,10,2016-12-14,2026-09-07,03:45,0,0,0,10,10,,,9.13,1
2026-09-07T14:39:09,HEALTHADD.NS,NSE_EQ|INF740KA1ZG1,nse_equity,SUCCESS,640,640,630,10,2024-02-07,2026-09-07,03:45,0,0,0,10,10,,,9.09,1
2026-09-07T14:39:10,HERANBA.NS,NSE_EQ|INE694N01015,nse_equity,ERROR,1366,0,0,0,,,03:45,0,1,0,10,10,ValidationError,session date 2025-04-26 is a weekend,4.53,1
2026-09-07T14:39:15,HEG.NS,NSE_EQ|INE545A01024,nse_equity,SUCCESS,2477,2477,2467,10,2016-09-06,2026-09-07,03:45,0,0,0,10,10,,,10.09,1
2026-09-07T14:39:15,HECPROJECT.NS,NSE_EQ|INE558R01013,nse_equity,SUCCESS,1316,1316,1306,10,2016-09-20,2026-09-07,03:45,0,0,0,10,10,,,10.09,1
2026-09-07T14:39:17,HEALTHY.NS,NSE_EQ|INF209KB10C2,nse_equity,SUCCESS,1206,1206,1196,10,2021-10-28,2026-09-07,03:45,0,0,0,10,10,,,12.56,1
2026-09-07T14:39:20,HEALTHX.NS,NSE_EQ|INE019J01013,nse_equity,SUCCESS,2476,2476,2466,10,2016-09-06,2026-09-07,03:45,0,0,0,10,10,,,14.75,1
2026-09-07T14:39:20,HERITGFOOD.NS,NSE_EQ|INE978A01027,nse_equity,SUCCESS,2477,2477,2467,10,2016-09-06,2026-09-07,03:45,0,0,0,10,10,,,14.29,1
2026-09-07T14:39:20,HEMIPROP.NS,NSE_EQ|INE0AJG01018,nse_equity,SUCCESS,1458,1458,1448,10,2020-10-22,2026-09-07,03:45,0,0,0,10,10,,,14.29,1
2026-09-07T14:39:20,HEXT.NS,NSE_EQ|INE093A01041,nse_equity,SUCCESS,382,382,372,10,2025-02-19,2026-09-07,03:45,0,0,0,10,10,,,13.93,1
2026-09-07T14:39:20,HEXATRADEX.NS,NSE_EQ|INE750M01017,nse_equity,SUCCESS,2420,2420,2410,10,2016-09-06,2026-09-07,03:45,0,0,0,10,10,,,14.58,1
2026-09-07T14:39:20,HEROMOTOCO.NS,NSE_EQ|INE158A01026,nse_equity,SUCCESS,2477,2477,2466,11,2016-09-06,2026-09-07,03:45,0,0,0,11,11,,,14.73,1
2026-09-07T14:39:20,HEIDELBERG.NS,NSE_EQ|INE578A01017,nse_equity,SUCCESS,2477,2477,2467,10,2016-09-06,2026-09-07,03:45,0,0,0,10,10,,,14.74,1
2026-09-07T14:39:20,HESTERBIO.NS,NSE_EQ|INE782E01017,nse_equity,SUCCESS,2477,2477,2467,10,2016-09-06,2026-09-07,03:45,0,0,0,10,10,,,14.74,1
2026-09-07T14:39:22,HFCL.NS,NSE_EQ|INE548A01028,nse_equity,SUCCESS,2477,2477,2466,11,2016-09-06,2026-09-07,03:45,0,0,0,11,11,,,15.92,1
2026-09-07T14:39:23,HGINFRA.NS,NSE_EQ|INE926X01010,nse_equity,SUCCESS,2105,2105,2095,10,2018-03-09,2026-09-07,03:45,0,0,0,10,10,,,16.38,1
2026-09-07T14:39:24,HGS.NS,NSE_EQ|INE170I01016,nse_equity,SUCCESS,2477,2477,2467,10,2016-09-06,2026-09-07,03:45,0,0,0,10,10,,,16.09,1
2026-09-07T14:39:25,HGM.NS,NSE_EQ|INE596H01014,nse_equity,SUCCESS,2477,2477,2467,10,2016-09-06,2026-09-07,03:45,0,0,0,10,10,,,17.50,1
2026-09-07T14:39:26,HIKAL.NS,NSE_EQ|INE475B01022,nse_equity,SUCCESS,2477,2477,2467,10,2016-09-06,2026-09-07,03:45,0,0,0,10,10,,,17.26,1
2026-09-07T14:39:27,HILINFRA.NS,NSE_EQ|INE00RL01028,nse_equity,SUCCESS,265,265,255,10,2025-08-12,2026-09-07,03:45,0,0,0,10,10,,,18.70,1
2026-09-07T14:39:27,HILTON.NS,NSE_EQ|INE788H01017,nse_equity,SUCCESS,2477,2477,2467,10,2016-09-06,2026-09-07,03:45,0,0,0,10,10,,,18.48,1
2026-09-07T14:39:28,HINDADH.NS,NSE_EQ|INE074C01013,nse_equity,SUCCESS,16,16,6,10,2026-08-17,2026-09-07,03:45,0,0,0,10,10,,,18.00,1
2026-09-07T14:39:28,HIMATSEIDE.NS,NSE_EQ|INE049A01027,nse_equity,SUCCESS,2477,2477,2467,10,2016-09-06,2026-09-07,03:45,0,0,0,10,10,,,19.10,1
2026-09-07T14:39:35,HINDALUMI.NS,NSE_EQ|INE227B01019,nse_equity,SUCCESS,16,16,6,10,2026-08-17,2026-09-07,03:45,0,0,0,10,10,,,19.62,1
2026-09-07T14:39:37,HINDALCO.NS,NSE_EQ|INE038A01020,nse_equity,SUCCESS,2477,2477,2466,11,2016-09-06,2026-09-07,03:45,0,0,0,11,11,,,21.48,1
2026-09-07T14:39:40,HINDCOPPER.NS,NSE_EQ|INE531E01026,nse_equity,SUCCESS,2477,2477,2466,11,2016-09-06,2026-09-07,03:45,0,0,0,11,11,,,20.05,1
2026-09-07T14:39:40,HINDOILEXP.NS,NSE_EQ|INE345A01011,nse_equity,SUCCESS,2477,2477,2467,10,2016-09-06,2026-09-07,03:45,0,0,0,10,10,,,20.05,1
2026-09-07T14:39:40,HINDPETRO.NS,NSE_EQ|INE094A01015,nse_equity,SUCCESS,2477,2477,2467,10,2016-09-06,2026-09-07,03:45,0,0,0,10,10,,,20.04,1
2026-09-07T14:39:40,HINDCON.NS,NSE_EQ|INE642Y01029,nse_equity,SUCCESS,1580,1580,1570,10,2018-03-09,2026-09-07,03:45,0,0,0,10,10,,,20.05,1
2026-09-07T14:39:40,HINDUNILVR.NS,NSE_EQ|INE030A01027,nse_equity,SUCCESS,2477,2477,2391,86,2016-09-06,2026-09-07,03:45,0,0,0,86,84,,,19.77,1
2026-09-07T14:39:40,HINDCOMPOS.NS,NSE_EQ|INE310C01029,nse_equity,SUCCESS,2477,2477,2467,10,2016-09-06,2026-09-07,03:45,0,0,0,10,10,,,22.18,1
2026-09-07T14:39:41,HINDWAREAP.NS,NSE_EQ|INE05AN01011,nse_equity,SUCCESS,1665,1665,1655,10,2019-12-26,2026-09-07,03:45,0,0,0,10,10,,,20.91,1
2026-09-07T14:39:41,HIRECT.NS,NSE_EQ|INE835D01023,nse_equity,SUCCESS,2477,2477,2467,10,2016-09-06,2026-09-07,03:45,0,0,0,10,9,,,21.20,1
2026-09-07T14:39:44,HINDZINC.NS,NSE_EQ|INE267A01025,nse_equity,SUCCESS,2480,2480,2469,11,2016-09-06,2026-09-07,03:45,0,0,0,11,11,,,23.33,1
2026-09-07T14:39:44,HISARMETAL.NS,NSE_EQ|INE598C01011,nse_equity,SUCCESS,2394,2394,2384,10,2017-01-05,2026-09-07,03:45,0,0,0,10,10,,,21.31,1
2026-09-07T14:39:45,HITECH.NS,NSE_EQ|INE106T01025,nse_equity,SUCCESS,2067,2067,2057,10,2018-05-07,2026-09-07,03:45,0,0,0,10,10,,,21.57,1
2026-09-07T14:39:45,HLEGLAS.NS,NSE_EQ|INE461D01028,nse_equity,SUCCESS,1374,1374,1364,10,2021-02-22,2026-09-07,03:45,0,0,0,10,10,,,21.52,1
2026-09-07T14:39:47,HLVLTD.NS,NSE_EQ|INE102A01024,nse_equity,SUCCESS,2477,2477,2467,10,2016-09-06,2026-09-07,03:45,0,0,0,10,10,,,21.38,1
2026-09-07T14:39:47,HMAAGRO.NS,NSE_EQ|INE0ECP01024,nse_equity,SUCCESS,790,790,780,10,2023-07-04,2026-09-07,03:45,0,0,0,10,10,,,21.21,1
2026-09-07T14:39:48,HOMEFIRST.NS,NSE_EQ|INE481N01025,nse_equity,SUCCESS,1477,1477,1467,10,2018-03-21,2026-09-07,03:45,0,0,0,10,9,,,21.21,1
2026-09-07T14:39:48,HNDFDS.NS,NSE_EQ|INE254N01026,nse_equity,SUCCESS,1750,1750,1740,10,2019-08-20,2026-09-07,03:45,0,0,0,10,10,,,21.33,1
2026-09-07T14:39:49,HONASA.NS,NSE_EQ|INE0J5401028,nse_equity,SUCCESS,704,704,694,10,2023-11-07,2026-09-07,03:45,0,0,0,10,9,,,21.37,1
2026-09-07T14:39:51,HONAUT.NS,NSE_EQ|INE671A01010,nse_equity,SUCCESS,2477,2477,2467,10,2016-09-06,2026-09-07,03:45,0,0,0,10,9,,,22.90,1
2026-09-07T14:39:55,HORIZONIND.NS,NSE_EQ|INE685T01010,nse_equity,SUCCESS,11,11,1,10,2026-08-24,2026-09-07,03:45,0,0,0,10,10,,,17.45,1
2026-09-07T14:39:55,HONDAPOWER.NS,NSE_EQ|INE634A01018,nse_equity,SUCCESS,2477,2477,2467,10,2016-09-06,2026-09-07,03:45,0,0,0,10,10,,,19.46,1
2026-09-07T14:39:58,HSCL.NS,NSE_EQ|INE019C01026,nse_equity,SUCCESS,2477,2477,2466,11,2016-09-06,2026-09-07,03:45,0,0,0,11,11,,,17.74,1
2026-09-07T14:39:58,HRYNSHP.NS,NSE_EQ|INE400G01011,nse_equity,SUCCESS,16,16,6,10,2026-08-17,2026-09-07,03:45,0,0,0,10,10,,,17.81,1
2026-09-07T14:39:58,HPAL.NS,NSE_EQ|INE0GSL01024,nse_equity,SUCCESS,1166,1166,1156,10,2021-12-27,2026-09-07,03:45,0,0,0,10,10,,,18.02,1
2026-09-07T14:39:58,HPL.NS,NSE_EQ|INE495S01016,nse_equity,SUCCESS,2458,2458,2448,10,2016-10-04,2026-09-07,03:45,0,0,0,10,10,,,18.27,1
2026-09-07T14:39:58,HTMEDIA.NS,NSE_EQ|INE501G01024,nse_equity,SUCCESS,2477,2477,2467,10,2016-09-06,2026-09-07,03:45,0,0,0,10,10,,,18.28,1
2026-09-07T14:39:59,HPIL.NS,NSE_EQ|INE05X901010,nse_equity,SUCCESS,1182,1182,1172,10,2020-01-27,2026-09-07,03:45,0,0,0,10,10,,,19.57,1
2026-09-07T14:39:59,HUBTOWN.NS,NSE_EQ|INE703H01016,nse_equity,SUCCESS,2477,2477,2467,10,2016-09-06,2026-09-07,03:45,0,0,0,10,9,,,17.95,1
2026-09-07T14:39:59,HUDCO.NS,NSE_EQ|INE031A01017,nse_equity,SUCCESS,2305,2305,2295,10,2017-05-19,2026-09-07,03:45,0,0,0,10,10,,,17.98,1
2026-09-07T14:40:02,HYUNDAI.NS,NSE_EQ|INE0V6F01027,nse_equity,SUCCESS,466,466,456,10,2024-10-22,2026-09-07,03:45,0,0,0,10,10,,,17.79,1
2026-09-07T14:40:02,HUHTAMAKI.NS,NSE_EQ|INE275B01026,nse_equity,SUCCESS,2477,2477,2467,10,2016-09-06,2026-09-07,03:45,0,0,0,10,10,,,18.06,1
2026-09-07T14:40:03,ICDSLTD.NS,NSE_EQ|INE613B01010,nse_equity,SUCCESS,1270,1270,1260,10,2021-07-06,2026-09-07,03:45,0,0,0,10,10,,,17.60,1
2026-09-07T14:40:03,IBULLSLTD.NS,NSE_EQ|INE126M01010,nse_equity,SUCCESS,2420,2420,2410,10,2016-09-06,2026-09-07,03:45,0,0,0,10,10,,,17.96,1
2026-09-07T14:40:05,ICEMAKE.NS,NSE_EQ|INE520Y01019,nse_equity,SUCCESS,1992,1992,1982,10,2017-12-08,2026-09-07,03:45,0,0,0,10,10,,,18.00,1
2026-09-07T14:40:06,ICICIAMC.NS,NSE_EQ|INE346A01027,nse_equity,SUCCESS,177,177,167,10,2025-12-19,2026-09-07,03:45,0,0,0,10,10,,,18.77,1
2026-09-07T14:40:07,ICICIBANK.NS,NSE_EQ|INE090A01021,nse_equity,SUCCESS,2477,2477,0,2477,2016-09-06,2026-09-07,03:45,0,0,0,2477,2475,,,18.29,1
2026-09-07T14:40:07,ICICIB22.NS,NSE_EQ|INF109KB15Y7,nse_equity,SUCCESS,2174,2174,2164,10,2017-11-28,2026-09-07,03:45,0,0,0,10,10,,,18.76,1
2026-09-07T14:40:09,ICICIGI.NS,NSE_EQ|INE765G01017,nse_equity,SUCCESS,2215,2215,2205,10,2017-09-27,2026-09-07,03:45,0,0,0,10,10,,,19.82,1
2026-09-07T14:40:09,IDEA.NS,NSE_EQ|INE669E01016,nse_equity,ERROR,2477,0,0,0,,,03:45,0,0,0,11,11,ValidationError,invalid volume -81259413.0 on 2024-08-30,11.70,1
2026-09-07T14:40:11,ICICIPRULI.NS,NSE_EQ|INE726G01019,nse_equity,SUCCESS,2461,2461,2451,10,2016-09-29,2026-09-07,03:45,0,0,0,10,10,,,20.00,1
2026-09-07T14:40:15,ICRA.NS,NSE_EQ|INE725G01011,nse_equity,SUCCESS,2477,2477,2467,10,2016-09-06,2026-09-07,03:45,0,0,0,10,9,,,19.94,1
2026-09-07T14:40:17,IDEAFORGE.NS,NSE_EQ|INE349Y01013,nse_equity,SUCCESS,787,787,777,10,2023-07-07,2026-09-07,03:45,0,0,0,10,10,,,19.53,1
2026-09-07T14:40:17,ICIL.NS,NSE_EQ|INE483B01026,nse_equity,SUCCESS,2477,2477,2467,10,2016-09-06,2026-09-07,03:45,0,0,0,10,10,,,22.49,1
2026-09-07T14:40:18,IEX.NS,NSE_EQ|INE022Q01020,nse_equity,SUCCESS,2200,2200,2190,10,2017-10-23,2026-09-07,03:45,0,0,0,10,10,,,19.54,1
2026-09-07T14:40:19,IDBI.NS,NSE_EQ|INE008A01015,nse_equity,SUCCESS,2477,2477,2467,10,2016-09-06,2026-09-07,03:45,0,0,0,10,10,,,21.40,1
2026-09-07T14:40:19,IDFCFIRSTB.NS,NSE_EQ|INE092T01019,nse_equity,SUCCESS,2477,2477,2467,10,2016-09-06,2026-09-07,03:45,0,0,0,10,10,,,20.92,1
2026-09-07T14:40:21,IFBAGRO.NS,NSE_EQ|INE076C01018,nse_equity,SUCCESS,2477,2477,2467,10,2016-09-06,2026-09-07,03:45,0,0,0,10,10,,,21.79,1
2026-09-07T14:40:21,IFBIND.NS,NSE_EQ|INE559A01017,nse_equity,SUCCESS,2477,2477,2467,10,2016-09-06,2026-09-07,03:45,0,0,0,10,10,,,22.05,1
2026-09-07T14:40:22,IFCI.NS,NSE_EQ|INE039A01010,nse_equity,SUCCESS,2477,2477,2466,11,2016-09-06,2026-09-07,03:45,0,0,0,11,11,,,22.22,1
2026-09-07T14:40:22,IFGLEXPOR.NS,NSE_EQ|INE133Y01011,nse_equity,SUCCESS,2184,2184,2174,10,2017-11-14,2026-09-07,03:45,0,0,0,10,10,,,20.74,1
2026-09-07T14:40:22,IGARASHI.NS,NSE_EQ|INE188B01013,nse_equity,SUCCESS,2477,2477,2467,10,2016-09-06,2026-09-07,03:45,0,0,0,10,10,,,20.82,1
2026-09-07T14:40:22,IGCL.NS,NSE_EQ|INE05J901018,nse_equity,SUCCESS,293,293,283,10,2025-07-03,2026-09-07,03:45,0,0,0,10,10,,,19.43,1
2026-09-07T14:40:22,IGIL.NS,NSE_EQ|INE0Q9301021,nse_equity,SUCCESS,425,425,415,10,2024-12-20,2026-09-07,03:45,0,0,0,10,10,,,18.89,1
2026-09-07T14:40:27,IGPL.NS,NSE_EQ|INE204A01010,nse_equity,SUCCESS,2477,2477,2467,10,2016-09-06,2026-09-07,03:45,0,0,0,10,10,,,21.25,1
2026-09-07T14:40:27,IGL.NS,NSE_EQ|INE203G01027,nse_equity,SUCCESS,2477,2477,2467,10,2016-09-06,2026-09-07,03:45,0,0,0,10,10,,,22.45,1
2026-09-07T14:40:27,IIFLCAPS.NS,NSE_EQ|INE489L01022,nse_equity,SUCCESS,1729,1729,1719,10,2019-09-20,2026-09-07,03:45,0,0,0,10,10,,,19.70,1
2026-09-07T14:40:29,IIFL.NS,NSE_EQ|INE530B01024,nse_equity,SUCCESS,2477,2477,2467,10,2016-09-06,2026-09-07,03:45,0,0,0,10,10,,,21.93,1
2026-09-07T14:40:30,IKIO.NS,NSE_EQ|INE0LOJ01019,nse_equity,SUCCESS,801,801,791,10,2023-06-16,2026-09-07,03:45,0,0,0,10,9,,,20.20,1
2026-09-07T14:40:30,IKS.NS,NSE_EQ|INE115Q01022,nse_equity,SUCCESS,426,426,416,10,2024-12-19,2026-09-07,03:45,0,0,0,10,9,,,18.35,1
2026-09-07T14:40:30,IITL.NS,NSE_EQ|INE886A01014,nse_equity,SUCCESS,2363,2363,2353,10,2016-09-07,2026-09-07,03:45,0,0,0,10,10,,,21.23,1
2026-09-07T14:40:34,INA.NS,NSE_EQ|INE0LGX01024,nse_equity,SUCCESS,124,124,114,10,2026-03-09,2026-09-07,03:45,0,0,0,10,10,,,15.38,1
2026-09-07T14:40:34,IMAGICAA.NS,NSE_EQ|INE172N01012,nse_equity,SUCCESS,2477,2477,2467,10,2016-09-06,2026-09-07,03:45,0,0,0,10,10,,,19.07,1
2026-09-07T14:40:34,IMFA.NS,NSE_EQ|INE919H01018,nse_equity,SUCCESS,2477,2477,2467,10,2016-09-06,2026-09-07,03:45,0,0,0,10,10,,,16.50,1
2026-09-07T14:40:34,IMPAL.NS,NSE_EQ|INE547E01014,nse_equity,SUCCESS,2476,2476,2466,10,2016-09-06,2026-09-07,03:45,0,0,0,10,10,,,16.50,1
2026-09-07T14:40:37,INCREDIBLE.NS,NSE_EQ|INE452L01012,nse_equity,SUCCESS,2446,2446,2436,10,2016-09-06,2026-09-07,03:45,0,0,0,10,10,,,17.46,1
2026-09-07T14:40:37,INDBANK.NS,NSE_EQ|INE841B01017,nse_equity,SUCCESS,2477,2477,2467,10,2016-09-06,2026-09-07,03:45,0,0,0,10,10,,,17.45,1
2026-09-07T14:40:38,INDGN.NS,NSE_EQ|INE065X01017,nse_equity,SUCCESS,578,578,568,10,2024-05-13,2026-09-07,03:45,0,0,0,10,10,,,16.70,1
2026-09-07T14:40:39,INDIACEM.NS,NSE_EQ|INE383A01012,nse_equity,SUCCESS,2477,2477,2467,10,2016-09-06,2026-09-07,03:45,0,0,0,10,10,,,17.07,1
2026-09-07T14:40:40,INDHOTEL.NS,NSE_EQ|INE053A01029,nse_equity,SUCCESS,2477,2477,2467,10,2016-09-06,2026-09-07,03:45,0,0,0,10,10,,,18.03,1
2026-09-07T14:40:41,INDIANCARD.NS,NSE_EQ|INE061A01014,nse_equity,SUCCESS,2473,2473,2463,10,2016-09-06,2026-09-07,03:45,0,0,0,10,10,,,18.74,1
2026-09-07T14:40:41,INDIAGLYCO.NS,NSE_EQ|INE560A01023,nse_equity,SUCCESS,2477,2477,2467,10,2016-09-06,2026-09-07,03:45,0,0,0,10,10,,,18.94,1
2026-09-07T14:40:42,INDIANB.NS,NSE_EQ|INE562A01011,nse_equity,SUCCESS,2477,2477,2467,10,2016-09-06,2026-09-07,03:45,0,0,0,10,10,,,19.78,1
2026-09-07T14:40:43,INDIAMART.NS,NSE_EQ|INE933S01016,nse_equity,SUCCESS,1781,1781,1771,10,2019-07-04,2026-09-07,03:45,0,0,0,10,10,,,21.00,1
2026-09-07T14:40:44,INDIASHLTR.NS,NSE_EQ|INE922K01024,nse_equity,SUCCESS,674,674,664,10,2023-12-20,2026-09-07,03:45,0,0,0,10,10,,,16.81,1
2026-09-07T14:40:45,INDIANHUME.NS,NSE_EQ|INE323C01030,nse_equity,SUCCESS,2477,2477,2467,10,2016-09-06,2026-09-07,03:45,0,0,0,10,10,,,17.86,1
2026-09-07T14:40:46,INDIGO.NS,NSE_EQ|INE646L01027,nse_equity,SUCCESS,2477,2477,2467,10,2016-09-06,2026-09-07,03:45,0,0,0,10,10,,,18.08,1
2026-09-07T14:40:47,INDIQUBE.NS,NSE_EQ|INE06ST01018,nse_equity,SUCCESS,274,274,264,10,2025-07-30,2026-09-07,03:45,0,0,0,10,10,,,17.12,1
2026-09-07T14:40:47,INDIGOPNTS.NS,NSE_EQ|INE09VQ01012,nse_equity,SUCCESS,1408,1408,1398,10,2018-07-24,2026-09-07,03:45,0,0,0,10,10,,,17.79,1
2026-09-07T14:40:48,INDOBORAX.NS,NSE_EQ|INE803D01021,nse_equity,SUCCESS,1103,1103,1093,10,2022-03-29,2026-09-07,03:45,0,0,0,10,10,,,17.59,1
2026-09-07T14:40:49,INDNIPPON.NS,NSE_EQ|INE092B01025,nse_equity,SUCCESS,2477,2477,2467,10,2016-09-06,2026-09-07,03:45,0,0,0,10,10,,,17.99,1
2026-09-07T14:40:49,INDOMIM.NS,NSE_EQ|INE084101034,nse_equity,SUCCESS,28,28,18,10,2026-07-30,2026-09-07,03:45,0,0,0,10,10,,,14.83,1
2026-09-07T14:40:49,INDOFARM.NS,NSE_EQ|INE622H01018,nse_equity,SUCCESS,414,414,404,10,2025-01-07,2026-09-07,03:45,0,0,0,10,10,,,14.84,1
2026-09-07T14:40:50,INDOKEM.NS,NSE_EQ|INE716F01012,nse_equity,SUCCESS,16,16,6,10,2026-08-17,2026-09-07,03:45,0,0,0,10,10,,,15.84,1
2026-09-07T14:40:50,INDOCO.NS,NSE_EQ|INE873D01024,nse_equity,SUCCESS,2477,2477,2467,10,2016-09-06,2026-09-07,03:45,0,0,0,10,10,,,15.96,1
2026-09-07T14:40:53,INDOSTAR.NS,NSE_EQ|INE896L01010,nse_equity,SUCCESS,2057,2057,2047,10,2018-05-21,2026-09-07,03:45,0,0,0,10,10,,,16.81,1
2026-09-07T14:40:55,INDORAMA.NS,NSE_EQ|INE156A01020,nse_equity,SUCCESS,2445,2445,2435,10,2016-09-06,2026-09-07,03:45,0,0,0,10,10,,,18.02,1
2026-09-07T14:40:55,INDOTECH.NS,NSE_EQ|INE332H01014,nse_equity,SUCCESS,2458,2458,2448,10,2016-09-06,2026-09-07,03:45,0,0,0,10,10,,,16.65,1
2026-09-07T14:40:55,INDOTHAI.NS,NSE_EQ|INE337M01021,nse_equity,SUCCESS,2477,2477,2467,10,2016-09-06,2026-09-07,03:45,0,0,0,10,10,,,15.67,1
2026-09-07T14:40:56,INDOUS.NS,NSE_EQ|INE250Z01010,nse_equity,SUCCESS,482,482,472,10,2024-09-27,2026-09-07,03:45,0,0,0,10,10,,,16.01,1
2026-09-07T14:40:57,INDPRUD.NS,NSE_EQ|INE620D01011,nse_equity,SUCCESS,93,93,83,10,2026-04-20,2026-09-07,03:45,0,0,0,10,10,,,15.47,1
2026-09-07T14:40:58,INDOWIND.NS,NSE_EQ|INE227G01018,nse_equity,SUCCESS,2475,2475,2465,10,2016-09-06,2026-09-07,03:45,0,0,0,10,10,,,16.33,1
2026-09-07T14:40:58,INDRAMEDCO.NS,NSE_EQ|INE681B01017,nse_equity,SUCCESS,2477,2477,2467,10,2016-09-06,2026-09-07,03:45,0,0,0,10,10,,,15.92,1
2026-09-07T14:41:01,INDSWFTLAB.NS,NSE_EQ|INE915B01019,nse_equity,SUCCESS,2477,2477,2467,10,2016-09-06,2026-09-07,03:45,0,0,0,10,10,,,17.04,1
2026-09-07T14:41:01,INDTERRAIN.NS,NSE_EQ|INE611L01021,nse_equity,SUCCESS,2477,2477,2467,10,2016-09-06,2026-09-07,03:45,0,0,0,10,10,,,16.13,1
2026-09-07T14:41:03,INDUSINDBK.NS,NSE_EQ|INE095A01012,nse_equity,SUCCESS,2477,2477,2467,10,2016-09-06,2026-09-07,03:45,0,0,0,10,10,,,17.59,1
2026-09-07T14:41:03,INDUSTOWER.NS,NSE_EQ|INE121J01017,nse_equity,SUCCESS,2477,2477,2467,10,2016-09-06,2026-09-07,03:45,0,0,0,10,10,,,17.00,1
2026-09-07T14:41:03,INFOMEDIA.NS,NSE_EQ|INE669A01022,nse_equity,SUCCESS,1505,1505,1495,10,2016-09-06,2026-09-07,03:45,0,0,0,10,10,,,16.60,1
2026-09-07T14:41:05,INFRA.NS,NSE_EQ|INF769K01QB4,nse_equity,SUCCESS,136,136,126,10,2026-02-18,2026-09-07,03:45,0,0,0,10,10,,,17.09,1
2026-09-07T14:41:05,INFOBEAN.NS,NSE_EQ|INE344S01016,nse_equity,SUCCESS,2175,2175,2165,10,2017-05-02,2026-09-07,03:45,0,0,0,10,9,,,18.82,1
2026-09-07T14:41:06,INNOVACAP.NS,NSE_EQ|INE0DUT01020,nse_equity,SUCCESS,668,668,658,10,2023-12-29,2026-09-07,03:45,0,0,0,10,10,,,16.41,1
2026-09-07T14:41:06,INFY.NS,NSE_EQ|INE009A01021,nse_equity,SUCCESS,2477,2477,0,2477,2016-09-06,2026-09-07,03:45,0,0,0,2477,2475,,,17.26,1
2026-09-07T14:41:06,INGERRAND.NS,NSE_EQ|INE177A01018,nse_equity,SUCCESS,2477,2477,2467,10,2016-09-06,2026-09-07,03:45,0,0,0,10,9,,,16.84,1
2026-09-07T14:41:06,INNOVISION.NS,NSE_EQ|INE0ADB01012,nse_equity,SUCCESS,114,114,104,10,2026-03-23,2026-09-07,03:45,0,0,0,10,10,,,16.35,1
2026-09-07T14:41:07,INNOVANA.NS,NSE_EQ|INE403Y01018,nse_equity,SUCCESS,1736,1736,1726,10,2017-12-12,2026-09-07,03:45,0,0,0,10,10,,,16.90,1
2026-09-07T14:41:10,INOXGREEN.NS,NSE_EQ|INE510W01014,nse_equity,SUCCESS,941,941,931,10,2022-11-23,2026-09-07,03:45,0,0,0,10,10,,,16.27,1
2026-09-07T14:41:12,INOXINDIA.NS,NSE_EQ|INE616N01034,nse_equity,SUCCESS,673,673,663,10,2023-12-21,2026-09-07,03:45,0,0,0,10,10,,,17.47,1
2026-09-07T14:41:12,INSPIRISYS.NS,NSE_EQ|INE020G01017,nse_equity,SUCCESS,2283,2283,2273,10,2016-09-06,2026-09-07,03:45,0,0,0,10,10,,,16.31,1
2026-09-07T14:41:12,INSECTICID.NS,NSE_EQ|INE070I01018,nse_equity,SUCCESS,2477,2477,2467,10,2016-09-06,2026-09-07,03:45,0,0,0,10,10,,,17.63,1
2026-09-07T14:41:12,INOXWIND.NS,NSE_EQ|INE066P01011,nse_equity,SUCCESS,2477,2477,2467,10,2016-09-06,2026-09-07,03:45,0,0,0,10,10,,,17.63,1
2026-09-07T14:41:13,INTENTECH.NS,NSE_EQ|INE781A01025,nse_equity,SUCCESS,2343,2343,2333,10,2017-03-23,2026-09-07,03:45,0,0,0,10,10,,,14.97,1
2026-09-07T14:41:14,INTELLECT.NS,NSE_EQ|INE306R01017,nse_equity,SUCCESS,2477,2477,2467,10,2016-09-06,2026-09-07,03:45,0,0,0,10,10,,,17.47,1
2026-09-07T14:41:15,INTERARCH.NS,NSE_EQ|INE00M901018,nse_equity,SUCCESS,506,506,496,10,2024-08-26,2026-09-07,03:45,0,0,0,10,10,,,16.37,1
2026-09-07T14:41:17,INTLCONV.NS,NSE_EQ|INE575C01027,nse_equity,SUCCESS,1404,1404,1394,10,2016-09-06,2026-09-07,03:45,0,0,0,10,10,,,16.02,1
2026-09-07T14:41:17,INTERNET.NS,NSE_EQ|INF769K01PB6,nse_equity,SUCCESS,290,290,280,10,2025-07-08,2026-09-07,03:45,0,0,0,10,10,,,16.02,1
2026-09-07T14:41:19,IOB.NS,NSE_EQ|INE565A01014,nse_equity,SUCCESS,2477,2477,2467,10,2016-09-06,2026-09-07,03:45,0,0,0,10,10,,,16.46,1
2026-09-07T14:41:19,INVENTURE.NS,NSE_EQ|INE878H01024,nse_equity,SUCCESS,2477,2477,2467,10,2016-09-06,2026-09-07,03:45,0,0,0,10,10,,,16.47,1
2026-09-07T14:41:22,IOC.NS,NSE_EQ|INE242A01010,nse_equity,SUCCESS,2477,2477,2467,10,2016-09-06,2026-09-07,03:45,0,0,0,10,10,,,18.74,1
2026-09-07T14:41:24,IPL.NS,NSE_EQ|INE0D6701023,nse_equity,SUCCESS,1285,1285,1275,10,2021-07-05,2026-09-07,03:45,0,0,0,10,10,,,18.61,1
2026-09-07T14:41:24,IPCALAB.NS,NSE_EQ|INE571A01038,nse_equity,SUCCESS,2477,2477,2467,10,2016-09-06,2026-09-07,03:45,0,0,0,10,9,,,18.82,1
2026-09-07T14:41:24,IONEXCHANG.NS,NSE_EQ|INE570A01022,nse_equity,SUCCESS,1126,1126,1116,10,2022-02-22,2026-09-07,03:45,0,0,0,10,10,,,18.99,1
2026-09-07T14:41:24,IOLCP.NS,NSE_EQ|INE485C01029,nse_equity,SUCCESS,2477,2477,2467,10,2016-09-06,2026-09-07,03:45,0,0,0,10,10,,,19.02,1
2026-09-07T14:41:25,IRB.NS,NSE_EQ|INE821I01022,nse_equity,SUCCESS,2477,2477,2467,10,2016-09-06,2026-09-07,03:45,0,0,0,10,10,,,18.52,1
2026-09-07T14:41:25,IPRINGLTD.NS,NSE_EQ|INE558A01019,nse_equity,SUCCESS,16,16,6,10,2026-08-17,2026-09-07,03:45,0,0,0,10,10,,,19.48,1
2026-09-07T14:41:25,IRCON.NS,NSE_EQ|INE962Y01021,nse_equity,SUCCESS,1967,1967,1957,10,2018-09-28,2026-09-07,03:45,0,0,0,10,10,,,18.60,1
2026-09-07T14:41:27,IRCTC.NS,NSE_EQ|INE335Y01020,nse_equity,SUCCESS,1715,1715,1705,10,2019-10-14,2026-09-07,03:45,0,0,0,10,10,,,17.37,1
2026-09-07T14:41:28,IREDA.NS,NSE_EQ|INE202E01016,nse_equity,SUCCESS,689,689,679,10,2023-11-29,2026-09-07,03:45,0,0,0,10,10,,,15.42,1
2026-09-07T14:41:28,IRIS.NS,NSE_EQ|INE864K01010,nse_equity,SUCCESS,1200,1200,1190,10,2021-11-08,2026-09-07,03:45,0,0,0,10,10,,,15.43,1
2026-09-07T14:41:29,IRISDOREME.NS,NSE_EQ|INE01GN01025,nse_equity,SUCCESS,1495,1495,1485,10,2018-10-23,2026-09-07,03:45,0,0,0,10,10,,,16.36,1
2026-09-07T14:41:29,IRFC.NS,NSE_EQ|INE053F01010,nse_equity,SUCCESS,1390,1390,1380,10,2021-01-29,2026-09-07,03:45,0,0,0,10,10,,,16.63,1
2026-09-07T14:41:29,IRMENERGY.NS,NSE_EQ|INE07U701015,nse_equity,SUCCESS,712,712,702,10,2023-10-26,2026-09-07,03:45,0,0,0,10,10,,,16.17,1
2026-09-07T14:41:30,ISFT.NS,NSE_EQ|INE566K01011,nse_equity,SUCCESS,2451,2451,2441,10,2016-09-06,2026-09-07,03:45,0,0,0,10,10,,,15.53,1
2026-09-07T14:41:30,ISGEC.NS,NSE_EQ|INE858B01029,nse_equity,SUCCESS,1327,1327,1317,10,2021-05-05,2026-09-07,03:45,0,0,0,10,10,,,14.99,1
2026-09-07T14:41:30,ISTLTD.NS,NSE_EQ|INE684B01029,nse_equity,SUCCESS,16,16,6,10,2026-08-17,2026-09-07,03:45,0,0,0,10,10,,,13.64,1
2026-09-07T14:41:31,ISHANCH.NS,NSE_EQ|INE561M01018,nse_equity,SUCCESS,361,361,351,10,2025-03-24,2026-09-07,03:45,0,0,0,10,10,,,13.99,1
2026-09-07T14:41:34,ITADD.NS,NSE_EQ|INF740KA1SX1,nse_equity,SUCCESS,783,783,773,10,2023-07-13,2026-09-07,03:45,0,0,0,10,10,,,14.27,1
2026-09-07T14:41:34,IT.NS,NSE_EQ|INF174KA1GC5,nse_equity,SUCCESS,1365,1365,1355,10,2021-03-05,2026-09-07,03:45,0,0,0,10,10,,,14.72,1
2026-09-07T14:41:36,ITAXIS.NS,NSE_EQ|INF846K01Y96,nse_equity,SUCCESS,1349,1349,1339,10,2021-03-31,2026-09-07,03:45,0,0,0,10,10,,,14.14,1
2026-09-07T14:41:36,ITC.NS,NSE_EQ|INE154A01025,nse_equity,SUCCESS,2477,2477,0,2477,2016-09-06,2026-09-07,03:45,0,0,0,2477,2475,,,11.80,1
2026-09-07T14:41:37,ITCHOTELS.NS,NSE_EQ|INE379A01028,nse_equity,SUCCESS,398,398,388,10,2025-01-29,2026-09-07,03:45,0,0,0,10,10,,,12.74,1
2026-09-07T14:41:37,ITDC.NS,NSE_EQ|INE353K01014,nse_equity,SUCCESS,2399,2399,2389,10,2016-12-30,2026-09-07,03:45,0,0,0,10,10,,,12.78,1
2026-09-07T14:41:38,ITI.NS,NSE_EQ|INE248A01017,nse_equity,SUCCESS,2477,2477,2467,10,2016-09-06,2026-09-07,03:45,0,0,0,10,10,,,13.11,1
2026-09-07T14:41:38,ITL.NS,NSE_EQ|INE478D01014,nse_equity,SUCCESS,16,16,6,10,2026-08-17,2026-09-07,03:45,0,0,0,10,10,,,12.90,1
2026-09-07T14:41:38,IVZBANKNF.NS,NSE_EQ|INF205KA1CB9,nse_equity,SUCCESS,12,12,2,10,2026-08-21,2026-09-07,03:45,0,0,0,10,10,,,12.71,1
2026-09-07T14:41:39,IVC.NS,NSE_EQ|INE050B01023,nse_equity,SUCCESS,2477,2477,2467,10,2016-09-06,2026-09-07,03:45,0,0,0,10,10,,,14.09,1
2026-09-07T14:41:40,IWP.NS,NSE_EQ|INE586E01020,nse_equity,SUCCESS,98,98,88,10,2026-04-20,2026-09-07,03:45,0,0,0,10,10,,,13.09,1
2026-09-07T14:41:42,IXIGO.NS,NSE_EQ|INE0HV901016,nse_equity,SUCCESS,553,553,543,10,2024-06-18,2026-09-07,03:45,0,0,0,10,10,,,14.64,1
2026-09-07T14:41:43,IZMO.NS,NSE_EQ|INE848A01014,nse_equity,SUCCESS,2477,2477,2467,10,2016-09-06,2026-09-07,03:45,0,0,0,10,10,,,14.71,1
2026-09-07T14:41:44,JAGRAN.NS,NSE_EQ|INE199G01027,nse_equity,SUCCESS,2477,2477,2467,10,2016-09-06,2026-09-07,03:45,0,0,0,10,10,,,14.96,1
2026-09-07T14:41:48,JHS.NS,NSE_EQ|INE544H01014,nse_equity,ERROR,2478,0,0,0,,,03:45,0,1,0,10,10,ValidationError,session date 2025-04-26 is a weekend,5.69,1
2026-09-07T14:41:48,JAGSNPHARM.NS,NSE_EQ|INE048B01035,nse_equity,SUCCESS,2477,2477,2467,10,2016-09-06,2026-09-07,03:45,0,0,0,10,10,,,18.96,1
2026-09-07T14:41:48,JAINREC.NS,NSE_EQ|INE0YD401026,nse_equity,SUCCESS,231,231,221,10,2025-10-01,2026-09-07,03:45,0,0,0,10,10,,,17.53,1
2026-09-07T14:41:48,J&KBANK.NS,NSE_EQ|INE168A01041,nse_equity,SUCCESS,2477,2477,2467,10,2016-09-06,2026-09-07,03:45,0,0,0,10,10,,,19.33,1
2026-09-07T14:41:49,JAICORPLTD.NS,NSE_EQ|INE070D01027,nse_equity,SUCCESS,2477,2477,2467,10,2016-09-06,2026-09-07,03:45,0,0,0,10,10,,,18.55,1
2026-09-07T14:41:49,JAMNAAUTO.NS,NSE_EQ|INE039C01032,nse_equity,SUCCESS,2477,2477,2467,10,2016-09-06,2026-09-07,03:45,0,0,0,10,10,,,15.31,1
2026-09-07T14:41:49,JAIBALAJI.NS,NSE_EQ|INE091G01026,nse_equity,SUCCESS,2451,2451,2441,10,2016-09-06,2026-09-07,03:45,0,0,0,10,10,,,19.07,1
2026-09-07T14:41:49,JAIPURKURT.NS,NSE_EQ|INE696V01013,nse_equity,SUCCESS,1777,1777,1767,10,2016-10-10,2026-09-07,03:45,0,0,0,10,10,,,17.99,1
2026-09-07T14:41:54,JENBURPH.NS,NSE_EQ|INE354A01013,nse_equity,SUCCESS,16,16,6,10,2026-08-17,2026-09-07,03:45,0,0,0,10,10,,,14.54,1
2026-09-07T14:41:54,JAYKAY.NS,NSE_EQ|INE903A01025,nse_equity,SUCCESS,189,189,179,10,2025-12-03,2026-09-07,03:45,0,0,0,10,10,,,16.72,1
2026-09-07T14:41:54,JARO.NS,NSE_EQ|INE00YJ01010,nse_equity,SUCCESS,232,232,222,10,2025-09-30,2026-09-07,03:45,0,0,0,10,10,,,20.20,1
2026-09-07T14:41:54,JASH.NS,NSE_EQ|INE039O01029,nse_equity,SUCCESS,2237,2237,2227,10,2016-09-06,2026-09-07,03:45,0,0,0,10,10,,,18.12,1
2026-09-07T14:41:55,JAYBARMARU.NS,NSE_EQ|INE571B01036,nse_equity,SUCCESS,2477,2477,2467,10,2016-09-06,2026-09-07,03:45,0,0,0,10,10,,,17.31,1
2026-09-07T14:41:55,JAYAGROGN.NS,NSE_EQ|INE785A01026,nse_equity,SUCCESS,2477,2477,2467,10,2016-09-06,2026-09-07,03:45,0,0,0,10,10,,,18.25,1
2026-09-07T14:41:55,JAYNECOIND.NS,NSE_EQ|INE854B01010,nse_equity,SUCCESS,2433,2433,2423,10,2016-09-06,2026-09-07,03:45,0,0,0,10,10,,,16.93,1
2026-09-07T14:41:55,JBMA.NS,NSE_EQ|INE927D01051,nse_equity,SUCCESS,2477,2477,2467,10,2016-09-06,2026-09-07,03:45,0,0,0,10,10,,,16.30,1
2026-09-07T14:41:55,JAYSREETEA.NS,NSE_EQ|INE364A01020,nse_equity,SUCCESS,2477,2477,2467,10,2016-09-06,2026-09-07,03:45,0,0,0,10,10,,,16.31,1
2026-09-07T14:41:55,JGCHEM.NS,NSE_EQ|INE0MB501011,nse_equity,SUCCESS,616,616,606,10,2024-03-13,2026-09-07,03:45,0,0,0,10,10,,,14.15,1
2026-09-07T14:41:55,JINDALPHOT.NS,NSE_EQ|INE796G01012,nse_equity,SUCCESS,2476,2476,2466,10,2016-09-06,2026-09-07,03:45,0,0,0,10,10,,,12.01,1
2026-09-07T14:41:56,JINDALPOLY.NS,NSE_EQ|INE197D01010,nse_equity,SUCCESS,2477,2477,2467,10,2016-09-06,2026-09-07,03:45,0,0,0,10,10,,,12.35,1
2026-09-07T14:42:02,JINDWORLD.NS,NSE_EQ|INE247D01039,nse_equity,SUCCESS,2475,2475,2465,10,2016-09-06,2026-09-07,03:45,0,0,0,10,10,,,13.81,1
2026-09-07T14:42:03,JINDALSAW.NS,NSE_EQ|INE324A01032,nse_equity,SUCCESS,2477,2477,2467,10,2016-09-06,2026-09-07,03:45,0,0,0,10,10,,,15.48,1
2026-09-07T14:42:03,JISLDVREQS.NS,NSE_EQ|IN9175A01010,nse_equity,SUCCESS,2477,2477,2467,10,2016-09-06,2026-09-07,03:45,0,0,0,10,10,,,14.45,1
2026-09-07T14:42:04,JINDALSTEL.NS,NSE_EQ|INE749A01030,nse_equity,SUCCESS,2477,2477,2467,10,2016-09-06,2026-09-07,03:45,0,0,0,10,10,,,15.89,1
2026-09-07T14:42:04,JINDRILL.NS,NSE_EQ|INE742C01031,nse_equity,SUCCESS,2477,2477,2467,10,2016-09-06,2026-09-07,03:45,0,0,0,10,10,,,15.89,1
2026-09-07T14:42:07,JITFINFRA.NS,NSE_EQ|INE863T01013,nse_equity,ERROR,2299,0,0,0,,,03:45,0,1,0,10,10,ValidationError,session date 2025-04-26 is a weekend,15.68,1
2026-09-07T14:42:09,JIOFIN.NS,NSE_EQ|INE758E01017,nse_equity,SUCCESS,757,757,747,10,2023-08-21,2026-09-07,03:45,0,0,0,10,10,,,19.61,1
2026-09-07T14:42:11,JLHL.NS,NSE_EQ|INE682M01020,nse_equity,SUCCESS,737,737,727,10,2023-09-18,2026-09-07,03:45,0,0,0,10,10,,,16.64,1
2026-09-07T14:42:11,JMA.NS,NSE_EQ|INE412C01023,nse_equity,SUCCESS,2471,2471,2461,10,2016-09-06,2026-09-07,03:45,0,0,0,10,10,,,16.78,1
2026-09-07T14:42:11,JKPAPER.NS,NSE_EQ|INE789E01012,nse_equity,SUCCESS,2477,2477,2467,10,2016-09-06,2026-09-07,03:45,0,0,0,10,10,,,16.89,1
2026-09-07T14:42:11,JISLJALEQS.NS,NSE_EQ|INE175A01038,nse_equity,SUCCESS,2477,2477,2467,10,2016-09-06,2026-09-07,03:45,0,0,0,10,10,,,22.47,1
2026-09-07T14:42:11,JKCEMENT.NS,NSE_EQ|INE823G01014,nse_equity,SUCCESS,2477,2477,2467,10,2016-09-06,2026-09-07,03:45,0,0,0,10,10,,,17.44,1
2026-09-07T14:42:12,JKIPL.NS,NSE_EQ|INE1FF001016,nse_equity,SUCCESS,230,230,220,10,2025-10-03,2026-09-07,03:45,0,0,0,10,10,,,18.10,1
2026-09-07T14:42:13,JKLAKSHMI.NS,NSE_EQ|INE786A01032,nse_equity,SUCCESS,2477,2477,2467,10,2016-09-06,2026-09-07,03:45,0,0,0,10,10,,,18.61,1
2026-09-07T14:42:13,JKTYRE.NS,NSE_EQ|INE573A01042,nse_equity,SUCCESS,2477,2477,2467,10,2016-09-06,2026-09-07,03:45,0,0,0,10,10,,,18.49,1
2026-09-07T14:42:13,JMFINANCIL.NS,NSE_EQ|INE780C01023,nse_equity,SUCCESS,2477,2477,2467,10,2016-09-06,2026-09-07,03:45,0,0,0,10,10,,,18.51,1
2026-09-07T14:42:13,JNPR.NS,NSE_EQ|INE05C901015,nse_equity,SUCCESS,23,23,13,10,2026-08-06,2026-09-07,03:45,0,0,0,10,10,,,17.68,1
2026-09-07T14:42:13,JNKINDIA.NS,NSE_EQ|INE0OAF01028,nse_equity,SUCCESS,586,586,576,10,2024-04-30,2026-09-07,03:45,0,0,0,10,10,,,18.59,1
2026-09-07T14:42:13,JKIL.NS,NSE_EQ|INE576I01022,nse_equity,SUCCESS,2474,2474,2464,10,2016-09-06,2026-09-07,03:45,0,0,0,10,10,,,19.27,1
2026-09-07T14:42:15,JOCIL.NS,NSE_EQ|INE839G01010,nse_equity,SUCCESS,2475,2475,2475,0,2016-09-06,2026-09-07,03:45,0,0,0,0,0,,,18.96,1
2026-09-07T14:42:18,JPOLYINVST.NS,NSE_EQ|INE147P01019,nse_equity,SUCCESS,2344,2344,2334,10,2016-09-06,2026-09-07,03:45,0,0,0,10,10,,,16.23,1
2026-09-07T14:42:20,JPPOWER.NS,NSE_EQ|INE351F01018,nse_equity,SUCCESS,2477,2477,2467,10,2016-09-06,2026-09-07,03:45,0,0,0,10,10,,,16.56,1
2026-09-07T14:42:22,JSFB.NS,NSE_EQ|INE953L01027,nse_equity,SUCCESS,636,636,626,10,2024-02-14,2026-09-07,03:45,0,0,0,10,10,,,18.22,1
2026-09-07T14:42:22,JSLL.NS,NSE_EQ|INE0J5801029,nse_equity,SUCCESS,1077,1077,1067,10,2022-04-19,2026-09-07,03:45,0,0,0,10,10,,,16.61,1
2026-09-07T14:42:23,JSL.NS,NSE_EQ|INE220G01021,nse_equity,SUCCESS,2477,2477,2467,10,2016-09-06,2026-09-07,03:45,0,0,0,10,10,,,17.91,1
2026-09-07T14:42:26,JSWCEMENT.NS,NSE_EQ|INE718I01012,nse_equity,SUCCESS,263,263,253,10,2025-08-14,2026-09-07,03:45,0,0,0,10,10,,,18.33,1
2026-09-07T14:42:30,JSWDULUX.NS,NSE_EQ|INE133A01011,nse_equity,SUCCESS,2477,2477,2467,10,2016-09-06,2026-09-07,03:45,0,0,0,10,10,,,20.42,1
2026-09-07T14:42:32,JSWINFRA.NS,NSE_EQ|INE880J01026,nse_equity,SUCCESS,728,728,718,10,2023-10-03,2026-09-07,03:45,0,0,0,10,10,,,20.59,1
2026-09-07T14:42:32,JTEKTINDIA.NS,NSE_EQ|INE643A01035,nse_equity,SUCCESS,2477,2477,2467,10,2016-09-06,2026-09-07,03:45,0,0,0,10,10,,,20.64,1
2026-09-07T14:42:32,JSWHL.NS,NSE_EQ|INE824G01012,nse_equity,SUCCESS,2477,2477,2467,10,2016-09-06,2026-09-07,03:45,0,0,0,10,10,,,20.69,1
2026-09-07T14:42:35,JSWENERGY.NS,NSE_EQ|INE121E01018,nse_equity,SUCCESS,2477,2477,2467,10,2016-09-06,2026-09-07,03:45,0,0,0,10,10,,,23.37,1
2026-09-07T14:42:35,JSWSTEEL.NS,NSE_EQ|INE019A01038,nse_equity,SUCCESS,2477,2477,2467,10,2016-09-06,2026-09-07,03:45,0,0,0,10,10,,,23.12,1
2026-09-07T14:42:35,JTLIND.NS,NSE_EQ|INE391J01032,nse_equity,SUCCESS,1168,1168,1158,10,2021-12-23,2026-09-07,03:45,0,0,0,10,10,,,22.05,1
2026-09-07T14:42:35,JUBLCPL.NS,NSE_EQ|INE03CC01015,nse_equity,SUCCESS,385,385,375,10,2025-02-14,2026-09-07,03:45,0,0,0,10,10,,,22.07,1
2026-09-07T14:42:35,JUBLINGREA.NS,NSE_EQ|INE0BY001018,nse_equity,SUCCESS,1356,1356,1346,10,2021-03-19,2026-09-07,03:45,0,0,0,10,10,,,22.09,1
2026-09-07T14:42:35,JUBLFOOD.NS,NSE_EQ|INE797F01020,nse_equity,SUCCESS,2477,2477,2467,10,2016-09-06,2026-09-07,03:45,0,0,0,10,10,,,22.13,1
2026-09-07T14:42:36,JUNIPER.NS,NSE_EQ|INE696F01016,nse_equity,SUCCESS,626,626,616,10,2024-02-28,2026-09-07,03:45,0,0,0,10,10,,,22.29,1
2026-09-07T14:42:36,JUSTDIAL.NS,NSE_EQ|INE599M01018,nse_equity,SUCCESS,2477,2477,2467,10,2016-09-06,2026-09-07,03:45,0,0,0,10,9,,,22.53,1
2026-09-07T14:42:36,JUBLPHARMA.NS,NSE_EQ|INE700A01033,nse_equity,SUCCESS,2477,2477,2467,10,2016-09-06,2026-09-07,03:45,0,0,0,10,10,,,22.76,1
2026-09-07T14:42:40,JWL.NS,NSE_EQ|INE209L01016,nse_equity,SUCCESS,2420,2420,2410,10,2016-09-06,2026-09-07,03:45,0,0,0,10,10,,,24.45,1
2026-09-07T14:42:43,JYOTHYLAB.NS,NSE_EQ|INE668F01031,nse_equity,SUCCESS,2477,2477,2467,10,2016-09-06,2026-09-07,03:45,0,0,0,10,10,,,24.14,1
2026-09-07T14:42:46,JYOTICNC.NS,NSE_EQ|INE980O01024,nse_equity,SUCCESS,656,656,646,10,2024-01-16,2026-09-07,03:45,0,0,0,10,10,,,26.19,1
2026-09-07T14:42:48,JYOTIRES.NS,NSE_EQ|INE577D01013,nse_equity,SUCCESS,16,16,6,10,2026-08-17,2026-09-07,03:45,0,0,0,10,10,,,26.69,1
2026-09-07T14:42:51,JYOTISTRUC.NS,NSE_EQ|INE197A01024,nse_equity,SUCCESS,2145,2145,2135,10,2016-09-06,2026-09-07,03:45,0,0,0,10,10,,,27.75,1
2026-09-07T14:42:51,KABRAEXTRU.NS,NSE_EQ|INE900B01029,nse_equity,SUCCESS,2477,2477,2467,10,2016-09-06,2026-09-07,03:45,0,0,0,10,10,,,27.95,1
2026-09-07T14:42:54,KAJARIACER.NS,NSE_EQ|INE217B01036,nse_equity,SUCCESS,2477,2477,2467,10,2016-09-06,2026-09-07,03:45,0,0,0,10,9,,,26.73,1
2026-09-07T14:42:57,KALPATARU.NS,NSE_EQ|INE227J01012,nse_equity,SUCCESS,295,295,285,10,2025-07-01,2026-09-07,03:45,0,0,0,10,10,,,24.55,1
2026-09-07T14:42:57,KALAMANDIR.NS,NSE_EQ|INE438K01021,nse_equity,SUCCESS,731,731,721,10,2023-09-27,2026-09-07,03:45,0,0,0,10,10,,,24.64,1
2026-09-07T14:42:57,KAKATCEM.NS,NSE_EQ|INE437B01014,nse_equity,SUCCESS,2477,2477,2467,10,2016-09-06,2026-09-07,03:45,0,0,0,10,10,,,26.91,1
2026-09-07T14:42:57,KALYANIFRG.NS,NSE_EQ|INE314G01014,nse_equity,SUCCESS,2404,2404,2394,10,2016-09-06,2026-09-07,03:45,0,0,0,10,10,,,24.48,1
2026-09-07T14:42:59,KAMANWALA.NS,NSE_EQ|INE344D01018,nse_equity,SUCCESS,16,16,6,10,2026-08-17,2026-09-07,03:45,0,0,0,10,10,,,23.92,1
2026-09-07T14:42:59,KALYANKJIL.NS,NSE_EQ|INE303R01014,nse_equity,SUCCESS,1351,1351,1340,11,2021-03-26,2026-09-07,03:45,0,0,0,11,11,,,23.92,1
2026-09-07T14:42:59,KAMAHOLD.NS,NSE_EQ|INE411F01010,nse_equity,SUCCESS,98,98,88,10,2026-04-20,2026-09-07,03:45,0,0,0,10,10,,,23.92,1
2026-09-07T14:42:59,KAMOPAINTS.NS,NSE_EQ|INE0BTI01037,nse_equity,SUCCESS,1100,1100,1090,10,2016-09-07,2026-09-07,03:45,0,0,0,10,10,,,23.99,1
2026-09-07T14:42:59,KAMATHOTEL.NS,NSE_EQ|INE967C01018,nse_equity,SUCCESS,2477,2477,2467,10,2016-09-06,2026-09-07,03:45,0,0,0,10,10,,,24.02,1
2026-09-07T14:43:00,KANANIIND.NS,NSE_EQ|INE879E01037,nse_equity,SUCCESS,2474,2474,2464,10,2016-09-06,2026-09-07,03:45,0,0,0,10,10,,,25.02,1
2026-09-07T14:43:00,KANCHI.NS,NSE_EQ|INE081G01019,nse_equity,SUCCESS,98,98,88,10,2026-04-20,2026-09-07,03:45,0,0,0,10,10,,,24.58,1
2026-09-07T14:43:01,KANCOTEA.NS,NSE_EQ|INE398L01017,nse_equity,SUCCESS,16,16,6,10,2026-08-17,2026-09-07,03:45,0,0,0,10,10,,,24.69,1
2026-09-07T14:43:01,KANPRPLA.NS,NSE_EQ|INE694E01014,nse_equity,SUCCESS,1409,1409,1399,10,2021-01-01,2026-09-07,03:45,0,0,0,10,10,,,25.32,1
2026-09-07T14:43:04,KANSAINER.NS,NSE_EQ|INE531A01024,nse_equity,SUCCESS,2477,2477,2467,10,2016-09-06,2026-09-07,03:45,0,0,0,10,10,,,24.36,1
2026-09-07T14:43:07,KAVDEFENCE.NS,NSE_EQ|INE641C01019,nse_equity,ERROR,2121,0,0,0,,,03:45,0,1,0,10,10,ValidationError,session date 2025-04-26 is a weekend,15.37,1
2026-09-07T14:43:12,KAPSTON.NS,NSE_EQ|INE542Z01028,nse_equity,SUCCESS,1794,1794,1784,10,2016-09-06,2026-09-07,03:45,0,0,0,10,10,,,28.92,1
2026-09-07T14:43:13,KARMAENG.NS,NSE_EQ|INE725L01011,nse_equity,SUCCESS,2457,2457,2447,10,2016-09-06,2026-09-07,03:45,0,0,0,10,10,,,24.96,1
2026-09-07T14:43:15,KAYA.NS,NSE_EQ|INE587G01015,nse_equity,SUCCESS,2477,2477,2467,10,2016-09-06,2026-09-07,03:45,0,0,0,10,10,,,21.30,1
2026-09-07T14:43:15,KARURVYSYA.NS,NSE_EQ|INE036D01028,nse_equity,SUCCESS,2477,2477,2467,10,2016-09-06,2026-09-07,03:45,0,0,0,10,10,,,26.01,1
2026-09-07T14:43:24,KDGREEN.NS,NSE_EQ|INE348N01042,nse_equity,SUCCESS,16,16,6,10,2026-08-17,2026-09-07,03:45,0,0,0,10,10,,,27.04,1
2026-09-07T14:43:24,KAYNES.NS,NSE_EQ|INE918Z01012,nse_equity,SUCCESS,942,942,931,11,2022-11-22,2026-09-07,03:45,0,0,0,11,11,,,29.86,1
2026-09-07T14:43:25,KEC.NS,NSE_EQ|INE389H01022,nse_equity,SUCCESS,2477,2477,2467,10,2016-09-06,2026-09-07,03:45,0,0,0,10,10,,,28.26,1
2026-09-07T14:43:25,KCP.NS,NSE_EQ|INE805C01028,nse_equity,SUCCESS,2477,2477,2467,10,2016-09-06,2026-09-07,03:45,0,0,0,10,10,,,28.39,1
2026-09-07T14:43:28,KEEPLEARN.NS,NSE_EQ|INE055C01020,nse_equity,SUCCESS,1161,1161,1151,10,2021-03-25,2026-09-07,03:45,0,0,0,10,10,,,29.81,1
2026-09-07T14:43:28,KDDL.NS,NSE_EQ|INE291D01011,nse_equity,SUCCESS,2477,2477,2467,10,2016-09-06,2026-09-07,03:45,0,0,0,10,9,,,31.61,1
2026-09-07T14:43:29,KENNAMET.NS,NSE_EQ|INE717A01029,nse_equity,SUCCESS,98,98,88,10,2026-04-20,2026-09-07,03:45,0,0,0,10,9,,,30.10,1
2026-09-07T14:43:30,KEI.NS,NSE_EQ|INE878B01027,nse_equity,SUCCESS,2477,2477,2467,10,2016-09-06,2026-09-07,03:45,0,0,0,10,10,,,31.00,1
2026-09-07T14:43:30,KECL.NS,NSE_EQ|INE134B01017,nse_equity,SUCCESS,2477,2477,2467,10,2016-09-06,2026-09-07,03:45,0,0,0,10,10,,,31.01,1
2026-09-07T14:43:30,KELLTONTEC.NS,NSE_EQ|INE164B01030,nse_equity,SUCCESS,2452,2452,2442,10,2016-09-06,2026-09-07,03:45,0,0,0,10,10,,,30.38,1
2026-09-07T14:43:30,KERNEX.NS,NSE_EQ|INE202H01019,nse_equity,SUCCESS,2419,2419,2409,10,2016-09-06,2026-09-07,03:45,0,0,0,10,10,,,29.88,1
2026-09-07T14:43:30,KEYFINSERV.NS,NSE_EQ|INE681C01015,nse_equity,SUCCESS,2049,2049,2039,10,2016-09-06,2026-09-07,03:45,0,0,0,10,10,,,29.86,1
2026-09-07T14:43:32,KFINTECH.NS,NSE_EQ|INE138Y01010,nse_equity,SUCCESS,917,917,907,10,2018-05-28,2026-09-07,03:45,0,0,0,10,10,,,30.90,1
2026-09-07T14:43:34,KHAICHEM.NS,NSE_EQ|INE745B01028,nse_equity,SUCCESS,1452,1452,1442,10,2020-10-30,2026-09-07,03:45,0,0,0,10,10,,,32.72,1
2026-09-07T14:43:36,KHAITANLTD.NS,NSE_EQ|INE731C01018,nse_equity,SUCCESS,1814,1814,1804,10,2016-12-13,2026-09-07,03:45,0,0,0,10,10,,,31.56,1
2026-09-07T14:43:37,KHANDSE.NS,NSE_EQ|INE060B01014,nse_equity,SUCCESS,2134,2134,2124,10,2016-09-06,2026-09-07,03:45,0,0,0,10,10,,,30.17,1
2026-09-07T14:43:43,KICL.NS,NSE_EQ|INE029L01018,nse_equity,SUCCESS,2476,2476,2466,10,2016-09-06,2026-09-07,03:45,0,0,0,10,10,,,31.00,1
2026-09-07T14:43:43,KIOCL.NS,NSE_EQ|INE880L01014,nse_equity,SUCCESS,2330,2330,2320,10,2016-11-29,2026-09-07,03:45,0,0,0,10,10,,,27.30,1
2026-09-07T14:43:44,KIMS.NS,NSE_EQ|INE967H01025,nse_equity,SUCCESS,1290,1290,1280,10,2021-06-28,2026-09-07,03:45,0,0,0,10,9,,,30.55,1
2026-09-07T14:43:46,KINGFA.NS,NSE_EQ|INE473D01015,nse_equity,SUCCESS,2432,2432,2422,10,2016-11-15,2026-09-07,03:45,0,0,0,10,10,,,30.26,1
2026-09-07T14:43:50,KIRANVYPAR.NS,NSE_EQ|INE555P01013,nse_equity,SUCCESS,97,97,87,10,2026-04-20,2026-09-07,03:45,0,0,0,10,10,,,24.37,1
2026-09-07T14:43:50,KIRIINDUS.NS,NSE_EQ|INE415I01015,nse_equity,SUCCESS,2477,2477,2467,10,2016-09-06,2026-09-07,03:45,0,0,0,10,10,,,25.13,1
2026-09-07T14:43:50,KIRLFER.NS,NSE_EQ|INE884B01025,nse_equity,SUCCESS,98,98,88,10,2026-04-20,2026-09-07,03:45,0,0,0,10,10,,,25.13,1
2026-09-07T14:43:51,KIRLOSBROS.NS,NSE_EQ|INE732A01036,nse_equity,SUCCESS,2477,2477,2467,10,2016-09-06,2026-09-07,03:45,0,0,0,10,10,,,25.35,1
2026-09-07T14:43:51,KIRLOSENG.NS,NSE_EQ|INE146L01010,nse_equity,SUCCESS,2477,2477,2467,10,2016-09-06,2026-09-07,03:45,0,0,0,10,10,,,22.13,1
2026-09-07T14:43:51,KJMCFIN.NS,NSE_EQ|INE533C01018,nse_equity,SUCCESS,16,16,6,10,2026-08-17,2026-09-07,03:45,0,0,0,10,10,,,21.17,1
2026-09-07T14:43:51,KIRLOSIND.NS,NSE_EQ|INE250A01039,nse_equity,SUCCESS,2477,2477,2467,10,2016-09-06,2026-09-07,03:45,0,0,0,10,10,,,22.51,1
2026-09-07T14:43:51,KISSHT.NS,NSE_EQ|INE12F801023,nse_equity,SUCCESS,85,85,75,10,2026-05-08,2026-09-07,03:45,0,0,0,10,10,,,21.17,1
2026-09-07T14:43:51,KLBRENG-B.NS,NSE_EQ|INE338F01015,nse_equity,SUCCESS,98,98,88,10,2026-04-20,2026-09-07,03:45,0,0,0,10,10,,,20.78,1
2026-09-07T14:43:51,KIRLPNU.NS,NSE_EQ|INE811A01038,nse_equity,SUCCESS,837,837,827,10,2023-04-26,2026-09-07,03:45,0,0,0,10,10,,,21.52,1
2026-09-07T14:43:51,KITEX.NS,NSE_EQ|INE602G01020,nse_equity,SUCCESS,2477,2477,2467,10,2016-09-06,2026-09-07,03:45,0,0,0,10,10,,,21.56,1
2026-09-07T14:43:51,KKCL.NS,NSE_EQ|INE401H01017,nse_equity,SUCCESS,2476,2476,2466,10,2016-09-06,2026-09-07,03:45,0,0,0,10,10,,,21.26,1
2026-09-07T14:43:52,KMCSHIL.NS,NSE_EQ|INE879K01018,nse_equity,SUCCESS,16,16,6,10,2026-08-17,2026-09-07,03:45,0,0,0,10,10,,,19.93,1
2026-09-07T14:43:53,KMEW.NS,NSE_EQ|INE0CJD01029,nse_equity,SUCCESS,449,449,439,10,2024-11-14,2026-09-07,03:45,0,0,0,10,10,,,18.68,1
2026-09-07T14:43:54,KNACK.NS,NSE_EQ|INE17QZ01016,nse_equity,SUCCESS,44,44,34,10,2026-07-08,2026-09-07,03:45,0,0,0,10,10,,,17.19,1
2026-09-07T14:43:54,KMSUGAR.NS,NSE_EQ|INE157H01023,nse_equity,SUCCESS,2477,2477,2467,10,2016-09-06,2026-09-07,03:45,0,0,0,10,10,,,18.70,1
2026-09-07T14:43:57,KNAGRI.NS,NSE_EQ|INE0KNW01016,nse_equity,SUCCESS,1100,1100,1090,10,2022-03-28,2026-09-07,03:45,0,0,0,10,10,,,13.75,1
2026-09-07T14:43:58,KNRCON.NS,NSE_EQ|INE634I01029,nse_equity,SUCCESS,2477,2477,2467,10,2016-09-06,2026-09-07,03:45,0,0,0,10,10,,,14.33,1
2026-09-07T14:43:59,KOHINOOR.NS,NSE_EQ|INE080B01012,nse_equity,SUCCESS,2140,2140,2130,10,2016-09-06,2026-09-07,03:45,0,0,0,10,10,,,15.08,1
2026-09-07T14:44:02,KOKUYOCMLN.NS,NSE_EQ|INE760A01029,nse_equity,SUCCESS,2477,2477,2467,10,2016-09-06,2026-09-07,03:45,0,0,0,10,10,,,16.27,1
2026-09-07T14:44:05,KOTAKBANK.NS,NSE_EQ|INE237A01036,nse_equity,SUCCESS,2477,2477,2391,86,2016-09-06,2026-09-07,03:45,0,0,0,86,84,,,14.21,1
2026-09-07T14:44:05,KOPRAN.NS,NSE_EQ|INE082A01010,nse_equity,SUCCESS,2477,2477,2467,10,2016-09-06,2026-09-07,03:45,0,0,0,10,10,,,14.27,1
2026-09-07T14:44:05,KOTARISUG.NS,NSE_EQ|INE419A01022,nse_equity,SUCCESS,2451,2451,2441,10,2016-09-06,2026-09-07,03:45,0,0,0,10,10,,,14.65,1
2026-09-07T14:44:05,KOTHARIPET.NS,NSE_EQ|INE720A01015,nse_equity,SUCCESS,2477,2477,2467,10,2016-09-06,2026-09-07,03:45,0,0,0,10,10,,,14.65,1
2026-09-07T14:44:05,KOLTEPATIL.NS,NSE_EQ|INE094I01018,nse_equity,SUCCESS,2477,2477,2467,10,2016-09-06,2026-09-07,03:45,0,0,0,10,10,,,14.90,1
2026-09-07T14:44:06,KOTIC.NS,NSE_EQ|INE972A01020,nse_equity,SUCCESS,98,98,88,10,2026-04-20,2026-09-07,03:45,0,0,0,10,10,,,15.42,1
2026-09-07T14:44:06,KOVAI.NS,NSE_EQ|INE177F01017,nse_equity,SUCCESS,98,98,88,10,2026-04-20,2026-09-07,03:45,0,0,0,10,10,,,15.42,1
2026-09-07T14:44:07,KPEL.NS,NSE_EQ|INE127T01021,nse_equity,SUCCESS,449,449,439,10,2024-11-14,2026-09-07,03:45,0,0,0,10,10,,,15.86,1
2026-09-07T14:44:07,KOTHARIPRO.NS,NSE_EQ|INE823A01017,nse_equity,SUCCESS,2477,2477,2467,10,2016-09-06,2026-09-07,03:45,0,0,0,10,10,,,15.94,1
2026-09-07T14:44:09,KPIGREEN.NS,NSE_EQ|INE542W01025,nse_equity,SUCCESS,1269,1269,1259,10,2021-07-27,2026-09-07,03:45,0,0,0,10,10,,,17.73,1
2026-09-07T14:44:09,KPL.NS,NSE_EQ|INE552U01010,nse_equity,SUCCESS,98,98,88,10,2026-04-20,2026-09-07,03:45,0,0,0,10,10,,,17.22,1
2026-09-07T14:44:10,KPIL.NS,NSE_EQ|INE220B01022,nse_equity,SUCCESS,2477,2477,2467,10,2016-09-06,2026-09-07,03:45,0,0,0,10,9,,,18.28,1
2026-09-07T14:44:11,KPITTECH.NS,NSE_EQ|INE04I401011,nse_equity,SUCCESS,1831,1831,1821,10,2019-04-22,2026-09-07,03:45,0,0,0,10,10,,,20.04,1
2026-09-07T14:44:12,KPRMILL.NS,NSE_EQ|INE930H01031,nse_equity,SUCCESS,2477,2477,2467,10,2016-09-06,2026-09-07,03:45,0,0,0,10,10,,,19.28,1
2026-09-07T14:44:14,KREBSBIO.NS,NSE_EQ|INE268B01013,nse_equity,SUCCESS,2390,2390,2380,10,2016-10-27,2026-09-07,03:45,0,0,0,10,10,,,19.84,1
2026-09-07T14:44:16,KRBL.NS,NSE_EQ|INE001B01026,nse_equity,SUCCESS,2477,2477,2467,10,2016-09-06,2026-09-07,03:45,0,0,0,10,10,,,21.53,1
2026-09-07T14:44:16,KRIDHANINF.NS,NSE_EQ|INE524L01026,nse_equity,SUCCESS,2477,2477,2477,0,2016-09-06,2026-09-07,03:45,0,0,0,0,0,,,19.64,1
2026-09-07T14:44:18,KRISHIVAL.NS,NSE_EQ|INE0GGO01015,nse_equity,SUCCESS,843,843,833,10,2022-03-31,2026-09-07,03:45,0,0,0,10,10,,,19.08,1
2026-09-07T14:44:19,KRISHANA.NS,NSE_EQ|INE506W01020,nse_equity,SUCCESS,2048,2048,2038,10,2017-02-27,2026-09-07,03:45,0,0,0,10,10,,,21.70,1
2026-09-07T14:44:21,KRISHNADEF.NS,NSE_EQ|INE0J5601015,nse_equity,SUCCESS,1087,1087,1077,10,2022-04-06,2026-09-07,03:45,0,0,0,10,10,,,18.75,1
2026-09-07T14:44:22,KRITIKA.NS,NSE_EQ|INE00Z501029,nse_equity,SUCCESS,1080,1080,1070,10,2022-05-04,2026-09-07,03:45,0,0,0,10,10,,,17.60,1
2026-09-07T14:44:23,KRSNAA.NS,NSE_EQ|INE08LI01020,nse_equity,SUCCESS,1256,1256,1246,10,2021-08-16,2026-09-07,03:45,0,0,0,10,10,,,16.48,1
2026-09-07T14:44:23,KRN.NS,NSE_EQ|INE0Q3J01015,nse_equity,SUCCESS,479,479,469,10,2024-10-03,2026-09-07,03:45,0,0,0,10,10,,,17.80,1
2026-09-07T14:44:23,KRITI.NS,NSE_EQ|INE479D01038,nse_equity,SUCCESS,1204,1204,1194,10,2021-11-01,2026-09-07,03:45,0,0,0,10,10,,,18.28,1
2026-09-07T14:44:23,KRONOX.NS,NSE_EQ|INE0ATZ01017,nse_equity,SUCCESS,558,558,548,10,2024-06-10,2026-09-07,03:45,0,0,0,10,10,,,17.98,1
2026-09-07T14:44:23,KRITINUT.NS,NSE_EQ|INE798K01010,nse_equity,SUCCESS,972,972,962,10,2022-10-07,2026-09-07,03:45,0,0,0,10,10,,,17.98,1
2026-09-07T14:44:24,KROSS.NS,NSE_EQ|INE0O6601022,nse_equity,SUCCESS,491,491,481,10,2024-09-16,2026-09-07,03:45,0,0,0,10,10,,,17.38,1
2026-09-07T14:44:24,KSB.NS,NSE_EQ|INE999A01023,nse_equity,SUCCESS,2477,2477,2467,10,2016-09-06,2026-09-07,03:45,0,0,0,10,10,,,17.00,1
2026-09-07T14:44:24,KRYSTAL.NS,NSE_EQ|INE0QN801017,nse_equity,SUCCESS,610,610,600,10,2024-03-21,2026-09-07,03:45,0,0,0,10,10,,,17.06,1
2026-09-07T14:44:24,KSE.NS,NSE_EQ|INE953E01022,nse_equity,SUCCESS,16,16,6,10,2026-08-17,2026-09-07,03:45,0,0,0,10,10,,,15.42,1
2026-09-07T14:44:25,KSHINTL.NS,NSE_EQ|INE987S01020,nse_equity,SUCCESS,175,175,165,10,2025-12-23,2026-09-07,03:45,0,0,0,10,10,,,14.55,1
2026-09-07T14:44:25,KSCL.NS,NSE_EQ|INE455I01029,nse_equity,SUCCESS,2477,2477,2467,10,2016-09-06,2026-09-07,03:45,0,0,0,10,10,,,16.37,1
2026-09-07T14:44:26,KSHITIJPOL.NS,NSE_EQ|INE013801027,nse_equity,SUCCESS,1017,1017,1007,10,2022-07-27,2026-09-07,03:45,0,0,0,10,10,,,14.92,1
2026-09-07T14:44:26,KSL.NS,NSE_EQ|INE907A01026,nse_equity,SUCCESS,2477,2477,2467,10,2016-09-06,2026-09-07,03:45,0,0,0,10,10,,,14.07,1
2026-09-07T14:44:27,KSOLVES.NS,NSE_EQ|INE0D6I01023,nse_equity,SUCCESS,1466,1466,1456,10,2020-07-06,2026-09-07,03:45,0,0,0,10,10,,,12.98,1
2026-09-07T14:44:27,KSR.NS,NSE_EQ|INE1SPP01016,nse_equity,SUCCESS,193,193,183,10,2025-11-27,2026-09-07,03:45,0,0,0,10,10,,,11.30,1
2026-09-07T14:44:28,KTKBANK.NS,NSE_EQ|INE614B01018,nse_equity,SUCCESS,2477,2477,2467,10,2016-09-06,2026-09-07,03:45,0,0,0,10,10,,,11.38,1
2026-09-07T14:44:29,KUANTUM.NS,NSE_EQ|INE529I01021,nse_equity,SUCCESS,1709,1709,1699,10,2019-10-23,2026-09-07,03:45,0,0,0,10,10,,,10.66,1
2026-09-07T14:44:29,KUSUMGAR.NS,NSE_EQ|INE0ISX01025,nse_equity,SUCCESS,39,39,29,10,2026-07-15,2026-09-07,03:45,0,0,0,10,10,,,9.79,1
2026-09-07T14:44:30,KWIL.NS,NSE_EQ|INE2KCE01013,nse_equity,SUCCESS,138,138,128,10,2026-02-16,2026-09-07,03:45,0,0,0,10,10,,,9.16,1
2026-09-07T14:44:30,LADDERUP.NS,NSE_EQ|INE519D01015,nse_equity,SUCCESS,16,16,6,10,2026-08-17,2026-09-07,03:45,0,0,0,10,10,,,7.83,1
2026-09-07T14:44:31,LALITHAA.NS,NSE_EQ|INE0K9O01026,nse_equity,SUCCESS,11,11,0,11,2026-08-24,2026-09-07,03:45,0,0,0,11,11,,,7.97,1
2026-09-07T14:44:31,LAKSHMIMIL.NS,NSE_EQ|INE938C01019,nse_equity,SUCCESS,15,15,5,10,2026-08-18,2026-09-07,03:45,0,0,0,10,10,,,8.15,1
2026-09-07T14:44:31,LAHOTIOV.NS,NSE_EQ|INE515C01023,nse_equity,SUCCESS,96,96,86,10,2026-04-20,2026-09-07,03:45,0,0,0,10,10,,,8.23,1
2026-09-07T14:44:31,LAL.NS,NSE_EQ|INE740X01023,nse_equity,SUCCESS,847,847,837,10,2023-04-10,2026-09-07,03:45,0,0,0,10,10,,,8.05,1
2026-09-07T14:44:32,LAGNAM.NS,NSE_EQ|INE548Z01017,nse_equity,SUCCESS,1636,1636,1626,10,2018-09-18,2026-09-07,03:45,0,0,0,10,10,,,8.80,1
2026-09-07T14:44:32,LAMBODHARA.NS,NSE_EQ|INE112F01022,nse_equity,SUCCESS,2477,2477,2467,10,2016-09-06,2026-09-07,03:45,0,0,0,10,10,,,7.90,1
2026-09-07T14:44:32,LANCER.NS,NSE_EQ|INE359U01028,nse_equity,SUCCESS,16,16,6,10,2026-08-17,2026-09-07,03:45,0,0,0,10,10,,,8.09,1
2026-09-07T14:44:32,LALPATHLAB.NS,NSE_EQ|INE600L01024,nse_equity,SUCCESS,2477,2477,2391,86,2016-09-06,2026-09-07,03:45,0,0,0,86,85,,,8.12,1
2026-09-07T14:44:34,LANCORHOL.NS,NSE_EQ|INE572G01025,nse_equity,SUCCESS,617,617,607,10,2024-03-12,2026-09-07,03:45,0,0,0,10,10,,,9.43,1
2026-09-07T14:44:34,LANDMARK.NS,NSE_EQ|INE559R01029,nse_equity,SUCCESS,919,919,909,10,2022-12-23,2026-09-07,03:45,0,0,0,10,10,,,9.26,1
2026-09-07T14:44:36,LANDSMILL.NS,NSE_EQ|INE688J01023,nse_equity,SUCCESS,2475,2475,2465,10,2016-09-06,2026-09-07,03:45,0,0,0,10,10,,,10.36,1
2026-09-07T14:44:37,LARGEMID50.NS,NSE_EQ|INF769K01RK3,nse_equity,SUCCESS,13,13,3,10,2026-08-20,2026-09-07,03:45,0,0,0,10,10,,,10.15,1
2026-09-07T14:44:37,LAOPALA.NS,NSE_EQ|INE059D01020,nse_equity,SUCCESS,2477,2477,2467,10,2016-09-06,2026-09-07,03:45,0,0,0,10,10,,,10.52,1
2026-09-07T14:44:38,LASERPOWER.NS,NSE_EQ|INE17IR01028,nse_equity,SUCCESS,38,38,28,10,2026-07-16,2026-09-07,03:45,0,0,0,10,10,,,10.28,1
2026-09-07T14:44:39,LASA.NS,NSE_EQ|INE670X01014,nse_equity,SUCCESS,2187,2187,2177,10,2017-09-21,2026-09-07,03:45,0,0,0,10,10,,,11.93,1
2026-09-07T14:44:45,LATENTVIEW.NS,NSE_EQ|INE0I7C01011,nse_equity,SUCCESS,1206,1206,1196,10,2019-02-22,2026-09-07,03:45,0,0,0,10,10,,,16.55,1
2026-09-07T14:44:46,LAURUSLABS.NS,NSE_EQ|INE947Q01028,nse_equity,SUCCESS,2408,2408,2397,11,2016-12-19,2026-09-07,03:45,0,0,0,11,11,,,16.46,1
2026-09-07T14:44:46,LATTEYS.NS,NSE_EQ|INE262Z01023,nse_equity,SUCCESS,1129,1129,1119,10,2018-06-05,2026-09-07,03:45,0,0,0,10,10,,,16.95,1
2026-09-07T14:44:46,LAXMIDENTL.NS,NSE_EQ|INE0WO601020,nse_equity,SUCCESS,405,405,395,10,2025-01-20,2026-09-07,03:45,0,0,0,10,10,,,15.99,1
2026-09-07T14:44:47,LAXMICOT.NS,NSE_EQ|INE801V01019,nse_equity,SUCCESS,1643,1643,1633,10,2017-03-31,2026-09-07,03:45,0,0,0,10,10,,,16.46,1
2026-09-07T14:44:50,LCCINFOTEC.NS,NSE_EQ|INE938A01021,nse_equity,SUCCESS,1616,1616,1606,10,2016-09-06,2026-09-07,03:45,0,0,0,10,10,,,18.34,1
2026-09-07T14:44:50,LCL.NS,NSE_EQ|INE0QJW01029,nse_equity,SUCCESS,28,28,18,10,2026-07-30,2026-09-07,03:45,0,0,0,10,10,,,18.71,1
2026-09-07T14:44:50,LAXMIINDIA.NS,NSE_EQ|INE06WU01026,nse_equity,SUCCESS,270,270,260,10,2025-08-05,2026-09-07,03:45,0,0,0,10,10,,,18.89,1
2026-09-07T14:44:50,LEAPIND.NS,NSE_EQ|INE00GO01025,nse_equity,SUCCESS,17,17,7,10,2026-08-14,2026-09-07,03:45,0,0,0,10,10,,,18.71,1
2026-09-07T14:44:50,LEENEE.NS,NSE_EQ|INE791B01014,nse_equity,SUCCESS,16,16,6,10,2026-08-17,2026-09-07,03:45,0,0,0,10,10,,,18.24,1
2026-09-07T14:44:52,LENSKART.NS,NSE_EQ|INE956O01016,nse_equity,SUCCESS,206,206,195,11,2025-11-10,2026-09-07,03:45,0,0,0,11,10,,,19.76,1
2026-09-07T14:44:52,LEMERITE.NS,NSE_EQ|INE0G1L01025,nse_equity,SUCCESS,1064,1064,1054,10,2022-05-09,2026-09-07,03:45,0,0,0,10,10,,,19.99,1
2026-09-07T14:44:52,LEMONTREE.NS,NSE_EQ|INE970X01018,nse_equity,SUCCESS,2086,2086,2076,10,2018-04-09,2026-09-07,03:45,0,0,0,10,10,,,19.78,1
2026-09-07T14:44:53,LEXUS.NS,NSE_EQ|INE500X01013,nse_equity,SUCCESS,1875,1875,1865,10,2017-08-23,2026-09-07,03:45,0,0,0,10,10,,,19.38,1
2026-09-07T14:44:53,LFIC.NS,NSE_EQ|INE850E01012,nse_equity,SUCCESS,2288,2288,2278,10,2016-09-06,2026-09-07,03:45,0,0,0,10,10,,,19.35,1
2026-09-07T14:44:55,LGBBROSLTD.NS,NSE_EQ|INE337A01034,nse_equity,SUCCESS,2477,2477,2467,10,2016-09-06,2026-09-07,03:45,0,0,0,10,10,,,18.89,1
2026-09-07T14:44:56,LGEINDIA.NS,NSE_EQ|INE324D01010,nse_equity,SUCCESS,223,223,213,10,2025-10-14,2026-09-07,03:45,0,0,0,10,10,,,18.78,1
2026-09-07T14:44:57,LGHL.NS,NSE_EQ|INE258Y01016,nse_equity,SUCCESS,828,828,818,10,2020-04-16,2026-09-07,03:45,0,0,0,10,10,,,19.31,1
2026-09-07T14:44:57,LIBAS.NS,NSE_EQ|INE908V01012,nse_equity,SUCCESS,2142,2142,2132,10,2017-01-09,2026-09-07,03:45,0,0,0,10,10,,,19.46,1
2026-09-07T14:44:58,LIBERTSHOE.NS,NSE_EQ|INE557B01019,nse_equity,SUCCESS,2477,2477,2467,10,2016-09-06,2026-09-07,03:45,0,0,0,10,10,,,19.25,1
2026-09-07T14:45:03,LICNMID100.NS,NSE_EQ|INF767K01RN1,nse_equity,SUCCESS,633,633,623,10,2024-02-19,2026-09-07,03:45,0,0,0,10,10,,,16.65,1
2026-09-07T14:45:03,LICI.NS,NSE_EQ|INE0J1Y01017,nse_equity,SUCCESS,1071,1071,1061,10,2022-05-17,2026-09-07,03:45,0,0,0,10,10,,,17.56,1
2026-09-07T14:45:03,LICHSGFIN.NS,NSE_EQ|INE115A01026,nse_equity,SUCCESS,2477,2477,2467,10,2016-09-06,2026-09-07,03:45,0,0,0,10,10,,,18.71,1
2026-09-07T14:45:05,LICNFNHGP.NS,NSE_EQ|INF767K01PC8,nse_equity,SUCCESS,2124,2124,2114,10,2016-09-21,2026-09-07,03:45,0,0,0,10,10,,,19.39,1
2026-09-07T14:45:05,LIKHITHA.NS,NSE_EQ|INE060901027,nse_equity,SUCCESS,1463,1463,1453,10,2020-10-15,2026-09-07,03:45,0,0,0,10,10,,,17.16,1
2026-09-07T14:45:07,LOKESHMACH.NS,NSE_EQ|INE397H01017,nse_equity,ERROR,2478,0,0,0,,,03:45,0,1,0,10,10,ValidationError,session date 2025-04-26 is a weekend,13.46,1
2026-09-07T14:45:07,LKPSEC.NS,NSE_EQ|INE341H01023,nse_equity,SUCCESS,16,16,6,10,2026-08-17,2026-09-07,03:45,0,0,0,10,10,,,16.83,1
2026-09-07T14:45:07,LINC.NS,NSE_EQ|INE802B01027,nse_equity,SUCCESS,2476,2476,2466,10,2016-09-06,2026-09-07,03:45,0,0,0,10,10,,,17.60,1
2026-09-07T14:45:07,LLOYDSENGG.NS,NSE_EQ|INE093R01011,nse_equity,SUCCESS,2477,2477,2467,10,2016-09-06,2026-09-07,03:45,0,0,0,10,10,,,17.16,1
2026-09-07T14:45:07,LINDEINDIA.NS,NSE_EQ|INE473A01011,nse_equity,SUCCESS,2477,2477,2467,10,2016-09-06,2026-09-07,03:45,0,0,0,10,10,,,17.32,1
2026-09-07T14:45:07,LINCOLN.NS,NSE_EQ|INE405C01035,nse_equity,SUCCESS,2477,2477,2467,10,2016-09-06,2026-09-07,03:45,0,0,0,10,10,,,17.33,1
2026-09-07T14:45:08,LLOYDSENT.NS,NSE_EQ|INE080I01025,nse_equity,SUCCESS,469,469,459,10,2024-10-17,2026-09-07,03:45,0,0,0,10,10,,,15.69,1
2026-09-07T14:45:08,LLOYDSME.NS,NSE_EQ|INE281B01032,nse_equity,SUCCESS,781,781,771,10,2023-07-17,2026-09-07,03:45,0,0,0,10,9,,,16.21,1
2026-09-07T14:45:08,LORDSCHLO.NS,NSE_EQ|INE846D01012,nse_equity,ERROR,753,0,0,0,,,03:45,0,1,0,10,10,ValidationError,session date 2025-04-26 is a weekend,13.31,1
2026-09-07T14:45:08,LMW.NS,NSE_EQ|INE269B01029,nse_equity,SUCCESS,2477,2477,2467,10,2016-09-06,2026-09-07,03:45,0,0,0,10,10,,,16.36,1
2026-09-07T14:45:09,LODHA.NS,NSE_EQ|INE670K01029,nse_equity,SUCCESS,1338,1338,1328,10,2021-04-19,2026-09-07,03:45,0,0,0,10,10,,,15.66,1
2026-09-07T14:45:11,LOTUSCHO.NS,NSE_EQ|INE026D01011,nse_equity,SUCCESS,16,16,6,10,2026-08-17,2026-09-07,03:45,0,0,0,10,10,,,15.23,1
2026-09-07T14:45:13,LOTUSEYE.NS,NSE_EQ|INE947I01017,nse_equity,SUCCESS,2453,2453,2443,10,2016-09-06,2026-09-07,03:45,0,0,0,10,10,,,16.47,1
2026-09-07T14:45:17,LOYALTEX.NS,NSE_EQ|INE970D01010,nse_equity,SUCCESS,1003,1003,994,9,2022-08-11,2026-09-07,03:45,0,0,0,9,9,,,18.83,1
2026-09-07T14:45:17,LOVABLE.NS,NSE_EQ|INE597L01014,nse_equity,SUCCESS,2477,2477,2467,10,2016-09-06,2026-09-07,03:45,0,0,0,10,10,,,19.83,1
2026-09-07T14:45:28,LT.NS,NSE_EQ|INE018A01030,nse_equity,SUCCESS,2477,2477,0,2477,2016-09-06,2026-09-07,03:45,0,0,0,2477,2475,,,23.20,1
2026-09-07T14:45:28,LTF.NS,NSE_EQ|INE498L01015,nse_equity,SUCCESS,2477,2477,2467,10,2016-09-06,2026-09-07,03:45,0,0,0,10,10,,,23.20,1
2026-09-07T14:45:28,LPDC.NS,NSE_EQ|INE197J01017,nse_equity,SUCCESS,2472,2472,2462,10,2016-09-06,2026-09-07,03:45,0,0,0,10,10,,,23.20,1
2026-09-07T14:45:35,LTM.NS,NSE_EQ|INE214T01019,nse_equity,SUCCESS,2477,2477,2467,10,2016-09-06,2026-09-07,03:45,0,0,0,10,10,,,29.11,1
2026-09-07T14:45:35,LTFOODS.NS,NSE_EQ|INE818H01020,nse_equity,SUCCESS,2477,2477,2467,10,2016-09-06,2026-09-07,03:45,0,0,0,10,10,,,29.40,1
2026-09-07T14:45:37,LUMINO.NS,NSE_EQ|INE185Q01025,nse_equity,SUCCESS,3,3,0,3,2026-09-03,2026-09-07,03:45,0,0,0,3,3,,,29.73,1
2026-09-07T14:45:37,LUMAXTECH.NS,NSE_EQ|INE872H01027,nse_equity,SUCCESS,2477,2477,2467,10,2016-09-06,2026-09-07,03:45,0,0,0,10,9,,,29.83,1
2026-09-07T14:45:37,LTTS.NS,NSE_EQ|INE010V01017,nse_equity,SUCCESS,2465,2465,2379,86,2016-09-23,2026-09-07,03:45,0,0,0,86,84,,,30.14,1
2026-09-07T14:45:37,LUPIN.NS,NSE_EQ|INE326A01037,nse_equity,SUCCESS,2477,2477,2467,10,2016-09-06,2026-09-07,03:45,0,0,0,10,10,,,29.79,1
2026-09-07T14:45:37,LUMAXIND.NS,NSE_EQ|INE162B01018,nse_equity,SUCCESS,2477,2477,2467,10,2016-09-06,2026-09-07,03:45,0,0,0,10,10,,,30.08,1
2026-09-07T14:45:38,MACPOWER.NS,NSE_EQ|INE155Z01011,nse_equity,ERROR,1937,0,0,0,,,03:45,0,1,0,10,10,ValidationError,session date 2025-04-26 is a weekend,29.34,1
2026-09-07T14:45:38,LUXIND.NS,NSE_EQ|INE150G01020,nse_equity,SUCCESS,2477,2477,2467,10,2016-09-06,2026-09-07,03:45,0,0,0,10,10,,,30.95,1
2026-09-07T14:45:38,M&M.NS,NSE_EQ|INE101A01026,nse_equity,SUCCESS,2477,2477,2466,11,2016-09-06,2026-09-07,03:45,0,0,0,11,11,,,30.29,1
2026-09-07T14:45:40,LXCHEM.NS,NSE_EQ|INE576O01020,nse_equity,SUCCESS,1352,1352,1342,10,2021-03-25,2026-09-07,03:45,0,0,0,10,10,,,32.62,1
2026-09-07T14:45:41,M&MFIN.NS,NSE_EQ|INE774D01024,nse_equity,SUCCESS,2477,2477,2467,10,2016-09-06,2026-09-07,03:45,0,0,0,10,9,,,32.74,1
2026-09-07T14:45:42,MAANALU.NS,NSE_EQ|INE215I01027,nse_equity,SUCCESS,2477,2477,2467,10,2016-09-06,2026-09-07,03:45,0,0,0,10,10,,,33.81,1
2026-09-07T14:45:43,MADHAV.NS,NSE_EQ|INE925C01016,nse_equity,SUCCESS,2477,2477,2467,10,2016-09-06,2026-09-07,03:45,0,0,0,10,10,,,31.42,1
2026-09-07T14:45:43,MADHAVIPL.NS,NSE_EQ|INE631R01026,nse_equity,SUCCESS,98,98,88,10,2026-04-20,2026-09-07,03:45,0,0,0,10,10,,,29.87,1
2026-09-07T14:45:45,MAFATIND.NS,NSE_EQ|INE270B01035,nse_equity,SUCCESS,98,98,88,10,2026-04-20,2026-09-07,03:45,0,0,0,10,10,,,27.85,1
2026-09-07T14:45:46,MADRASFERT.NS,NSE_EQ|INE414A01015,nse_equity,SUCCESS,2477,2477,2467,10,2016-09-06,2026-09-07,03:45,0,0,0,10,10,,,28.40,1
2026-09-07T14:45:52,MAGNUM.NS,NSE_EQ|INE387I01016,nse_equity,SUCCESS,2459,2459,2449,10,2016-09-06,2026-09-07,03:45,0,0,0,10,10,,,24.80,1
2026-09-07T14:45:54,MAHABANK.NS,NSE_EQ|INE457A01014,nse_equity,SUCCESS,2477,2477,2467,10,2016-09-06,2026-09-07,03:45,0,0,0,10,10,,,26.25,1
2026-09-07T14:45:56,MAGADSUGAR.NS,NSE_EQ|INE347W01011,nse_equity,SUCCESS,2230,2230,2220,10,2017-07-28,2026-09-07,03:45,0,0,0,10,10,,,28.38,1
2026-09-07T14:45:58,MAHEPC.NS,NSE_EQ|INE215D01010,nse_equity,SUCCESS,1628,1628,1618,10,2020-02-14,2026-09-07,03:45,0,0,0,10,10,,,23.04,1
2026-09-07T14:45:59,MAHSCOOTER.NS,NSE_EQ|INE288A01013,nse_equity,SUCCESS,2473,2473,2463,10,2016-09-06,2026-09-07,03:45,0,0,0,10,10,,,21.58,1
2026-09-07T14:45:59,MAHAPEXLTD.NS,NSE_EQ|INE843B01013,nse_equity,SUCCESS,1985,1985,1975,10,2018-04-05,2026-09-07,03:45,0,0,0,10,10,,,24.04,1
2026-09-07T14:45:59,MAHKTECH.NS,NSE_EQ|INF769K01HS7,nse_equity,SUCCESS,1177,1177,1167,10,2021-12-10,2026-09-07,03:45,0,0,0,10,10,,,21.72,1
2026-09-07T14:45:59,MAKERSL.NS,NSE_EQ|INE987A01010,nse_equity,SUCCESS,16,16,6,10,2026-08-17,2026-09-07,03:45,0,0,0,10,10,,,20.54,1
2026-09-07T14:46:00,MAKEINDIA.NS,NSE_EQ|INF769K01IB1,nse_equity,SUCCESS,1140,1140,1130,10,2022-02-02,2026-09-07,03:45,0,0,0,10,10,,,21.42,1
2026-09-07T14:46:00,MAHLOG.NS,NSE_EQ|INE766P01016,nse_equity,SUCCESS,2186,2186,2176,10,2017-11-10,2026-09-07,03:45,0,0,0,10,10,,,22.62,1
2026-09-07T14:46:00,MAHLIFE.NS,NSE_EQ|INE813A01018,nse_equity,SUCCESS,2477,2477,2467,10,2016-09-06,2026-09-07,03:45,0,0,0,10,10,,,22.62,1
2026-09-07T14:46:00,MAITHANALL.NS,NSE_EQ|INE683C01011,nse_equity,SUCCESS,2477,2477,2467,10,2016-09-06,2026-09-07,03:45,0,0,0,10,10,,,21.49,1
2026-09-07T14:46:00,MAHSEAMLES.NS,NSE_EQ|INE271B01025,nse_equity,SUCCESS,2477,2477,2467,10,2016-09-06,2026-09-07,03:45,0,0,0,10,10,,,22.62,1
2026-09-07T14:46:00,MALLCOM.NS,NSE_EQ|INE389C01015,nse_equity,SUCCESS,1258,1258,1248,10,2016-09-06,2026-09-07,03:45,0,0,0,10,10,,,19.61,1
2026-09-07T14:46:01,MANAKCOAT.NS,NSE_EQ|INE830Q01018,nse_equity,ERROR,2469,0,0,0,,,03:45,0,1,0,10,10,ValidationError,session date 2025-04-26 is a weekend,17.03,1
2026-09-07T14:46:01,MALUPAPER.NS,NSE_EQ|INE383H01017,nse_equity,SUCCESS,2477,2477,2467,10,2016-09-06,2026-09-07,03:45,0,0,0,10,10,,,20.15,1
2026-09-07T14:46:02,MAMATA.NS,NSE_EQ|INE0TO701015,nse_equity,SUCCESS,421,421,411,10,2024-12-27,2026-09-07,03:45,0,0,0,10,10,,,19.99,1
2026-09-07T14:46:03,MANAKALUCO.NS,NSE_EQ|INE859Q01017,nse_equity,SUCCESS,2477,2477,2467,10,2016-09-06,2026-09-07,03:45,0,0,0,10,10,,,20.54,1
2026-09-07T14:46:06,MANAKSIA.NS,NSE_EQ|INE015D01022,nse_equity,SUCCESS,2477,2477,2467,10,2016-09-06,2026-09-07,03:45,0,0,0,10,10,,,19.91,1
2026-09-07T14:46:08,MANAKSTEEL.NS,NSE_EQ|INE824Q01011,nse_equity,SUCCESS,2477,2477,2467,10,2016-09-06,2026-09-07,03:45,0,0,0,10,10,,,21.32,1
2026-09-07T14:46:13,MANAPPURAM.NS,NSE_EQ|INE522D01027,nse_equity,SUCCESS,2477,2477,2467,10,2016-09-06,2026-09-07,03:45,0,0,0,10,10,,,19.02,1
2026-09-07T14:46:13,MANALIPETC.NS,NSE_EQ|INE201A01024,nse_equity,SUCCESS,2477,2477,2467,10,2016-09-06,2026-09-07,03:45,0,0,0,10,10,,,19.80,1
2026-09-07T14:46:14,MANBRO.NS,NSE_EQ|INE348N01042,nse_equity,SUCCESS,16,16,6,10,2026-08-17,2026-09-07,03:45,0,0,0,10,10,,,16.17,1
2026-09-07T14:46:14,MANBA.NS,NSE_EQ|INE939X01013,nse_equity,SUCCESS,481,481,471,10,2024-09-30,2026-09-07,03:45,0,0,0,10,10,,,18.14,1
2026-09-07T14:46:15,MANCREDIT.NS,NSE_EQ|INE545L01039,nse_equity,SUCCESS,512,512,502,10,2024-08-16,2026-09-07,03:45,0,0,0,10,10,,,15.92,1
2026-09-07T14:46:15,MANGALAM.NS,NSE_EQ|INE584F01014,nse_equity,SUCCESS,2477,2477,2467,10,2016-09-06,2026-09-07,03:45,0,0,0,10,10,,,16.00,1
2026-09-07T14:46:15,MANGLMCEM.NS,NSE_EQ|INE347A01017,nse_equity,SUCCESS,2477,2477,2467,10,2016-09-06,2026-09-07,03:45,0,0,0,10,9,,,15.91,1
2026-09-07T14:46:15,MANORAMA.NS,NSE_EQ|INE00VM01036,nse_equity,SUCCESS,1038,1038,1028,10,2022-07-01,2026-09-07,03:45,0,0,0,10,10,,,15.10,1
2026-09-07T14:46:15,MANKIND.NS,NSE_EQ|INE634S01028,nse_equity,SUCCESS,829,829,819,10,2023-05-09,2026-09-07,03:45,0,0,0,10,10,,,15.40,1
2026-09-07T14:46:15,MANOMAY.NS,NSE_EQ|INE784W01015,nse_equity,SUCCESS,894,894,884,10,2023-01-18,2026-09-07,03:45,0,0,0,10,10,,,15.40,1
2026-09-07T14:46:15,MANINDS.NS,NSE_EQ|INE993A01026,nse_equity,SUCCESS,2477,2477,2467,10,2016-09-06,2026-09-07,03:45,0,0,0,10,9,,,15.43,1
2026-09-07T14:46:15,MANIPALHOS.NS,NSE_EQ|INE459N01021,nse_equity,SUCCESS,24,24,14,10,2026-08-05,2026-09-07,03:45,0,0,0,10,10,,,15.48,1
2026-09-07T14:46:17,MANINFRA.NS,NSE_EQ|INE949H01023,nse_equity,SUCCESS,2477,2477,2467,10,2016-09-06,2026-09-07,03:45,0,0,0,10,10,,,16.83,1
2026-09-07T14:46:19,MANORG.NS,NSE_EQ|INE370D01013,nse_equity,SUCCESS,1203,1203,1193,10,2021-11-02,2026-09-07,03:45,0,0,0,10,10,,,18.47,1
2026-09-07T14:46:19,MANYAVAR.NS,NSE_EQ|INE825V01034,nse_equity,SUCCESS,1130,1130,1120,10,2022-02-16,2026-09-07,03:45,0,0,0,10,10,,,17.67,1
2026-09-07T14:46:19,MAPMYINDIA.NS,NSE_EQ|INE0BV301023,nse_equity,SUCCESS,1170,1170,1160,10,2021-12-21,2026-09-07,03:45,0,0,0,10,10,,,17.54,1
2026-09-07T14:46:21,MARALOVER.NS,NSE_EQ|INE882A01013,nse_equity,SUCCESS,2476,2476,2466,10,2016-09-06,2026-09-07,03:45,0,0,0,10,10,,,18.41,1
2026-09-07T14:46:23,MARATHON.NS,NSE_EQ|INE182D01020,nse_equity,SUCCESS,2461,2461,2451,10,2016-09-29,2026-09-07,03:45,0,0,0,10,10,,,19.14,1
2026-09-07T14:46:25,MARICO.NS,NSE_EQ|INE196A01026,nse_equity,SUCCESS,2477,2477,2467,10,2016-09-06,2026-09-07,03:45,0,0,0,10,10,,,18.97,1
2026-09-07T14:46:26,MARINE.NS,NSE_EQ|INE01JE01028,nse_equity,SUCCESS,1589,1589,1579,10,2016-09-07,2026-09-07,03:45,0,0,0,10,10,,,17.49,1
2026-09-07T14:46:30,MARKOLINES.NS,NSE_EQ|INE0FW001016,nse_equity,SUCCESS,223,223,213,10,2025-10-14,2026-09-07,03:45,0,0,0,10,10,,,16.69,1
2026-09-07T14:46:33,MARKSANS.NS,NSE_EQ|INE750C01026,nse_equity,SUCCESS,2477,2477,2467,10,2016-09-06,2026-09-07,03:45,0,0,0,10,10,,,19.20,1
2026-09-07T14:46:34,MARSONS.NS,NSE_EQ|INE415B01044,nse_equity,SUCCESS,120,120,110,10,2026-03-13,2026-09-07,03:45,0,0,0,10,10,,,19.25,1
2026-09-07T14:46:34,MASKINVEST.NS,NSE_EQ|INE885F01015,nse_equity,SUCCESS,1541,1541,1531,10,2016-10-14,2026-09-07,03:45,0,0,0,10,10,,,19.60,1
2026-09-07T14:46:34,MARUTI.NS,NSE_EQ|INE585B01010,nse_equity,SUCCESS,2477,2477,2391,86,2016-09-06,2026-09-07,03:45,0,0,0,86,84,,,20.12,1
2026-09-07T14:46:34,MASPTOP50.NS,NSE_EQ|INF769K01HP3,nse_equity,SUCCESS,1229,1229,1219,10,2021-09-24,2026-09-07,03:45,0,0,0,10,10,,,19.60,1
2026-09-07T14:46:35,MASFIN.NS,NSE_EQ|INE348L01012,nse_equity,SUCCESS,2201,2201,2191,10,2017-10-18,2026-09-07,03:45,0,0,0,10,10,,,19.84,1
2026-09-07T14:46:35,MASTERTR.NS,NSE_EQ|INE677D01037,nse_equity,SUCCESS,451,451,441,10,2024-11-12,2026-09-07,03:45,0,0,0,10,10,,,19.44,1
2026-09-07T14:46:35,MATRIMONY.NS,NSE_EQ|INE866R01028,nse_equity,SUCCESS,2219,2219,2209,10,2017-09-21,2026-09-07,03:45,0,0,0,10,10,,,20.01,1
2026-09-07T14:46:35,MAWANASUG.NS,NSE_EQ|INE636A01039,nse_equity,SUCCESS,2451,2451,2441,10,2016-09-06,2026-09-07,03:45,0,0,0,10,10,,,20.01,1
2026-09-07T14:46:36,MASTEK.NS,NSE_EQ|INE759A01021,nse_equity,SUCCESS,2477,2477,2467,10,2016-09-06,2026-09-07,03:45,0,0,0,10,10,,,20.83,1
2026-09-07T14:46:37,MAXESTATES.NS,NSE_EQ|INE03EI01018,nse_equity,SUCCESS,710,710,700,10,2023-10-30,2026-09-07,03:45,0,0,0,10,10,,,21.60,1
2026-09-07T14:46:37,MAXHEALTH.NS,NSE_EQ|INE027H01010,nse_equity,SUCCESS,1501,1501,1491,10,2020-08-21,2026-09-07,03:45,0,0,0,10,10,,,20.74,1
2026-09-07T14:46:38,MAZDOCK.NS,NSE_EQ|INE249Z01020,nse_equity,SUCCESS,1474,1474,1464,10,2017-12-04,2026-09-07,03:45,0,0,0,10,10,,,19.20,1
2026-09-07T14:46:38,MAYURUNIQ.NS,NSE_EQ|INE040D01038,nse_equity,SUCCESS,2477,2477,2467,10,2016-09-06,2026-09-07,03:45,0,0,0,10,10,,,19.22,1
2026-09-07T14:46:38,MAXIND.NS,NSE_EQ|INE0CG601016,nse_equity,SUCCESS,1496,1496,1486,10,2020-08-28,2026-09-07,03:45,0,0,0,10,10,,,19.22,1
2026-09-07T14:46:39,MBAPL.NS,NSE_EQ|INE900L01028,nse_equity,SUCCESS,2083,2083,2073,10,2016-09-12,2026-09-07,03:45,0,0,0,10,10,,,18.55,1
2026-09-07T14:46:40,MBEL.NS,NSE_EQ|INE08N601015,nse_equity,SUCCESS,269,269,259,10,2025-08-06,2026-09-07,03:45,0,0,0,10,10,,,17.18,1
2026-09-07T14:46:41,MBLINFRA.NS,NSE_EQ|INE912H01013,nse_equity,SUCCESS,2477,2477,2467,10,2016-09-06,2026-09-07,03:45,0,0,0,10,10,,,16.59,1
2026-09-07T14:46:43,MCCHRLS-B.NS,NSE_EQ|INE435D01014,nse_equity,SUCCESS,98,98,88,10,2026-04-20,2026-09-07,03:45,0,0,0,10,10,,,17.89,1
2026-09-07T14:46:45,MCLOUD.NS,NSE_EQ|INE613C01026,nse_equity,SUCCESS,390,390,380,10,2025-02-07,2026-09-07,03:45,0,0,0,10,10,,,10.52,1
2026-09-07T14:46:45,MEDIASSIST.NS,NSE_EQ|INE456Z01021,nse_equity,SUCCESS,651,651,641,10,2024-01-23,2026-09-07,03:45,0,0,0,10,10,,,9.98,1
2026-09-07T14:46:45,MEDANTA.NS,NSE_EQ|INE474Q01031,nse_equity,SUCCESS,952,952,942,10,2017-01-06,2026-09-07,03:45,0,0,0,10,10,,,10.07,1
2026-09-07T14:46:45,MCL.NS,NSE_EQ|INE813V01022,nse_equity,SUCCESS,2139,2139,2129,10,2017-02-06,2026-09-07,03:45,0,0,0,10,10,,,13.79,1
2026-09-07T14:46:45,MCLEODRUSS.NS,NSE_EQ|INE942G01012,nse_equity,SUCCESS,2477,2477,2467,10,2016-09-06,2026-09-07,03:45,0,0,0,10,10,,,11.81,1
2026-09-07T14:46:45,MCX.NS,NSE_EQ|INE745G01043,nse_equity,SUCCESS,2477,2477,2466,11,2016-09-06,2026-09-07,03:45,0,0,0,11,11,,,10.36,1
2026-09-07T14:46:46,MEDICAMEQ.NS,NSE_EQ|INE646B01010,nse_equity,SUCCESS,1207,1207,1197,10,2021-10-27,2026-09-07,03:45,0,0,0,10,10,,,11.31,1
2026-09-07T14:46:47,MEDICAPQ.NS,NSE_EQ|INE442D01010,nse_equity,SUCCESS,16,16,6,10,2026-08-17,2026-09-07,03:45,0,0,0,10,10,,,11.94,1
2026-09-07T14:46:47,MEDICO.NS,NSE_EQ|INE630Y01024,nse_equity,SUCCESS,1063,1063,1053,10,2022-05-26,2026-09-07,03:45,0,0,0,10,10,,,11.36,1
2026-09-07T14:46:47,MEDPLUS.NS,NSE_EQ|INE804L01022,nse_equity,SUCCESS,1921,1921,1911,10,2016-09-06,2026-09-07,03:45,0,0,0,10,10,,,11.37,1
2026-09-07T14:46:48,MEESHO.NS,NSE_EQ|INE0VDM01015,nse_equity,SUCCESS,184,184,174,10,2025-12-10,2026-09-07,03:45,0,0,0,10,10,,,11.76,1
2026-09-07T14:46:48,MEIL.NS,NSE_EQ|INE0PKD01011,nse_equity,SUCCESS,255,255,245,10,2025-08-28,2026-09-07,03:45,0,0,0,10,10,,,9.92,1
2026-09-07T14:46:48,MEGASTAR.NS,NSE_EQ|INE00EM01016,nse_equity,SUCCESS,1130,1130,1120,10,2022-02-16,2026-09-07,03:45,0,0,0,10,10,,,10.41,1
2026-09-07T14:46:48,MERCANTILE.NS,NSE_EQ|INE689O01013,nse_equity,SUCCESS,97,97,88,9,2026-04-20,2026-09-07,03:45,0,0,0,9,9,,,9.81,1
2026-09-07T14:46:48,MERCURYEV.NS,NSE_EQ|INE763M01028,nse_equity,SUCCESS,69,69,59,10,2026-06-02,2026-09-07,03:45,0,0,0,10,10,,,9.81,1
2026-09-07T14:46:48,MENNPIS.NS,NSE_EQ|INE650G01029,nse_equity,SUCCESS,98,98,88,10,2026-04-20,2026-09-07,03:45,0,0,0,10,10,,,10.40,1
2026-09-07T14:46:49,METAL.NS,NSE_EQ|INF769K01LY7,nse_equity,SUCCESS,475,475,465,10,2024-10-09,2026-09-07,03:45,0,0,0,10,10,,,9.51,1
2026-09-07T14:46:49,METROBRAND.NS,NSE_EQ|INE317I01021,nse_equity,SUCCESS,1169,1169,1159,10,2021-12-22,2026-09-07,03:45,0,0,0,10,10,,,8.81,1
2026-09-07T14:46:50,METROGLOBL.NS,NSE_EQ|INE085D01033,nse_equity,SUCCESS,98,98,88,10,2026-04-20,2026-09-07,03:45,0,0,0,10,10,,,8.81,1
2026-09-07T14:46:53,METROPOLIS.NS,NSE_EQ|INE112L01020,nse_equity,SUCCESS,1834,1834,1748,86,2019-04-15,2026-09-07,03:45,0,0,0,86,84,,,9.37,1
2026-09-07T14:46:53,MFSL.NS,NSE_EQ|INE180A01020,nse_equity,SUCCESS,2477,2477,2467,10,2016-09-06,2026-09-07,03:45,0,0,0,10,10,,,8.88,1
2026-09-07T14:46:54,MFML.NS,NSE_EQ|INE0US801024,nse_equity,SUCCESS,505,505,495,10,2024-08-27,2026-09-07,03:45,0,0,0,10,10,,,9.32,1
2026-09-07T14:46:54,MGEL.NS,NSE_EQ|INE0APB01032,nse_equity,SUCCESS,1414,1414,1414,0,2020-12-23,2026-09-07,03:45,0,0,0,0,0,,,9.75,1
2026-09-07T14:46:54,MGL.NS,NSE_EQ|INE002S01010,nse_equity,SUCCESS,2477,2477,2467,10,2016-09-06,2026-09-07,03:45,0,0,0,10,10,,,9.62,1
2026-09-07T14:46:55,MID150.NS,NSE_EQ|INF174KA1VW2,nse_equity,SUCCESS,357,357,347,10,2025-03-28,2026-09-07,03:45,0,0,0,10,10,,,9.94,1
2026-09-07T14:46:55,MHRIL.NS,NSE_EQ|INE998I01010,nse_equity,SUCCESS,2477,2477,2467,10,2016-09-06,2026-09-07,03:45,0,0,0,10,10,,,10.13,1
2026-09-07T14:46:55,MID150CASE.NS,NSE_EQ|INF0R8F01059,nse_equity,SUCCESS,552,552,542,10,2024-06-19,2026-09-07,03:45,0,0,0,10,10,,,9.52,1
2026-09-07T14:46:56,MIDBANKADD.NS,NSE_EQ|INF740KA1ZH9,nse_equity,SUCCESS,22,22,12,10,2026-08-07,2026-09-07,03:45,0,0,0,10,10,,,9.29,1
2026-09-07T14:46:57,MIDWESTLTD.NS,NSE_EQ|INE0XAD01024,nse_equity,SUCCESS,216,216,206,10,2025-10-24,2026-09-07,03:45,0,0,0,10,10,,,9.26,1
2026-09-07T14:46:59,MIDSMALL.NS,NSE_EQ|INF769K01LJ8,nse_equity,SUCCESS,567,567,557,10,2024-05-28,2026-09-07,03:45,0,0,0,10,10,,,11.83,1
2026-09-07T14:46:59,MIDHANI.NS,NSE_EQ|INE099Z01011,nse_equity,SUCCESS,2089,2089,2079,10,2018-04-04,2026-09-07,03:45,0,0,0,10,10,,,12.24,1
2026-09-07T14:46:59,MIIL.NS,NSE_EQ|INE898Q01015,nse_equity,SUCCESS,16,16,6,10,2026-08-17,2026-09-07,03:45,0,0,0,10,10,,,11.81,1
2026-09-07T14:46:59,MIDQ50ADD.NS,NSE_EQ|INF740KA1ZF3,nse_equity,SUCCESS,1163,1163,1153,10,2021-12-30,2026-09-07,03:45,0,0,0,10,10,,,12.21,1
2026-09-07T14:46:59,MILKYMIST.NS,NSE_EQ|INE00IT01020,nse_equity,SUCCESS,15,15,4,11,2026-08-18,2026-09-07,03:45,0,0,0,11,11,,,11.79,1
2026-09-07T14:46:59,MINALIND.NS,NSE_EQ|INE097E01028,nse_equity,SUCCESS,16,16,6,10,2026-08-17,2026-09-07,03:45,0,0,0,10,10,,,11.79,1
2026-09-07T14:47:00,MIRZAINT.NS,NSE_EQ|INE771A01026,nse_equity,SUCCESS,2477,2477,2467,10,2016-09-06,2026-09-07,03:45,0,0,0,10,10,,,10.95,1
2026-09-07T14:47:00,MINDACORP.NS,NSE_EQ|INE842C01021,nse_equity,SUCCESS,2477,2477,2467,10,2016-09-06,2026-09-07,03:45,0,0,0,10,10,,,11.76,1
2026-09-07T14:47:00,MINDTECK.NS,NSE_EQ|INE110B01017,nse_equity,SUCCESS,2450,2450,2440,10,2016-09-06,2026-09-07,03:45,0,0,0,10,10,,,11.03,1
2026-09-07T14:47:01,MITCON.NS,NSE_EQ|INE828O01033,nse_equity,SUCCESS,1602,1602,1602,0,2016-09-07,2026-09-07,03:45,0,0,0,0,0,,,10.93,1
2026-09-07T14:47:03,MKEXIM.NS,NSE_EQ|INE227F01010,nse_equity,SUCCESS,16,16,6,10,2026-08-17,2026-09-07,03:45,0,0,0,10,10,,,9.03,1
2026-09-07T14:47:03,MKPL.NS,NSE_EQ|INE964W01021,nse_equity,SUCCESS,1372,1372,1362,10,2017-04-18,2026-09-07,03:45,0,0,0,10,10,,,9.20,1
2026-09-07T14:47:06,MLKFOOD.NS,NSE_EQ|INE588G01021,nse_equity,SUCCESS,16,16,6,10,2026-08-17,2026-09-07,03:45,0,0,0,10,10,,,11.05,1
2026-09-07T14:47:07,MITTAL.NS,NSE_EQ|INE997Y01027,nse_equity,SUCCESS,1876,1876,1866,10,2018-04-02,2026-09-07,03:45,0,0,0,10,10,,,14.03,1
2026-09-07T14:47:07,MMWL.NS,NSE_EQ|INE200D01020,nse_equity,SUCCESS,98,98,88,10,2026-04-20,2026-09-07,03:45,0,0,0,10,10,,,11.54,1
2026-09-07T14:47:07,MOBANK10.NS,NSE_EQ|INF247L01GV8,nse_equity,SUCCESS,103,103,93,10,2026-04-10,2026-09-07,03:45,0,0,0,10,10,,,10.21,1
2026-09-07T14:47:07,MNC.NS,NSE_EQ|INF174KA1JF2,nse_equity,SUCCESS,1008,1008,998,10,2022-08-16,2026-09-07,03:45,0,0,0,10,10,,,11.03,1
2026-09-07T14:47:07,MMP.NS,NSE_EQ|INE511Y01018,nse_equity,SUCCESS,1908,1908,1898,10,2018-04-12,2026-09-07,03:45,0,0,0,10,10,,,12.10,1
2026-09-07T14:47:07,MMFL.NS,NSE_EQ|INE227C01017,nse_equity,SUCCESS,2477,2477,2467,10,2016-09-06,2026-09-07,03:45,0,0,0,10,10,,,12.54,1
2026-09-07T14:47:07,MMTC.NS,NSE_EQ|INE123F01029,nse_equity,SUCCESS,2477,2477,2467,10,2016-09-06,2026-09-07,03:45,0,0,0,10,10,,,11.90,1
2026-09-07T14:47:09,MODINATUR.NS,NSE_EQ|INE537F01012,nse_equity,SUCCESS,183,183,173,10,2025-12-11,2026-09-07,03:45,0,0,0,10,10,,,9.18,1
2026-09-07T14:47:09,MODIS.NS,NSE_EQ|INE0L0L01012,nse_equity,SUCCESS,202,202,192,10,2025-11-14,2026-09-07,03:45,0,0,0,10,10,,,9.09,1
2026-09-07T14:47:09,MOBIKWIK.NS,NSE_EQ|INE0HLU01028,nse_equity,SUCCESS,427,427,417,10,2024-12-18,2026-09-07,03:45,0,0,0,10,10,,,9.21,1
2026-09-07T14:47:09,MOCAPITAL.NS,NSE_EQ|INF247L01EV3,nse_equity,SUCCESS,367,367,357,10,2025-03-13,2026-09-07,03:45,0,0,0,10,10,,,9.21,1
2026-09-07T14:47:09,MODISONLTD.NS,NSE_EQ|INE737D01021,nse_equity,SUCCESS,1329,1329,1319,10,2021-05-03,2026-09-07,03:45,0,0,0,10,10,,,8.60,1
2026-09-07T14:47:09,MOHITE.NS,NSE_EQ|INE154B01023,nse_equity,SUCCESS,16,16,6,10,2026-08-17,2026-09-07,03:45,0,0,0,10,10,,,5.70,1
2026-09-07T14:47:09,MOENERGY.NS,NSE_EQ|INF247L01GH7,nse_equity,SUCCESS,221,221,211,10,2025-10-16,2026-09-07,03:45,0,0,0,10,10,,,8.88,1
2026-09-07T14:47:09,MODEFENCE.NS,NSE_EQ|INF247L01DJ0,nse_equity,SUCCESS,505,505,495,10,2024-08-27,2026-09-07,03:45,0,0,0,10,10,,,9.50,1
2026-09-07T14:47:09,MODTHREAD.NS,NSE_EQ|INE794W01014,nse_equity,SUCCESS,623,623,613,10,2024-02-14,2026-09-07,03:45,0,0,0,10,10,,,8.91,1
2026-09-07T14:47:09,MOGSEC.NS,NSE_EQ|INF247L01AK4,nse_equity,SUCCESS,1420,1420,1410,10,2020-12-16,2026-09-07,03:45,0,0,0,10,10,,,7.61,1
2026-09-07T14:47:09,MODIRUBBER.NS,NSE_EQ|INE832A01018,nse_equity,SUCCESS,1864,1864,1854,10,2018-06-20,2026-09-07,03:45,0,0,0,10,10,,,9.48,1
2026-09-07T14:47:09,MOHEALTH.NS,NSE_EQ|INF247L01BB1,nse_equity,SUCCESS,1014,1014,1004,10,2022-08-04,2026-09-07,03:45,0,0,0,10,10,,,5.98,1
2026-09-07T14:47:13,MOHITIND.NS,NSE_EQ|INE954E01012,nse_equity,SUCCESS,2382,2382,2372,10,2016-09-06,2026-09-07,03:45,0,0,0,10,10,,,7.42,1
2026-09-07T14:47:13,MOLDTKPAC.NS,NSE_EQ|INE893J01029,nse_equity,SUCCESS,2477,2477,2467,10,2016-09-06,2026-09-07,03:45,0,0,0,10,10,,,6.43,1
2026-09-07T14:47:14,MOIL.NS,NSE_EQ|INE490G01020,nse_equity,SUCCESS,2477,2477,2467,10,2016-09-06,2026-09-07,03:45,0,0,0,10,10,,,6.79,1
2026-09-07T14:47:18,MONEXT50.NS,NSE_EQ|INF247L01FD8,nse_equity,SUCCESS,329,329,319,10,2025-05-14,2026-09-07,03:45,0,0,0,10,10,,,9.30,1
2026-09-07T14:47:18,MOIPO.NS,NSE_EQ|INF247L01GI5,nse_equity,SUCCESS,197,197,187,10,2025-11-20,2026-09-07,03:45,0,0,0,10,10,,,10.86,1
2026-09-07T14:47:19,MOL.NS,NSE_EQ|INE0CT101020,nse_equity,SUCCESS,1254,1254,1244,10,2021-08-18,2026-09-07,03:45,0,0,0,10,10,,,11.46,1
2026-09-07T14:47:19,MOLBIO.NS,NSE_EQ|INE869T01028,nse_equity,SUCCESS,16,16,6,10,2026-08-17,2026-09-07,03:45,0,0,0,10,10,,,11.61,1
2026-09-07T14:47:19,MONARCH.NS,NSE_EQ|INE903D01011,nse_equity,SUCCESS,1158,1158,1148,10,2022-01-06,2026-09-07,03:45,0,0,0,10,10,,,10.09,1
2026-09-07T14:47:20,MONQ50.NS,NSE_EQ|INF247L01AU3,nse_equity,SUCCESS,1164,1164,1154,10,2021-12-29,2026-09-07,03:45,0,0,0,10,10,,,11.11,1
2026-09-07T14:47:20,MON100.NS,NSE_EQ|INF247L01AP3,nse_equity,SUCCESS,2476,2476,2466,10,2016-09-06,2026-09-07,03:45,0,0,0,10,10,,,11.15,1
2026-09-07T14:47:20,MOKSH.NS,NSE_EQ|INE514Y01020,nse_equity,SUCCESS,1316,1316,1306,10,2021-05-21,2026-09-07,03:45,0,0,0,10,10,,,12.68,1
2026-09-07T14:47:20,MOINFRA.NS,NSE_EQ|INF247L01FL1,nse_equity,SUCCESS,324,324,314,10,2025-05-21,2026-09-07,03:45,0,0,0,10,10,,,13.30,1
2026-09-07T14:47:21,MONEYBOXX.NS,NSE_EQ|INE296Q01012,nse_equity,SUCCESS,222,222,212,10,2025-10-15,2026-09-07,03:45,0,0,0,10,10,,,12.33,1
2026-09-07T14:47:21,MOSCHIP.NS,NSE_EQ|INE935B01025,nse_equity,SUCCESS,392,392,382,10,2025-02-05,2026-09-07,03:45,0,0,0,10,10,,,12.03,1
2026-09-07T14:47:21,MOREALTY.NS,NSE_EQ|INF247L01CI4,nse_equity,SUCCESS,610,610,600,10,2024-03-21,2026-09-07,03:45,0,0,0,10,10,,,12.13,1
2026-09-07T14:47:21,MONTECARLO.NS,NSE_EQ|INE950M01013,nse_equity,SUCCESS,2477,2477,2467,10,2016-09-06,2026-09-07,03:45,0,0,0,10,10,,,12.20,1
2026-09-07T14:47:21,MOSERVICE.NS,NSE_EQ|INF247L01GJ3,nse_equity,SUCCESS,193,193,183,10,2025-11-27,2026-09-07,03:45,0,0,0,10,10,,,12.40,1
2026-09-07T14:47:21,MOOILGAS.NS,NSE_EQ|INF247L01HH5,nse_equity,SUCCESS,23,23,13,10,2026-08-06,2026-09-07,03:45,0,0,0,10,10,,,12.48,1
2026-09-07T14:47:21,MOPSE.NS,NSE_EQ|INF247L01FO5,nse_equity,SUCCESS,310,310,300,10,2025-06-05,2026-09-07,03:45,0,0,0,10,10,,,12.50,1
2026-09-07T14:47:21,MOREPENLAB.NS,NSE_EQ|INE083A01026,nse_equity,SUCCESS,2477,2477,2467,10,2016-09-06,2026-09-07,03:45,0,0,0,10,10,,,12.48,1
2026-09-07T14:47:24,MOSMALL250.NS,NSE_EQ|INF247L01CH6,nse_equity,SUCCESS,610,610,600,10,2024-03-21,2026-09-07,03:45,0,0,0,10,10,,,10.61,1
2026-09-07T14:47:25,MOTHERSON.NS,NSE_EQ|INE775A01035,nse_equity,SUCCESS,2477,2477,2467,10,2016-09-06,2026-09-07,03:45,0,0,0,10,10,,,11.40,1
2026-09-07T14:47:25,MOTILALOFS.NS,NSE_EQ|INE338I01027,nse_equity,SUCCESS,2477,2477,2467,10,2016-09-06,2026-09-07,03:45,0,0,0,10,10,,,11.29,1
2026-09-07T14:47:29,MOTOGENFIN.NS,NSE_EQ|INE861B01023,nse_equity,SUCCESS,2430,2430,2430,0,2016-09-06,2026-09-07,03:45,0,0,0,0,0,,,10.60,1
2026-09-07T14:47:29,MOTISONS.NS,NSE_EQ|INE0FRK01020,nse_equity,SUCCESS,671,671,661,10,2023-12-26,2026-09-07,03:45,0,0,0,10,10,,,10.60,1
2026-09-07T14:47:29,MOTOUR.NS,NSE_EQ|INF247L01FP2,nse_equity,SUCCESS,308,308,298,10,2025-06-12,2026-09-07,03:45,0,0,0,10,10,,,10.12,1
2026-09-07T14:47:30,MPHASIS.NS,NSE_EQ|INE356A01018,nse_equity,SUCCESS,2477,2477,2467,10,2016-09-06,2026-09-07,03:45,0,0,0,10,10,,,11.26,1
2026-09-07T14:47:32,MPDL.NS,NSE_EQ|INE493H01014,nse_equity,SUCCESS,15,15,5,10,2026-08-18,2026-09-07,03:45,0,0,0,10,10,,,12.77,1
2026-09-07T14:47:32,MRF.NS,NSE_EQ|INE883A01011,nse_equity,SUCCESS,2477,2477,2467,10,2016-09-06,2026-09-07,03:45,0,0,0,10,10,,,11.41,1
2026-09-07T14:47:32,MPSLTD.NS,NSE_EQ|INE943D01017,nse_equity,SUCCESS,2477,2477,2467,10,2016-09-06,2026-09-07,03:45,0,0,0,10,10,,,11.42,1
2026-09-07T14:47:32,MRPL.NS,NSE_EQ|INE103A01014,nse_equity,SUCCESS,2477,2477,2467,10,2016-09-06,2026-09-07,03:45,0,0,0,10,10,,,11.74,1
2026-09-07T14:47:33,MSL.NS,NSE_EQ|INE829S01016,nse_equity,SUCCESS,16,16,6,10,2026-08-17,2026-09-07,03:45,0,0,0,10,10,,,12.13,1
2026-09-07T14:47:33,MSCI360.NS,NSE_EQ|INF579M01BP5,nse_equity,SUCCESS,70,70,60,10,2026-05-29,2026-09-07,03:45,0,0,0,10,10,,,12.76,1
2026-09-07T14:47:33,MSCIADD.NS,NSE_EQ|INF740KA1WV7,nse_equity,SUCCESS,189,189,179,10,2025-12-01,2026-09-07,03:45,0,0,0,10,10,,,12.29,1
2026-09-07T14:47:33,MSPL.NS,NSE_EQ|INE752G01015,nse_equity,SUCCESS,2477,2477,2467,10,2016-09-06,2026-09-07,03:45,0,0,0,10,10,,,12.28,1
2026-09-07T14:47:33,MSCIINDIA.NS,NSE_EQ|INF174KA1VD2,nse_equity,SUCCESS,377,377,367,10,2025-02-27,2026-09-07,03:45,0,0,0,10,10,,,12.48,1
2026-09-07T14:47:34,MUFIN.NS,NSE_EQ|INE08KJ01020,nse_equity,SUCCESS,705,705,695,10,2023-11-06,2026-09-07,03:45,0,0,0,10,10,,,12.36,1
2026-09-07T14:47:34,MSUMI.NS,NSE_EQ|INE0FS801015,nse_equity,SUCCESS,1104,1104,1094,10,2022-03-28,2026-09-07,03:45,0,0,0,10,10,,,12.38,1
2026-09-07T14:47:34,MSTCLTD.NS,NSE_EQ|INE255X01014,nse_equity,SUCCESS,1845,1845,1835,10,2019-03-29,2026-09-07,03:45,0,0,0,10,9,,,13.09,1
2026-09-07T14:47:34,MTNL.NS,NSE_EQ|INE153A01019,nse_equity,SUCCESS,2477,2477,2467,10,2016-09-06,2026-09-07,03:45,0,0,0,10,10,,,13.08,1
2026-09-07T14:47:35,MUFTI.NS,NSE_EQ|INE220Q01020,nse_equity,SUCCESS,670,670,660,10,2023-12-27,2026-09-07,03:45,0,0,0,10,10,,,10.97,1
2026-09-07T14:47:36,MUKESHB.NS,NSE_EQ|INE596B01017,nse_equity,SUCCESS,14,14,5,9,2026-08-17,2026-09-07,03:45,0,0,0,9,9,,,10.83,1
2026-09-07T14:47:38,MUKANDLTD.NS,NSE_EQ|INE304A01026,nse_equity,SUCCESS,2477,2477,2467,10,2016-09-06,2026-09-07,03:45,0,0,0,10,10,,,12.94,1
2026-09-07T14:47:40,MUKKA.NS,NSE_EQ|INE0CG401037,nse_equity,SUCCESS,619,619,609,10,2024-03-07,2026-09-07,03:45,0,0,0,10,10,,,10.82,1
2026-09-07T14:47:40,MULTICAP.NS,NSE_EQ|INF769K01LX9,nse_equity,SUCCESS,498,498,488,10,2024-09-05,2026-09-07,03:45,0,0,0,10,10,,,11.05,1
2026-09-07T14:47:40,MUNJALAU.NS,NSE_EQ|INE672B01032,nse_equity,SUCCESS,2477,2477,2467,10,2016-09-06,2026-09-07,03:45,0,0,0,10,9,,,11.17,1
2026-09-07T14:47:43,MUNJALSHOW.NS,NSE_EQ|INE577A01027,nse_equity,SUCCESS,2477,2477,2467,10,2016-09-06,2026-09-07,03:45,0,0,0,10,10,,,13.09,1
2026-09-07T14:47:44,MUTHOOTCAP.NS,NSE_EQ|INE296G01013,nse_equity,SUCCESS,2477,2477,2467,10,2016-09-06,2026-09-07,03:45,0,0,0,10,10,,,12.43,1
2026-09-07T14:47:44,MURUDCERA.NS,NSE_EQ|INE692B01014,nse_equity,SUCCESS,2477,2477,2467,10,2016-09-06,2026-09-07,03:45,0,0,0,10,10,,,12.79,1
2026-09-07T14:47:44,MUTHOOTFIN.NS,NSE_EQ|INE414G01012,nse_equity,SUCCESS,2477,2477,2391,86,2016-09-06,2026-09-07,03:45,0,0,0,86,84,,,12.51,1
2026-09-07T14:47:45,MUTHOOTMF.NS,NSE_EQ|INE046W01019,nse_equity,SUCCESS,671,671,661,10,2023-12-26,2026-09-07,03:45,0,0,0,10,10,,,12.77,1
2026-09-07T14:47:45,MVGJL.NS,NSE_EQ|INE0KNT01012,nse_equity,SUCCESS,728,728,718,10,2023-10-03,2026-09-07,03:45,0,0,0,10,10,,,11.68,1
2026-09-07T14:47:45,MWL.NS,NSE_EQ|INE0JYY01029,nse_equity,SUCCESS,972,972,962,10,2022-07-11,2026-09-07,03:45,0,0,0,10,10,,,11.73,1
2026-09-07T14:47:46,MYSORPETRO.NS,NSE_EQ|INE741A01011,nse_equity,SUCCESS,15,15,5,10,2026-08-18,2026-09-07,03:45,0,0,0,10,10,,,12.35,1
2026-09-07T14:47:46,MVELECTRO.NS,NSE_EQ|INE0OWZ01020,nse_equity,SUCCESS,23,23,12,11,2026-08-06,2026-09-07,03:45,0,0,0,11,11,,,12.89,1
2026-09-07T14:47:46,NAGREEKEXP.NS,NSE_EQ|INE123B01028,nse_equity,SUCCESS,2476,2476,2466,10,2016-09-06,2026-09-07,03:45,0,0,0,10,10,,,12.60,1
2026-09-07T14:47:46,NACLIND.NS,NSE_EQ|INE295D01020,nse_equity,SUCCESS,2333,2333,2323,10,2017-04-07,2026-09-07,03:45,0,0,0,10,10,,,12.89,1
2026-09-07T14:47:48,NAGREEKCAP.NS,NSE_EQ|INE245I01016,nse_equity,SUCCESS,2352,2352,2342,10,2016-09-06,2026-09-07,03:45,0,0,0,10,10,,,14.72,1
2026-09-07T14:47:49,NAHARINDUS.NS,NSE_EQ|INE289A01011,nse_equity,SUCCESS,2477,2477,2467,10,2016-09-06,2026-09-07,03:45,0,0,0,10,10,,,14.30,1
2026-09-07T14:47:49,NAHARCAP.NS,NSE_EQ|INE049I01012,nse_equity,SUCCESS,2477,2477,2467,10,2016-09-06,2026-09-07,03:45,0,0,0,10,10,,,14.30,1
2026-09-07T14:47:50,NAHARPOLY.NS,NSE_EQ|INE308A01027,nse_equity,SUCCESS,2477,2477,2467,10,2016-09-06,2026-09-07,03:45,0,0,0,10,10,,,14.81,1
2026-09-07T14:47:52,NAHARSPING.NS,NSE_EQ|INE290A01027,nse_equity,SUCCESS,2477,2477,2467,10,2016-09-06,2026-09-07,03:45,0,0,0,10,10,,,15.63,1
2026-09-07T14:47:52,NAM-INDIA.NS,NSE_EQ|INE298J01013,nse_equity,SUCCESS,2190,2190,2180,10,2017-11-06,2026-09-07,03:45,0,0,0,10,10,,,13.72,1
2026-09-07T14:47:53,NARMADA.NS,NSE_EQ|INE117Z01029,nse_equity,SUCCESS,1340,1340,1330,10,2016-09-06,2026-09-07,03:45,0,0,0,10,10,,,13.03,1
2026-09-07T14:47:53,NATCAPSUQ.NS,NSE_EQ|INE936B01015,nse_equity,SUCCESS,385,385,375,10,2025-02-14,2026-09-07,03:45,0,0,0,10,10,,,13.54,1
2026-09-07T14:47:58,NATCOPHARM.NS,NSE_EQ|INE987B01026,nse_equity,SUCCESS,2477,2477,2467,10,2016-09-06,2026-09-07,03:45,0,0,0,10,10,,,17.88,1
2026-09-07T14:47:59,NATHBIOGEN.NS,NSE_EQ|INE448G01010,nse_equity,SUCCESS,2477,2477,2467,10,2016-09-06,2026-09-07,03:45,0,0,0,10,10,,,15.36,1
2026-09-07T14:47:59,NATIONALUM.NS,NSE_EQ|INE139A01034,nse_equity,SUCCESS,2477,2477,2467,10,2016-09-06,2026-09-07,03:45,0,0,0,10,10,,,14.46,1
2026-09-07T14:48:00,NATIONSTD.NS,NSE_EQ|INE166R01015,nse_equity,SUCCESS,97,97,87,10,2026-04-20,2026-09-07,03:45,0,0,0,10,10,,,15.27,1
2026-09-07T14:48:00,NAUKRI.NS,NSE_EQ|INE663F01032,nse_equity,SUCCESS,2477,2477,2467,10,2016-09-06,2026-09-07,03:45,0,0,0,10,10,,,15.30,1
2026-09-07T14:48:01,NAZARA.NS,NSE_EQ|INE418L01047,nse_equity,SUCCESS,1350,1350,1340,10,2021-03-30,2026-09-07,03:45,0,0,0,10,10,,,14.90,1
2026-09-07T14:48:01,NAVNETEDUL.NS,NSE_EQ|INE060A01024,nse_equity,SUCCESS,2477,2477,2467,10,2016-09-06,2026-09-07,03:45,0,0,0,10,10,,,15.27,1
2026-09-07T14:48:01,NAVINFLUOR.NS,NSE_EQ|INE048G01026,nse_equity,SUCCESS,2477,2477,2467,10,2016-09-06,2026-09-07,03:45,0,0,0,10,10,,,16.02,1
2026-09-07T14:48:01,NAVA.NS,NSE_EQ|INE725A01030,nse_equity,SUCCESS,2477,2477,2467,10,2016-09-06,2026-09-07,03:45,0,0,0,10,9,,,16.07,1
2026-09-07T14:48:01,NAVKARCORP.NS,NSE_EQ|INE278M01019,nse_equity,SUCCESS,2477,2477,2467,10,2016-09-06,2026-09-07,03:45,0,0,0,10,10,,,16.07,1
2026-09-07T14:48:02,NBCC.NS,NSE_EQ|INE095N01031,nse_equity,SUCCESS,2477,2477,2467,10,2016-09-06,2026-09-07,03:45,0,0,0,10,10,,,15.96,1
2026-09-07T14:48:04,NBIFIN.NS,NSE_EQ|INE365I01020,nse_equity,SUCCESS,2394,2394,2384,10,2016-12-07,2026-09-07,03:45,0,0,0,10,10,,,17.81,1
2026-09-07T14:48:05,NCC.NS,NSE_EQ|INE868B01028,nse_equity,SUCCESS,2477,2477,2467,10,2016-09-06,2026-09-07,03:45,0,0,0,10,10,,,16.59,1
2026-09-07T14:48:05,NDGL.NS,NSE_EQ|INE756C01015,nse_equity,SUCCESS,2441,2441,2431,10,2016-09-06,2026-09-07,03:45,0,0,0,10,10,,,16.48,1
2026-09-07T14:48:06,NCLIND.NS,NSE_EQ|INE732C01016,nse_equity,SUCCESS,2477,2477,2467,10,2016-09-06,2026-09-07,03:45,0,0,0,10,10,,,17.23,1
2026-09-07T14:48:06,NDL.NS,NSE_EQ|INE875G01048,nse_equity,SUCCESS,2477,2477,2467,10,2016-09-06,2026-09-07,03:45,0,0,0,10,10,,,16.70,1
2026-09-07T14:48:09,NDRAUTO.NS,NSE_EQ|INE07OG01012,nse_equity,SUCCESS,1512,1512,1502,10,2020-07-30,2026-09-07,03:45,0,0,0,10,10,,,17.39,1
2026-09-07T14:48:10,NDLVENTURE.NS,NSE_EQ|INE353A01023,nse_equity,SUCCESS,2477,2477,2467,10,2016-09-06,2026-09-07,03:45,0,0,0,10,10,,,18.13,1
2026-09-07T14:48:10,NDTV.NS,NSE_EQ|INE155G01029,nse_equity,SUCCESS,2477,2477,2467,10,2016-09-06,2026-09-07,03:45,0,0,0,10,10,,,17.23,1
2026-09-07T14:48:12,NEAGI.NS,NSE_EQ|INE605D01012,nse_equity,SUCCESS,71,71,63,8,2026-04-22,2026-09-07,03:45,0,0,0,8,8,,,18.39,1
2026-09-07T14:48:16,NECLIFE.NS,NSE_EQ|INE023H01027,nse_equity,SUCCESS,2477,2477,2467,10,2016-09-06,2026-09-07,03:45,0,0,0,10,10,,,17.96,1
2026-09-07T14:48:16,NEPHROPLUS.NS,NSE_EQ|INE428V01029,nse_equity,SUCCESS,179,179,169,10,2025-12-17,2026-09-07,03:45,0,0,0,10,10,,,15.79,1
2026-09-07T14:48:16,NELCAST.NS,NSE_EQ|INE189I01024,nse_equity,SUCCESS,2477,2477,2467,10,2016-09-06,2026-09-07,03:45,0,0,0,10,10,,,17.34,1
2026-09-07T14:48:17,NEOGEN.NS,NSE_EQ|INE136S01016,nse_equity,SUCCESS,1821,1821,1811,10,2019-05-08,2026-09-07,03:45,0,0,0,10,9,,,16.90,1
2026-09-07T14:48:18,NETWEB.NS,NSE_EQ|INE0NT901020,nse_equity,SUCCESS,773,773,762,11,2023-07-27,2026-09-07,03:45,0,0,0,11,11,,,16.67,1
2026-09-07T14:48:18,NESTLEIND.NS,NSE_EQ|INE239A01024,nse_equity,SUCCESS,2477,2477,2391,86,2016-09-06,2026-09-07,03:45,0,0,0,86,84,,,16.81,1
2026-09-07T14:48:18,NESCO.NS,NSE_EQ|INE317F01035,nse_equity,SUCCESS,2477,2477,2467,10,2016-09-06,2026-09-07,03:45,0,0,0,10,10,,,16.82,1
2026-09-07T14:48:18,NEULANDLAB.NS,NSE_EQ|INE794A01010,nse_equity,SUCCESS,2477,2477,2467,10,2016-09-06,2026-09-07,03:45,0,0,0,10,10,,,16.68,1
2026-09-07T14:48:18,NETWORK18.NS,NSE_EQ|INE870H01013,nse_equity,SUCCESS,2477,2477,2467,10,2016-09-06,2026-09-07,03:45,0,0,0,10,10,,,16.68,1
2026-09-07T14:48:18,NELCO.NS,NSE_EQ|INE045B01015,nse_equity,SUCCESS,2477,2477,2467,10,2016-09-06,2026-09-07,03:45,0,0,0,10,10,,,18.87,1
2026-09-07T14:48:18,NEWGEN.NS,NSE_EQ|INE619B01017,nse_equity,SUCCESS,2132,2132,2122,10,2018-01-29,2026-09-07,03:45,0,0,0,10,10,,,15.91,1
2026-09-07T14:48:19,NEXT30ADD.NS,NSE_EQ|INF740KA1VE5,nse_equity,SUCCESS,392,392,382,10,2025-02-05,2026-09-07,03:45,0,0,0,10,10,,,13.94,1
2026-09-07T14:48:19,NEXT50.NS,NSE_EQ|INF769K01FN2,nse_equity,SUCCESS,1639,1639,1629,10,2020-01-31,2026-09-07,03:45,0,0,0,10,10,,,13.78,1
2026-09-07T14:48:19,NEXT50ADD.NS,NSE_EQ|INF740KA1XU7,nse_equity,SUCCESS,163,163,153,10,2026-01-09,2026-09-07,03:45,0,0,0,10,10,,,14.17,1
2026-09-07T14:48:20,NEXTMEDIA.NS,NSE_EQ|INE747B01016,nse_equity,SUCCESS,2389,2389,2379,10,2016-09-06,2026-09-07,03:45,0,0,0,10,10,,,14.00,1
2026-09-07T14:48:20,NFL.NS,NSE_EQ|INE870D01012,nse_equity,SUCCESS,2477,2477,2467,10,2016-09-06,2026-09-07,03:45,0,0,0,10,10,,,13.68,1
2026-09-07T14:48:24,NILASPACES.NS,NSE_EQ|INE00S901012,nse_equity,ERROR,1899,0,0,0,,,03:45,0,1,0,10,10,ValidationError,session date 2025-04-26 is a weekend,5.64,1
2026-09-07T14:48:24,NGLFINE.NS,NSE_EQ|INE887E01022,nse_equity,SUCCESS,1033,1033,1023,10,2022-07-08,2026-09-07,03:45,0,0,0,10,10,,,14.13,1
2026-09-07T14:48:24,NGIL.NS,NSE_EQ|INE236Y01012,nse_equity,SUCCESS,1253,1253,1243,10,2021-08-20,2026-09-07,03:45,0,0,0,10,10,,,14.85,1
2026-09-07T14:48:24,NH.NS,NSE_EQ|INE410P01011,nse_equity,SUCCESS,2477,2477,2467,10,2016-09-06,2026-09-07,03:45,0,0,0,10,10,,,14.26,1
2026-09-07T14:48:24,NHPC.NS,NSE_EQ|INE848E01016,nse_equity,SUCCESS,2477,2477,2467,10,2016-09-06,2026-09-07,03:45,0,0,0,10,10,,,11.95,1
2026-09-07T14:48:24,NIACL.NS,NSE_EQ|INE470Y01017,nse_equity,SUCCESS,2185,2185,2175,10,2017-11-13,2026-09-07,03:45,0,0,0,10,10,,,8.56,1
2026-09-07T14:48:26,NIBE.NS,NSE_EQ|INE149O01018,nse_equity,SUCCESS,390,390,380,10,2025-02-07,2026-09-07,03:45,0,0,0,10,10,,,10.29,1
2026-09-07T14:48:27,NICCOPAR.NS,NSE_EQ|INE653C01022,nse_equity,SUCCESS,15,15,5,10,2026-08-18,2026-09-07,03:45,0,0,0,10,10,,,10.32,1
2026-09-07T14:48:28,NIITMTS.NS,NSE_EQ|INE342G01023,nse_equity,SUCCESS,765,765,755,10,2023-08-08,2026-09-07,03:45,0,0,0,10,10,,,9.94,1
2026-09-07T14:48:28,NILE.NS,NSE_EQ|INE445D01013,nse_equity,SUCCESS,98,98,88,10,2026-04-20,2026-09-07,03:45,0,0,0,10,10,,,10.07,1
2026-09-07T14:48:28,NIBL.NS,NSE_EQ|INE047O01014,nse_equity,SUCCESS,2433,2433,2423,10,2016-09-06,2026-09-07,03:45,0,0,0,10,10,,,12.46,1
2026-09-07T14:48:28,NILAINFRA.NS,NSE_EQ|INE937C01029,nse_equity,SUCCESS,2477,2477,2467,10,2016-09-06,2026-09-07,03:45,0,0,0,10,10,,,10.57,1
2026-09-07T14:48:28,NIITLTD.NS,NSE_EQ|INE161A01038,nse_equity,SUCCESS,2477,2477,2467,10,2016-09-06,2026-09-07,03:45,0,0,0,10,10,,,10.63,1
2026-09-07T14:48:28,NILKAMAL.NS,NSE_EQ|INE310A01015,nse_equity,SUCCESS,2477,2477,2467,10,2016-09-06,2026-09-07,03:45,0,0,0,10,10,,,10.59,1
2026-09-07T14:48:29,NINSYS.NS,NSE_EQ|INE395U01014,nse_equity,SUCCESS,858,858,848,10,2023-02-21,2026-09-07,03:45,0,0,0,10,10,,,9.74,1
2026-09-07T14:48:29,NIPPOBATRY.NS,NSE_EQ|INE567A01028,nse_equity,SUCCESS,2477,2477,2467,10,2016-09-06,2026-09-07,03:45,0,0,0,10,10,,,9.75,1
2026-09-07T14:48:29,NIMBSPROJ.NS,NSE_EQ|INE875B01015,nse_equity,SUCCESS,107,107,97,10,2026-04-06,2026-09-07,03:45,0,0,0,10,10,,,10.35,1
2026-09-07T14:48:29,NIRAJ.NS,NSE_EQ|INE368I01016,nse_equity,SUCCESS,1472,1472,1462,10,2020-10-01,2026-09-07,03:45,0,0,0,10,10,,,9.59,1
2026-09-07T14:48:29,NIRLON.NS,NSE_EQ|INE910A01012,nse_equity,SUCCESS,98,98,88,10,2026-04-20,2026-09-07,03:45,0,0,0,10,10,,,9.27,1
2026-09-07T14:48:29,NIRAJISPAT.NS,NSE_EQ|INE326T01011,nse_equity,SUCCESS,302,302,292,10,2024-03-11,2026-09-07,03:45,0,0,0,10,10,,,9.35,1
2026-09-07T14:48:35,NITTAGELA.NS,NSE_EQ|INE265B01019,nse_equity,SUCCESS,98,98,88,10,2026-04-20,2026-09-07,03:45,0,0,0,10,10,,,10.31,1
2026-09-07T14:48:35,NITINSPIN.NS,NSE_EQ|INE229H01012,nse_equity,SUCCESS,2477,2477,2467,10,2016-09-06,2026-09-07,03:45,0,0,0,10,9,,,10.83,1
2026-09-07T14:48:35,NITIRAJ.NS,NSE_EQ|INE439T01012,nse_equity,SUCCESS,1716,1716,1706,10,2017-03-09,2026-09-07,03:45,0,0,0,10,10,,,10.83,1
2026-09-07T14:48:35,NITCO.NS,NSE_EQ|INE858F01012,nse_equity,SUCCESS,2477,2477,2467,10,2016-09-06,2026-09-07,03:45,0,0,0,10,9,,,10.84,1
2026-09-07T14:48:36,NKIND.NS,NSE_EQ|INE542C01019,nse_equity,SUCCESS,2278,2278,2268,10,2016-09-06,2026-09-07,03:45,0,0,0,10,10,,,11.13,1
2026-09-07T14:48:36,NIVABUPA.NS,NSE_EQ|INE995S01015,nse_equity,SUCCESS,449,449,439,10,2024-11-14,2026-09-07,03:45,0,0,0,10,10,,,11.14,1
2026-09-07T14:48:36,NLCINDIA.NS,NSE_EQ|INE589A01014,nse_equity,SUCCESS,2477,2477,2467,10,2016-09-06,2026-09-07,03:45,0,0,0,10,10,,,9.54,1
2026-09-07T14:48:36,NOIDATOLL.NS,NSE_EQ|INE781B01015,nse_equity,ERROR,2478,0,0,0,,,03:45,0,1,0,10,10,ValidationError,session date 2025-04-26 is a weekend,8.49,1
2026-09-07T14:48:37,NORBTEAEXP.NS,NSE_EQ|INE369C01017,nse_equity,ERROR,1691,0,0,0,,,03:45,0,1,0,10,10,ValidationError,session date 2025-04-26 is a weekend,8.08,1
2026-09-07T14:48:37,NMDC.NS,NSE_EQ|INE584A01023,nse_equity,SUCCESS,2477,2477,1919,558,2016-09-06,2026-09-07,03:45,0,0,0,558,10,,,10.44,1
2026-09-07T14:48:37,NOCIL.NS,NSE_EQ|INE163A01018,nse_equity,SUCCESS,2477,2477,2467,10,2016-09-06,2026-09-07,03:45,0,0,0,10,10,,,9.46,1
2026-09-07T14:48:39,NOVARTIND.NS,NSE_EQ|INE234A01025,nse_equity,SUCCESS,98,98,88,10,2026-04-20,2026-09-07,03:45,0,0,0,10,10,,,10.93,1
2026-09-07T14:48:39,NORTHARC.NS,NSE_EQ|INE850M01015,nse_equity,SUCCESS,485,485,475,10,2024-09-24,2026-09-07,03:45,0,0,0,10,10,,,10.96,1
2026-09-07T14:48:39,NRAIL.NS,NSE_EQ|INE740D01017,nse_equity,SUCCESS,2335,2335,2325,10,2017-04-05,2026-09-07,03:45,0,0,0,10,10,,,10.78,1
2026-09-07T14:48:40,NPBET.NS,NSE_EQ|INF277K010X4,nse_equity,SUCCESS,1732,1732,1722,10,2019-09-09,2026-09-07,03:45,0,0,0,10,10,,,11.75,1
2026-09-07T14:48:40,NPST.NS,NSE_EQ|INE0FFK01017,nse_equity,SUCCESS,1129,1129,1119,10,2021-08-10,2026-09-07,03:45,0,0,0,10,9,,,11.60,1
2026-09-07T14:48:41,NSLNISP.NS,NSE_EQ|INE0NNS01018,nse_equity,SUCCESS,879,879,869,10,2023-02-20,2026-09-07,03:45,0,0,0,10,10,,,12.09,1
2026-09-07T14:48:42,NRBBEARING.NS,NSE_EQ|INE349A01021,nse_equity,SUCCESS,2477,2477,2467,10,2016-09-06,2026-09-07,03:45,0,0,0,10,9,,,13.38,1
2026-09-07T14:48:43,ODIGMA.NS,NSE_EQ|INE054301028,nse_equity,ERROR,432,0,0,0,,,03:45,0,1,0,10,10,ValidationError,session date 2025-04-26 is a weekend,5.26,1
2026-09-07T14:48:43,NTCIND.NS,NSE_EQ|INE920C01017,nse_equity,SUCCESS,16,16,6,10,2026-08-17,2026-09-07,03:45,0,0,0,10,10,,,13.72,1
2026-09-07T14:48:45,NSIL.NS,NSE_EQ|INE023A01030,nse_equity,SUCCESS,2472,2472,2462,10,2016-09-06,2026-09-07,03:45,0,0,0,10,10,,,16.38,1
2026-09-07T14:48:48,OAL.NS,NSE_EQ|INE959C01023,nse_equity,SUCCESS,1776,1776,1766,10,2019-07-11,2026-09-07,03:45,0,0,0,10,10,,,10.95,1
2026-09-07T14:48:48,NYKAA.NS,NSE_EQ|INE388Y01029,nse_equity,SUCCESS,1198,1198,1188,10,2021-11-10,2026-09-07,03:45,0,0,0,10,10,,,11.22,1
2026-09-07T14:48:48,OBEROIRLTY.NS,NSE_EQ|INE093I01010,nse_equity,SUCCESS,2477,2477,2467,10,2016-09-06,2026-09-07,03:45,0,0,0,10,10,,,10.02,1
2026-09-07T14:48:48,NUCLEUS.NS,NSE_EQ|INE096B01018,nse_equity,SUCCESS,2477,2477,2467,10,2016-09-06,2026-09-07,03:45,0,0,0,10,10,,,12.87,1
2026-09-07T14:48:48,OBCL.NS,NSE_EQ|INE426Z01016,nse_equity,SUCCESS,1096,1096,1086,10,2022-04-07,2026-09-07,03:45,0,0,0,10,10,,,10.95,1
2026-09-07T14:48:48,NV20.NS,NSE_EQ|INF174KA1ZE1,nse_equity,SUCCESS,2395,2395,2385,10,2016-09-06,2026-09-07,03:45,0,0,0,10,10,,,11.34,1
2026-09-07T14:48:48,NUVAMA.NS,NSE_EQ|INE531F01023,nse_equity,SUCCESS,732,732,722,10,2023-09-26,2026-09-07,03:45,0,0,0,10,10,,,12.87,1
2026-09-07T14:48:48,NTPCGREEN.NS,NSE_EQ|INE0ONG01011,nse_equity,SUCCESS,442,442,432,10,2024-11-27,2026-09-07,03:45,0,0,0,10,10,,,13.09,1
2026-09-07T14:48:49,NUVOCO.NS,NSE_EQ|INE118D01016,nse_equity,SUCCESS,1252,1252,1242,10,2021-08-23,2026-09-07,03:45,0,0,0,10,10,,,13.79,1
2026-09-07T14:48:49,NTPC.NS,NSE_EQ|INE733E01010,nse_equity,SUCCESS,2477,2477,2467,10,2016-09-06,2026-09-07,03:45,0,0,0,10,10,,,14.78,1
2026-09-07T14:48:50,ODYCORP.NS,NSE_EQ|INE839E01023,nse_equity,SUCCESS,16,16,6,10,2026-08-17,2026-09-07,03:45,0,0,0,10,10,,,10.13,1
2026-09-07T14:48:50,OLAELEC.NS,NSE_EQ|INE0LXG01040,nse_equity,SUCCESS,516,516,506,10,2024-08-09,2026-09-07,03:45,0,0,0,10,10,,,9.26,1
2026-09-07T14:48:50,OLECTRA.NS,NSE_EQ|INE260D01016,nse_equity,SUCCESS,2477,2477,2467,10,2016-09-06,2026-09-07,03:45,0,0,0,10,10,,,9.79,1
2026-09-07T14:48:51,OIL.NS,NSE_EQ|INE274J01014,nse_equity,SUCCESS,2477,2477,2467,10,2016-09-06,2026-09-07,03:45,0,0,0,10,10,,,11.20,1
2026-09-07T14:48:51,OFSS.NS,NSE_EQ|INE881D01027,nse_equity,SUCCESS,2477,2477,2467,10,2016-09-06,2026-09-07,03:45,0,0,0,10,10,,,11.20,1
2026-09-07T14:48:53,OMAXAUTO.NS,NSE_EQ|INE090B01011,nse_equity,SUCCESS,2477,2477,2467,10,2016-09-06,2026-09-07,03:45,0,0,0,10,10,,,11.16,1
2026-09-07T14:48:54,ONIDA.NS,NSE_EQ|INE831A01028,nse_equity,ERROR,2478,0,0,0,,,03:45,0,1,0,10,10,ValidationError,session date 2025-04-26 is a weekend,6.11,1
2026-09-07T14:48:54,OMNI.NS,NSE_EQ|INE0UH301010,nse_equity,SUCCESS,126,126,116,10,2026-03-05,2026-09-07,03:45,0,0,0,10,10,,,10.94,1
2026-09-07T14:48:54,OMINFRAL.NS,NSE_EQ|INE239D01028,nse_equity,SUCCESS,2477,2477,2467,10,2016-09-06,2026-09-07,03:45,0,0,0,10,10,,,11.28,1
2026-09-07T14:48:54,OMAXE.NS,NSE_EQ|INE800H01010,nse_equity,SUCCESS,2477,2477,2467,10,2016-09-06,2026-09-07,03:45,0,0,0,10,10,,,12.05,1
2026-09-07T14:48:56,OMPOWER.NS,NSE_EQ|INE25E901019,nse_equity,SUCCESS,99,99,89,10,2026-04-17,2026-09-07,03:45,0,0,0,10,10,,,10.41,1
2026-09-07T14:48:58,ONIXSOLAR.NS,NSE_EQ|INE173M01012,nse_equity,SUCCESS,16,16,6,10,2026-08-17,2026-09-07,03:45,0,0,0,10,10,,,10.54,1
2026-09-07T14:48:58,ONEGLOBAL.NS,NSE_EQ|INE670O01013,nse_equity,SUCCESS,16,16,6,10,2026-08-17,2026-09-07,03:45,0,0,0,10,10,,,10.55,1
2026-09-07T14:48:58,ONEPOINT.NS,NSE_EQ|INE840Y01029,nse_equity,SUCCESS,1819,1819,1809,10,2019-05-09,2026-09-07,03:45,0,0,0,10,10,,,10.74,1
2026-09-07T14:48:58,ONWARDTEC.NS,NSE_EQ|INE229A01017,nse_equity,SUCCESS,2477,2477,2467,10,2016-09-06,2026-09-07,03:45,0,0,0,10,10,,,10.75,1
2026-09-07T14:48:59,ONGC.NS,NSE_EQ|INE213A01029,nse_equity,SUCCESS,2477,2477,1918,559,2016-09-06,2026-09-07,03:45,0,0,0,559,10,,,11.00,1
2026-09-07T14:48:59,OPTIFIN.NS,NSE_EQ|INE031G01022,nse_equity,SUCCESS,16,16,6,10,2026-08-17,2026-09-07,03:45,0,0,0,10,10,,,9.14,1
2026-09-07T14:49:00,ONESOURCE.NS,NSE_EQ|INE013P01021,nse_equity,SUCCESS,401,401,391,10,2025-01-24,2026-09-07,03:45,0,0,0,10,10,,,12.48,1
2026-09-07T14:49:00,ORCHASP.NS,NSE_EQ|INE215B01022,nse_equity,SUCCESS,390,390,380,10,2025-02-07,2026-09-07,03:45,0,0,0,10,10,,,10.58,1
2026-09-07T14:49:01,ORICONENT.NS,NSE_EQ|INE730A01022,nse_equity,SUCCESS,2477,2477,2467,10,2016-09-06,2026-09-07,03:45,0,0,0,10,10,,,11.33,1
2026-09-07T14:49:01,OPTIEMUS.NS,NSE_EQ|INE350C01017,nse_equity,SUCCESS,2248,2248,2238,10,2017-08-08,2026-09-07,03:45,0,0,0,10,10,,,13.05,1
2026-09-07T14:49:04,ORCHPHARMA.NS,NSE_EQ|INE191A01027,nse_equity,SUCCESS,1450,1450,1440,10,2020-11-03,2026-09-07,03:45,0,0,0,10,10,,,14.17,1
2026-09-07T14:49:04,ORIENTCEM.NS,NSE_EQ|INE876N01018,nse_equity,SUCCESS,2477,2477,2467,10,2016-09-06,2026-09-07,03:45,0,0,0,10,10,,,13.18,1
2026-09-07T14:49:04,ORIENTALTL.NS,NSE_EQ|INE998H01012,nse_equity,SUCCESS,2477,2477,2467,10,2016-09-06,2026-09-07,03:45,0,0,0,10,10,,,13.72,1
2026-09-07T14:49:04,ORIENTBELL.NS,NSE_EQ|INE607D01018,nse_equity,SUCCESS,2477,2477,2467,10,2016-09-06,2026-09-07,03:45,0,0,0,10,10,,,13.20,1
2026-09-07T14:49:07,ORIENTCER.NS,NSE_EQ|INE569C01020,nse_equity,SUCCESS,2477,2477,2467,10,2016-09-06,2026-09-07,03:45,0,0,0,10,10,,,14.03,1
2026-09-07T14:49:08,ORIENTELEC.NS,NSE_EQ|INE142Z01019,nse_equity,SUCCESS,2062,2062,2052,10,2018-05-14,2026-09-07,03:45,0,0,0,10,9,,,13.66,1
2026-09-07T14:49:08,ORIENTTECH.NS,NSE_EQ|INE0PPK01015,nse_equity,SUCCESS,504,504,494,10,2024-08-28,2026-09-07,03:45,0,0,0,10,10,,,13.75,1
2026-09-07T14:49:08,ORIENTHOT.NS,NSE_EQ|INE750A01020,nse_equity,SUCCESS,2477,2477,2467,10,2016-09-06,2026-09-07,03:45,0,0,0,10,10,,,14.17,1
2026-09-07T14:49:08,ORIENTPPR.NS,NSE_EQ|INE592A01026,nse_equity,SUCCESS,2477,2477,2467,10,2016-09-06,2026-09-07,03:45,0,0,0,10,10,,,14.17,1
2026-09-07T14:49:09,ORIRAIL.NS,NSE_EQ|INE457G01029,nse_equity,SUCCESS,16,16,6,10,2026-08-17,2026-09-07,03:45,0,0,0,10,10,,,13.38,1
2026-09-07T14:49:11,ORKLAINDIA.NS,NSE_EQ|INE16NZ01023,nse_equity,SUCCESS,208,208,198,10,2025-11-06,2026-09-07,03:45,0,0,0,10,10,,,12.66,1
2026-09-07T14:49:11,ORTINGLOBE.NS,NSE_EQ|INE749B01020,nse_equity,SUCCESS,1357,1357,1347,10,2016-12-13,2026-09-07,03:45,0,0,0,10,10,,,12.50,1
2026-09-07T14:49:11,ORISSAMINE.NS,NSE_EQ|INE725E01024,nse_equity,SUCCESS,2477,2477,2467,10,2016-09-06,2026-09-07,03:45,0,0,0,10,9,,,12.75,1
2026-09-07T14:49:11,OSWALAGRO.NS,NSE_EQ|INE142A01012,nse_equity,SUCCESS,2129,2129,2119,10,2018-02-01,2026-09-07,03:45,0,0,0,10,10,,,12.50,1
2026-09-07T14:49:12,OSWALPUMPS.NS,NSE_EQ|INE0BYP01024,nse_equity,SUCCESS,302,302,292,10,2025-06-20,2026-09-07,03:45,0,0,0,10,10,,,12.94,1
2026-09-07T14:49:12,PACEDIGITK.NS,NSE_EQ|INE0S3G01027,nse_equity,SUCCESS,229,229,219,10,2025-10-06,2026-09-07,03:45,0,0,0,10,10,,,11.48,1
2026-09-07T14:49:12,OSWALSEEDS.NS,NSE_EQ|INE00IK01029,nse_equity,SUCCESS,1546,1546,1536,10,2018-06-20,2026-09-07,03:45,0,0,0,10,10,,,11.48,1
2026-09-07T14:49:12,OSWALGREEN.NS,NSE_EQ|INE143A01010,nse_equity,SUCCESS,2477,2477,2467,10,2016-09-06,2026-09-07,03:45,0,0,0,10,10,,,13.03,1
2026-09-07T14:49:12,PALREDTEC.NS,NSE_EQ|INE218G01033,nse_equity,ERROR,2477,0,0,0,,,03:45,0,1,0,0,0,ValidationError,session date 2025-04-26 is a weekend,7.81,1
2026-09-07T14:49:12,PAGEIND.NS,NSE_EQ|INE761H01022,nse_equity,SUCCESS,2477,2477,2467,10,2016-09-06,2026-09-07,03:45,0,0,0,10,10,,,9.67,1
2026-09-07T14:49:12,PACIFICI.NS,NSE_EQ|INE883C01025,nse_equity,SUCCESS,16,16,6,10,2026-08-17,2026-09-07,03:45,0,0,0,10,10,,,9.78,1
2026-09-07T14:49:14,PAKKA.NS,NSE_EQ|INE551D01018,nse_equity,SUCCESS,785,785,775,10,2023-07-11,2026-09-07,03:45,0,0,0,10,10,,,10.20,1
2026-09-07T14:49:14,PALASHSECU.NS,NSE_EQ|INE471W01019,nse_equity,SUCCESS,2210,2210,2200,10,2017-07-28,2026-09-07,03:45,0,0,0,10,10,,,10.48,1
2026-09-07T14:49:15,PAISALO.NS,NSE_EQ|INE420C01059,nse_equity,SUCCESS,2477,2477,2467,10,2016-09-06,2026-09-07,03:45,0,0,0,10,10,,,10.93,1
2026-09-07T14:49:17,PANACEABIO.NS,NSE_EQ|INE922B01023,nse_equity,SUCCESS,2477,2477,2467,10,2016-09-06,2026-09-07,03:45,0,0,0,10,10,,,10.60,1
2026-09-07T14:49:18,PANAMAPET.NS,NSE_EQ|INE305C01029,nse_equity,SUCCESS,2477,2477,2467,10,2016-09-06,2026-09-07,03:45,0,0,0,10,9,,,9.73,1
2026-09-07T14:49:18,PANORAMA.NS,NSE_EQ|INE258R01028,nse_equity,SUCCESS,16,16,6,10,2026-08-17,2026-09-07,03:45,0,0,0,10,10,,,9.18,1
2026-09-07T14:49:18,PANCHMAHQ.NS,NSE_EQ|INE798F01010,nse_equity,SUCCESS,11,11,6,5,2026-08-17,2026-09-07,03:45,0,0,0,5,5,,,9.64,1
2026-09-07T14:49:18,PAR.NS,NSE_EQ|INE04LG01015,nse_equity,SUCCESS,1619,1619,1609,10,2019-05-16,2026-09-07,03:45,0,0,0,10,10,,,8.41,1
2026-09-07T14:49:18,PANSARI.NS,NSE_EQ|INE697V01011,nse_equity,SUCCESS,1416,1416,1406,10,2016-10-18,2026-09-07,03:45,0,0,0,10,10,,,9.94,1
2026-09-07T14:49:23,PARADEEP.NS,NSE_EQ|INE088F01024,nse_equity,SUCCESS,1063,1063,1053,10,2022-05-27,2026-09-07,03:45,0,0,0,10,10,,,12.46,1
2026-09-07T14:49:23,PARAS.NS,NSE_EQ|INE045601023,nse_equity,SUCCESS,1224,1224,1214,10,2021-10-01,2026-09-07,03:45,0,0,0,10,10,,,12.47,1
2026-09-07T14:49:23,PARAGMILK.NS,NSE_EQ|INE883N01014,nse_equity,SUCCESS,2477,2477,2467,10,2016-09-06,2026-09-07,03:45,0,0,0,10,10,,,12.47,1
2026-09-07T14:49:24,PARNAXLAB.NS,NSE_EQ|INE383L01019,nse_equity,SUCCESS,16,16,6,10,2026-08-17,2026-09-07,03:45,0,0,0,10,10,,,11.92,1
2026-09-07T14:49:24,PARKHOTELS.NS,NSE_EQ|INE988S01028,nse_equity,SUCCESS,638,638,628,10,2024-02-12,2026-09-07,03:45,0,0,0,10,10,,,11.94,1
2026-09-07T14:49:24,PARASPETRO.NS,NSE_EQ|INE162C01024,nse_equity,SUCCESS,1024,1024,1014,10,2016-09-06,2026-09-07,03:45,0,0,0,10,10,,,11.94,1
2026-09-07T14:49:24,PARKHOSPS.NS,NSE_EQ|INE119201023,nse_equity,SUCCESS,179,179,169,10,2025-12-17,2026-09-07,03:45,0,0,0,10,9,,,11.95,1
2026-09-07T14:49:24,PARACABLES.NS,NSE_EQ|INE074B01023,nse_equity,SUCCESS,2477,2477,2467,10,2016-09-06,2026-09-07,03:45,0,0,0,10,10,,,12.99,1
2026-09-07T14:49:24,PASHUPATI.NS,NSE_EQ|INE124Y01028,nse_equity,SUCCESS,1075,1075,1065,10,2017-09-08,2026-09-07,03:45,0,0,0,10,10,,,11.85,1
2026-09-07T14:49:24,PATANJALI.NS,NSE_EQ|INE619A01035,nse_equity,SUCCESS,1643,1643,1633,10,2020-01-27,2026-09-07,03:45,0,0,0,10,10,,,11.85,1
2026-09-07T14:49:25,PATELENG.NS,NSE_EQ|INE244B01030,nse_equity,SUCCESS,2477,2477,2467,10,2016-09-06,2026-09-07,03:45,0,0,0,10,10,,,12.29,1
2026-09-07T14:49:25,PAUSHAKLTD.NS,NSE_EQ|INE111F01024,nse_equity,SUCCESS,191,191,181,10,2025-12-01,2026-09-07,03:45,0,0,0,10,10,,,10.69,1
2026-09-07T14:49:25,PATELRMART.NS,NSE_EQ|INE0R8B01010,nse_equity,SUCCESS,256,256,246,10,2025-08-26,2026-09-07,03:45,0,0,0,10,10,,,10.83,1
2026-09-07T14:49:25,PAVNAIND.NS,NSE_EQ|INE07S101038,nse_equity,SUCCESS,1044,1044,1034,10,2021-03-09,2026-09-07,03:45,0,0,0,10,10,,,10.46,1
2026-09-07T14:49:26,PDMJEPAPER.NS,NSE_EQ|INE865T01018,nse_equity,ERROR,2478,0,0,0,,,03:45,0,1,0,10,10,ValidationError,session date 2025-04-26 is a weekend,7.73,1
2026-09-07T14:49:29,PAYTM.NS,NSE_EQ|INE982J01020,nse_equity,SUCCESS,1192,1192,1181,11,2021-11-18,2026-09-07,03:45,0,0,0,11,11,,,11.37,1
2026-09-07T14:49:29,PBMPOLY.NS,NSE_EQ|INE501F01018,nse_equity,SUCCESS,11,11,4,7,2026-08-17,2026-09-04,03:45,0,0,0,7,7,,,11.54,1
2026-09-07T14:49:31,PDSL.NS,NSE_EQ|INE111Q01021,nse_equity,SUCCESS,2475,2475,2465,10,2016-09-06,2026-09-07,03:45,0,0,0,10,10,,,11.69,1
2026-09-07T14:49:31,PCBL.NS,NSE_EQ|INE602A01031,nse_equity,SUCCESS,2477,2477,2467,10,2016-09-06,2026-09-07,03:45,0,0,0,10,10,,,13.34,1
2026-09-07T14:49:31,PCJEWELLER.NS,NSE_EQ|INE785M01021,nse_equity,SUCCESS,2477,2477,2466,11,2016-09-06,2026-09-07,03:45,0,0,0,11,11,,,13.34,1
2026-09-07T14:49:35,PENIND.NS,NSE_EQ|INE932A01024,nse_equity,SUCCESS,2477,2477,2467,10,2016-09-06,2026-09-07,03:45,0,0,0,10,10,,,11.99,1
2026-09-07T14:49:37,PEARLPOLY.NS,NSE_EQ|INE844A01013,nse_equity,SUCCESS,2466,2466,2456,10,2016-09-06,2026-09-07,03:45,0,0,0,10,10,,,13.21,1
2026-09-07T14:49:37,PENINLAND.NS,NSE_EQ|INE138A01028,nse_equity,SUCCESS,2475,2475,2475,0,2016-09-06,2026-09-07,03:45,0,0,0,0,0,,,13.21,1
2026-09-07T14:49:39,PERMAGN.NS,NSE_EQ|INE418E01018,nse_equity,SUCCESS,16,16,6,10,2026-08-17,2026-09-07,03:45,0,0,0,10,10,,,15.16,1
2026-09-07T14:49:39,PERSISTENT.NS,NSE_EQ|INE262H01021,nse_equity,SUCCESS,2477,2477,2391,86,2016-09-06,2026-09-07,03:45,0,0,0,86,84,,,15.33,1
2026-09-07T14:49:39,PETRONET.NS,NSE_EQ|INE347G01014,nse_equity,SUCCESS,2477,2477,1918,559,2016-09-06,2026-09-07,03:45,0,0,0,559,10,,,15.33,1
2026-09-07T14:49:40,PERNIASPOP.NS,NSE_EQ|INE0I1B01016,nse_equity,SUCCESS,1,1,1,0,2026-09-07,2026-09-07,03:45,0,0,0,0,0,,,16.55,1
2026-09-07T14:49:41,PFIZER.NS,NSE_EQ|INE182A01018,nse_equity,SUCCESS,2477,2477,2467,10,2016-09-06,2026-09-07,03:45,0,0,0,10,9,,,17.06,1
2026-09-07T14:49:43,PFOCUS.NS,NSE_EQ|INE367G01038,nse_equity,SUCCESS,2477,2477,2467,10,2016-09-06,2026-09-07,03:45,0,0,0,10,10,,,18.95,1
2026-09-07T14:49:43,PFS.NS,NSE_EQ|INE560K01014,nse_equity,SUCCESS,2477,2477,2467,10,2016-09-06,2026-09-07,03:45,0,0,0,10,10,,,18.39,1
2026-09-07T14:49:43,PFC.NS,NSE_EQ|INE134E01011,nse_equity,SUCCESS,2477,2477,2466,11,2016-09-06,2026-09-07,03:45,0,0,0,11,11,,,19.21,1
2026-09-07T14:49:44,PGEL.NS,NSE_EQ|INE457L01029,nse_equity,SUCCESS,2477,2477,2467,10,2016-09-06,2026-09-07,03:45,0,0,0,10,10,,,18.50,1
2026-09-07T14:49:44,PGHL.NS,NSE_EQ|INE199A01012,nse_equity,SUCCESS,2477,2477,2467,10,2016-09-06,2026-09-07,03:45,0,0,0,10,9,,,18.57,1
2026-09-07T14:49:44,PGIL.NS,NSE_EQ|INE940H01022,nse_equity,SUCCESS,2477,2477,2467,10,2016-09-06,2026-09-07,03:45,0,0,0,10,10,,,17.58,1
2026-09-07T14:49:44,PGHH.NS,NSE_EQ|INE179A01014,nse_equity,SUCCESS,2477,2477,2467,10,2016-09-06,2026-09-07,03:45,0,0,0,10,10,,,19.07,1
2026-09-07T14:49:45,PIGL.NS,NSE_EQ|INE557Z01018,nse_equity,ERROR,1275,0,0,0,,,03:45,0,1,0,10,10,ValidationError,session date 2025-04-26 is a weekend,13.95,1
2026-09-07T14:49:45,PHOENXINTL.NS,NSE_EQ|INE245B01011,nse_equity,SUCCESS,16,16,6,10,2026-08-17,2026-09-07,03:45,0,0,0,10,10,,,16.12,1
2026-09-07T14:49:46,PHOENIXLTD.NS,NSE_EQ|INE211B01039,nse_equity,SUCCESS,2477,2477,2467,10,2016-09-06,2026-09-07,03:45,0,0,0,10,10,,,17.17,1
2026-09-07T14:49:47,PICCADIL.NS,NSE_EQ|INE546C01010,nse_equity,SUCCESS,294,294,284,10,2025-07-02,2026-09-07,03:45,0,0,0,10,10,,,16.62,1
2026-09-07T14:49:47,PIDILITIND.NS,NSE_EQ|INE318A01026,nse_equity,SUCCESS,2477,2477,2391,86,2016-09-06,2026-09-07,03:45,0,0,0,86,84,,,16.56,1
2026-09-07T14:49:52,PIIND.NS,NSE_EQ|INE603J01030,nse_equity,SUCCESS,2477,2477,2467,10,2016-09-06,2026-09-07,03:45,0,0,0,10,10,,,16.62,1
2026-09-07T14:49:52,PILITA.NS,NSE_EQ|INE600A01035,nse_equity,SUCCESS,2445,2445,2435,10,2016-09-06,2026-09-07,03:45,0,0,0,10,10,,,15.40,1
2026-09-07T14:49:52,PILANIINVS.NS,NSE_EQ|INE417C01014,nse_equity,SUCCESS,2413,2413,2403,10,2016-09-06,2026-09-07,03:45,0,0,0,10,10,,,15.40,1
2026-09-07T14:49:53,PINELABS.NS,NSE_EQ|INE15B701018,nse_equity,SUCCESS,202,202,192,10,2025-11-14,2026-09-07,03:45,0,0,0,10,10,,,14.08,1
2026-09-07T14:49:53,PIRAMALFIN.NS,NSE_EQ|INE202B01038,nse_equity,SUCCESS,207,207,197,10,2025-11-07,2026-09-07,03:45,0,0,0,10,10,,,13.67,1
2026-09-07T14:49:54,PIONEEREMB.NS,NSE_EQ|INE156C01018,nse_equity,SUCCESS,2474,2474,2464,10,2016-09-06,2026-09-07,03:45,0,0,0,10,10,,,14.40,1
2026-09-07T14:49:54,PITTIENG.NS,NSE_EQ|INE450D01021,nse_equity,SUCCESS,2477,2477,2467,10,2016-09-06,2026-09-07,03:45,0,0,0,10,10,,,13.45,1
2026-09-07T14:49:56,PIXTRANS.NS,NSE_EQ|INE751B01018,nse_equity,SUCCESS,1189,1189,1179,10,2016-09-06,2026-09-07,03:45,0,0,0,10,9,,,14.66,1
2026-09-07T14:49:56,PNC.NS,NSE_EQ|INE392B01011,nse_equity,ERROR,2476,0,0,0,,,03:45,0,1,0,10,10,ValidationError,session date 2025-04-26 is a weekend,11.33,1
2026-09-07T14:49:57,PLAZACABLE.NS,NSE_EQ|INE0INJ01017,nse_equity,SUCCESS,721,721,711,10,2023-10-12,2026-09-07,03:45,0,0,0,10,10,,,13.60,1
2026-09-07T14:49:57,PLATIND.NS,NSE_EQ|INE0PT501018,nse_equity,SUCCESS,621,621,611,10,2024-03-05,2026-09-07,03:45,0,0,0,10,10,,,14.36,1
2026-09-07T14:49:57,PKTEA.NS,NSE_EQ|INE431F01018,nse_equity,SUCCESS,2377,2377,2367,10,2016-09-06,2026-09-07,03:45,0,0,0,10,10,,,14.36,1
2026-09-07T14:49:58,PLASTIBLEN.NS,NSE_EQ|INE083C01022,nse_equity,SUCCESS,2477,2477,2467,10,2016-09-06,2026-09-07,03:45,0,0,0,10,10,,,14.55,1
2026-09-07T14:49:58,PML.NS,NSE_EQ|INE291E01019,nse_equity,SUCCESS,98,98,88,10,2026-04-20,2026-09-07,03:45,0,0,0,10,10,,,14.39,1
2026-09-07T14:49:58,PNB.NS,NSE_EQ|INE160A01022,nse_equity,SUCCESS,2477,2477,2467,10,2016-09-06,2026-09-07,03:45,0,0,0,10,10,,,14.23,1
2026-09-07T14:49:58,PNBHOUSING.NS,NSE_EQ|INE572E01012,nse_equity,SUCCESS,2437,2437,2427,10,2016-11-07,2026-09-07,03:45,0,0,0,10,10,,,14.20,1
2026-09-07T14:50:00,PNCINFRA.NS,NSE_EQ|INE195J01029,nse_equity,SUCCESS,2477,2477,2467,10,2016-09-06,2026-09-07,03:45,0,0,0,10,10,,,14.19,1
2026-09-07T14:50:00,PNGJL.NS,NSE_EQ|INE953R01016,nse_equity,SUCCESS,490,490,480,10,2024-09-17,2026-09-07,03:45,0,0,0,10,10,,,13.46,1
2026-09-07T14:50:00,PNGSREVA.NS,NSE_EQ|INE1RDG01013,nse_equity,SUCCESS,127,127,117,10,2026-03-04,2026-09-07,03:45,0,0,0,10,10,,,12.45,1
2026-09-07T14:50:00,POCL.NS,NSE_EQ|INE063E01061,nse_equity,SUCCESS,983,983,973,10,2018-01-04,2026-09-07,03:45,0,0,0,10,9,,,12.76,1
2026-09-07T14:50:05,POEL.NS,NSE_EQ|INE035S01028,nse_equity,SUCCESS,16,16,6,10,2026-08-17,2026-09-07,03:45,0,0,0,10,10,,,12.48,1
2026-09-07T14:50:09,PODDARMENT.NS,NSE_EQ|INE371C01013,nse_equity,SUCCESS,2427,2427,2417,10,2016-11-22,2026-09-07,03:45,0,0,0,10,10,,,17.25,1
2026-09-07T14:50:11,POLYSPIN.NS,NSE_EQ|INE914G01029,nse_equity,SUCCESS,16,16,6,10,2026-08-17,2026-09-07,03:45,0,0,0,10,10,,,14.81,1
2026-09-07T14:50:11,POKARNA.NS,NSE_EQ|INE637C01025,nse_equity,SUCCESS,2477,2477,2467,10,2016-09-06,2026-09-07,03:45,0,0,0,10,10,,,18.48,1
2026-09-07T14:50:11,POLYCAB.NS,NSE_EQ|INE455K01017,nse_equity,SUCCESS,1833,1833,1823,10,2019-04-16,2026-09-07,03:45,0,0,0,10,10,,,17.65,1
2026-09-07T14:50:11,POLYPLEX.NS,NSE_EQ|INE633B01018,nse_equity,SUCCESS,2477,2477,2467,10,2016-09-06,2026-09-07,03:45,0,0,0,10,10,,,17.03,1
2026-09-07T14:50:11,POLICYBZR.NS,NSE_EQ|INE417T01026,nse_equity,SUCCESS,1195,1195,1185,10,2021-11-15,2026-09-07,03:45,0,0,0,10,10,,,17.73,1
2026-09-07T14:50:11,POLYMED.NS,NSE_EQ|INE205C01021,nse_equity,SUCCESS,2477,2477,2467,10,2016-09-06,2026-09-07,03:45,0,0,0,10,10,,,17.87,1
2026-09-07T14:50:11,PONNIERODE.NS,NSE_EQ|INE838E01017,nse_equity,SUCCESS,2476,2476,2466,10,2016-09-06,2026-09-07,03:45,0,0,0,10,10,,,14.21,1
2026-09-07T14:50:12,PRABHA.NS,NSE_EQ|INE0I0M01023,nse_equity,SUCCESS,364,364,354,10,2025-03-19,2026-09-07,03:45,0,0,0,10,10,,,13.92,1
2026-09-07T14:50:15,POONAWALLA.NS,NSE_EQ|INE511C01022,nse_equity,SUCCESS,2477,2477,2467,10,2016-09-06,2026-09-07,03:45,0,0,0,10,10,,,17.83,1
2026-09-07T14:50:15,POWERINDIA.NS,NSE_EQ|INE07Y701011,nse_equity,SUCCESS,1599,1599,1588,11,2020-03-30,2026-09-07,03:45,0,0,0,11,11,,,17.55,1
2026-09-07T14:50:15,POWERGRID.NS,NSE_EQ|INE752E01010,nse_equity,SUCCESS,2477,2477,2391,86,2016-09-06,2026-09-07,03:45,0,0,0,86,84,,,17.74,1
2026-09-07T14:50:16,PRAVEG.NS,NSE_EQ|INE722B01019,nse_equity,SUCCESS,98,98,88,10,2026-04-20,2026-09-07,03:45,0,0,0,10,10,,,10.79,1
2026-09-07T14:50:16,POWERICA.NS,NSE_EQ|INE921L01032,nse_equity,SUCCESS,108,108,98,10,2026-04-02,2026-09-07,03:45,0,0,0,10,10,,,18.26,1
2026-09-07T14:50:16,PPLPHARMA.NS,NSE_EQ|INE0DK501011,nse_equity,SUCCESS,964,964,954,10,2022-10-19,2026-09-07,03:45,0,0,0,10,10,,,17.26,1
2026-09-07T14:50:16,PRAKASH.NS,NSE_EQ|INE603A01013,nse_equity,SUCCESS,2474,2474,2464,10,2016-09-06,2026-09-07,03:45,0,0,0,10,10,,,16.03,1
2026-09-07T14:50:16,PRAKASHSTL.NS,NSE_EQ|INE696K01024,nse_equity,SUCCESS,2230,2230,2220,10,2016-09-06,2026-09-07,03:45,0,0,0,10,10,,,15.74,1
2026-09-07T14:50:16,PRAENG.NS,NSE_EQ|INE505C01016,nse_equity,SUCCESS,2476,2476,2466,10,2016-09-06,2026-09-07,03:45,0,0,0,10,10,,,16.62,1
2026-09-07T14:50:17,POWERMECH.NS,NSE_EQ|INE211R01019,nse_equity,SUCCESS,2477,2477,2467,10,2016-09-06,2026-09-07,03:45,0,0,0,10,10,,,18.30,1
2026-09-07T14:50:17,PRAJIND.NS,NSE_EQ|INE074A01025,nse_equity,SUCCESS,2477,2477,2467,10,2016-09-06,2026-09-07,03:45,0,0,0,10,10,,,16.99,1
2026-09-07T14:50:22,PREMIERENE.NS,NSE_EQ|INE0BS701011,nse_equity,SUCCESS,500,500,490,10,2024-09-03,2026-09-07,03:45,0,0,0,10,10,,,9.87,1
2026-09-07T14:50:22,PRAXIS.NS,NSE_EQ|INE546Y01022,nse_equity,SUCCESS,2077,2077,2067,10,2018-01-31,2026-09-07,03:45,0,0,0,10,10,,,12.30,1
2026-09-07T14:50:22,PREMCO.NS,NSE_EQ|INE001E01012,nse_equity,SUCCESS,98,98,88,10,2026-04-20,2026-09-07,03:45,0,0,0,10,10,,,10.85,1
2026-09-07T14:50:22,PREMEXPLN.NS,NSE_EQ|INE863B01029,nse_equity,SUCCESS,2477,2477,2467,10,2016-09-06,2026-09-07,03:45,0,0,0,10,10,,,10.45,1
2026-09-07T14:50:24,PRECWIRE.NS,NSE_EQ|INE372C01037,nse_equity,SUCCESS,2477,2477,2467,10,2016-09-06,2026-09-07,03:45,0,0,0,10,10,,,13.06,1
2026-09-07T14:50:24,PRECAM.NS,NSE_EQ|INE484I01029,nse_equity,SUCCESS,2477,2477,2467,10,2016-09-06,2026-09-07,03:45,0,0,0,10,10,,,13.13,1
2026-09-07T14:50:24,PRECOT.NS,NSE_EQ|INE283A01014,nse_equity,SUCCESS,2439,2439,2429,10,2016-09-06,2026-09-07,03:45,0,0,0,10,10,,,13.06,1
2026-09-07T14:50:24,PRESTIGE.NS,NSE_EQ|INE811K01011,nse_equity,SUCCESS,2477,2477,2467,10,2016-09-06,2026-09-07,03:45,0,0,0,10,10,,,11.65,1
2026-09-07T14:50:24,PREMIERPOL.NS,NSE_EQ|INE309M01020,nse_equity,SUCCESS,2399,2399,2389,10,2016-09-07,2026-09-07,03:45,0,0,0,10,10,,,12.27,1
2026-09-07T14:50:25,PRIMO.NS,NSE_EQ|INE607A01022,nse_equity,SUCCESS,344,344,334,10,2025-04-22,2026-09-07,03:45,0,0,0,10,10,,,10.04,1
2026-09-07T14:50:25,PRINCEPIPE.NS,NSE_EQ|INE689W01016,nse_equity,SUCCESS,1663,1663,1653,10,2019-12-30,2026-09-07,03:45,0,0,0,10,10,,,9.70,1
2026-09-07T14:50:26,PRICOLLTD.NS,NSE_EQ|INE726V01018,nse_equity,SUCCESS,2370,2370,2360,10,2017-02-10,2026-09-07,03:45,0,0,0,10,10,,,10.41,1
2026-09-07T14:50:26,PRIMESECU.NS,NSE_EQ|INE032B01021,nse_equity,SUCCESS,2477,2477,2467,10,2016-09-06,2026-09-07,03:45,0,0,0,10,10,,,10.38,1
2026-09-07T14:50:28,PRISMX.NS,NSE_EQ|INE286N01028,nse_equity,SUCCESS,16,16,6,10,2026-08-17,2026-09-07,03:45,0,0,0,10,10,,,11.77,1
2026-09-07T14:50:28,PROZONER.NS,NSE_EQ|INE195N01013,nse_equity,ERROR,2478,0,0,0,,,03:45,0,1,0,10,10,ValidationError,session date 2025-04-26 is a weekend,11.47,1
2026-09-07T14:50:28,PROSTARM.NS,NSE_EQ|INE0BX301013,nse_equity,SUCCESS,315,315,305,10,2025-06-03,2026-09-07,03:45,0,0,0,10,10,,,11.52,1
2026-09-07T14:50:28,PRUDENT.NS,NSE_EQ|INE00F201020,nse_equity,SUCCESS,1068,1068,1058,10,2022-05-20,2026-09-07,03:45,0,0,0,10,9,,,11.12,1
2026-09-07T14:50:29,PRSMJOHNSN.NS,NSE_EQ|INE010A01011,nse_equity,SUCCESS,2477,2477,2467,10,2016-09-06,2026-09-07,03:45,0,0,0,10,10,,,11.95,1
2026-09-07T14:50:29,PRIVISCL.NS,NSE_EQ|INE959A01019,nse_equity,SUCCESS,2477,2477,2467,10,2016-09-06,2026-09-07,03:45,0,0,0,10,10,,,13.12,1
2026-09-07T14:50:31,PROTEAN.NS,NSE_EQ|INE004A01022,nse_equity,SUCCESS,391,391,381,10,2025-02-06,2026-09-07,03:45,0,0,0,10,10,,,14.47,1
2026-09-07T14:50:33,PSB.NS,NSE_EQ|INE608A01012,nse_equity,SUCCESS,2477,2477,2467,10,2016-09-06,2026-09-07,03:45,0,0,0,10,10,,,10.81,1
2026-09-07T14:50:33,PSPPROJECT.NS,NSE_EQ|INE488V01015,nse_equity,SUCCESS,2299,2299,2289,10,2017-05-29,2026-09-07,03:45,0,0,0,10,10,,,11.22,1
2026-09-07T14:50:36,PSUBANKADD.NS,NSE_EQ|INF740KA1SY9,nse_equity,SUCCESS,769,769,759,10,2023-08-02,2026-09-07,03:45,0,0,0,10,10,,,13.44,1
2026-09-07T14:50:36,PSUBANK.NS,NSE_EQ|INF174KA1A86,nse_equity,SUCCESS,2477,2477,2467,10,2016-09-06,2026-09-07,03:45,0,0,0,10,10,,,13.64,1
2026-09-07T14:50:38,PTCIL.NS,NSE_EQ|INE596F01018,nse_equity,SUCCESS,806,806,796,10,2023-06-09,2026-09-07,03:45,0,0,0,10,9,,,13.48,1
2026-09-07T14:50:38,PUNJABCHEM.NS,NSE_EQ|INE277B01014,nse_equity,SUCCESS,2477,2477,2467,10,2016-09-06,2026-09-07,03:45,0,0,0,10,10,,,13.74,1
2026-09-07T14:50:38,PTL.NS,NSE_EQ|INE034D01049,nse_equity,SUCCESS,2477,2477,2467,10,2016-09-06,2026-09-07,03:45,0,0,0,10,10,,,13.90,1
2026-09-07T14:50:38,PTC.NS,NSE_EQ|INE877F01012,nse_equity,SUCCESS,2477,2477,2467,10,2016-09-06,2026-09-07,03:45,0,0,0,10,10,,,13.90,1
2026-09-07T14:50:39,PVRINOX.NS,NSE_EQ|INE191H01014,nse_equity,SUCCESS,2477,2477,2467,10,2016-09-06,2026-09-07,03:45,0,0,0,10,9,,,13.26,1
2026-09-07T14:50:39,PVP.NS,NSE_EQ|INE362A01016,nse_equity,SUCCESS,1913,1913,1903,10,2016-09-06,2026-09-07,03:45,0,0,0,10,10,,,13.32,1
2026-09-07T14:50:39,PURVA.NS,NSE_EQ|INE323I01011,nse_equity,SUCCESS,2477,2477,2467,10,2016-09-06,2026-09-07,03:45,0,0,0,10,10,,,14.64,1
2026-09-07T14:50:39,PVTBANK.NS,NSE_EQ|INF174KA1A94,nse_equity,SUCCESS,34,34,24,10,2026-07-22,2026-09-07,03:45,0,0,0,10,10,,,13.22,1
2026-09-07T14:50:40,PVSL.NS,NSE_EQ|INE772T01024,nse_equity,SUCCESS,612,612,602,10,2024-03-19,2026-09-07,03:45,0,0,0,10,10,,,14.17,1
2026-09-07T14:50:40,PVTBKGROWW.NS,NSE_EQ|INF666M01OT5,nse_equity,SUCCESS,73,73,63,10,2026-05-26,2026-09-07,03:45,0,0,0,10,10,,,12.29,1
2026-09-07T14:50:40,PWL.NS,NSE_EQ|INE0LP301011,nse_equity,SUCCESS,200,200,190,10,2025-11-18,2026-09-07,03:45,0,0,0,10,10,,,12.19,1
2026-09-07T14:50:40,PVTBANKADD.NS,NSE_EQ|INF740KA1TA7,nse_equity,SUCCESS,769,769,759,10,2023-08-02,2026-09-07,03:45,0,0,0,10,10,,,12.64,1
2026-09-07T14:50:40,PYRAMID.NS,NSE_EQ|INE0MIS01010,nse_equity,SUCCESS,751,751,741,10,2023-08-29,2026-09-07,03:45,0,0,0,10,10,,,12.67,1
2026-09-07T14:50:42,QPOWER.NS,NSE_EQ|INE0SII01026,nse_equity,SUCCESS,379,379,369,10,2025-02-24,2026-09-07,03:45,0,0,0,10,10,,,13.53,1
2026-09-07T14:50:42,QUADFUTURE.NS,NSE_EQ|INE0LRY01011,nse_equity,SUCCESS,409,409,399,10,2025-01-14,2026-09-07,03:45,0,0,0,10,10,,,13.13,1
2026-09-07T14:50:42,RADAAN.NS,NSE_EQ|INE874F01027,nse_equity,ERROR,1572,0,0,0,,,03:45,0,1,0,10,10,ValidationError,session date 2025-04-26 is a weekend,4.90,1
2026-09-07T14:50:44,QUESS.NS,NSE_EQ|INE615P01015,nse_equity,SUCCESS,2477,2477,2467,10,2016-09-06,2026-09-07,03:45,0,0,0,10,10,,,12.89,1
2026-09-07T14:50:44,QUINT.NS,NSE_EQ|INE641R01017,nse_equity,SUCCESS,98,98,88,10,2026-04-20,2026-09-07,03:45,0,0,0,10,10,,,10.45,1
2026-09-07T14:50:44,QUICKHEAL.NS,NSE_EQ|INE306L01010,nse_equity,SUCCESS,2477,2477,2477,0,2016-09-06,2026-09-07,03:45,0,0,0,0,0,,,11.85,1
2026-09-07T14:50:45,RACE.NS,NSE_EQ|INE084Q01012,nse_equity,SUCCESS,829,829,819,10,2023-05-09,2026-09-07,03:45,0,0,0,10,10,,,9.34,1
2026-09-07T14:50:45,RACLGEAR.NS,NSE_EQ|INE704B01017,nse_equity,SUCCESS,442,442,432,10,2024-11-27,2026-09-07,03:45,0,0,0,10,9,,,9.17,1
2026-09-07T14:50:46,RADHIKAJWE.NS,NSE_EQ|INE583V01021,nse_equity,SUCCESS,1027,1027,1017,10,2022-07-18,2026-09-07,03:45,0,0,0,10,10,,,7.95,1
2026-09-07T14:50:46,RADIANTCMS.NS,NSE_EQ|INE855R01021,nse_equity,SUCCESS,911,911,901,10,2023-01-04,2026-09-07,03:45,0,0,0,10,10,,,7.82,1
2026-09-07T14:50:48,RAJMET.NS,NSE_EQ|INE00KV01022,nse_equity,ERROR,1378,0,0,0,,,03:45,0,1,0,10,10,ValidationError,session date 2025-04-26 is a weekend,7.82,1
2026-09-07T14:50:48,RADICO.NS,NSE_EQ|INE944F01028,nse_equity,SUCCESS,2477,2477,2467,10,2016-09-06,2026-09-07,03:45,0,0,0,10,10,,,9.59,1
2026-09-07T14:50:49,RADIOCITY.NS,NSE_EQ|INE919I01024,nse_equity,SUCCESS,2339,2339,2329,10,2017-03-17,2026-09-07,03:45,0,0,0,10,10,,,9.84,1
2026-09-07T14:50:49,RAILTEL.NS,NSE_EQ|INE0DD101019,nse_equity,SUCCESS,1370,1370,1360,10,2021-02-26,2026-09-07,03:45,0,0,0,10,10,,,9.84,1
2026-09-07T14:50:49,RAIN.NS,NSE_EQ|INE855B01025,nse_equity,SUCCESS,2477,2477,2467,10,2016-09-06,2026-09-07,03:45,0,0,0,10,10,,,10.73,1
2026-09-07T14:50:51,RAMANEWS.NS,NSE_EQ|INE278B01020,nse_equity,ERROR,2452,0,0,0,,,03:45,0,1,0,10,10,ValidationError,session date 2025-04-26 is a weekend,8.61,1
2026-09-07T14:50:51,RAJPALAYAM.NS,NSE_EQ|INE296E01026,nse_equity,SUCCESS,98,98,88,10,2026-04-20,2026-09-07,03:45,0,0,0,10,10,,,10.93,1
2026-09-07T14:50:51,RAJSREESUG.NS,NSE_EQ|INE562B01019,nse_equity,SUCCESS,2451,2451,2441,10,2016-09-06,2026-09-07,03:45,0,0,0,10,10,,,11.26,1
2026-09-07T14:50:51,RAJRATAN.NS,NSE_EQ|INE451D01029,nse_equity,SUCCESS,1611,1611,1601,10,2016-09-06,2026-09-07,03:45,0,0,0,10,10,,,11.50,1
2026-09-07T14:50:51,RAINBOW.NS,NSE_EQ|INE961O01016,nse_equity,SUCCESS,1115,1115,1105,10,2019-04-01,2026-09-07,03:45,0,0,0,10,9,,,12.65,1
2026-09-07T14:50:52,RAJTV.NS,NSE_EQ|INE952H01027,nse_equity,SUCCESS,2445,2445,2435,10,2016-09-06,2026-09-07,03:45,0,0,0,10,10,,,11.08,1
2026-09-07T14:50:57,RAMBHAJO.NS,NSE_EQ|INE1SJO01012,nse_equity,SUCCESS,49,49,39,10,2026-07-01,2026-09-07,03:45,0,0,0,10,10,,,13.77,1
2026-09-07T14:50:58,RALLIS.NS,NSE_EQ|INE613A01020,nse_equity,SUCCESS,2477,2477,2467,10,2016-09-06,2026-09-07,03:45,0,0,0,10,10,,,15.57,1
2026-09-07T14:50:58,RAMRAT.NS,NSE_EQ|INE207E01023,nse_equity,SUCCESS,1018,1018,1008,10,2022-07-29,2026-09-07,03:45,0,0,0,10,10,,,11.78,1
2026-09-07T14:50:58,RANASUG.NS,NSE_EQ|INE625B01014,nse_equity,SUCCESS,2451,2451,2441,10,2016-09-06,2026-09-07,03:45,0,0,0,10,10,,,11.93,1
2026-09-07T14:50:58,RAMAPHO.NS,NSE_EQ|INE809A01032,nse_equity,SUCCESS,1690,1690,1680,10,2016-09-06,2026-09-07,03:45,0,0,0,10,10,,,15.29,1
2026-09-07T14:50:58,RAMCOCEM.NS,NSE_EQ|INE331A01037,nse_equity,SUCCESS,2477,2477,2467,10,2016-09-06,2026-09-07,03:45,0,0,0,10,9,,,14.25,1
2026-09-07T14:50:58,RAMCOIND.NS,NSE_EQ|INE614A01028,nse_equity,SUCCESS,2477,2477,2467,10,2016-09-06,2026-09-07,03:45,0,0,0,10,9,,,13.45,1
2026-09-07T14:50:58,RAMCOSYS.NS,NSE_EQ|INE246B01019,nse_equity,SUCCESS,2477,2477,2467,10,2016-09-06,2026-09-07,03:45,0,0,0,10,10,,,13.05,1
2026-09-07T14:50:58,RATEGAIN.NS,NSE_EQ|INE0CLI01024,nse_equity,SUCCESS,1172,1172,1162,10,2021-12-17,2026-09-07,03:45,0,0,0,10,10,,,10.35,1
2026-09-07T14:50:58,RAMKY.NS,NSE_EQ|INE874I01013,nse_equity,SUCCESS,2477,2477,2467,10,2016-09-06,2026-09-07,03:45,0,0,0,10,10,,,12.90,1
2026-09-07T14:50:58,RANEHOLDIN.NS,NSE_EQ|INE384A01010,nse_equity,SUCCESS,2477,2477,2467,10,2016-09-06,2026-09-07,03:45,0,0,0,10,10,,,10.39,1
2026-09-07T14:50:59,RBZJEWEL.NS,NSE_EQ|INE0PEQ01016,nse_equity,ERROR,671,0,0,0,,,03:45,0,1,0,10,10,ValidationError,session date 2025-04-26 is a weekend,7.59,1
2026-09-07T14:51:00,RATNAVEER.NS,NSE_EQ|INE05CZ01011,nse_equity,SUCCESS,742,742,732,10,2023-09-11,2026-09-07,03:45,0,0,0,10,10,,,10.82,1
2026-09-07T14:51:00,RATNAMANI.NS,NSE_EQ|INE703B01027,nse_equity,SUCCESS,2477,2477,2467,10,2016-09-06,2026-09-07,03:45,0,0,0,10,10,,,10.91,1
2026-09-07T14:51:01,RAYMOND.NS,NSE_EQ|INE301A01014,nse_equity,SUCCESS,2477,2477,2467,10,2016-09-06,2026-09-07,03:45,0,0,0,10,10,,,11.93,1
2026-09-07T14:51:02,RAYMONDREL.NS,NSE_EQ|INE1SY401010,nse_equity,SUCCESS,295,295,285,10,2025-07-01,2026-09-07,03:45,0,0,0,10,10,,,10.71,1
2026-09-07T14:51:02,RAYMONDLSL.NS,NSE_EQ|INE02ID01020,nse_equity,SUCCESS,498,498,488,10,2024-09-05,2026-09-07,03:45,0,0,0,10,10,,,11.30,1
2026-09-07T14:51:02,RBA.NS,NSE_EQ|INE07T201019,nse_equity,SUCCESS,1422,1422,1412,10,2020-12-14,2026-09-07,03:45,0,0,0,10,10,,,10.62,1
2026-09-07T14:51:03,RBLBANK.NS,NSE_EQ|INE976G01028,nse_equity,SUCCESS,2477,2477,2467,10,2016-09-06,2026-09-07,03:45,0,0,0,10,10,,,11.09,1
2026-09-07T14:51:03,RCF.NS,NSE_EQ|INE027A01015,nse_equity,SUCCESS,2477,2477,2467,10,2016-09-06,2026-09-07,03:45,0,0,0,10,10,,,11.37,1
2026-09-07T14:51:11,REDTAPE.NS,NSE_EQ|INE0LXT01019,nse_equity,SUCCESS,762,762,752,10,2023-08-11,2026-09-07,03:45,0,0,0,10,10,,,13.68,1
2026-09-07T14:51:11,REDINGTON.NS,NSE_EQ|INE891D01026,nse_equity,SUCCESS,2477,2477,2467,10,2016-09-06,2026-09-07,03:45,0,0,0,10,10,,,13.71,1
2026-09-07T14:51:12,RECLTD.NS,NSE_EQ|INE020B01018,nse_equity,SUCCESS,2477,2477,2467,10,2016-09-06,2026-09-07,03:45,0,0,0,10,10,,,14.62,1
2026-09-07T14:51:12,REGENCERAM.NS,NSE_EQ|INE277C01012,nse_equity,SUCCESS,1769,1769,1759,10,2016-09-07,2026-09-07,03:45,0,0,0,10,10,,,14.07,1
2026-09-07T14:51:12,REFEX.NS,NSE_EQ|INE056I01025,nse_equity,SUCCESS,2451,2451,2441,10,2016-09-06,2026-09-07,03:45,0,0,0,10,10,,,14.21,1
2026-09-07T14:51:12,RELAXO.NS,NSE_EQ|INE131B01039,nse_equity,SUCCESS,2477,2477,2467,10,2016-09-06,2026-09-07,03:45,0,0,0,10,9,,,14.12,1
2026-09-07T14:51:12,REGAAL.NS,NSE_EQ|INE0MHO01029,nse_equity,SUCCESS,260,260,250,10,2025-08-20,2026-09-07,03:45,0,0,0,10,10,,,14.34,1
2026-09-07T14:51:13,RELIANCE.NS,NSE_EQ|INE002A01018,nse_equity,SUCCESS,2480,2480,0,2480,2016-09-06,2026-09-07,03:45,0,0,0,2480,2478,,,15.39,1
2026-09-07T14:51:13,RELIABLE.NS,NSE_EQ|INE375Y01018,nse_equity,SUCCESS,1307,1307,1297,10,2017-10-11,2026-09-07,03:45,0,0,0,10,10,,,15.39,1
2026-09-07T14:51:13,RELIGARE.NS,NSE_EQ|INE621H01010,nse_equity,SUCCESS,2477,2477,2467,10,2016-09-06,2026-09-07,03:45,0,0,0,10,10,,,15.39,1
2026-09-07T14:51:13,RELCHEMQ.NS,NSE_EQ|INE750D01016,nse_equity,SUCCESS,1065,1065,1055,10,2022-05-25,2026-09-07,03:45,0,0,0,10,10,,,15.40,1
2026-09-07T14:51:13,RELTD.NS,NSE_EQ|INE206N01018,nse_equity,SUCCESS,524,524,514,10,2024-07-30,2026-09-07,03:45,0,0,0,10,10,,,14.04,1
2026-09-07T14:51:16,REMSONSIND.NS,NSE_EQ|INE474C01023,nse_equity,SUCCESS,2456,2456,2446,10,2016-09-06,2026-09-07,03:45,0,0,0,10,10,,,16.11,1
2026-09-07T14:51:16,REPCOHOME.NS,NSE_EQ|INE612J01015,nse_equity,SUCCESS,2477,2477,2467,10,2016-09-06,2026-09-07,03:45,0,0,0,10,10,,,14.98,1
2026-09-07T14:51:17,RENUKA.NS,NSE_EQ|INE087H01022,nse_equity,SUCCESS,2477,2477,2467,10,2016-09-06,2026-09-07,03:45,0,0,0,10,10,,,16.92,1
2026-09-07T14:51:18,REPRO.NS,NSE_EQ|INE461B01014,nse_equity,SUCCESS,2477,2477,2467,10,2016-09-06,2026-09-07,03:45,0,0,0,10,10,,,15.63,1
2026-09-07T14:51:18,RETAIL.NS,NSE_EQ|INE03DD01011,nse_equity,SUCCESS,546,546,536,10,2024-06-26,2026-09-07,03:45,0,0,0,10,10,,,15.67,1
2026-09-07T14:51:18,RESPONIND.NS,NSE_EQ|INE688D01026,nse_equity,SUCCESS,2477,2477,2467,10,2016-09-06,2026-09-07,03:45,0,0,0,10,10,,,15.76,1
2026-09-07T14:51:18,RGL.NS,NSE_EQ|INE722H01024,nse_equity,SUCCESS,2477,2477,2467,10,2016-09-06,2026-09-07,03:45,0,0,0,10,10,,,15.31,1
2026-09-07T14:51:18,RHETAN.NS,NSE_EQ|INE0KKN01029,nse_equity,SUCCESS,234,234,224,10,2025-09-26,2026-09-07,03:45,0,0,0,10,10,,,15.07,1
2026-09-07T14:51:24,RIR.NS,NSE_EQ|INE302D01024,nse_equity,SUCCESS,38,38,28,10,2026-07-16,2026-09-07,03:45,0,0,0,10,10,,,11.86,1
2026-09-07T14:51:24,RITCO.NS,NSE_EQ|INE01EG01016,nse_equity,SUCCESS,1093,1093,1083,10,2022-04-12,2026-09-07,03:45,0,0,0,10,10,,,12.03,1
2026-09-07T14:51:25,RIIL.NS,NSE_EQ|INE046A01015,nse_equity,SUCCESS,2477,2477,2467,10,2016-09-06,2026-09-07,03:45,0,0,0,10,10,,,12.59,1
2026-09-07T14:51:25,RISHABH.NS,NSE_EQ|INE0N2P01017,nse_equity,SUCCESS,742,742,732,10,2023-09-11,2026-09-07,03:45,0,0,0,10,10,,,12.66,1
2026-09-07T14:51:25,RICOAUTO.NS,NSE_EQ|INE209B01025,nse_equity,SUCCESS,2477,2477,2467,10,2016-09-06,2026-09-07,03:45,0,0,0,10,10,,,12.73,1
2026-09-07T14:51:25,RHL.NS,NSE_EQ|INE508K01013,nse_equity,SUCCESS,840,840,830,10,2016-10-17,2026-09-07,03:45,0,0,0,10,10,,,13.00,1
2026-09-07T14:51:25,RHIM.NS,NSE_EQ|INE743M01012,nse_equity,SUCCESS,2477,2477,2467,10,2016-09-06,2026-09-07,03:45,0,0,0,10,10,,,13.00,1
2026-09-07T14:51:25,RKSWAMY.NS,NSE_EQ|INE0NQ801033,nse_equity,SUCCESS,617,617,607,10,2024-03-12,2026-09-07,03:45,0,0,0,10,10,,,11.73,1
2026-09-07T14:51:26,RKEC.NS,NSE_EQ|INE786W01010,nse_equity,SUCCESS,1999,1999,1989,10,2017-10-09,2026-09-07,03:45,0,0,0,10,10,,,12.34,1
2026-09-07T14:51:26,RKFORGE.NS,NSE_EQ|INE399G01023,nse_equity,SUCCESS,2477,2477,2467,10,2016-09-06,2026-09-07,03:45,0,0,0,10,10,,,12.40,1
2026-09-07T14:51:26,RKDL.NS,NSE_EQ|INE722J01012,nse_equity,SUCCESS,2379,2379,2369,10,2016-09-06,2026-09-07,03:45,0,0,0,10,10,,,12.41,1
2026-09-07T14:51:26,RITES.NS,NSE_EQ|INE320J01015,nse_equity,SUCCESS,2027,2027,2017,10,2018-07-02,2026-09-07,03:45,0,0,0,10,9,,,12.43,1
2026-09-07T14:51:26,RMC.NS,NSE_EQ|INE655V01019,nse_equity,SUCCESS,109,109,99,10,2026-04-01,2026-09-07,03:45,0,0,0,10,10,,,10.07,1
2026-09-07T14:51:27,RML.NS,NSE_EQ|INE050H01012,nse_equity,SUCCESS,2477,2477,2467,10,2016-09-06,2026-09-07,03:45,0,0,0,10,10,,,9.73,1
2026-09-07T14:51:29,RNBDENIMS.NS,NSE_EQ|INE012Q01039,nse_equity,SUCCESS,250,250,240,10,2025-09-04,2026-09-07,03:45,0,0,0,10,10,,,11.93,1
2026-09-07T14:51:29,ROML.NS,NSE_EQ|INE294G01026,nse_equity,SUCCESS,1457,1457,1447,10,2020-10-07,2026-09-07,03:45,0,0,0,10,10,,,11.33,1
2026-09-07T14:51:29,ROHLTD.NS,NSE_EQ|INE283H01019,nse_equity,SUCCESS,2477,2477,2467,10,2016-09-06,2026-09-07,03:45,0,0,0,10,10,,,11.50,1
2026-09-07T14:51:30,ROLEXRINGS.NS,NSE_EQ|INE645S01024,nse_equity,SUCCESS,1261,1261,1251,10,2021-08-09,2026-09-07,03:45,0,0,0,10,10,,,11.74,1
2026-09-07T14:51:30,ROSSARI.NS,NSE_EQ|INE02A801020,nse_equity,SUCCESS,1522,1522,1512,10,2020-07-23,2026-09-07,03:45,0,0,0,10,10,,,11.78,1
2026-09-07T14:51:30,ROSSELLIND.NS,NSE_EQ|INE847C01020,nse_equity,SUCCESS,2477,2477,2467,10,2016-09-06,2026-09-07,03:45,0,0,0,10,10,,,12.01,1
2026-09-07T14:51:31,ROSSTECH.NS,NSE_EQ|INE0OJW01016,nse_equity,ERROR,435,0,0,0,,,03:45,0,1,0,10,10,ValidationError,session date 2025-04-26 is a weekend,6.30,1
2026-09-07T14:51:36,ROTO.NS,NSE_EQ|INE535D01037,nse_equity,SUCCESS,1147,1147,1137,10,2016-09-08,2026-09-07,03:45,0,0,0,10,10,,,11.86,1
2026-09-07T14:51:36,RPGLIFE.NS,NSE_EQ|INE105J01010,nse_equity,SUCCESS,2477,2477,2467,10,2016-09-06,2026-09-07,03:45,0,0,0,10,10,,,11.46,1
2026-09-07T14:51:36,RSSOFTWARE.NS,NSE_EQ|INE165B01029,nse_equity,ERROR,2467,0,0,0,,,03:45,0,1,0,10,10,ValidationError,session date 2025-04-26 is a weekend,9.45,1
2026-09-07T14:51:37,RPOWER.NS,NSE_EQ|INE614G01033,nse_equity,SUCCESS,2477,2477,2467,10,2016-09-06,2026-09-07,03:45,0,0,0,10,10,,,12.22,1
2026-09-07T14:51:37,ROUTE.NS,NSE_EQ|INE450U01017,nse_equity,SUCCESS,1996,1996,1986,10,2016-09-07,2026-09-07,03:45,0,0,0,10,10,,,12.33,1
2026-09-07T14:51:37,RPPINFRA.NS,NSE_EQ|INE324L01013,nse_equity,SUCCESS,2477,2477,2467,10,2016-09-06,2026-09-07,03:45,0,0,0,10,10,,,12.23,1
2026-09-07T14:51:37,RPEL.NS,NSE_EQ|INE912T01018,nse_equity,SUCCESS,517,517,507,10,2024-08-08,2026-09-07,03:45,0,0,0,10,10,,,12.31,1
2026-09-07T14:51:37,RRIL.NS,NSE_EQ|INE951M01037,nse_equity,SUCCESS,98,98,88,10,2026-04-20,2026-09-07,03:45,0,0,0,10,10,,,11.38,1
2026-09-07T14:51:37,RRECL.NS,NSE_EQ|INE0AK901016,nse_equity,SUCCESS,15,15,5,10,2026-08-17,2026-09-07,03:45,0,0,0,10,10,,,11.38,1
2026-09-07T14:51:37,RPSGVENT.NS,NSE_EQ|INE425Y01011,nse_equity,SUCCESS,1878,1878,1868,10,2019-02-08,2026-09-07,03:45,0,0,0,10,10,,,12.08,1
2026-09-07T14:51:38,RPTECH.NS,NSE_EQ|INE0J1F01024,nse_equity,SUCCESS,636,636,626,10,2024-02-14,2026-09-07,03:45,0,0,0,10,10,,,11.96,1
2026-09-07T14:51:38,RSL.NS,NSE_EQ|INE313L01016,nse_equity,SUCCESS,116,116,106,10,2026-03-19,2026-09-07,03:45,0,0,0,10,9,,,11.31,1
2026-09-07T14:51:38,RRKABEL.NS,NSE_EQ|INE777K01022,nse_equity,SUCCESS,736,736,726,10,2023-09-20,2026-09-07,03:45,0,0,0,10,10,,,11.90,1
2026-09-07T14:51:40,RSYSTEMS.NS,NSE_EQ|INE411H01032,nse_equity,SUCCESS,2477,2477,2467,10,2016-09-06,2026-09-07,03:45,0,0,0,10,10,,,10.75,1
2026-09-07T14:51:40,RTNINDIA.NS,NSE_EQ|INE834M01019,nse_equity,SUCCESS,2452,2452,2442,10,2016-09-06,2026-09-07,03:45,0,0,0,10,10,,,10.75,1
2026-09-07T14:51:47,RUBICON.NS,NSE_EQ|INE506V01022,nse_equity,SUCCESS,221,221,211,10,2025-10-16,2026-09-07,03:45,0,0,0,10,10,,,16.50,1
2026-09-07T14:51:47,RTSPOWR.NS,NSE_EQ|INE005C01017,nse_equity,SUCCESS,16,16,6,10,2026-08-17,2026-09-07,03:45,0,0,0,10,10,,,16.84,1
2026-09-07T14:51:47,RTNPOWER.NS,NSE_EQ|INE399K01017,nse_equity,SUCCESS,2477,2477,2467,10,2016-09-06,2026-09-07,03:45,0,0,0,10,10,,,17.39,1
2026-09-07T14:51:55,RUBFILA.NS,NSE_EQ|INE642C01025,nse_equity,SUCCESS,517,517,507,10,2024-08-08,2026-09-07,03:45,0,0,0,10,10,,,24.87,1
2026-09-07T14:52:00,SAB.NS,NSE_EQ|INE137M01017,nse_equity,SUCCESS,12,12,5,7,2026-08-17,2026-09-07,03:45,0,0,0,7,7,,,22.10,1
2026-09-07T14:52:06,RUDRA.NS,NSE_EQ|INE027T01023,nse_equity,SUCCESS,177,177,167,10,2025-12-19,2026-09-07,03:45,0,0,0,10,10,,,29.71,1
2026-09-07T14:52:06,SAHLIBHFI.NS,NSE_EQ|INE861D01011,nse_equity,SUCCESS,103,103,93,10,2026-04-10,2026-09-07,03:45,0,0,0,10,10,,,19.55,1
2026-09-07T14:52:08,RUBYMILLS.NS,NSE_EQ|INE301D01026,nse_equity,SUCCESS,2477,2477,2477,0,2016-09-06,2026-09-07,03:45,0,0,0,0,0,,,37.06,1
2026-09-07T14:52:12,SAICAPI.NS,NSE_EQ|INE531X01018,nse_equity,SUCCESS,15,15,5,10,2026-08-17,2026-09-07,03:45,0,0,0,10,10,,,12.18,1
2026-09-07T14:52:12,S&SPOWER.NS,NSE_EQ|INE902B01017,nse_equity,SUCCESS,1409,1409,1399,10,2020-03-30,2026-09-07,03:45,0,0,0,10,10,,,34.84,1
2026-09-07T14:52:17,RVTH.NS,NSE_EQ|INE0DAB01012,nse_equity,SUCCESS,494,494,484,10,2024-09-11,2026-09-07,03:45,0,0,0,10,10,,,39.39,1
2026-09-07T14:52:17,RUCHINFRA.NS,NSE_EQ|INE413B01023,nse_equity,SUCCESS,2411,2411,2401,10,2016-09-06,2026-09-07,03:45,0,0,0,10,10,,,40.38,1
2026-09-07T14:52:27,RUCHIRA.NS,NSE_EQ|INE803H01014,nse_equity,SUCCESS,2477,2477,2467,10,2016-09-06,2026-09-07,03:45,0,0,0,10,10,,,50.45,1
2026-09-07T14:52:31,SAHYADRI.NS,NSE_EQ|INE280H01015,nse_equity,SUCCESS,849,849,839,10,2023-04-06,2026-09-07,03:45,0,0,0,10,10,,,35.59,1
2026-09-07T14:52:31,SADBHAV.NS,NSE_EQ|INE226H01026,nse_equity,SUCCESS,2477,2477,2467,10,2016-09-06,2026-09-07,03:45,0,0,0,10,10,,,52.85,1
2026-09-07T14:52:31,SAGARDEEP.NS,NSE_EQ|INE976T01013,nse_equity,SUCCESS,1928,1928,1918,10,2016-09-22,2026-09-07,03:45,0,0,0,10,10,,,50.59,1
2026-09-07T14:52:31,RVHL.NS,NSE_EQ|INE09E501017,nse_equity,SUCCESS,1418,1418,1408,10,2020-12-18,2026-09-07,03:45,0,0,0,10,10,,,53.59,1
2026-09-07T14:52:31,SAATVIKGL.NS,NSE_EQ|INE13B501022,nse_equity,SUCCESS,234,234,224,10,2025-09-26,2026-09-07,03:45,0,0,0,10,10,,,53.01,1
2026-09-07T14:52:31,SAKHTISUG.NS,NSE_EQ|INE623A01011,nse_equity,SUCCESS,2451,2451,2441,10,2016-09-06,2026-09-07,03:45,0,0,0,10,10,,,18.70,1
2026-09-07T14:52:31,RUSTOMJEE.NS,NSE_EQ|INE263M01029,nse_equity,SUCCESS,940,940,930,10,2022-11-24,2026-09-07,03:45,0,0,0,10,10,,,53.79,1
2026-09-07T14:52:31,SAIPARENT.NS,NSE_EQ|INE0H9F01037,nse_equity,SUCCESS,108,108,98,10,2026-04-02,2026-09-07,03:45,0,0,0,10,9,,,23.07,1
2026-09-07T14:52:31,SAGILITY.NS,NSE_EQ|INE0W2G01015,nse_equity,SUCCESS,451,451,441,10,2024-11-12,2026-09-07,03:45,0,0,0,10,10,,,44.38,1
2026-09-07T14:52:31,RUPA.NS,NSE_EQ|INE895B01021,nse_equity,SUCCESS,2477,2477,2467,10,2016-09-06,2026-09-07,03:45,0,0,0,10,10,,,53.94,1
2026-09-07T14:52:31,SAGCEM.NS,NSE_EQ|INE229C01021,nse_equity,SUCCESS,2477,2477,2467,10,2016-09-06,2026-09-07,03:45,0,0,0,10,10,,,44.43,1
2026-09-07T14:52:31,RUSHIL.NS,NSE_EQ|INE573K01025,nse_equity,SUCCESS,2477,2477,2467,10,2016-09-06,2026-09-07,03:45,0,0,0,10,10,,,53.97,1
2026-09-07T14:52:31,SAILIFE.NS,NSE_EQ|INE570L01029,nse_equity,SUCCESS,427,427,417,10,2024-12-18,2026-09-07,03:45,0,0,0,10,9,,,24.92,1
2026-09-07T14:52:31,SAKUMA.NS,NSE_EQ|INE190H01024,nse_equity,SUCCESS,2477,2477,2467,10,2016-09-06,2026-09-07,03:45,0,0,0,10,10,,,14.51,1
2026-09-07T14:52:31,SAKAR.NS,NSE_EQ|INE732S01012,nse_equity,SUCCESS,2137,2137,2127,10,2016-10-14,2026-09-07,03:45,0,0,0,10,10,,,19.09,1
2026-09-07T14:52:31,RVNL.NS,NSE_EQ|INE415G01027,nse_equity,SUCCESS,1836,1836,1826,10,2019-04-11,2026-09-07,03:45,0,0,0,10,10,,,53.91,1
2026-09-07T14:52:31,SAKSOFT.NS,NSE_EQ|INE667G01023,nse_equity,SUCCESS,2477,2477,2467,10,2016-09-06,2026-09-07,03:45,0,0,0,10,10,,,14.52,1
2026-09-07T14:52:31,SAFARI.NS,NSE_EQ|INE429E01023,nse_equity,SUCCESS,1735,1735,1725,10,2019-09-12,2026-09-07,03:45,0,0,0,10,10,,,51.12,1
2026-09-07T14:52:31,SAIL.NS,NSE_EQ|INE114A01011,nse_equity,SUCCESS,2477,2477,2466,11,2016-09-06,2026-09-07,03:45,0,0,0,11,11,,,25.02,1
2026-09-07T14:52:31,SALASAR.NS,NSE_EQ|INE170V01027,nse_equity,SUCCESS,2259,2259,2249,10,2017-07-25,2026-09-07,03:45,0,0,0,10,10,,,4.30,1
2026-09-07T14:52:34,SALONA.NS,NSE_EQ|INE498E01010,nse_equity,SUCCESS,2449,2449,2439,10,2016-09-06,2026-09-07,03:45,0,0,0,10,10,,,2.94,1
2026-09-07T14:52:35,SALZERELEC.NS,NSE_EQ|INE457F01013,nse_equity,SUCCESS,2477,2477,2467,10,2016-09-06,2026-09-07,03:45,0,0,0,10,10,,,4.13,1
2026-09-07T14:52:36,SAMBANDAM.NS,NSE_EQ|INE304D01012,nse_equity,SUCCESS,14,14,4,10,2026-08-19,2026-09-07,03:45,0,0,0,10,10,,,4.79,1
2026-09-07T14:52:36,SALSTEEL.NS,NSE_EQ|INE658G01014,nse_equity,SUCCESS,2477,2477,2467,10,2016-09-06,2026-09-07,03:45,0,0,0,10,10,,,5.08,1
2026-09-07T14:52:38,SAMBHV.NS,NSE_EQ|INE12NJ01018,nse_equity,SUCCESS,294,294,284,10,2025-07-02,2026-09-07,03:45,0,0,0,10,10,,,7.24,1
2026-09-07T14:52:38,SAMBHAAV.NS,NSE_EQ|INE699B01027,nse_equity,SUCCESS,2477,2477,2467,10,2016-09-06,2026-09-07,03:45,0,0,0,10,10,,,7.27,1
2026-09-07T14:52:41,SANSERA.NS,NSE_EQ|INE953O01021,nse_equity,SUCCESS,1229,1229,1219,10,2021-09-24,2026-09-07,03:45,0,0,0,10,10,,,9.84,1
2026-09-07T14:52:41,SANDUMA.NS,NSE_EQ|INE149K01016,nse_equity,SUCCESS,744,744,734,10,2023-09-07,2026-09-07,03:45,0,0,0,10,10,,,9.97,1
2026-09-07T14:52:41,SANSTAR.NS,NSE_EQ|INE08NE01025,nse_equity,SUCCESS,526,526,516,10,2024-07-26,2026-09-07,03:45,0,0,0,10,10,,,10.18,1
2026-09-07T14:52:43,SAMPANN.NS,NSE_EQ|INE735M01018,nse_equity,SUCCESS,2422,2422,2412,10,2016-09-06,2026-09-07,03:45,0,0,0,10,10,,,11.54,1
2026-09-07T14:52:43,SANDHAR.NS,NSE_EQ|INE278H01035,nse_equity,SUCCESS,2091,2091,2081,10,2018-04-02,2026-09-07,03:45,0,0,0,10,9,,,11.45,1
2026-09-07T14:52:46,SAMHI.NS,NSE_EQ|INE08U801020,nse_equity,SUCCESS,734,734,724,10,2023-09-22,2026-09-07,03:45,0,0,0,10,10,,,15.34,1
2026-09-07T14:52:46,SANOFICONR.NS,NSE_EQ|INE0UOS01011,nse_equity,SUCCESS,492,492,482,10,2024-09-13,2026-09-07,03:45,0,0,0,10,10,,,15.04,1
2026-09-07T14:52:46,SANGAMIND.NS,NSE_EQ|INE495C01010,nse_equity,SUCCESS,2477,2477,2467,10,2016-09-06,2026-09-07,03:45,0,0,0,10,10,,,15.13,1
2026-09-07T14:52:46,SANDESH.NS,NSE_EQ|INE583B01015,nse_equity,SUCCESS,2477,2477,2467,10,2016-09-06,2026-09-07,03:45,0,0,0,10,10,,,15.26,1
2026-09-07T14:52:46,SAPPHIRE.NS,NSE_EQ|INE806T01020,nse_equity,SUCCESS,1192,1192,1182,10,2021-11-18,2026-09-07,03:45,0,0,0,10,10,,,15.09,1
2026-09-07T14:52:47,SAMMAANCAP.NS,NSE_EQ|INE148I01020,nse_equity,SUCCESS,2477,2477,2467,10,2016-09-06,2026-09-07,03:45,0,0,0,10,10,,,15.90,1
2026-09-07T14:52:47,SANGHVIMOV.NS,NSE_EQ|INE989A01032,nse_equity,SUCCESS,2477,2477,2467,10,2016-09-06,2026-09-07,03:45,0,0,0,10,10,,,15.69,1
2026-09-07T14:52:47,SAPPL.NS,NSE_EQ|INE185C01017,nse_equity,SUCCESS,97,97,87,10,2026-04-21,2026-09-07,03:45,0,0,0,10,10,,,13.82,1
2026-09-07T14:52:47,SANATHAN.NS,NSE_EQ|INE0JPD01013,nse_equity,SUCCESS,421,421,411,10,2024-12-27,2026-09-07,03:45,0,0,0,10,10,,,16.33,1
2026-09-07T14:52:47,SANOFI.NS,NSE_EQ|INE058A01010,nse_equity,SUCCESS,2477,2477,2467,10,2016-09-06,2026-09-07,03:45,0,0,0,10,10,,,16.19,1
2026-09-07T14:52:49,SARDAEN.NS,NSE_EQ|INE385C01021,nse_equity,SUCCESS,2477,2477,2467,10,2016-09-06,2026-09-07,03:45,0,0,0,10,10,,,13.95,1
2026-09-07T14:52:49,SAREGAMA.NS,NSE_EQ|INE979A01025,nse_equity,SUCCESS,2477,2477,2467,10,2016-09-06,2026-09-07,03:45,0,0,0,10,10,,,13.75,1
2026-09-07T14:52:49,SARLAPOLY.NS,NSE_EQ|INE453D01025,nse_equity,SUCCESS,2477,2477,2467,10,2016-09-06,2026-09-07,03:45,0,0,0,10,10,,,13.59,1
2026-09-07T14:52:53,SARVESHWAR.NS,NSE_EQ|INE324X01026,nse_equity,SUCCESS,1878,1878,1868,10,2018-03-15,2026-09-07,03:45,0,0,0,10,10,,,14.65,1
2026-09-07T14:52:53,SASKEN.NS,NSE_EQ|INE231F01020,nse_equity,SUCCESS,2477,2477,2467,10,2016-09-06,2026-09-07,03:45,0,0,0,10,10,,,14.65,1
2026-09-07T14:52:54,SATIA.NS,NSE_EQ|INE170E01023,nse_equity,SUCCESS,1772,1772,1762,10,2019-07-17,2026-09-07,03:45,0,0,0,10,10,,,12.52,1
2026-09-07T14:52:54,SATIN.NS,NSE_EQ|INE836B01017,nse_equity,SUCCESS,2477,2477,2467,10,2016-09-06,2026-09-07,03:45,0,0,0,10,10,,,12.45,1
2026-09-07T14:52:54,SAURASHCEM.NS,NSE_EQ|INE626A01014,nse_equity,SUCCESS,627,627,617,10,2024-02-27,2026-09-07,03:45,0,0,0,10,10,,,12.57,1
2026-09-07T14:52:55,SBGLP.NS,NSE_EQ|INE05ST01028,nse_equity,ERROR,886,0,0,0,,,03:45,0,1,0,10,10,ValidationError,session date 2025-04-26 is a weekend,8.24,1
2026-09-07T14:52:55,SAYAJIIND.NS,NSE_EQ|INE327G01032,nse_equity,SUCCESS,16,16,6,10,2026-08-17,2026-09-07,03:45,0,0,0,10,10,,,11.84,1
2026-09-07T14:52:56,SAYAJIHOTL.NS,NSE_EQ|INE318C01014,nse_equity,SUCCESS,81,81,71,10,2026-04-22,2026-09-07,03:45,0,0,0,10,10,,,12.95,1
2026-09-07T14:52:56,SBC.NS,NSE_EQ|INE04AK01028,nse_equity,SUCCESS,1190,1190,1180,10,2021-11-23,2026-09-07,03:45,0,0,0,10,10,,,9.59,1
2026-09-07T14:52:58,SBCL.NS,NSE_EQ|INE386D01027,nse_equity,SUCCESS,1292,1292,1282,10,2021-06-24,2026-09-07,03:45,0,0,0,10,10,,,11.52,1
2026-09-07T14:52:59,SBFC.NS,NSE_EQ|INE423Y01016,nse_equity,SUCCESS,760,760,750,10,2023-08-16,2026-09-07,03:45,0,0,0,10,10,,,12.19,1
2026-09-07T14:52:59,SBIFUNDS.NS,NSE_EQ|INE640G01020,nse_equity,SUCCESS,35,35,25,10,2026-07-21,2026-09-07,03:45,0,0,0,10,10,,,12.58,1
2026-09-07T14:53:00,SBIBPB.NS,NSE_EQ|INF200KB1712,nse_equity,SUCCESS,358,358,348,10,2025-03-27,2026-09-07,03:45,0,0,0,10,10,,,13.17,1
2026-09-07T14:53:00,SBIN.NS,NSE_EQ|INE062A01020,nse_equity,SUCCESS,2477,2477,0,2477,2016-09-06,2026-09-07,03:45,0,0,0,2477,2475,,,12.15,1
2026-09-07T14:53:00,SBILIFE.NS,NSE_EQ|INE123W01016,nse_equity,SUCCESS,2212,2212,2202,10,2017-10-03,2026-09-07,03:45,0,0,0,10,10,,,12.15,1
2026-09-07T14:53:01,SBICARD.NS,NSE_EQ|INE018E01016,nse_equity,SUCCESS,1609,1609,1599,10,2020-03-16,2026-09-07,03:45,0,0,0,10,10,,,14.05,1
2026-09-07T14:53:01,SBINMID150.NS,NSE_EQ|INF200KB1AK8,nse_equity,SUCCESS,107,107,97,10,2026-04-06,2026-09-07,03:45,0,0,0,10,10,,,13.65,1
2026-09-07T14:53:01,SCHAEFFLER.NS,NSE_EQ|INE513A01022,nse_equity,SUCCESS,2477,2477,2467,10,2016-09-06,2026-09-07,03:45,0,0,0,10,10,,,12.26,1
2026-09-07T14:53:02,SCHNEIDER.NS,NSE_EQ|INE839M01018,nse_equity,SUCCESS,2477,2477,2467,10,2016-09-06,2026-09-07,03:45,0,0,0,10,10,,,12.53,1
2026-09-07T14:53:02,SCHAND.NS,NSE_EQ|INE807K01035,nse_equity,SUCCESS,2313,2313,2303,10,2017-05-09,2026-09-07,03:45,0,0,0,10,10,,,12.53,1
2026-09-07T14:53:03,SCILAL.NS,NSE_EQ|INE0PB301013,nse_equity,SUCCESS,612,612,602,10,2024-03-19,2026-09-07,03:45,0,0,0,10,10,,,10.40,1
2026-09-07T14:53:04,SECURKLOUD.NS,NSE_EQ|INE650K01021,nse_equity,ERROR,2293,0,0,0,,,03:45,0,1,0,10,10,ValidationError,session date 2025-04-26 is a weekend,8.13,1
2026-09-07T14:53:04,SCI.NS,NSE_EQ|INE109A01011,nse_equity,SUCCESS,2477,2477,2467,10,2016-09-06,2026-09-07,03:45,0,0,0,10,10,,,11.03,1
2026-09-07T14:53:05,SCODATUBES.NS,NSE_EQ|INE090501011,nse_equity,SUCCESS,314,314,304,10,2025-06-04,2026-09-07,03:45,0,0,0,10,10,,,11.30,1
2026-09-07T14:53:05,SCPL.NS,NSE_EQ|INE501Y01019,nse_equity,SUCCESS,942,942,932,10,2022-11-22,2026-09-07,03:45,0,0,0,10,10,,,11.26,1
2026-09-07T14:53:05,SDBL.NS,NSE_EQ|INE480C01038,nse_equity,SUCCESS,2477,2477,2467,10,2016-09-06,2026-09-07,03:45,0,0,0,10,10,,,11.18,1
2026-09-07T14:53:05,SECMARK.NS,NSE_EQ|INE0BTM01013,nse_equity,SUCCESS,715,715,705,10,2023-10-16,2026-09-07,03:45,0,0,0,10,10,,,10.79,1
2026-09-07T14:53:06,SEAMECLTD.NS,NSE_EQ|INE497B01018,nse_equity,SUCCESS,2477,2477,2467,10,2016-09-06,2026-09-07,03:45,0,0,0,10,10,,,11.33,1
2026-09-07T14:53:06,SEDEMAC.NS,NSE_EQ|INE00XB01019,nse_equity,SUCCESS,122,122,112,10,2026-03-11,2026-09-07,03:45,0,0,0,10,10,,,10.15,1
2026-09-07T14:53:06,SEIL.NS,NSE_EQ|INE440T01028,nse_equity,SUCCESS,98,98,88,10,2026-04-20,2026-09-07,03:45,0,0,0,10,10,,,8.20,1
2026-09-07T14:53:09,SEKURITIND.NS,NSE_EQ|INE068B01017,nse_equity,SUCCESS,16,16,6,10,2026-08-17,2026-09-07,03:45,0,0,0,10,10,,,9.36,1
2026-09-07T14:53:09,SELECTIPO.NS,NSE_EQ|INF769K01ON4,nse_equity,SUCCESS,366,366,356,10,2025-03-17,2026-09-07,03:45,0,0,0,10,10,,,9.33,1
2026-09-07T14:53:09,SELMC.NS,NSE_EQ|INE105I01020,nse_equity,SUCCESS,1096,1096,1086,10,2021-10-28,2026-09-07,03:45,0,0,0,10,10,,,9.33,1
2026-09-07T14:53:10,SEMAC.NS,NSE_EQ|INE617A01013,nse_equity,SUCCESS,2468,2468,2459,9,2016-09-06,2026-09-07,03:45,0,0,0,9,9,,,10.04,1
2026-09-07T14:53:10,SEJALLTD.NS,NSE_EQ|INE955I01044,nse_equity,SUCCESS,1611,1611,1601,10,2016-09-06,2026-09-07,03:45,0,0,0,10,10,,,11.15,1
2026-09-07T14:53:10,SENCO.NS,NSE_EQ|INE602W01027,nse_equity,SUCCESS,782,782,772,10,2023-07-14,2026-09-07,03:45,0,0,0,10,10,,,9.41,1
2026-09-07T14:53:10,SENORES.NS,NSE_EQ|INE0RB801010,nse_equity,SUCCESS,420,420,410,10,2024-12-30,2026-09-07,03:45,0,0,0,10,9,,,9.33,1
2026-09-07T14:53:14,SERVOTECH.NS,NSE_EQ|INE782X01033,nse_equity,SUCCESS,1244,1244,1234,10,2021-09-02,2026-09-07,03:45,0,0,0,10,10,,,11.98,1
2026-09-07T14:53:14,SEPC.NS,NSE_EQ|INE964H01014,nse_equity,SUCCESS,2477,2477,2467,10,2016-09-06,2026-09-07,03:45,0,0,0,10,10,,,12.82,1
2026-09-07T14:53:14,SESHAPAPER.NS,NSE_EQ|INE630A01024,nse_equity,SUCCESS,2477,2477,2467,10,2016-09-06,2026-09-07,03:45,0,0,0,10,10,,,11.99,1
2026-09-07T14:53:16,SETL.NS,NSE_EQ|INE0M4D01010,nse_equity,SUCCESS,410,410,400,10,2025-01-13,2026-09-07,03:45,0,0,0,10,10,,,12.31,1
2026-09-07T14:53:16,SGFIN.NS,NSE_EQ|INE618R01015,nse_equity,SUCCESS,270,270,260,10,2025-08-05,2026-09-07,03:45,0,0,0,10,9,,,11.67,1
2026-09-07T14:53:16,SGIL.NS,NSE_EQ|INE00QT01015,nse_equity,SUCCESS,1269,1269,1259,10,2021-07-28,2026-09-07,03:45,0,0,0,10,10,,,11.20,1
2026-09-07T14:53:16,SFL.NS,NSE_EQ|INE916U01025,nse_equity,SUCCESS,2414,2414,2404,10,2016-12-09,2026-09-07,03:45,0,0,0,10,10,,,12.13,1
2026-09-07T14:53:16,SGLRES.NS,NSE_EQ|INE967B01028,nse_equity,SUCCESS,16,16,6,10,2026-08-17,2026-09-07,03:45,0,0,0,10,10,,,10.93,1
2026-09-07T14:53:16,SGL.NS,NSE_EQ|INE353H01010,nse_equity,SUCCESS,2449,2449,2439,10,2016-09-06,2026-09-07,03:45,0,0,0,10,10,,,11.23,1
2026-09-07T14:53:17,SGMART.NS,NSE_EQ|INE385F01024,nse_equity,SUCCESS,244,244,234,10,2025-09-12,2026-09-07,03:45,0,0,0,10,10,,,11.79,1
2026-09-07T14:53:18,SGRL.NS,NSE_EQ|INE414Y01015,nse_equity,SUCCESS,16,16,6,10,2026-08-17,2026-09-07,03:45,0,0,0,10,10,,,11.68,1
2026-09-07T14:53:18,SHADOWFAX.NS,NSE_EQ|INE12UN01015,nse_equity,SUCCESS,152,152,142,10,2026-01-28,2026-09-07,03:45,0,0,0,10,10,,,12.00,1
2026-09-07T14:53:18,SHAH.NS,NSE_EQ|INE482J01021,nse_equity,SUCCESS,2477,2477,2467,10,2016-09-06,2026-09-07,03:45,0,0,0,10,10,,,12.53,1
2026-09-07T14:53:22,SHAKTIPUMP.NS,NSE_EQ|INE908D01010,nse_equity,SUCCESS,2477,2477,2467,10,2016-09-06,2026-09-07,03:45,0,0,0,10,10,,,13.01,1
2026-09-07T14:53:23,SHAILY.NS,NSE_EQ|INE151G01028,nse_equity,SUCCESS,1099,1099,1089,10,2022-04-04,2026-09-07,03:45,0,0,0,10,9,,,13.41,1
2026-09-07T14:53:23,SHAHALLOYS.NS,NSE_EQ|INE640C01011,nse_equity,SUCCESS,2395,2395,2385,10,2016-09-06,2026-09-07,03:45,0,0,0,10,10,,,13.67,1
2026-09-07T14:53:23,SHALBY.NS,NSE_EQ|INE597J01018,nse_equity,SUCCESS,2161,2161,2151,10,2017-12-15,2026-09-07,03:45,0,0,0,10,10,,,13.55,1
2026-09-07T14:53:23,SHANKESH.NS,NSE_EQ|INE1WFC01025,nse_equity,SUCCESS,10,10,1,9,2026-08-25,2026-09-07,03:45,0,0,0,9,9,,,12.89,1
2026-09-07T14:53:23,SHANKARA.NS,NSE_EQ|INE274V01019,nse_equity,SUCCESS,2335,2335,2325,10,2017-04-05,2026-09-07,03:45,0,0,0,10,10,,,13.55,1
2026-09-07T14:53:24,SHANTI.NS,NSE_EQ|INE933X01016,nse_equity,SUCCESS,1632,1632,1622,10,2016-09-06,2026-09-07,03:45,0,0,0,10,10,,,13.41,1
2026-09-07T14:53:27,SHANTIGEAR.NS,NSE_EQ|INE631A01022,nse_equity,SUCCESS,2477,2477,2467,10,2016-09-06,2026-09-07,03:45,0,0,0,10,10,,,11.97,1
2026-09-07T14:53:27,SHARDAMOTR.NS,NSE_EQ|INE597I01028,nse_equity,SUCCESS,2477,2477,2467,10,2016-09-06,2026-09-07,03:45,0,0,0,10,10,,,11.97,1
2026-09-07T14:53:27,SHARDACROP.NS,NSE_EQ|INE221J01015,nse_equity,SUCCESS,2477,2477,2467,10,2016-09-06,2026-09-07,03:45,0,0,0,10,10,,,11.97,1
2026-09-07T14:53:28,SHERVANI.NS,NSE_EQ|INE011D01013,nse_equity,SUCCESS,15,15,6,9,2026-08-17,2026-09-07,03:45,0,0,0,9,9,,,12.31,1
2026-09-07T14:53:28,SHILGRAVQ.NS,NSE_EQ|INE960A01017,nse_equity,SUCCESS,16,16,6,10,2026-08-17,2026-09-07,03:45,0,0,0,10,10,,,11.55,1
2026-09-07T14:53:28,SHBAJRG.NS,NSE_EQ|INE402H01015,nse_equity,SUCCESS,98,98,88,10,2026-04-20,2026-09-07,03:45,0,0,0,10,10,,,12.67,1
2026-09-07T14:53:28,SHILCTECH.NS,NSE_EQ|INE024F01011,nse_equity,SUCCESS,196,196,186,10,2025-11-24,2026-09-07,03:45,0,0,0,10,10,,,12.33,1
2026-09-07T14:53:29,SHAREINDIA.NS,NSE_EQ|INE932X01026,nse_equity,SUCCESS,1480,1480,1470,10,2020-09-21,2026-09-07,03:45,0,0,0,10,10,,,12.76,1
2026-09-07T14:53:29,SHINDL.NS,NSE_EQ|INE220Z01013,nse_equity,SUCCESS,98,98,88,10,2026-04-20,2026-09-07,03:45,0,0,0,10,10,,,12.02,1
2026-09-07T14:53:29,SHILPAMED.NS,NSE_EQ|INE790G01031,nse_equity,SUCCESS,2477,2477,2467,10,2016-09-06,2026-09-07,03:45,0,0,0,10,10,,,12.41,1
2026-09-07T14:53:30,SHIVAAGRO.NS,NSE_EQ|INE960E01019,nse_equity,SUCCESS,16,16,6,10,2026-08-17,2026-09-07,03:45,0,0,0,10,10,,,11.53,1
2026-09-07T14:53:30,SHIPROCKET.NS,NSE_EQ|INE0FOO01011,nse_equity,SUCCESS,14,14,3,11,2026-08-19,2026-09-07,03:45,0,0,0,11,11,,,12.35,1
2026-09-07T14:53:30,SHIVACEM.NS,NSE_EQ|INE555C01029,nse_equity,SUCCESS,16,16,6,10,2026-08-17,2026-09-07,03:45,0,0,0,10,10,,,11.71,1
2026-09-07T14:53:33,SHIVALIK.NS,NSE_EQ|INE788J01021,nse_equity,SUCCESS,1178,1178,1178,0,2021-12-09,2026-09-07,03:45,0,0,0,0,0,,,10.11,1
2026-09-07T14:53:35,SHIVAMILLS.NS,NSE_EQ|INE644Y01017,nse_equity,SUCCESS,2109,2109,2099,10,2018-02-26,2026-09-07,03:45,0,0,0,10,10,,,12.37,1
2026-09-07T14:53:35,SHIVAMAUTO.NS,NSE_EQ|INE637H01024,nse_equity,SUCCESS,2477,2477,2467,10,2016-09-06,2026-09-07,03:45,0,0,0,10,10,,,12.37,1
2026-09-07T14:53:36,SHIVAUM.NS,NSE_EQ|INE719F01016,nse_equity,SUCCESS,528,528,518,10,2016-09-06,2026-09-07,03:45,0,0,0,10,10,,,12.24,1
2026-09-07T14:53:36,SHK.NS,NSE_EQ|INE500L01026,nse_equity,SUCCESS,2477,2477,2467,10,2016-09-06,2026-09-07,03:45,0,0,0,10,10,,,12.29,1
2026-09-07T14:53:36,SHIVATEX.NS,NSE_EQ|INE705C01020,nse_equity,SUCCESS,2153,2153,2143,10,2017-12-26,2026-09-07,03:45,0,0,0,10,10,,,12.32,1
2026-09-07T14:53:36,SHOPERSTOP.NS,NSE_EQ|INE498B01024,nse_equity,SUCCESS,2477,2477,2467,10,2016-09-06,2026-09-07,03:45,0,0,0,10,10,,,11.86,1
2026-09-07T14:53:37,SHRADDHA.NS,NSE_EQ|INE311M01018,nse_equity,SUCCESS,16,16,6,10,2026-08-17,2026-09-07,03:45,0,0,0,10,10,,,10.46,1
2026-09-07T14:53:38,SHRADHA.NS,NSE_EQ|INE715Y01031,nse_equity,SUCCESS,1450,1450,1440,10,2020-10-22,2026-09-07,03:45,0,0,0,10,10,,,10.99,1
2026-09-07T14:53:40,SHREDIGCEM.NS,NSE_EQ|INE232A01011,nse_equity,SUCCESS,1750,1750,1740,10,2019-08-20,2026-09-07,03:45,0,0,0,10,10,,,12.77,1
2026-09-07T14:53:41,SHREEJISPG.NS,NSE_EQ|INE1B6101010,nse_equity,SUCCESS,256,256,246,10,2025-08-26,2026-09-07,03:45,0,0,0,10,10,,,12.24,1
2026-09-07T14:53:42,SHREEPUSHK.NS,NSE_EQ|INE712K01011,nse_equity,SUCCESS,2477,2477,2467,10,2016-09-06,2026-09-07,03:45,0,0,0,10,10,,,13.48,1
2026-09-07T14:53:43,SHREERAMA.NS,NSE_EQ|INE879A01019,nse_equity,SUCCESS,2477,2477,2467,10,2016-09-06,2026-09-07,03:45,0,0,0,10,10,,,14.21,1
2026-09-07T14:53:43,SHREECEM.NS,NSE_EQ|INE070A01015,nse_equity,SUCCESS,2477,2477,2467,10,2016-09-06,2026-09-07,03:45,0,0,0,10,10,,,14.24,1
2026-09-07T14:53:43,SHREYANIND.NS,NSE_EQ|INE231C01019,nse_equity,SUCCESS,2477,2477,2467,10,2016-09-06,2026-09-07,03:45,0,0,0,10,10,,,14.08,1
2026-09-07T14:53:43,SHRIKRISH.NS,NSE_EQ|INE997I01012,nse_equity,SUCCESS,93,93,83,10,2026-04-20,2026-09-07,03:45,0,0,0,10,10,,,13.52,1
2026-09-07T14:53:43,SHRINGARMS.NS,NSE_EQ|INE1B3L01017,nse_equity,SUCCESS,241,241,231,10,2025-09-17,2026-09-07,03:45,0,0,0,10,10,,,13.62,1
2026-09-07T14:53:44,SHRIRAMPPS.NS,NSE_EQ|INE217L01019,nse_equity,SUCCESS,1171,1171,1161,10,2021-12-20,2026-09-07,03:45,0,0,0,10,10,,,13.36,1
2026-09-07T14:53:44,SHRIPISTON.NS,NSE_EQ|INE526E01018,nse_equity,SUCCESS,2404,2404,2394,10,2016-09-06,2026-09-07,03:45,0,0,0,10,9,,,13.74,1
2026-09-07T14:53:44,SHRIRAMFIN.NS,NSE_EQ|INE721A01047,nse_equity,SUCCESS,2477,2477,2466,11,2016-09-06,2026-09-07,03:45,0,0,0,11,11,,,13.76,1
2026-09-07T14:53:45,SHRJAGP.NS,NSE_EQ|INE564J01026,nse_equity,SUCCESS,16,16,6,10,2026-08-17,2026-09-07,03:45,0,0,0,10,10,,,11.84,1
2026-09-07T14:53:45,SHUKRAPHAR.NS,NSE_EQ|INE551C01044,nse_equity,SUCCESS,17,17,7,10,2026-08-14,2026-09-07,03:45,0,0,0,10,10,,,10.43,1
2026-09-07T14:53:46,SHYAMMETL.NS,NSE_EQ|INE810G01011,nse_equity,SUCCESS,1292,1292,1282,10,2021-06-24,2026-09-07,03:45,0,0,0,10,10,,,10.95,1
2026-09-07T14:53:46,SIEL.NS,NSE_EQ|INE843L01012,nse_equity,SUCCESS,16,16,6,10,2026-08-17,2026-09-07,03:45,0,0,0,10,10,,,10.78,1
2026-09-07T14:53:47,SICAGEN.NS,NSE_EQ|INE176J01011,nse_equity,SUCCESS,98,98,88,10,2026-04-20,2026-09-07,03:45,0,0,0,10,10,,,11.14,1
2026-09-07T14:53:47,SHYAMTEL.NS,NSE_EQ|INE635A01023,nse_equity,SUCCESS,1796,1796,1786,10,2016-09-06,2026-09-07,03:45,0,0,0,10,10,,,11.42,1
2026-09-07T14:53:48,SIEMENS.NS,NSE_EQ|INE003A01024,nse_equity,SUCCESS,2477,2477,2467,10,2016-09-06,2026-09-07,03:45,0,0,0,10,10,,,12.04,1
2026-09-07T14:53:53,SIMPLXREA.NS,NSE_EQ|INE167H01014,nse_equity,SUCCESS,14,14,6,8,2026-08-17,2026-09-07,03:45,0,0,0,8,8,,,9.57,1
2026-09-07T14:53:54,SIKA.NS,NSE_EQ|INE438E01032,nse_equity,SUCCESS,98,98,88,10,2026-04-20,2026-09-07,03:45,0,0,0,10,10,,,11.08,1
2026-09-07T14:53:54,SIGACHI.NS,NSE_EQ|INE0D0K01022,nse_equity,SUCCESS,1195,1195,1185,10,2021-11-15,2026-09-07,03:45,0,0,0,10,10,,,16.48,1
2026-09-07T14:53:54,SIGNATURE.NS,NSE_EQ|INE903U01023,nse_equity,SUCCESS,731,731,721,10,2023-09-27,2026-09-07,03:45,0,0,0,10,9,,,11.10,1
2026-09-07T14:53:54,SIGNPOST.NS,NSE_EQ|INE0KGZ01021,nse_equity,SUCCESS,636,636,626,10,2024-02-14,2026-09-07,03:45,0,0,0,10,10,,,11.25,1
2026-09-07T14:53:54,SIGMA.NS,NSE_EQ|INE0A0S01028,nse_equity,SUCCESS,1273,1273,1263,10,2020-10-19,2026-09-07,03:45,0,0,0,10,10,,,14.26,1
2026-09-07T14:53:54,SIGIND.NS,NSE_EQ|INE529F01035,nse_equity,SUCCESS,1987,1987,1977,10,2018-08-29,2026-09-07,03:45,0,0,0,10,10,,,15.68,1
2026-09-07T14:53:54,SILGO.NS,NSE_EQ|INE01II01013,nse_equity,SUCCESS,1430,1430,1420,10,2018-10-10,2026-09-07,03:45,0,0,0,10,10,,,10.99,1
2026-09-07T14:53:54,SILLYMONKS.NS,NSE_EQ|INE203Y01012,nse_equity,SUCCESS,1818,1818,1808,10,2018-01-18,2026-09-07,03:45,0,0,0,10,10,,,10.29,1
2026-09-07T14:53:54,SINGERIND.NS,NSE_EQ|INE638A01035,nse_equity,SUCCESS,116,116,106,10,2026-03-19,2026-09-07,03:45,0,0,0,10,10,,,8.08,1
2026-09-07T14:53:54,SIGMAADV.NS,NSE_EQ|INE933B01012,nse_equity,SUCCESS,2433,2433,2423,10,2016-09-06,2026-09-07,03:45,0,0,0,10,9,,,13.31,1
2026-09-07T14:53:54,SIMPLEXINF.NS,NSE_EQ|INE059B01024,nse_equity,SUCCESS,2477,2477,2467,10,2016-09-06,2026-09-07,03:45,0,0,0,10,10,,,10.34,1
2026-09-07T14:53:54,SINCLAIR.NS,NSE_EQ|INE985A01022,nse_equity,SUCCESS,598,598,588,10,2024-04-10,2026-09-07,03:45,0,0,0,10,10,,,9.47,1
2026-09-07T14:53:54,SILINV.NS,NSE_EQ|INE923A01015,nse_equity,SUCCESS,2470,2470,2460,10,2016-09-06,2026-09-07,03:45,0,0,0,10,10,,,11.04,1
2026-09-07T14:53:54,SIL.NS,NSE_EQ|INE173A01025,nse_equity,SUCCESS,2406,2406,2396,10,2016-09-06,2026-09-07,03:45,0,0,0,10,10,,,11.37,1
2026-09-07T14:53:55,SINDHUTRAD.NS,NSE_EQ|INE325D01025,nse_equity,SUCCESS,799,799,789,10,2023-06-20,2026-09-07,03:45,0,0,0,10,10,,,9.28,1
2026-09-07T14:53:56,SIS.NS,NSE_EQ|INE285J01028,nse_equity,SUCCESS,2247,2247,2237,10,2017-08-10,2026-09-07,03:45,0,0,0,10,10,,,9.28,1
2026-09-07T14:53:56,SIRCA.NS,NSE_EQ|INE792Z01011,nse_equity,SUCCESS,1984,1984,1974,10,2018-05-30,2026-09-07,03:45,0,0,0,10,9,,,9.48,1
2026-09-07T14:53:56,SINTERCOM.NS,NSE_EQ|INE129Z01016,nse_equity,SUCCESS,1939,1939,1929,10,2018-02-15,2026-09-07,03:45,0,0,0,10,10,,,9.80,1
2026-09-07T14:53:57,SIYSIL.NS,NSE_EQ|INE076B01028,nse_equity,SUCCESS,2477,2477,2467,10,2016-09-06,2026-09-07,03:45,0,0,0,10,10,,,8.79,1
2026-09-07T14:53:59,SJS.NS,NSE_EQ|INE284S01014,nse_equity,SUCCESS,1195,1195,1185,10,2021-11-15,2026-09-07,03:45,0,0,0,10,10,,,5.42,1
2026-09-07T14:53:59,SJVN.NS,NSE_EQ|INE002L01015,nse_equity,SUCCESS,2477,2477,2467,10,2016-09-06,2026-09-07,03:45,0,0,0,10,10,,,5.31,1
2026-09-07T14:53:59,SKFINDUS.NS,NSE_EQ|INE2J8701016,nse_equity,SUCCESS,187,187,177,10,2025-12-05,2026-09-07,03:45,0,0,0,10,9,,,5.36,1
2026-09-07T14:54:00,SKFINDIA.NS,NSE_EQ|INE640A01023,nse_equity,SUCCESS,2477,2477,2467,10,2016-09-06,2026-09-07,03:45,0,0,0,10,10,,,6.65,1
2026-09-07T14:54:01,SMARTWORKS.NS,NSE_EQ|INE0NAZ01010,nse_equity,SUCCESS,283,283,273,10,2025-07-17,2026-09-07,03:45,0,0,0,10,10,,,6.92,1
2026-09-07T14:54:01,SKIPPER.NS,NSE_EQ|INE439E01022,nse_equity,SUCCESS,2477,2477,2467,10,2016-09-06,2026-09-07,03:45,0,0,0,10,10,,,7.08,1
2026-09-07T14:54:06,SMALLGROWW.NS,NSE_EQ|INF666M01PG9,nse_equity,SUCCESS,57,57,47,10,2026-06-18,2026-09-07,03:45,0,0,0,10,10,,,11.67,1
2026-09-07T14:54:06,SKYWAYS.NS,NSE_EQ|INE0PX301025,nse_equity,SUCCESS,5,5,1,4,2026-09-01,2026-09-07,03:45,0,0,0,4,4,,,11.78,1
2026-09-07T14:54:06,SML100CASE.NS,NSE_EQ|INF0R8F01141,nse_equity,SUCCESS,244,244,234,10,2025-09-12,2026-09-07,03:45,0,0,0,10,10,,,11.79,1
2026-09-07T14:54:07,SMALLADD.NS,NSE_EQ|INF740KA1WX3,nse_equity,SUCCESS,178,178,168,10,2025-12-18,2026-09-07,03:45,0,0,0,10,10,,,13.20,1
2026-09-07T14:54:12,SMALL250.NS,NSE_EQ|INF769K01PQ4,nse_equity,SUCCESS,203,203,193,10,2025-11-13,2026-09-07,03:45,0,0,0,10,10,,,17.64,1
2026-09-07T14:54:12,SMCGLOBAL.NS,NSE_EQ|INE103C01036,nse_equity,SUCCESS,1371,1371,1361,10,2021-02-25,2026-09-07,03:45,0,0,0,10,10,,,17.58,1
2026-09-07T14:54:12,SMLT.NS,NSE_EQ|INE017W01010,nse_equity,SUCCESS,1180,1180,1170,10,2021-11-25,2026-09-07,03:45,0,0,0,10,10,,,17.58,1
2026-09-07T14:54:12,SMSPHARMA.NS,NSE_EQ|INE812G01025,nse_equity,SUCCESS,2477,2477,2467,10,2016-09-06,2026-09-07,03:45,0,0,0,10,10,,,16.98,1
2026-09-07T14:54:12,SMLMAH.NS,NSE_EQ|INE294B01019,nse_equity,SUCCESS,2477,2477,2467,10,2016-09-06,2026-09-07,03:45,0,0,0,10,10,,,17.58,1
2026-09-07T14:54:12,SOFTTECH.NS,NSE_EQ|INE728Z01015,nse_equity,SUCCESS,1710,1710,1700,10,2018-05-11,2026-09-07,03:45,0,0,0,10,10,,,15.74,1
2026-09-07T14:54:13,SOLARINDS.NS,NSE_EQ|INE343H01029,nse_equity,SUCCESS,2477,2477,2466,11,2016-09-06,2026-09-07,03:45,0,0,0,11,11,,,14.09,1
2026-09-07T14:54:13,SNOWMAN.NS,NSE_EQ|INE734N01019,nse_equity,SUCCESS,2477,2477,2467,10,2016-09-06,2026-09-07,03:45,0,0,0,10,10,,,16.71,1
2026-09-07T14:54:13,SOBHA.NS,NSE_EQ|INE671H01015,nse_equity,SUCCESS,2477,2477,2467,10,2016-09-06,2026-09-07,03:45,0,0,0,10,9,,,16.71,1
2026-09-07T14:54:13,SKMEGGPROD.NS,NSE_EQ|INE411D01023,nse_equity,SUCCESS,2477,2477,2467,10,2016-09-06,2026-09-07,03:45,0,0,0,10,10,,,18.96,1
2026-09-07T14:54:13,SOLARA.NS,NSE_EQ|INE624Z01016,nse_equity,SUCCESS,2030,2030,2020,10,2018-06-27,2026-09-07,03:45,0,0,0,10,10,,,16.26,1
2026-09-07T14:54:15,SOLARWORLD.NS,NSE_EQ|INE0TY101024,nse_equity,SUCCESS,232,232,222,10,2025-09-30,2026-09-07,03:45,0,0,0,10,10,,,15.85,1
2026-09-07T14:54:17,SOLEX.NS,NSE_EQ|INE880Y01017,nse_equity,SUCCESS,1460,1460,1450,10,2018-02-05,2026-09-07,03:45,0,0,0,10,10,,,17.70,1
2026-09-07T14:54:17,SOMANYCERA.NS,NSE_EQ|INE355A01028,nse_equity,SUCCESS,2477,2477,2467,10,2016-09-06,2026-09-07,03:45,0,0,0,10,10,,,16.39,1
2026-09-07T14:54:18,SOMICONVEY.NS,NSE_EQ|INE323J01019,nse_equity,SUCCESS,2462,2462,2452,10,2016-09-06,2026-09-07,03:45,0,0,0,10,10,,,17.12,1
2026-09-07T14:54:18,SOMATEX.NS,NSE_EQ|INE314C01013,nse_equity,SUCCESS,2405,2405,2395,10,2016-09-06,2026-09-07,03:45,0,0,0,10,10,,,17.44,1
2026-09-07T14:54:22,SONAL.NS,NSE_EQ|INE321M01017,nse_equity,SUCCESS,67,67,60,7,2026-04-21,2026-09-04,03:45,0,0,0,7,7,,,16.21,1
2026-09-07T14:54:24,SONAMLTD.NS,NSE_EQ|INE00LM01029,nse_equity,SUCCESS,1651,1651,1641,10,2016-09-06,2026-09-07,03:45,0,0,0,10,10,,,18.37,1
2026-09-07T14:54:24,SONACOMS.NS,NSE_EQ|INE073K01018,nse_equity,SUCCESS,1292,1292,1282,10,2021-06-24,2026-09-07,03:45,0,0,0,10,10,,,18.53,1
2026-09-07T14:54:25,SPCENET.NS,NSE_EQ|INE970N01027,nse_equity,ERROR,1697,0,0,0,,,03:45,0,1,0,10,10,ValidationError,session date 2025-04-26 is a weekend,12.17,1
2026-09-07T14:54:26,SONATSOFTW.NS,NSE_EQ|INE269A01021,nse_equity,SUCCESS,2477,2477,2467,10,2016-09-06,2026-09-07,03:45,0,0,0,10,10,,,18.35,1
2026-09-07T14:54:26,SOTL.NS,NSE_EQ|INE035D01020,nse_equity,SUCCESS,2477,2477,2467,10,2016-09-06,2026-09-07,03:45,0,0,0,10,10,,,14.61,1
2026-09-07T14:54:26,SPANDANA.NS,NSE_EQ|INE572J01011,nse_equity,SUCCESS,1751,1751,1741,10,2019-08-19,2026-09-07,03:45,0,0,0,10,10,,,14.61,1
2026-09-07T14:54:26,SPAL.NS,NSE_EQ|INE212I01016,nse_equity,SUCCESS,2477,2477,2467,10,2016-09-06,2026-09-07,03:45,0,0,0,10,10,,,14.69,1
2026-09-07T14:54:26,SOUTHWEST.NS,NSE_EQ|INE980Y01015,nse_equity,SUCCESS,2032,2032,2022,10,2018-02-19,2026-09-07,03:45,0,0,0,10,10,,,14.69,1
2026-09-07T14:54:28,SOUTHBANK.NS,NSE_EQ|INE683A01023,nse_equity,SUCCESS,2477,2477,2467,10,2016-09-06,2026-09-07,03:45,0,0,0,10,10,,,15.85,1
2026-09-07T14:54:28,SPARC.NS,NSE_EQ|INE232I01014,nse_equity,SUCCESS,2477,2477,2467,10,2016-09-06,2026-09-07,03:45,0,0,0,10,10,,,15.92,1
2026-09-07T14:54:28,SPELS.NS,NSE_EQ|INE252A01019,nse_equity,SUCCESS,16,16,6,10,2026-08-17,2026-09-07,03:45,0,0,0,10,10,,,15.27,1
2026-09-07T14:54:28,SPLIL.NS,NSE_EQ|INE978G01016,nse_equity,SUCCESS,2477,2477,2467,10,2016-09-06,2026-09-07,03:45,0,0,0,10,10,,,15.42,1
2026-09-07T14:54:29,SPIC.NS,NSE_EQ|INE147A01011,nse_equity,SUCCESS,2477,2477,2467,10,2016-09-06,2026-09-07,03:45,0,0,0,10,10,,,16.00,1
2026-09-07T14:54:29,SPENCERS.NS,NSE_EQ|INE020801028,nse_equity,SUCCESS,1878,1878,1868,10,2019-02-08,2026-09-07,03:45,0,0,0,10,10,,,16.00,1
2026-09-07T14:54:30,SPLPETRO.NS,NSE_EQ|INE663A01033,nse_equity,SUCCESS,1066,1066,1056,10,2022-05-24,2026-09-07,03:45,0,0,0,10,10,,,14.97,1
2026-09-07T14:54:30,SPORTKING.NS,NSE_EQ|INE885H01029,nse_equity,SUCCESS,1002,1002,992,10,2022-08-24,2026-09-07,03:45,0,0,0,10,10,,,12.94,1
2026-09-07T14:54:30,SPMLINFRA.NS,NSE_EQ|INE937A01023,nse_equity,SUCCESS,2458,2458,2448,10,2016-09-06,2026-09-07,03:45,0,0,0,10,10,,,13.00,1
2026-09-07T14:54:32,SRD.NS,NSE_EQ|INE01NE01012,nse_equity,SUCCESS,475,475,465,10,2024-10-09,2026-09-07,03:45,0,0,0,10,10,,,13.55,1
2026-09-07T14:54:36,SREEL.NS,NSE_EQ|INE099F01013,nse_equity,SUCCESS,2470,2470,2460,10,2016-09-06,2026-09-07,03:45,0,0,0,10,10,,,17.09,1
2026-09-07T14:54:36,SRGHFL.NS,NSE_EQ|INE559N01010,nse_equity,SUCCESS,756,756,746,10,2023-08-21,2026-09-07,03:45,0,0,0,10,10,,,11.35,1
2026-09-07T14:54:36,SRHHYPOLTD.NS,NSE_EQ|INE917H01012,nse_equity,SUCCESS,2477,2477,2467,10,2016-09-06,2026-09-07,03:45,0,0,0,10,10,,,11.42,1
2026-09-07T14:54:36,SRF.NS,NSE_EQ|INE647A01010,nse_equity,SUCCESS,2477,2477,2467,10,2016-09-06,2026-09-07,03:45,0,0,0,10,10,,,13.72,1
2026-09-07T14:54:37,SRM.NS,NSE_EQ|INE0R6Z01013,nse_equity,SUCCESS,603,603,593,10,2024-04-03,2026-09-07,03:45,0,0,0,10,10,,,11.21,1
2026-09-07T14:54:39,SRIKPRIND.NS,NSE_EQ|INE009C01019,nse_equity,SUCCESS,15,15,5,10,2026-08-18,2026-09-07,03:45,0,0,0,10,10,,,13.25,1
2026-09-07T14:54:39,SRTL.NS,NSE_EQ|INE19GK01015,nse_equity,SUCCESS,128,128,118,10,2026-03-02,2026-09-07,03:45,0,0,0,10,10,,,12.83,1
2026-09-07T14:54:39,STANLEY.NS,NSE_EQ|INE01A001028,nse_equity,SUCCESS,545,545,535,10,2024-06-28,2026-09-07,03:45,0,0,0,10,10,,,12.80,1
2026-09-07T14:54:39,SSDL.NS,NSE_EQ|INE0PQ101010,nse_equity,SUCCESS,510,510,500,10,2024-08-20,2026-09-07,03:45,0,0,0,10,10,,,12.83,1
2026-09-07T14:54:39,SSWL.NS,NSE_EQ|INE802C01033,nse_equity,SUCCESS,2477,2477,2467,10,2016-09-06,2026-09-07,03:45,0,0,0,10,10,,,12.80,1
2026-09-07T14:54:40,STARTECK.NS,NSE_EQ|INE992I01013,nse_equity,SUCCESS,1072,1072,1062,10,2022-05-04,2026-09-07,03:45,0,0,0,10,10,,,11.39,1
2026-09-07T14:54:41,STCINDIA.NS,NSE_EQ|INE655A01013,nse_equity,SUCCESS,2477,2477,2467,10,2016-09-06,2026-09-07,03:45,0,0,0,10,10,,,11.61,1
2026-09-07T14:54:41,STAR.NS,NSE_EQ|INE939A01011,nse_equity,SUCCESS,2477,2477,2467,10,2016-09-06,2026-09-07,03:45,0,0,0,10,10,,,13.16,1
2026-09-07T14:54:41,STARPAPER.NS,NSE_EQ|INE733A01018,nse_equity,SUCCESS,2477,2477,2467,10,2016-09-06,2026-09-07,03:45,0,0,0,10,10,,,12.99,1
2026-09-07T14:54:42,STARHEALTH.NS,NSE_EQ|INE575P01011,nse_equity,SUCCESS,1214,1214,1204,10,2016-09-09,2026-09-07,03:45,0,0,0,10,10,,,13.35,1
2026-09-07T14:54:42,STARCEMENT.NS,NSE_EQ|INE460H01021,nse_equity,SUCCESS,2285,2285,2275,10,2017-06-16,2026-09-07,03:45,0,0,0,10,10,,,13.66,1
2026-09-07T14:54:42,STEELXIND.NS,NSE_EQ|INE503B01021,nse_equity,SUCCESS,2262,2262,2252,10,2017-07-20,2026-09-07,03:45,0,0,0,10,10,,,12.38,1
2026-09-07T14:54:42,STEELCITY.NS,NSE_EQ|INE395H01011,nse_equity,SUCCESS,2265,2265,2255,10,2017-02-17,2026-09-07,03:45,0,0,0,10,10,,,12.44,1
2026-09-07T14:54:43,STEELCAS.NS,NSE_EQ|INE124E01038,nse_equity,SUCCESS,1190,1190,1180,10,2021-11-23,2026-09-07,03:45,0,0,0,10,10,,,12.59,1
2026-09-07T14:54:43,STEL.NS,NSE_EQ|INE577L01016,nse_equity,SUCCESS,2477,2477,2467,10,2016-09-06,2026-09-07,03:45,0,0,0,10,10,,,10.70,1
2026-09-07T14:54:44,STLSTRINF.NS,NSE_EQ|INE205F01016,nse_equity,SUCCESS,14,14,5,9,2026-08-18,2026-09-07,03:45,0,0,0,9,9,,,8.39,1
2026-09-07T14:54:44,STLNETWORK.NS,NSE_EQ|INE1VXE01018,nse_equity,SUCCESS,250,250,240,10,2025-09-04,2026-09-07,03:45,0,0,0,10,10,,,8.85,1
2026-09-07T14:54:44,STUDDS.NS,NSE_EQ|INE00Q601028,nse_equity,SUCCESS,207,207,197,10,2025-11-07,2026-09-07,03:45,0,0,0,10,10,,,8.25,1
2026-09-07T14:54:45,STOVEKRAFT.NS,NSE_EQ|INE00IN01015,nse_equity,SUCCESS,1385,1385,1375,10,2021-02-05,2026-09-07,03:45,0,0,0,10,10,,,9.05,1
2026-09-07T14:54:46,STYL.NS,NSE_EQ|INE04VU01023,nse_equity,SUCCESS,232,232,222,10,2025-09-30,2026-09-07,03:45,0,0,0,10,10,,,9.62,1
2026-09-07T14:54:48,STYLEBAAZA.NS,NSE_EQ|INE01FR01028,nse_equity,SUCCESS,497,497,487,10,2024-09-06,2026-09-07,03:45,0,0,0,10,10,,,8.33,1
2026-09-07T14:54:48,STYLAMIND.NS,NSE_EQ|INE239C01020,nse_equity,SUCCESS,1266,1266,1256,10,2021-08-02,2026-09-07,03:45,0,0,0,10,10,,,9.34,1
2026-09-07T14:54:48,SUDEEPPHRM.NS,NSE_EQ|INE0QPI01025,nse_equity,SUCCESS,192,192,182,10,2025-11-28,2026-09-07,03:45,0,0,0,10,10,,,7.14,1
2026-09-07T14:54:48,STYRENIX.NS,NSE_EQ|INE189B01011,nse_equity,SUCCESS,2477,2477,2467,10,2016-09-06,2026-09-07,03:45,0,0,0,10,10,,,8.54,1
2026-09-07T14:54:48,SUBEXLTD.NS,NSE_EQ|INE754A01055,nse_equity,SUCCESS,2364,2364,2354,10,2016-09-06,2026-09-07,03:45,0,0,0,10,10,,,8.54,1
2026-09-07T14:54:48,SUBROS.NS,NSE_EQ|INE287B01021,nse_equity,SUCCESS,2477,2477,2467,10,2016-09-06,2026-09-07,03:45,0,0,0,10,10,,,8.54,1
2026-09-07T14:54:48,SUDARSCHEM.NS,NSE_EQ|INE659A01023,nse_equity,SUCCESS,2477,2477,2467,10,2016-09-06,2026-09-07,03:45,0,0,0,10,9,,,7.17,1
2026-09-07T14:54:48,SUMEDHA.NS,NSE_EQ|INE886B01012,nse_equity,SUCCESS,16,16,6,10,2026-08-17,2026-09-07,03:45,0,0,0,10,10,,,6.55,1
2026-09-07T14:54:48,SUDARCOLOR.NS,NSE_EQ|INE492A01029,nse_equity,SUCCESS,2477,2477,2467,10,2016-09-06,2026-09-07,03:45,0,0,0,10,10,,,7.90,1
2026-09-07T14:54:49,SULA.NS,NSE_EQ|INE142Q01026,nse_equity,SUCCESS,920,920,910,10,2022-12-22,2026-09-07,03:45,0,0,0,10,10,,,7.16,1
2026-09-07T14:54:50,SUMEETINDS.NS,NSE_EQ|INE235C01036,nse_equity,SUCCESS,303,303,293,10,2025-06-19,2026-09-07,03:45,0,0,0,10,10,,,7.78,1
2026-09-07T14:54:51,SUKHJITS.NS,NSE_EQ|INE450E01029,nse_equity,SUCCESS,952,952,942,10,2022-11-07,2026-09-07,03:45,0,0,0,10,10,,,8.92,1
2026-09-07T14:54:51,SUMICHEM.NS,NSE_EQ|INE258G01013,nse_equity,SUCCESS,1643,1643,1633,10,2020-01-27,2026-09-07,03:45,0,0,0,10,10,,,8.15,1
2026-09-07T14:54:51,SUMIT.NS,NSE_EQ|INE748Z01013,nse_equity,SUCCESS,1868,1868,1858,10,2018-09-10,2026-09-07,03:45,0,0,0,10,10,,,8.46,1
2026-09-07T14:54:53,SUNCLAY.NS,NSE_EQ|INE0Q3R01026,nse_equity,SUCCESS,668,668,658,10,2023-12-29,2026-09-07,03:45,0,0,0,10,10,,,8.93,1
2026-09-07T14:54:53,SUNDARAM.NS,NSE_EQ|INE108E01023,nse_equity,SUCCESS,2477,2477,2467,10,2016-09-06,2026-09-07,03:45,0,0,0,10,10,,,8.81,1
2026-09-07T14:54:53,SUMMITSEC.NS,NSE_EQ|INE519C01017,nse_equity,SUCCESS,2477,2477,2467,10,2016-09-06,2026-09-07,03:45,0,0,0,10,10,,,10.46,1
2026-09-07T14:54:54,SUNDARMFIN.NS,NSE_EQ|INE660A01013,nse_equity,SUCCESS,2477,2477,2467,10,2016-09-06,2026-09-07,03:45,0,0,0,10,10,,,10.00,1
2026-09-07T14:54:54,SUNDRMFAST.NS,NSE_EQ|INE387A01021,nse_equity,SUCCESS,2477,2477,2467,10,2016-09-06,2026-09-07,03:45,0,0,0,10,9,,,8.55,1
2026-09-07T14:54:55,SUNDROP.NS,NSE_EQ|INE209A01019,nse_equity,SUCCESS,2477,2477,2467,10,2016-09-06,2026-09-07,03:45,0,0,0,10,10,,,8.95,1
2026-09-07T14:54:58,SUNFLAG.NS,NSE_EQ|INE947A01014,nse_equity,SUCCESS,2477,2477,2467,10,2016-09-06,2026-09-07,03:45,0,0,0,10,10,,,9.59,1
2026-09-07T14:54:58,SUNLOC.NS,NSE_EQ|INE671C01016,nse_equity,SUCCESS,14,14,5,9,2026-08-17,2026-09-07,03:45,0,0,0,9,9,,,9.56,1
2026-09-07T14:54:59,SUNPHARMA.NS,NSE_EQ|INE044A01036,nse_equity,SUCCESS,2477,2477,2391,86,2016-09-06,2026-09-07,03:45,0,0,0,86,84,,,10.91,1
2026-09-07T14:54:59,SUNRAKSHAK.NS,NSE_EQ|INE671K01027,nse_equity,SUCCESS,16,16,6,10,2026-08-17,2026-09-07,03:45,0,0,0,10,10,,,10.91,1
2026-09-07T14:54:59,SUPREMEINF.NS,NSE_EQ|INE550H01011,nse_equity,ERROR,2291,0,0,0,,,03:45,0,1,0,10,10,ValidationError,session date 2025-04-26 is a weekend,8.72,1
2026-09-07T14:54:59,SUNSHINE.NS,NSE_EQ|INE1B3O01011,nse_equity,SUCCESS,10,10,1,9,2026-08-25,2026-09-07,03:45,0,0,0,9,9,,,11.13,1
2026-09-07T14:54:59,SUNSHIEL.NS,NSE_EQ|INE199E01014,nse_equity,SUCCESS,16,16,6,10,2026-08-17,2026-09-07,03:45,0,0,0,10,10,,,11.13,1
2026-09-07T14:55:00,SUNTECK.NS,NSE_EQ|INE805D01034,nse_equity,SUCCESS,2477,2477,2467,10,2016-09-06,2026-09-07,03:45,0,0,0,10,10,,,11.46,1
2026-09-07T14:55:00,SUPERHOUSE.NS,NSE_EQ|INE712B01010,nse_equity,SUCCESS,2477,2477,2467,10,2016-09-06,2026-09-07,03:45,0,0,0,10,10,,,11.09,1
2026-09-07T14:55:00,SUNTV.NS,NSE_EQ|INE424H01027,nse_equity,SUCCESS,2477,2477,2467,10,2016-09-06,2026-09-07,03:45,0,0,0,10,10,,,11.70,1
2026-09-07T14:55:00,SUPRAJIT.NS,NSE_EQ|INE399C01030,nse_equity,SUCCESS,2477,2477,2467,10,2016-09-06,2026-09-07,03:45,0,0,0,10,10,,,11.08,1
2026-09-07T14:55:01,SUPREME.NS,NSE_EQ|INE822E01011,nse_equity,SUCCESS,394,394,384,10,2025-02-03,2026-09-07,03:45,0,0,0,10,10,,,10.78,1
2026-09-07T14:55:02,SUPREMEIND.NS,NSE_EQ|INE195A01028,nse_equity,SUCCESS,2477,2477,2467,10,2016-09-06,2026-09-07,03:45,0,0,0,10,10,,,11.03,1
2026-09-07T14:55:02,SUPRIYA.NS,NSE_EQ|INE07RO01027,nse_equity,SUCCESS,1165,1165,1155,10,2021-12-28,2026-09-07,03:45,0,0,0,10,10,,,10.26,1
2026-09-07T14:55:03,SUPTANERY.NS,NSE_EQ|INE460D01038,nse_equity,SUCCESS,16,16,6,10,2026-08-17,2026-09-07,03:45,0,0,0,10,10,,,9.58,1
2026-09-07T14:55:03,SURAJEST.NS,NSE_EQ|INE843S01025,nse_equity,SUCCESS,671,671,661,10,2023-12-26,2026-09-07,03:45,0,0,0,10,10,,,9.43,1
2026-09-07T14:55:03,SURAJLTD.NS,NSE_EQ|INE713C01016,nse_equity,SUCCESS,502,502,492,10,2024-08-29,2026-09-07,03:45,0,0,0,10,10,,,10.11,1
2026-09-07T14:55:05,SURAKSHA.NS,NSE_EQ|INE877V01027,nse_equity,SUCCESS,435,435,425,10,2024-12-06,2026-09-07,03:45,0,0,0,10,9,,,10.25,1
2026-09-07T14:55:05,SUYOG.NS,NSE_EQ|INE442P01014,nse_equity,ERROR,511,0,0,0,,,03:45,0,1,0,10,10,ValidationError,session date 2025-04-26 is a weekend,5.76,1
2026-09-07T14:55:07,SURANASOL.NS,NSE_EQ|INE272L01022,nse_equity,SUCCESS,2477,2477,2467,10,2016-09-06,2026-09-07,03:45,0,0,0,10,10,,,12.51,1
2026-09-07T14:55:07,SURANAT&P.NS,NSE_EQ|INE130B01031,nse_equity,SUCCESS,2478,2478,2468,10,2016-09-06,2026-09-07,03:45,0,0,0,10,10,,,11.79,1
2026-09-07T14:55:08,SVPGLOB.NS,NSE_EQ|INE308E01029,nse_equity,ERROR,1278,0,0,0,,,03:45,0,1,0,10,10,ValidationError,session date 2025-04-26 is a weekend,7.52,1
2026-09-07T14:55:08,SURYALA.NS,NSE_EQ|INE132C01027,nse_equity,SUCCESS,98,98,88,10,2026-04-20,2026-09-07,03:45,0,0,0,10,10,,,10.32,1
2026-09-07T14:55:08,SURYALAXMI.NS,NSE_EQ|INE713B01026,nse_equity,SUCCESS,2477,2477,2467,10,2016-09-06,2026-09-07,03:45,0,0,0,10,10,,,9.82,1
2026-09-07T14:55:08,SUVEN.NS,NSE_EQ|INE495B01038,nse_equity,SUCCESS,2477,2477,2467,10,2016-09-06,2026-09-07,03:45,0,0,0,10,10,,,8.88,1
2026-09-07T14:55:09,SURYODAY.NS,NSE_EQ|INE428Q01011,nse_equity,SUCCESS,1758,1758,1748,10,2016-09-06,2026-09-07,03:45,0,0,0,10,10,,,9.80,1
2026-09-07T14:55:10,SUVIDHAA.NS,NSE_EQ|INE018401013,nse_equity,SUCCESS,1349,1349,1339,10,2021-03-31,2026-09-07,03:45,0,0,0,10,10,,,10.47,1
2026-09-07T14:55:10,SVGLOBAL.NS,NSE_EQ|INE159L01013,nse_equity,SUCCESS,16,16,6,10,2026-08-17,2026-09-07,03:45,0,0,0,10,10,,,10.63,1
2026-09-07T14:55:10,SURYAROSNI.NS,NSE_EQ|INE335A01020,nse_equity,SUCCESS,2477,2477,2467,10,2016-09-06,2026-09-07,03:45,0,0,0,10,10,,,11.23,1
2026-09-07T14:55:11,SUZLON.NS,NSE_EQ|INE040H01021,nse_equity,SUCCESS,2477,2477,2467,10,2016-09-06,2026-09-07,03:45,0,0,0,10,10,,,10.93,1
2026-09-07T14:55:11,SWANCORP.NS,NSE_EQ|INE665A01038,nse_equity,SUCCESS,2477,2477,2467,10,2016-09-06,2026-09-07,03:45,0,0,0,10,10,,,10.65,1
2026-09-07T14:55:12,SWARAJ.NS,NSE_EQ|INE0GMR01016,nse_equity,SUCCESS,1053,1053,1043,10,2022-03-28,2026-09-07,03:45,0,0,0,10,10,,,10.83,1
2026-09-07T14:55:13,SWARAJENG.NS,NSE_EQ|INE277A01016,nse_equity,SUCCESS,2477,2477,2467,10,2016-09-06,2026-09-07,03:45,0,0,0,10,10,,,11.22,1
2026-09-07T14:55:13,SWARNSAR.NS,NSE_EQ|INE967A01012,nse_equity,SUCCESS,16,16,6,10,2026-08-17,2026-09-07,03:45,0,0,0,10,10,,,11.16,1
2026-09-07T14:55:13,SWIGGY.NS,NSE_EQ|INE00H001014,nse_equity,SUCCESS,450,450,439,11,2024-11-13,2026-09-07,03:45,0,0,0,11,11,,,10.71,1
2026-09-07T14:55:14,SWELECTES.NS,NSE_EQ|INE409B01013,nse_equity,SUCCESS,2477,2477,2467,10,2016-09-06,2026-09-07,03:45,0,0,0,10,10,,,10.86,1
2026-09-07T14:55:14,SWISSMLTRY.NS,NSE_EQ|INE010C01025,nse_equity,SUCCESS,16,16,6,10,2026-08-17,2026-09-07,03:45,0,0,0,10,10,,,10.56,1
2026-09-07T14:55:16,SYMBIOTEC.NS,NSE_EQ|INE899I01028,nse_equity,SUCCESS,5,5,0,5,2026-09-01,2026-09-07,03:45,0,0,0,5,5,,,10.68,1
2026-09-07T14:55:16,SWSOLAR.NS,NSE_EQ|INE00M201021,nse_equity,SUCCESS,1750,1750,1740,10,2019-08-20,2026-09-07,03:45,0,0,0,10,10,,,11.75,1
2026-09-07T14:55:18,TAKE.NS,NSE_EQ|INE142I01023,nse_equity,ERROR,2478,0,0,0,,,03:45,0,1,0,10,10,ValidationError,session date 2025-04-26 is a weekend,7.73,1
2026-09-07T14:55:18,TARACHAND.NS,NSE_EQ|INE555Z01020,nse_equity,ERROR,1635,0,0,0,,,03:45,0,1,0,10,10,ValidationError,session date 2025-04-26 is a weekend,7.45,1
2026-09-07T14:55:18,SYNCOMF.NS,NSE_EQ|INE312C01025,nse_equity,SUCCESS,944,944,934,10,2022-11-18,2026-09-07,03:45,0,0,0,10,10,,,10.78,1
2026-09-07T14:55:18,SYRMA.NS,NSE_EQ|INE0DYJ01015,nse_equity,SUCCESS,1000,1000,990,10,2022-08-26,2026-09-07,03:45,0,0,0,10,10,,,10.31,1
2026-09-07T14:55:18,SYMPHONY.NS,NSE_EQ|INE225D01027,nse_equity,SUCCESS,2477,2477,2467,10,2016-09-06,2026-09-07,03:45,0,0,0,10,10,,,11.56,1
2026-09-07T14:55:18,SYNGENE.NS,NSE_EQ|INE398R01022,nse_equity,SUCCESS,2477,2477,2467,10,2016-09-06,2026-09-07,03:45,0,0,0,10,10,,,10.74,1
2026-09-07T14:55:19,TAINWALCHM.NS,NSE_EQ|INE123C01018,nse_equity,SUCCESS,2458,2458,2448,10,2016-09-06,2026-09-07,03:45,0,0,0,10,10,,,10.58,1
2026-09-07T14:55:19,TAALTECH.NS,NSE_EQ|INE524T01011,nse_equity,SUCCESS,98,98,88,10,2026-04-20,2026-09-07,03:45,0,0,0,10,10,,,10.79,1
2026-09-07T14:55:20,TAJGVK.NS,NSE_EQ|INE586B01026,nse_equity,SUCCESS,2477,2477,2467,10,2016-09-06,2026-09-07,03:45,0,0,0,10,10,,,10.59,1
2026-09-07T14:55:20,TARAPUR.NS,NSE_EQ|INE747K01017,nse_equity,ERROR,2028,0,0,0,,,03:45,0,1,0,10,10,ValidationError,session date 2025-04-26 is a weekend,8.00,1
2026-09-07T14:55:20,TANAA.NS,NSE_EQ|INE692C01020,nse_equity,SUCCESS,16,16,6,10,2026-08-17,2026-09-07,03:45,0,0,0,10,10,,,9.50,1
2026-09-07T14:55:20,TALBROAUTO.NS,NSE_EQ|INE187D01029,nse_equity,SUCCESS,2477,2477,2467,10,2016-09-06,2026-09-07,03:45,0,0,0,10,9,,,9.98,1
2026-09-07T14:55:21,TANLA.NS,NSE_EQ|INE483C01032,nse_equity,SUCCESS,2477,2477,2467,10,2016-09-06,2026-09-07,03:45,0,0,0,10,9,,,10.19,1
2026-09-07T14:55:23,TARC.NS,NSE_EQ|INE0EK901012,nse_equity,SUCCESS,1426,1426,1416,10,2018-03-05,2026-09-07,03:45,0,0,0,10,10,,,9.80,1
2026-09-07T14:55:24,TARIL.NS,NSE_EQ|INE763I01026,nse_equity,SUCCESS,2477,2477,2467,10,2016-09-06,2026-09-07,03:45,0,0,0,10,10,,,10.86,1
2026-09-07T14:55:24,TARMAT.NS,NSE_EQ|INE924H01018,nse_equity,SUCCESS,2476,2476,2466,10,2016-09-06,2026-09-07,03:45,0,0,0,10,10,,,10.48,1
2026-09-07T14:55:25,TARSONS.NS,NSE_EQ|INE144Z01023,nse_equity,SUCCESS,1187,1187,1177,10,2021-11-26,2026-09-07,03:45,0,0,0,10,10,,,11.51,1
2026-09-07T14:55:26,TASTYBITE.NS,NSE_EQ|INE488B01017,nse_equity,SUCCESS,2343,2343,2333,10,2017-03-23,2026-09-07,03:45,0,0,0,10,9,,,11.37,1
2026-09-07T14:55:28,TATACAP.NS,NSE_EQ|INE976I01016,nse_equity,SUCCESS,224,224,214,10,2025-10-13,2026-09-07,03:45,0,0,0,10,10,,,11.63,1
2026-09-07T14:55:29,TATACHEM.NS,NSE_EQ|INE092A01019,nse_equity,SUCCESS,2477,2477,2467,10,2016-09-06,2026-09-07,03:45,0,0,0,10,10,,,13.03,1
2026-09-07T14:55:30,TATAELXSI.NS,NSE_EQ|INE670A01012,nse_equity,SUCCESS,2477,2477,2391,86,2016-09-06,2026-09-07,03:45,0,0,0,86,84,,,12.02,1
2026-09-07T14:55:30,TATAINVEST.NS,NSE_EQ|INE672A01026,nse_equity,SUCCESS,2477,2477,2467,10,2016-09-06,2026-09-07,03:45,0,0,0,10,10,,,12.02,1
2026-09-07T14:55:30,TATACOMM.NS,NSE_EQ|INE151A01013,nse_equity,SUCCESS,2477,2477,2467,10,2016-09-06,2026-09-07,03:45,0,0,0,10,10,,,12.43,1
2026-09-07T14:55:30,TATACONSUM.NS,NSE_EQ|INE192A01025,nse_equity,SUCCESS,2477,2477,2467,10,2016-09-06,2026-09-07,03:45,0,0,0,10,10,,,12.13,1
2026-09-07T14:55:31,TATATECH.NS,NSE_EQ|INE142M01025,nse_equity,SUCCESS,688,688,678,10,2023-11-30,2026-09-07,03:45,0,0,0,10,10,,,12.03,1
2026-09-07T14:55:31,TATASTEEL.NS,NSE_EQ|INE081A01020,nse_equity,SUCCESS,2477,2477,2466,11,2016-09-06,2026-09-07,03:45,0,0,0,11,11,,,12.42,1
2026-09-07T14:55:32,TATSILV.NS,NSE_EQ|INF277KA1984,nse_equity,SUCCESS,655,655,645,10,2024-01-17,2026-09-07,03:45,0,0,0,10,10,,,12.76,1
2026-09-07T14:55:32,TATAPOWER.NS,NSE_EQ|INE245A01021,nse_equity,SUCCESS,2477,2477,2467,10,2016-09-06,2026-09-07,03:45,0,0,0,10,10,,,13.32,1
2026-09-07T14:55:32,TBOTEK.NS,NSE_EQ|INE673O01025,nse_equity,SUCCESS,576,576,566,10,2024-05-15,2026-09-07,03:45,0,0,0,10,10,,,12.10,1
2026-09-07T14:55:33,TATVA.NS,NSE_EQ|INE0GK401011,nse_equity,SUCCESS,1268,1268,1258,10,2021-07-29,2026-09-07,03:45,0,0,0,10,10,,,12.98,1
2026-09-07T14:55:33,TBZ.NS,NSE_EQ|INE760L01018,nse_equity,SUCCESS,2477,2477,2467,10,2016-09-06,2026-09-07,03:45,0,0,0,10,10,,,13.34,1
2026-09-07T14:55:33,TCC.NS,NSE_EQ|INE887D01024,nse_equity,SUCCESS,131,131,131,0,2026-02-25,2026-09-07,03:45,0,0,0,0,0,,,13.05,1
2026-09-07T14:55:34,TCI.NS,NSE_EQ|INE688A01022,nse_equity,SUCCESS,2477,2477,2467,10,2016-09-06,2026-09-07,03:45,0,0,0,10,10,,,12.74,1
2026-09-07T14:55:35,TCIEXP.NS,NSE_EQ|INE586V01016,nse_equity,SUCCESS,2410,2410,2400,10,2016-12-15,2026-09-07,03:45,0,0,0,10,10,,,12.48,1
2026-09-07T14:55:36,TCS.NS,NSE_EQ|INE467B01029,nse_equity,SUCCESS,2477,2477,0,2477,2016-09-06,2026-09-07,03:45,0,0,0,2477,2475,,,11.70,1
2026-09-07T14:55:36,TCPLPACK.NS,NSE_EQ|INE822C01015,nse_equity,SUCCESS,2202,2202,2192,10,2017-10-17,2026-09-07,03:45,0,0,0,10,10,,,12.04,1
2026-09-07T14:55:38,TEAMGTY.NS,NSE_EQ|INE289C01025,nse_equity,SUCCESS,2420,2420,2410,10,2016-09-06,2026-09-07,03:45,0,0,0,10,10,,,12.11,1
2026-09-07T14:55:38,TDPOWERSYS.NS,NSE_EQ|INE419M01035,nse_equity,SUCCESS,2477,2477,2467,10,2016-09-06,2026-09-07,03:45,0,0,0,10,10,,,13.33,1
2026-09-07T14:55:39,TEAMLEASE.NS,NSE_EQ|INE985S01024,nse_equity,SUCCESS,2477,2477,2467,10,2016-09-06,2026-09-07,03:45,0,0,0,10,10,,,11.33,1
2026-09-07T14:55:43,TECHNOCRAF.NS,NSE_EQ|INE1D0W01018,nse_equity,SUCCESS,17,17,7,10,2026-08-14,2026-09-07,03:45,0,0,0,10,10,,,12.17,1
2026-09-07T14:55:43,TECH.NS,NSE_EQ|INF209KB11D8,nse_equity,SUCCESS,1202,1202,1192,10,2021-11-03,2026-09-07,03:45,0,0,0,10,10,,,13.66,1
2026-09-07T14:55:43,TECHNVISN.NS,NSE_EQ|INE314H01012,nse_equity,SUCCESS,97,97,87,10,2026-04-21,2026-09-07,03:45,0,0,0,10,10,,,12.71,1
2026-09-07T14:55:43,TECHM.NS,NSE_EQ|INE669C01036,nse_equity,SUCCESS,2479,2479,2468,11,2016-09-06,2026-09-07,03:45,0,0,0,11,11,,,12.89,1
2026-09-07T14:55:43,TECHNOE.NS,NSE_EQ|INE285K01026,nse_equity,SUCCESS,1915,1915,1905,10,2018-12-18,2026-09-07,03:45,0,0,0,10,9,,,13.00,1
2026-09-07T14:55:44,TERASOFT.NS,NSE_EQ|INE482B01010,nse_equity,ERROR,2401,0,0,0,,,03:45,0,1,0,10,10,ValidationError,session date 2025-04-26 is a weekend,10.54,1
2026-09-07T14:55:44,TEMPSENS.NS,NSE_EQ|INE1KZI01025,nse_equity,SUCCESS,7,7,0,7,2026-08-28,2026-09-07,03:45,0,0,0,7,7,,,11.99,1
2026-09-07T14:55:44,TECILCHEM.NS,NSE_EQ|INE014B01011,nse_equity,SUCCESS,789,789,779,10,2023-04-20,2026-09-07,03:45,0,0,0,10,10,,,12.59,1
2026-09-07T14:55:44,TEGA.NS,NSE_EQ|INE011K01018,nse_equity,SUCCESS,1176,1176,1166,10,2021-12-13,2026-09-07,03:45,0,0,0,10,10,,,12.59,1
2026-09-07T14:55:44,TEMBO.NS,NSE_EQ|INE869Y01028,nse_equity,SUCCESS,1572,1572,1562,10,2018-06-06,2026-09-07,03:45,0,0,0,10,10,,,12.25,1
2026-09-07T14:55:44,TEJASNET.NS,NSE_EQ|INE010J01012,nse_equity,SUCCESS,2279,2279,2268,11,2017-06-27,2026-09-07,03:45,0,0,0,11,11,,,12.52,1
2026-09-07T14:55:45,TENNIND.NS,NSE_EQ|INE19RI01016,nse_equity,SUCCESS,199,199,189,10,2025-11-19,2026-09-07,03:45,0,0,0,10,10,,,12.15,1
2026-09-07T14:55:45,TERAI.NS,NSE_EQ|INE390D01011,nse_equity,SUCCESS,13,13,4,9,2026-08-17,2026-09-07,03:45,0,0,0,9,9,,,11.86,1
2026-09-07T14:55:46,TEXINFRA.NS,NSE_EQ|INE435C01024,nse_equity,SUCCESS,2477,2477,2467,10,2016-09-06,2026-09-07,03:45,0,0,0,10,10,,,12.12,1
2026-09-07T14:55:47,TEXMOPIPES.NS,NSE_EQ|INE141K01013,nse_equity,SUCCESS,2477,2477,2467,10,2016-09-06,2026-09-07,03:45,0,0,0,10,10,,,12.11,1
2026-09-07T14:55:50,TEXRAIL.NS,NSE_EQ|INE621L01012,nse_equity,SUCCESS,2477,2477,2467,10,2016-09-06,2026-09-07,03:45,0,0,0,10,10,,,14.28,1
2026-09-07T14:55:50,TGVSL.NS,NSE_EQ|INE284B01028,nse_equity,SUCCESS,16,16,6,10,2026-08-17,2026-09-07,03:45,0,0,0,10,10,,,10.37,1
2026-09-07T14:55:50,TFL.NS,NSE_EQ|INE804H01012,nse_equity,SUCCESS,2397,2397,2387,10,2016-09-06,2026-09-07,03:45,0,0,0,10,10,,,12.09,1
2026-09-07T14:55:50,TFCILTD.NS,NSE_EQ|INE305A01023,nse_equity,SUCCESS,2477,2477,2467,10,2016-09-06,2026-09-07,03:45,0,0,0,10,10,,,13.90,1
2026-09-07T14:55:50,TGBHOTELS.NS,NSE_EQ|INE797H01018,nse_equity,SUCCESS,2475,2475,2465,10,2016-09-06,2026-09-07,03:45,0,0,0,10,10,,,11.93,1
2026-09-07T14:55:51,THOMASCOTT.NS,NSE_EQ|INE480M01011,nse_equity,ERROR,1985,0,0,0,,,03:45,0,1,0,10,10,ValidationError,session date 2025-04-26 is a weekend,6.36,1
2026-09-07T14:55:51,THACKER.NS,NSE_EQ|INE077P01034,nse_equity,SUCCESS,89,89,89,0,2026-04-20,2026-09-07,03:45,0,0,0,0,0,,,7.65,1
2026-09-07T14:55:51,THAKDEV.NS,NSE_EQ|INE403F01017,nse_equity,SUCCESS,81,81,72,9,2026-04-21,2026-09-07,03:45,0,0,0,9,9,,,8.10,1
2026-09-07T14:55:51,THEINVEST.NS,NSE_EQ|INE924D01017,nse_equity,SUCCESS,2253,2253,2243,10,2017-08-02,2026-09-07,03:45,0,0,0,10,10,,,7.93,1
2026-09-07T14:55:52,THANGAMAYL.NS,NSE_EQ|INE085J01014,nse_equity,SUCCESS,2477,2477,2467,10,2016-09-06,2026-09-07,03:45,0,0,0,10,10,,,8.61,1
2026-09-07T14:55:54,THELEELA.NS,NSE_EQ|INE0AQ201015,nse_equity,SUCCESS,316,316,306,10,2025-06-02,2026-09-07,03:45,0,0,0,10,10,,,9.84,1
2026-09-07T14:55:54,THEJO.NS,NSE_EQ|INE121N01019,nse_equity,SUCCESS,1896,1896,1886,10,2016-09-09,2026-09-07,03:45,0,0,0,10,10,,,10.27,1
2026-09-07T14:55:54,THOMASCOOK.NS,NSE_EQ|INE332A01027,nse_equity,SUCCESS,2476,2476,2466,10,2016-09-06,2026-09-07,03:45,0,0,0,10,10,,,10.12,1
2026-09-07T14:55:54,THERMAX.NS,NSE_EQ|INE152A01029,nse_equity,SUCCESS,2477,2477,2467,10,2016-09-06,2026-09-07,03:45,0,0,0,10,10,,,10.41,1
2026-09-07T14:55:54,THEMISMED.NS,NSE_EQ|INE083B01024,nse_equity,SUCCESS,2474,2474,2464,10,2016-09-06,2026-09-07,03:45,0,0,0,10,10,,,10.43,1
2026-09-07T14:55:55,THYROCARE.NS,NSE_EQ|INE594H01019,nse_equity,SUCCESS,2477,2477,2467,10,2016-09-06,2026-09-07,03:45,0,0,0,10,9,,,10.71,1
2026-09-07T14:55:55,TI.NS,NSE_EQ|INE133E01013,nse_equity,SUCCESS,2477,2477,2467,10,2016-09-06,2026-09-07,03:45,0,0,0,10,10,,,10.09,1
2026-09-07T14:55:55,TIGERLOGS.NS,NSE_EQ|INE906O01029,nse_equity,SUCCESS,240,240,230,10,2025-09-18,2026-09-07,03:45,0,0,0,10,10,,,10.11,1
2026-09-07T14:55:56,TIIL.NS,NSE_EQ|INE545H01011,nse_equity,SUCCESS,2477,2477,2467,10,2016-09-06,2026-09-07,03:45,0,0,0,10,10,,,10.38,1
2026-09-07T14:55:57,TIJARIA.NS,NSE_EQ|INE440L01017,nse_equity,ERROR,2475,0,0,0,,,03:45,0,1,0,10,10,ValidationError,session date 2025-04-26 is a weekend,6.81,1
2026-09-07T14:55:57,TIINDIA.NS,NSE_EQ|INE974X01010,nse_equity,SUCCESS,2192,2192,2182,10,2017-11-02,2026-09-07,03:45,0,0,0,10,10,,,9.77,1
2026-09-07T14:55:58,TIMEX.NS,NSE_EQ|INE064A01026,nse_equity,SUCCESS,98,98,88,10,2026-04-20,2026-09-07,03:45,0,0,0,10,10,,,8.31,1
2026-09-07T14:55:59,TIPSFILMS.NS,NSE_EQ|INE0LQS01015,nse_equity,SUCCESS,973,973,963,10,2022-10-06,2026-09-07,03:45,0,0,0,10,10,,,8.34,1
2026-09-07T14:55:59,TINNARUBR.NS,NSE_EQ|INE015C01016,nse_equity,SUCCESS,346,346,336,10,2025-04-17,2026-09-07,03:45,0,0,0,10,10,,,8.93,1
2026-09-07T14:55:59,TIMETECHNO.NS,NSE_EQ|INE508G01029,nse_equity,SUCCESS,2477,2477,2467,10,2016-09-06,2026-09-07,03:45,0,0,0,10,10,,,9.45,1
2026-09-07T14:55:59,TIMKEN.NS,NSE_EQ|INE325A01013,nse_equity,SUCCESS,2477,2477,2467,10,2016-09-06,2026-09-07,03:45,0,0,0,10,10,,,9.39,1
2026-09-07T14:56:04,TIPSMUSIC.NS,NSE_EQ|INE716B01029,nse_equity,SUCCESS,2475,2475,2465,10,2016-09-06,2026-09-07,03:45,0,0,0,10,9,,,12.69,1
2026-09-07T14:56:04,TITAGARH.NS,NSE_EQ|INE615H01020,nse_equity,SUCCESS,2477,2477,2467,10,2016-09-06,2026-09-07,03:45,0,0,0,10,10,,,12.45,1
2026-09-07T14:56:04,TIRUMALCHM.NS,NSE_EQ|INE338A01024,nse_equity,SUCCESS,2477,2477,2467,10,2016-09-06,2026-09-07,03:45,0,0,0,10,10,,,12.53,1
2026-09-07T14:56:06,TMCV.NS,NSE_EQ|INE1TAE01010,nse_equity,SUCCESS,204,204,193,11,2025-11-12,2026-09-07,03:45,0,0,0,11,11,,,11.72,1
2026-09-07T14:56:06,TMB.NS,NSE_EQ|INE668A01016,nse_equity,SUCCESS,987,987,977,10,2022-09-15,2026-09-07,03:45,0,0,0,10,9,,,11.72,1
2026-09-07T14:56:06,TNTELE.NS,NSE_EQ|INE141D01018,nse_equity,SUCCESS,2121,2121,2111,10,2016-09-06,2026-09-07,03:45,0,0,0,10,10,,,10.77,1
2026-09-07T14:56:06,TITAN.NS,NSE_EQ|INE280A01028,nse_equity,SUCCESS,2477,2477,2466,11,2016-09-06,2026-09-07,03:45,0,0,0,11,11,,,13.73,1
2026-09-07T14:56:06,TOKYOPLAST.NS,NSE_EQ|INE932C01012,nse_equity,SUCCESS,2477,2477,2467,10,2016-09-06,2026-09-07,03:45,0,0,0,10,10,,,10.98,1
2026-09-07T14:56:06,TNPL.NS,NSE_EQ|INE107A01015,nse_equity,SUCCESS,2477,2477,2467,10,2016-09-06,2026-09-07,03:45,0,0,0,10,10,,,12.07,1
2026-09-07T14:56:07,TMPV.NS,NSE_EQ|INE155A01022,nse_equity,SUCCESS,2477,2477,2467,10,2016-09-06,2026-09-07,03:45,0,0,0,10,10,,,12.51,1
2026-09-07T14:56:07,TNPETRO.NS,NSE_EQ|INE148A01019,nse_equity,SUCCESS,2477,2477,2467,10,2016-09-06,2026-09-07,03:45,0,0,0,10,10,,,12.41,1
2026-09-07T14:56:07,TOLINS.NS,NSE_EQ|INE0RWQ01014,nse_equity,SUCCESS,491,491,481,10,2024-09-16,2026-09-07,03:45,0,0,0,10,10,,,11.67,1
2026-09-07T14:56:07,TOP100CASE.NS,NSE_EQ|INF0R8F01067,nse_equity,SUCCESS,552,552,542,10,2024-06-19,2026-09-07,03:45,0,0,0,10,10,,,11.26,1
2026-09-07T14:56:08,TOP10ADD.NS,NSE_EQ|INF740KA1UR9,nse_equity,SUCCESS,494,494,484,10,2024-09-11,2026-09-07,03:45,0,0,0,10,10,,,10.82,1
2026-09-07T14:56:09,TOP20.NS,NSE_EQ|INF769K01PZ5,nse_equity,SUCCESS,177,177,167,10,2025-12-19,2026-09-07,03:45,0,0,0,10,10,,,11.90,1
2026-09-07T14:56:10,TORNTPHARM.NS,NSE_EQ|INE685A01028,nse_equity,SUCCESS,2477,2477,2467,10,2016-09-06,2026-09-07,03:45,0,0,0,10,10,,,11.91,1
2026-09-07T14:56:11,TOYAMSL.NS,NSE_EQ|INE457P01020,nse_equity,SUCCESS,16,16,6,10,2026-08-17,2026-09-07,03:45,0,0,0,10,10,,,11.27,1
2026-09-07T14:56:11,TORNTPOWER.NS,NSE_EQ|INE813H01021,nse_equity,SUCCESS,2477,2477,2467,10,2016-09-06,2026-09-07,03:45,0,0,0,10,10,,,11.59,1
2026-09-07T14:56:12,TOTAL.NS,NSE_EQ|INE336X01012,nse_equity,SUCCESS,1960,1960,1950,10,2017-08-07,2026-09-07,03:45,0,0,0,10,10,,,13.05,1
2026-09-07T14:56:13,TOUCHWOOD.NS,NSE_EQ|INE486Y01013,nse_equity,SUCCESS,1929,1929,1919,10,2017-12-21,2026-09-07,03:45,0,0,0,10,10,,,13.15,1
2026-09-07T14:56:13,TPHQ.NS,NSE_EQ|INE065J01024,nse_equity,SUCCESS,1252,1252,1242,10,2016-09-06,2026-09-07,03:45,0,0,0,10,10,,,9.02,1
2026-09-07T14:56:13,TPLPLASTEH.NS,NSE_EQ|INE413G01022,nse_equity,SUCCESS,2477,2477,2467,10,2016-09-06,2026-09-07,03:45,0,0,0,10,10,,,8.81,1
2026-09-07T14:56:14,TRANSCOR.NS,NSE_EQ|INE330E01023,nse_equity,SUCCESS,16,16,6,10,2026-08-17,2026-09-07,03:45,0,0,0,10,10,,,8.21,1
2026-09-07T14:56:15,TRAVELFOOD.NS,NSE_EQ|INE103V01028,nse_equity,SUCCESS,286,286,276,10,2025-07-14,2026-09-07,03:45,0,0,0,10,9,,,8.69,1
2026-09-07T14:56:15,TRANSRAILL.NS,NSE_EQ|INE454P01035,nse_equity,SUCCESS,421,421,411,10,2024-12-27,2026-09-07,03:45,0,0,0,10,10,,,8.84,1
2026-09-07T14:56:15,TRACXN.NS,NSE_EQ|INE0HMF01019,nse_equity,SUCCESS,963,963,953,10,2022-10-20,2026-09-07,03:45,0,0,0,10,10,,,10.44,1
2026-09-07T14:56:16,TREL.NS,NSE_EQ|INE0O3901029,nse_equity,SUCCESS,763,763,753,10,2023-08-10,2026-09-07,03:45,0,0,0,10,10,,,9.34,1
2026-09-07T14:56:16,TREJHARA.NS,NSE_EQ|INE00CA01015,nse_equity,SUCCESS,1897,1897,1887,10,2019-01-11,2026-09-07,03:45,0,0,0,10,10,,,9.83,1
2026-09-07T14:56:16,TREEHOUSE.NS,NSE_EQ|INE040M01013,nse_equity,SUCCESS,2451,2451,2441,10,2016-09-06,2026-09-07,03:45,0,0,0,10,10,,,9.86,1
2026-09-07T14:56:17,TRF.NS,NSE_EQ|INE391D01019,nse_equity,SUCCESS,2439,2439,2429,10,2016-09-06,2026-09-07,03:45,0,0,0,10,10,,,10.18,1
2026-09-07T14:56:18,TRENT.NS,NSE_EQ|INE849A01020,nse_equity,SUCCESS,2477,2477,2467,10,2016-09-06,2026-09-07,03:45,0,0,0,10,10,,,10.80,1
2026-09-07T14:56:19,TRIDENT.NS,NSE_EQ|INE064C01022,nse_equity,SUCCESS,2477,2477,2467,10,2016-09-06,2026-09-07,03:45,0,0,0,10,10,,,11.58,1
2026-09-07T14:56:19,TRITONV.NS,NSE_EQ|INE440G01017,nse_equity,SUCCESS,16,16,6,10,2026-08-17,2026-09-07,03:45,0,0,0,10,10,,,11.30,1
2026-09-07T14:56:19,TRIGYN.NS,NSE_EQ|INE948A01012,nse_equity,SUCCESS,2477,2477,2467,10,2016-09-06,2026-09-07,03:45,0,0,0,10,10,,,11.49,1
2026-09-07T14:56:19,TRU.NS,NSE_EQ|INE615R01029,nse_equity,ERROR,1042,0,0,0,,,03:45,0,1,0,10,10,ValidationError,session date 2025-04-26 is a weekend,8.08,1
2026-09-07T14:56:20,TRITURBINE.NS,NSE_EQ|INE152M01016,nse_equity,SUCCESS,2477,2477,2467,10,2016-09-06,2026-09-07,03:45,0,0,0,10,9,,,10.74,1
2026-09-07T14:56:21,TRUALT.NS,NSE_EQ|INE0MWH01014,nse_equity,SUCCESS,230,230,220,10,2025-10-03,2026-09-07,03:45,0,0,0,10,10,,,9.78,1
2026-09-07T14:56:21,TRIVENI.NS,NSE_EQ|INE256C01024,nse_equity,SUCCESS,2477,2477,2467,10,2016-09-06,2026-09-07,03:45,0,0,0,10,10,,,10.27,1
2026-09-07T14:56:25,TSFINV.NS,NSE_EQ|INE202Z01029,nse_equity,SUCCESS,2093,2093,2083,10,2018-03-27,2026-09-07,03:45,0,0,0,10,10,,,12.34,1
2026-09-07T14:56:25,TTKPRESTIG.NS,NSE_EQ|INE690A01028,nse_equity,SUCCESS,2477,2477,2467,10,2016-09-06,2026-09-07,03:45,0,0,0,10,10,,,12.49,1
2026-09-07T14:56:25,TTKHLTCARE.NS,NSE_EQ|INE910C01018,nse_equity,SUCCESS,2477,2477,2467,10,2016-09-06,2026-09-07,03:45,0,0,0,10,10,,,12.80,1
2026-09-07T14:56:26,TUTIALKA.NS,NSE_EQ|INE400A01014,nse_equity,SUCCESS,16,16,6,10,2026-08-17,2026-09-07,03:45,0,0,0,10,10,,,11.43,1
2026-09-07T14:56:26,TTL.NS,NSE_EQ|INE592B01024,nse_equity,SUCCESS,2477,2477,2467,10,2016-09-06,2026-09-07,03:45,0,0,0,10,10,,,12.84,1
2026-09-07T14:56:27,TTML.NS,NSE_EQ|INE517B01013,nse_equity,SUCCESS,2477,2477,2467,10,2016-09-06,2026-09-07,03:45,0,0,0,10,10,,,12.85,1
2026-09-07T14:56:27,TVSELECT.NS,NSE_EQ|INE236G01019,nse_equity,SUCCESS,2477,2477,2467,10,2016-09-06,2026-09-07,03:45,0,0,0,10,10,,,12.20,1
2026-09-07T14:56:27,TURTLEMINT.NS,NSE_EQ|INE0OC301013,nse_equity,SUCCESS,51,51,41,10,2026-06-29,2026-09-07,03:45,0,0,0,10,10,,,12.32,1
2026-09-07T14:56:28,TVSMOTOR.NS,NSE_EQ|INE494B01023,nse_equity,SUCCESS,2477,2477,2466,11,2016-09-06,2026-09-07,03:45,0,0,0,11,11,,,11.99,1
2026-09-07T14:56:29,TVSHLTD.NS,NSE_EQ|INE105A01035,nse_equity,SUCCESS,2473,2473,2463,10,2016-09-06,2026-09-07,03:45,0,0,0,10,10,,,12.64,1
2026-09-07T14:56:29,TVSSCS.NS,NSE_EQ|INE395N01027,nse_equity,SUCCESS,755,755,745,10,2023-08-23,2026-09-07,03:45,0,0,0,10,10,,,12.07,1
2026-09-07T14:56:29,TVSSRICHAK.NS,NSE_EQ|INE421C01016,nse_equity,SUCCESS,2477,2477,2467,10,2016-09-06,2026-09-07,03:45,0,0,0,10,10,,,12.16,1
2026-09-07T14:56:30,TVTODAY.NS,NSE_EQ|INE038F01029,nse_equity,SUCCESS,2477,2477,2467,10,2016-09-06,2026-09-07,03:45,0,0,0,10,10,,,12.73,1
2026-09-07T14:56:31,UBL.NS,NSE_EQ|INE686F01025,nse_equity,SUCCESS,2477,2477,2467,10,2016-09-06,2026-09-07,03:45,0,0,0,10,9,,,12.14,1
2026-09-07T14:56:31,UDAYJEW.NS,NSE_EQ|INE551B01012,nse_equity,SUCCESS,16,16,6,10,2026-08-17,2026-09-07,03:45,0,0,0,10,10,,,12.03,1
2026-09-07T14:56:31,UCAL.NS,NSE_EQ|INE139B01016,nse_equity,SUCCESS,2477,2477,2467,10,2016-09-06,2026-09-07,03:45,0,0,0,10,10,,,12.26,1
2026-09-07T14:56:32,UCOBANK.NS,NSE_EQ|INE691A01018,nse_equity,SUCCESS,2477,2477,2467,10,2016-09-06,2026-09-07,03:45,0,0,0,10,10,,,12.58,1
2026-09-07T14:56:32,UDS.NS,NSE_EQ|INE851I01011,nse_equity,SUCCESS,727,727,717,10,2023-10-04,2026-09-07,03:45,0,0,0,10,10,,,12.26,1
2026-09-07T14:56:37,UNIINFO.NS,NSE_EQ|INE481Z01011,nse_equity,ERROR,1783,0,0,0,,,03:45,0,1,0,10,10,ValidationError,session date 2025-04-26 is a weekend,7.56,1
2026-09-07T14:56:42,UEL.NS,NSE_EQ|INE899L01030,nse_equity,SUCCESS,302,302,292,10,2024-04-16,2026-09-07,03:45,0,0,0,10,10,,,21.51,1
2026-09-07T14:56:48,UFO.NS,NSE_EQ|INE527H01019,nse_equity,SUCCESS,2477,2477,2467,10,2016-09-06,2026-09-07,03:45,0,0,0,10,10,,,22.80,1
2026-09-07T14:56:49,ULTRAMAR.NS,NSE_EQ|INE405A01021,nse_equity,SUCCESS,98,98,88,10,2026-04-20,2026-09-07,03:45,0,0,0,10,10,,,22.36,1
2026-09-07T14:56:49,UGARSUGAR.NS,NSE_EQ|INE071E01023,nse_equity,SUCCESS,2451,2451,2441,10,2016-09-06,2026-09-07,03:45,0,0,0,10,10,,,23.74,1
2026-09-07T14:56:49,UMESLTD.NS,NSE_EQ|INE240C01028,nse_equity,SUCCESS,1717,1717,1707,10,2016-12-13,2026-09-07,03:45,0,0,0,10,10,,,22.40,1
2026-09-07T14:56:49,UFLEX.NS,NSE_EQ|INE516A01017,nse_equity,SUCCESS,2477,2477,2467,10,2016-09-06,2026-09-07,03:45,0,0,0,10,9,,,28.58,1
2026-09-07T14:56:49,UGROCAP.NS,NSE_EQ|INE583D01011,nse_equity,SUCCESS,1259,1259,1249,10,2021-08-11,2026-09-07,03:45,0,0,0,10,10,,,23.86,1
2026-09-07T14:56:49,UNIECOM.NS,NSE_EQ|INE00U401027,nse_equity,SUCCESS,514,514,504,10,2024-08-13,2026-09-07,03:45,0,0,0,10,10,,,20.82,1
2026-09-07T14:56:49,UNIMECH.NS,NSE_EQ|INE0U3I01011,nse_equity,SUCCESS,419,419,409,10,2024-12-31,2026-09-07,03:45,0,0,0,10,9,,,19.03,1
2026-09-07T14:56:49,UNITEDPOLY.NS,NSE_EQ|INE368U01029,nse_equity,SUCCESS,1508,1508,1498,10,2016-09-26,2026-09-07,03:45,0,0,0,10,10,,,17.45,1
2026-09-07T14:56:49,UJJIVANSFB.NS,NSE_EQ|INE551W01018,nse_equity,SUCCESS,1674,1674,1664,10,2019-12-12,2026-09-07,03:45,0,0,0,10,10,,,23.07,1
2026-09-07T14:56:50,UNIPARTS.NS,NSE_EQ|INE244O01017,nse_equity,SUCCESS,928,928,918,10,2022-12-12,2026-09-07,03:45,0,0,0,10,9,,,18.81,1
2026-09-07T14:56:50,ULTRACEMCO.NS,NSE_EQ|INE481G01011,nse_equity,SUCCESS,2477,2477,2391,86,2016-09-06,2026-09-07,03:45,0,0,0,86,84,,,23.51,1
2026-09-07T14:56:50,UNICHEMLAB.NS,NSE_EQ|INE351A01035,nse_equity,SUCCESS,2477,2477,2467,10,2016-09-06,2026-09-07,03:45,0,0,0,10,9,,,22.15,1
2026-09-07T14:56:50,UMIYA-MRO.NS,NSE_EQ|INE398B01018,nse_equity,SUCCESS,2317,2317,2307,10,2016-09-06,2026-09-07,03:45,0,0,0,10,10,,,22.90,1
2026-09-07T14:56:50,UNITEDTEA.NS,NSE_EQ|INE458F01011,nse_equity,SUCCESS,2469,2469,2459,10,2016-09-06,2026-09-07,03:45,0,0,0,10,10,,,13.29,1
2026-09-07T14:56:50,UNIENTER.NS,NSE_EQ|INE037A01022,nse_equity,SUCCESS,2476,2476,2466,10,2016-09-06,2026-09-07,03:45,0,0,0,10,10,,,21.68,1
2026-09-07T14:56:51,UNIONBANK.NS,NSE_EQ|INE692A01016,nse_equity,SUCCESS,2477,2477,2467,10,2016-09-06,2026-09-07,03:45,0,0,0,10,10,,,19.79,1
2026-09-07T14:56:51,UNITECH.NS,NSE_EQ|INE694A01020,nse_equity,SUCCESS,2420,2420,2410,10,2016-09-06,2026-09-07,03:45,0,0,0,10,10,,,19.05,1
2026-09-07T14:56:51,UNIVCABLES.NS,NSE_EQ|INE279A01012,nse_equity,SUCCESS,2477,2477,2467,10,2016-09-06,2026-09-07,03:45,0,0,0,10,10,,,8.43,1
2026-09-07T14:56:51,UNOMINDA.NS,NSE_EQ|INE405E01023,nse_equity,SUCCESS,2477,2477,2467,10,2016-09-06,2026-09-07,03:45,0,0,0,10,10,,,3.01,1
2026-09-07T14:56:51,UNITDSPR.NS,NSE_EQ|INE854D01024,nse_equity,SUCCESS,2476,2476,2466,10,2016-09-06,2026-09-07,03:45,0,0,0,10,10,,,19.15,1
2026-09-07T14:56:51,URBANCO.NS,NSE_EQ|INE0CAZ01013,nse_equity,SUCCESS,241,241,231,10,2025-09-17,2026-09-07,03:45,0,0,0,10,10,,,1.96,1
2026-09-07T14:56:51,UPHOT.NS,NSE_EQ|INE726E01014,nse_equity,SUCCESS,10,10,4,6,2026-08-18,2026-09-07,03:45,0,0,0,6,6,,,2.21,1
2026-09-07T14:56:52,UPL.NS,NSE_EQ|INE628A01036,nse_equity,SUCCESS,2477,2477,2467,10,2016-09-06,2026-09-07,03:45,0,0,0,10,10,,,3.26,1
2026-09-07T14:56:53,USHAMART.NS,NSE_EQ|INE228A01035,nse_equity,SUCCESS,2477,2477,2467,10,2016-09-06,2026-09-07,03:45,0,0,0,10,10,,,3.64,1
2026-09-07T14:56:55,URJA.NS,NSE_EQ|INE550C01020,nse_equity,SUCCESS,2314,2314,2304,10,2017-03-28,2026-09-07,03:45,0,0,0,10,10,,,5.32,1
2026-09-07T14:56:55,UTLSOLAR.NS,NSE_EQ|INE12UR01024,nse_equity,SUCCESS,198,198,188,10,2025-11-20,2026-09-07,03:45,0,0,0,10,10,,,5.91,1
2026-09-07T14:56:55,UTKARSHBNK.NS,NSE_EQ|INE735W01017,nse_equity,SUCCESS,777,777,767,10,2023-07-21,2026-09-07,03:45,0,0,0,10,10,,,5.98,1
2026-09-07T14:56:55,USK.NS,NSE_EQ|INE0N0Y01013,nse_equity,SUCCESS,851,851,841,10,2023-04-03,2026-09-07,03:45,0,0,0,10,10,,,6.05,1
2026-09-07T14:56:55,UTIAMC.NS,NSE_EQ|INE094J01016,nse_equity,SUCCESS,1466,1466,1456,10,2020-10-12,2026-09-07,03:45,0,0,0,10,9,,,6.05,1
2026-09-07T14:56:56,UTTAMSUGAR.NS,NSE_EQ|INE786F01031,nse_equity,SUCCESS,2477,2477,2467,10,2016-09-06,2026-09-07,03:45,0,0,0,10,10,,,6.28,1
2026-09-07T14:56:58,VAIBHAVGBL.NS,NSE_EQ|INE884A01027,nse_equity,SUCCESS,2477,2477,2467,10,2016-09-06,2026-09-07,03:45,0,0,0,10,10,,,7.81,1
2026-09-07T14:56:58,V2RETAIL.NS,NSE_EQ|INE945H01021,nse_equity,SUCCESS,2477,2477,2467,10,2016-09-06,2026-09-07,03:45,0,0,0,10,10,,,8.49,1
2026-09-07T14:57:02,VAISHALI.NS,NSE_EQ|INE972X01022,nse_equity,SUCCESS,1950,1950,1940,10,2016-09-06,2026-09-07,03:45,0,0,0,10,10,,,11.35,1
2026-09-07T14:57:02,VAKRANGEE.NS,NSE_EQ|INE051B01021,nse_equity,SUCCESS,2477,2477,2467,10,2016-09-06,2026-09-07,03:45,0,0,0,10,10,,,11.00,1
2026-09-07T14:57:03,VAML.NS,NSE_EQ|INE1CDF01017,nse_equity,SUCCESS,60,60,49,11,2026-06-15,2026-09-07,03:45,0,0,0,11,11,,,12.64,1
2026-09-07T14:57:03,VADILALIND.NS,NSE_EQ|INE694D01016,nse_equity,SUCCESS,2477,2477,2467,10,2016-09-06,2026-09-07,03:45,0,0,0,10,9,,,13.31,1
2026-09-07T14:57:03,VASCONEQ.NS,NSE_EQ|INE893I01013,nse_equity,SUCCESS,2477,2477,2467,10,2016-09-06,2026-09-07,03:45,0,0,0,10,10,,,12.36,1
2026-09-07T14:57:04,VADILENT.NS,NSE_EQ|INE693D01018,nse_equity,SUCCESS,14,14,5,9,2026-08-17,2026-09-07,03:45,0,0,0,9,9,,,13.92,1
2026-09-07T14:57:04,VASUPRADA.NS,NSE_EQ|INE574G01013,nse_equity,SUCCESS,11,11,5,6,2026-08-17,2026-09-07,03:45,0,0,0,6,6,,,12.70,1
2026-09-07T14:57:04,VALIANTLAB.NS,NSE_EQ|INE0JWS01017,nse_equity,SUCCESS,725,725,715,10,2023-10-06,2026-09-07,03:45,0,0,0,10,10,,,13.35,1
2026-09-07T14:57:04,VARDMNPOLY.NS,NSE_EQ|INE835A01029,nse_equity,SUCCESS,2467,2467,2457,10,2016-09-06,2026-09-07,03:45,0,0,0,10,10,,,13.39,1
2026-09-07T14:57:04,VARROC.NS,NSE_EQ|INE665L01035,nse_equity,SUCCESS,2023,2023,2013,10,2018-07-06,2026-09-07,03:45,0,0,0,10,10,,,13.47,1
2026-09-07T14:57:04,VASWANI.NS,NSE_EQ|INE590L01019,nse_equity,SUCCESS,2475,2475,2465,10,2016-09-06,2026-09-07,03:45,0,0,0,10,10,,,11.78,1
2026-09-07T14:57:04,VBL.NS,NSE_EQ|INE200M01039,nse_equity,SUCCESS,2436,2436,2425,11,2016-11-08,2026-09-07,03:45,0,0,0,11,11,,,11.29,1
2026-09-07T14:57:07,VCL.NS,NSE_EQ|INE098201036,nse_equity,SUCCESS,1026,1026,1016,10,2022-04-19,2026-09-07,03:45,0,0,0,10,10,,,12.55,1
2026-09-07T14:57:07,VEDAVAAG.NS,NSE_EQ|INE359B01010,nse_equity,SUCCESS,16,16,6,10,2026-08-17,2026-09-07,03:45,0,0,0,10,10,,,11.95,1
2026-09-07T14:57:07,VEDPOWER.NS,NSE_EQ|INE694L01019,nse_equity,SUCCESS,60,60,50,10,2026-06-15,2026-09-07,03:45,0,0,0,10,10,,,11.95,1
2026-09-07T14:57:08,VEDL.NS,NSE_EQ|INE205A01025,nse_equity,SUCCESS,2477,2477,2466,11,2016-09-06,2026-09-07,03:45,0,0,0,11,11,,,12.65,1
2026-09-07T14:57:08,VEEDOL.NS,NSE_EQ|INE484C01030,nse_equity,SUCCESS,2477,2477,2467,10,2016-09-06,2026-09-07,03:45,0,0,0,10,10,,,12.65,1
2026-09-07T14:57:08,VENKEYS.NS,NSE_EQ|INE398A01010,nse_equity,SUCCESS,2477,2477,2467,10,2016-09-06,2026-09-07,03:45,0,0,0,10,9,,,11.96,1
2026-09-07T14:57:08,VENUSPIPES.NS,NSE_EQ|INE0JA001018,nse_equity,SUCCESS,1066,1066,1056,10,2022-05-24,2026-09-07,03:45,0,0,0,10,10,,,9.86,1
2026-09-07T14:57:09,VENTIVE.NS,NSE_EQ|INE781S01027,nse_equity,SUCCESS,420,420,410,10,2024-12-30,2026-09-07,03:45,0,0,0,10,10,,,11.02,1
2026-09-07T14:57:09,VERTOZ.NS,NSE_EQ|INE188Y01031,nse_equity,SUCCESS,287,287,277,10,2025-07-11,2026-09-07,03:45,0,0,0,10,10,,,7.43,1
2026-09-07T14:57:10,VERANDA.NS,NSE_EQ|INE0IQ001011,nse_equity,SUCCESS,1094,1094,1084,10,2022-04-11,2026-09-07,03:45,0,0,0,10,9,,,8.14,1
2026-09-07T14:57:11,VGCL.NS,NSE_EQ|INE761Q01015,nse_equity,SUCCESS,16,16,6,10,2026-08-17,2026-09-07,03:45,0,0,0,10,10,,,8.01,1
2026-09-07T14:57:14,VESUVIUS.NS,NSE_EQ|INE386A01023,nse_equity,SUCCESS,2477,2477,2467,10,2016-09-06,2026-09-07,03:45,0,0,0,10,10,,,10.31,1
2026-09-07T14:57:15,VIDHIING.NS,NSE_EQ|INE632C01026,nse_equity,SUCCESS,2477,2477,2467,10,2016-09-06,2026-09-07,03:45,0,0,0,10,10,,,10.73,1
2026-09-07T14:57:15,VHL.NS,NSE_EQ|INE701A01023,nse_equity,SUCCESS,2472,2472,2462,10,2016-09-06,2026-09-07,03:45,0,0,0,10,10,,,11.10,1
2026-09-07T14:57:15,VIDYAWIRES.NS,NSE_EQ|INE14UN01029,nse_equity,SUCCESS,184,184,174,10,2025-12-10,2026-09-07,03:45,0,0,0,10,10,,,11.01,1
2026-09-07T14:57:15,VGUARD.NS,NSE_EQ|INE951I01027,nse_equity,SUCCESS,2477,2477,2467,10,2016-09-06,2026-09-07,03:45,0,0,0,10,10,,,11.21,1
2026-09-07T14:57:15,VGL.NS,NSE_EQ|INE273D01027,nse_equity,SUCCESS,2477,2477,2467,10,2016-09-06,2026-09-07,03:45,0,0,0,10,10,,,11.38,1
2026-09-07T14:57:15,VIJSOLX.NS,NSE_EQ|INE362D01010,nse_equity,SUCCESS,16,16,6,10,2026-08-17,2026-09-07,03:45,0,0,0,10,10,,,11.10,1
2026-09-07T14:57:15,VIJAYA.NS,NSE_EQ|INE043W01024,nse_equity,SUCCESS,1237,1237,1227,10,2021-09-14,2026-09-07,03:45,0,0,0,10,9,,,11.17,1
2026-09-07T14:57:16,VIKASECO.NS,NSE_EQ|INE806A01020,nse_equity,SUCCESS,2476,2476,2466,10,2016-09-06,2026-09-07,03:45,0,0,0,10,10,,,11.87,1
2026-09-07T14:57:18,VIKASLIFE.NS,NSE_EQ|INE161L01027,nse_equity,SUCCESS,1821,1821,1811,10,2019-05-08,2026-09-07,03:45,0,0,0,10,10,,,10.65,1
2026-09-07T14:57:18,VIKRAMSOLR.NS,NSE_EQ|INE078V01014,nse_equity,SUCCESS,256,256,246,10,2025-08-26,2026-09-07,03:45,0,0,0,10,10,,,10.76,1
2026-09-07T14:57:18,VIKRAN.NS,NSE_EQ|INE01R501028,nse_equity,SUCCESS,251,251,241,10,2025-09-03,2026-09-07,03:45,0,0,0,10,10,,,10.76,1
2026-09-07T14:57:19,VINCOFE.NS,NSE_EQ|INE498Q01014,nse_equity,SUCCESS,468,468,458,10,2024-10-18,2026-09-07,03:45,0,0,0,10,10,,,10.69,1
2026-09-07T14:57:19,VIMTALABS.NS,NSE_EQ|INE579C01029,nse_equity,SUCCESS,2477,2477,2467,10,2016-09-06,2026-09-07,03:45,0,0,0,10,10,,,10.76,1
2026-09-07T14:57:19,VINATIORGA.NS,NSE_EQ|INE410B01037,nse_equity,SUCCESS,2477,2477,2467,10,2016-09-06,2026-09-07,03:45,0,0,0,10,10,,,10.77,1
2026-09-07T14:57:20,VINDHYATEL.NS,NSE_EQ|INE707A01012,nse_equity,SUCCESS,2477,2477,2467,10,2016-09-06,2026-09-07,03:45,0,0,0,10,10,,,11.22,1
2026-09-07T14:57:20,VINEETLAB.NS,NSE_EQ|INE505Y01010,nse_equity,SUCCESS,1687,1687,1677,10,2016-09-06,2026-09-07,03:45,0,0,0,10,10,,,11.09,1
2026-09-07T14:57:21,VINNY.NS,NSE_EQ|INE01KI01027,nse_equity,SUCCESS,938,938,928,10,2022-11-28,2026-09-07,03:45,0,0,0,10,10,,,11.80,1
2026-09-07T14:57:21,VINYLINDIA.NS,NSE_EQ|INE250B01029,nse_equity,SUCCESS,2477,2477,2467,10,2016-09-06,2026-09-07,03:45,0,0,0,10,10,,,11.38,1
2026-09-07T14:57:23,VIPCLOTHNG.NS,NSE_EQ|INE450G01024,nse_equity,SUCCESS,2477,2477,2467,10,2016-09-06,2026-09-07,03:45,0,0,0,10,10,,,10.39,1
2026-09-07T14:57:24,VIPIND.NS,NSE_EQ|INE054A01027,nse_equity,SUCCESS,2477,2477,2467,10,2016-09-06,2026-09-07,03:45,0,0,0,10,10,,,10.23,1
2026-09-07T14:57:24,VISACHROME.NS,NSE_EQ|INE286H01012,nse_equity,SUCCESS,2209,2209,2199,10,2016-09-06,2026-09-07,03:45,0,0,0,10,10,,,8.87,1
2026-09-07T14:57:24,VIRTUALG.NS,NSE_EQ|INE247C01023,nse_equity,SUCCESS,16,16,6,10,2026-08-17,2026-09-07,03:45,0,0,0,10,10,,,8.88,1
2026-09-07T14:57:24,VIRAT.NS,NSE_EQ|INE467D01017,nse_equity,SUCCESS,16,16,6,10,2026-08-17,2026-09-07,03:45,0,0,0,10,10,,,9.30,1
2026-09-07T14:57:25,VIRINCHI.NS,NSE_EQ|INE539B01017,nse_equity,SUCCESS,833,833,823,10,2023-05-03,2026-09-07,03:45,0,0,0,10,10,,,9.57,1
2026-09-07T14:57:25,VISHAL.NS,NSE_EQ|INE755Q01025,nse_equity,SUCCESS,16,16,6,10,2026-08-17,2026-09-07,03:45,0,0,0,10,10,,,9.71,1
2026-09-07T14:57:25,VISAKAIND.NS,NSE_EQ|INE392A01021,nse_equity,SUCCESS,2477,2477,2467,10,2016-09-06,2026-09-07,03:45,0,0,0,10,10,,,9.85,1
2026-09-07T14:57:26,VISHWARAJ.NS,NSE_EQ|INE430N01022,nse_equity,SUCCESS,1714,1714,1704,10,2019-10-15,2026-09-07,03:45,0,0,0,10,10,,,9.76,1
2026-09-07T14:57:26,VISHNU.NS,NSE_EQ|INE270I01022,nse_equity,SUCCESS,2477,2477,2467,10,2016-09-06,2026-09-07,03:45,0,0,0,10,10,,,10.53,1
2026-09-07T14:57:26,VLEGOV.NS,NSE_EQ|INE03HW01020,nse_equity,ERROR,762,0,0,0,,,03:45,0,1,0,0,0,ValidationError,session date 2025-04-26 is a weekend,6.92,1
2026-09-07T14:57:27,VISL.NS,NSE_EQ|INE1CLE01013,nse_equity,SUCCESS,60,60,50,10,2026-06-15,2026-09-07,03:45,0,0,0,10,10,,,8.69,1
2026-09-07T14:57:27,VITAL.NS,NSE_EQ|INE0L4K01016,nse_equity,SUCCESS,931,931,921,10,2022-11-14,2026-09-07,03:45,0,0,0,10,10,,,8.77,1
2026-09-07T14:57:27,VIVIANA.NS,NSE_EQ|INE0MEG01014,nse_equity,SUCCESS,965,965,965,0,2022-09-16,2026-09-07,03:45,0,0,0,0,0,,,9.30,1
2026-09-07T14:57:28,VIVIDHA.NS,NSE_EQ|INE370E01029,nse_equity,SUCCESS,2477,2477,2467,10,2016-09-06,2026-09-07,03:45,0,0,0,10,10,,,9.69,1
2026-09-07T14:57:29,VIVOBIOT.NS,NSE_EQ|INE380K01017,nse_equity,SUCCESS,16,16,6,10,2026-08-17,2026-09-07,03:45,0,0,0,10,10,,,10.32,1
2026-09-07T14:57:30,VIYASH.NS,NSE_EQ|INE807F01027,nse_equity,SUCCESS,2477,2477,2466,11,2016-09-06,2026-09-07,03:45,0,0,0,11,11,,,10.96,1
2026-09-07T14:57:31,VLSFINANCE.NS,NSE_EQ|INE709A01018,nse_equity,SUCCESS,2477,2477,2467,10,2016-09-06,2026-09-07,03:45,0,0,0,10,10,,,10.36,1
2026-09-07T14:57:31,VMM.NS,NSE_EQ|INE01EA01019,nse_equity,SUCCESS,427,427,417,10,2024-12-18,2026-09-07,03:45,0,0,0,10,10,,,9.68,1
2026-09-07T14:57:31,VMART.NS,NSE_EQ|INE665J01013,nse_equity,SUCCESS,2477,2477,2467,10,2016-09-06,2026-09-07,03:45,0,0,0,10,9,,,9.84,1
2026-09-07T14:57:32,VMSTMT.NS,NSE_EQ|INE0SJA01013,nse_equity,SUCCESS,236,236,226,10,2025-09-24,2026-09-07,03:45,0,0,0,10,10,,,9.40,1
2026-09-07T14:57:33,VOGL.NS,NSE_EQ|INE704J01044,nse_equity,SUCCESS,60,60,50,10,2026-06-15,2026-09-07,03:45,0,0,0,10,10,,,8.62,1
2026-09-07T14:57:33,VOLTAMP.NS,NSE_EQ|INE540H01012,nse_equity,SUCCESS,2477,2477,2467,10,2016-09-06,2026-09-07,03:45,0,0,0,10,10,,,8.83,1
2026-09-07T14:57:33,VOITHPAPR.NS,NSE_EQ|INE285C01015,nse_equity,SUCCESS,16,16,6,10,2026-08-17,2026-09-07,03:45,0,0,0,10,10,,,8.83,1
2026-09-07T14:57:33,VOEPL.NS,NSE_EQ|INE0I0T01010,nse_equity,SUCCESS,49,49,39,10,2026-07-01,2026-09-07,03:45,0,0,0,10,9,,,8.96,1
2026-09-07T14:57:34,VOLTAS.NS,NSE_EQ|INE226A01021,nse_equity,SUCCESS,2477,2477,2391,86,2016-09-06,2026-09-07,03:45,0,0,0,86,84,,,8.77,1
2026-09-07T14:57:34,VPRPL.NS,NSE_EQ|INE0AE001013,nse_equity,SUCCESS,746,746,736,10,2023-09-05,2026-09-07,03:45,0,0,0,10,10,,,9.07,1
2026-09-07T14:57:34,VRAJ.NS,NSE_EQ|INE0S2V01010,nse_equity,SUCCESS,542,542,532,10,2024-07-03,2026-09-07,03:45,0,0,0,10,10,,,9.31,1
2026-09-07T14:57:37,VRLLOG.NS,NSE_EQ|INE366I01010,nse_equity,SUCCESS,2477,2477,2467,10,2016-09-06,2026-09-07,03:45,0,0,0,10,9,,,10.86,1
2026-09-07T14:57:37,VSSL.NS,NSE_EQ|INE050M01012,nse_equity,SUCCESS,2477,2477,2467,10,2016-09-06,2026-09-07,03:45,0,0,0,10,10,,,10.97,1
2026-09-07T14:57:37,VSTIND.NS,NSE_EQ|INE710A01016,nse_equity,SUCCESS,2477,2477,2467,10,2016-09-06,2026-09-07,03:45,0,0,0,10,10,,,10.66,1
2026-09-07T14:57:37,VSTL.NS,NSE_EQ|INE0QTF01015,nse_equity,SUCCESS,632,632,622,10,2024-02-20,2026-09-07,03:45,0,0,0,10,10,,,10.49,1
2026-09-07T14:57:37,VSTTILLERS.NS,NSE_EQ|INE764D01017,nse_equity,SUCCESS,2477,2477,2467,10,2016-09-06,2026-09-07,03:45,0,0,0,10,10,,,10.54,1
2026-09-07T14:57:38,VTL.NS,NSE_EQ|INE825A01020,nse_equity,SUCCESS,2477,2477,2467,10,2016-09-06,2026-09-07,03:45,0,0,0,10,9,,,10.07,1
2026-09-07T14:57:38,VTMLTD.NS,NSE_EQ|INE222F01029,nse_equity,SUCCESS,16,16,6,10,2026-08-17,2026-09-07,03:45,0,0,0,10,10,,,9.07,1
2026-09-07T14:57:38,WAAREEENER.NS,NSE_EQ|INE377N01017,nse_equity,SUCCESS,462,462,452,10,2024-10-28,2026-09-07,03:45,0,0,0,10,10,,,8.59,1
2026-09-07T14:57:38,WAAREEINDO.NS,NSE_EQ|INE866K01023,nse_equity,SUCCESS,226,226,216,10,2025-06-19,2026-09-07,03:45,0,0,0,10,10,,,8.08,1
2026-09-07T14:57:39,WAAREERTL.NS,NSE_EQ|INE299N01021,nse_equity,SUCCESS,350,350,340,10,2025-04-09,2026-09-07,03:45,0,0,0,10,10,,,8.57,1
2026-09-07T14:57:40,WAKEFIT.NS,NSE_EQ|INE0E7301029,nse_equity,SUCCESS,181,181,171,10,2025-12-15,2026-09-07,03:45,0,0,0,10,10,,,9.30,1
2026-09-07T14:57:41,WABAG.NS,NSE_EQ|INE956G01038,nse_equity,SUCCESS,2477,2477,2467,10,2016-09-06,2026-09-07,03:45,0,0,0,10,10,,,9.84,1
2026-09-07T14:57:41,WATERBASE.NS,NSE_EQ|INE054C01015,nse_equity,SUCCESS,16,16,6,10,2026-08-17,2026-09-07,03:45,0,0,0,10,10,,,8.37,1
2026-09-07T14:57:43,WARDINMOBI.NS,NSE_EQ|INE945P01024,nse_equity,SUCCESS,16,16,6,10,2026-08-17,2026-09-07,03:45,0,0,0,10,10,,,9.68,1
2026-09-07T14:57:43,WALCHANNAG.NS,NSE_EQ|INE711A01022,nse_equity,SUCCESS,2467,2467,2457,10,2016-09-06,2026-09-07,03:45,0,0,0,10,10,,,10.29,1
2026-09-07T14:57:43,WCIL.NS,NSE_EQ|INE0CJF01024,nse_equity,SUCCESS,485,485,475,10,2024-09-24,2026-09-07,03:45,0,0,0,10,10,,,10.22,1
2026-09-07T14:57:43,WANBURY.NS,NSE_EQ|INE107F01022,nse_equity,SUCCESS,2417,2417,2407,10,2016-09-06,2026-09-07,03:45,0,0,0,10,9,,,10.43,1
2026-09-07T14:57:44,WEIZMANIND.NS,NSE_EQ|INE080A01014,nse_equity,SUCCESS,2476,2476,2466,10,2016-09-06,2026-09-07,03:45,0,0,0,10,10,,,9.61,1
2026-09-07T14:57:44,WEALTH.NS,NSE_EQ|INE658T01017,nse_equity,SUCCESS,1527,1527,1517,10,2016-09-09,2026-09-07,03:45,0,0,0,10,10,,,10.46,1
2026-09-07T14:57:45,WEBELSOLAR.NS,NSE_EQ|INE855C01023,nse_equity,SUCCESS,2477,2477,2467,10,2016-09-06,2026-09-07,03:45,0,0,0,10,10,,,11.27,1
2026-09-07T14:57:46,WEL.NS,NSE_EQ|INE02WG01024,nse_equity,SUCCESS,1367,1367,1357,10,2019-08-06,2026-09-07,03:45,0,0,0,10,10,,,9.20,1
2026-09-07T14:57:47,WELENT.NS,NSE_EQ|INE625G01013,nse_equity,SUCCESS,2477,2477,2467,10,2016-09-06,2026-09-07,03:45,0,0,0,10,10,,,9.93,1
2026-09-07T14:57:48,WELSPLSOL.NS,NSE_EQ|INE731F01037,nse_equity,SUCCESS,98,98,88,10,2026-04-20,2026-09-07,03:45,0,0,0,10,10,,,10.48,1
2026-09-07T14:57:48,WELCORP.NS,NSE_EQ|INE191B01025,nse_equity,SUCCESS,2477,2477,2466,11,2016-09-06,2026-09-07,03:45,0,0,0,11,11,,,10.90,1
2026-09-07T14:57:49,WEWIN.NS,NSE_EQ|INE082W01014,nse_equity,SUCCESS,2113,2113,2103,10,2016-09-06,2026-09-07,03:45,0,0,0,10,10,,,11.40,1
2026-09-07T14:57:49,WENDT.NS,NSE_EQ|INE274C01019,nse_equity,SUCCESS,2477,2477,2467,10,2016-09-06,2026-09-07,03:45,0,0,0,10,10,,,11.63,1
2026-09-07T14:57:49,WESTLIFE.NS,NSE_EQ|INE274F01020,nse_equity,SUCCESS,1750,1750,1740,10,2019-08-20,2026-09-07,03:45,0,0,0,10,10,,,11.56,1
2026-09-07T14:57:49,WELSPUNLIV.NS,NSE_EQ|INE192B01031,nse_equity,SUCCESS,2477,2477,2467,10,2016-09-06,2026-09-07,03:45,0,0,0,10,10,,,11.66,1
2026-09-07T14:57:49,WHBRADY.NS,NSE_EQ|INE855A01019,nse_equity,SUCCESS,13,13,4,9,2026-08-18,2026-09-07,03:45,0,0,0,9,9,,,10.03,1
2026-09-07T14:57:51,WEWORK.NS,NSE_EQ|INE085001019,nse_equity,SUCCESS,225,225,215,10,2025-10-10,2026-09-07,03:45,0,0,0,10,10,,,12.44,1
2026-09-07T14:57:54,WHIRLPOOL.NS,NSE_EQ|INE716A01013,nse_equity,SUCCESS,2477,2477,2467,10,2016-09-06,2026-09-07,03:45,0,0,0,10,10,,,12.90,1
2026-09-07T14:57:54,WHEELS.NS,NSE_EQ|INE715A01015,nse_equity,SUCCESS,2477,2477,2467,10,2016-09-06,2026-09-07,03:45,0,0,0,10,10,,,13.39,1
2026-09-07T14:57:54,WILLAMAGOR.NS,NSE_EQ|INE210A01017,nse_equity,SUCCESS,2449,2449,2439,10,2016-09-06,2026-09-07,03:45,0,0,0,10,10,,,12.74,1
2026-09-07T14:57:56,WINDLAS.NS,NSE_EQ|INE0H5O01029,nse_equity,SUCCESS,1256,1256,1246,10,2021-08-16,2026-09-07,03:45,0,0,0,10,10,,,12.89,1
2026-09-07T14:57:56,WIPRO.NS,NSE_EQ|INE075A01022,nse_equity,SUCCESS,2477,2477,2391,86,2016-09-06,2026-09-07,03:45,0,0,0,86,84,,,12.36,1
2026-09-07T14:57:56,WINDMACHIN.NS,NSE_EQ|INE052A01021,nse_equity,SUCCESS,2477,2477,2467,10,2016-09-06,2026-09-07,03:45,0,0,0,10,10,,,12.98,1
2026-09-07T14:57:56,WIPL.NS,NSE_EQ|INE215F01023,nse_equity,SUCCESS,2059,2059,2049,10,2017-04-18,2026-09-07,03:45,0,0,0,10,10,,,12.36,1
2026-09-07T14:57:56,WORTHPERI.NS,NSE_EQ|INE196Y01018,nse_equity,SUCCESS,1972,1972,1962,10,2017-09-27,2026-09-07,03:45,0,0,0,10,10,,,10.94,1
2026-09-07T14:57:56,WONDERLA.NS,NSE_EQ|INE066O01014,nse_equity,SUCCESS,2477,2477,2467,10,2016-09-06,2026-09-07,03:45,0,0,0,10,10,,,12.31,1
2026-09-07T14:57:56,WOCKPHARMA.NS,NSE_EQ|INE049B01025,nse_equity,SUCCESS,2477,2477,2467,10,2016-09-06,2026-09-07,03:45,0,0,0,10,10,,,12.38,1
2026-09-07T14:57:58,WPIL.NS,NSE_EQ|INE765D01022,nse_equity,SUCCESS,98,98,88,10,2026-04-20,2026-09-07,03:45,0,0,0,10,10,,,11.86,1
2026-09-07T14:57:59,WSI.NS,NSE_EQ|INE100D01014,nse_equity,SUCCESS,2072,2072,2062,10,2016-09-06,2026-09-07,03:45,0,0,0,10,10,,,11.90,1
2026-09-07T14:57:59,WSTCSTPAPR.NS,NSE_EQ|INE976A01021,nse_equity,SUCCESS,2477,2477,2467,10,2016-09-06,2026-09-07,03:45,0,0,0,10,10,,,11.27,1
2026-09-07T14:57:59,XCHANGING.NS,NSE_EQ|INE692G01013,nse_equity,SUCCESS,2477,2477,2467,10,2016-09-06,2026-09-07,03:45,0,0,0,10,10,,,11.27,1
2026-09-07T14:58:00,XTGLOBAL.NS,NSE_EQ|INE547B01028,nse_equity,SUCCESS,491,491,481,10,2024-09-16,2026-09-07,03:45,0,0,0,10,10,,,10.63,1
2026-09-07T14:58:00,XTRANET.NS,NSE_EQ|INE0NG701011,nse_equity,SUCCESS,28,28,18,10,2026-07-30,2026-09-07,03:45,0,0,0,10,10,,,10.63,1
2026-09-07T14:58:00,XELPMOC.NS,NSE_EQ|INE01P501012,nse_equity,SUCCESS,1872,1872,1862,10,2019-02-18,2026-09-07,03:45,0,0,0,10,10,,,10.63,1
2026-09-07T14:58:00,XPROINDIA.NS,NSE_EQ|INE445C01015,nse_equity,SUCCESS,2477,2477,2467,10,2016-09-06,2026-09-07,03:45,0,0,0,10,10,,,10.90,1
2026-09-07T14:58:01,YASHO.NS,NSE_EQ|INE616Z01012,nse_equity,SUCCESS,757,757,747,10,2023-08-21,2026-09-07,03:45,0,0,0,10,10,,,11.13,1
2026-09-07T14:58:01,YATHARTH.NS,NSE_EQ|INE0JO301016,nse_equity,SUCCESS,766,766,756,10,2023-08-07,2026-09-07,03:45,0,0,0,10,10,,,10.59,1
2026-09-07T14:58:02,YOGI.NS,NSE_EQ|INE290E01011,nse_equity,SUCCESS,15,15,5,10,2026-08-18,2026-09-07,03:45,0,0,0,10,10,,,7.88,1
2026-09-07T14:58:03,YUKEN.NS,NSE_EQ|INE384C01016,nse_equity,SUCCESS,1244,1244,1234,10,2021-09-02,2026-09-07,03:45,0,0,0,10,10,,,7.29,1
2026-09-07T14:58:03,YATRA.NS,NSE_EQ|INE0JR601024,nse_equity,SUCCESS,730,730,720,10,2023-09-28,2026-09-07,03:45,0,0,0,10,10,,,8.92,1
2026-09-07T14:58:04,ZAGGLE.NS,NSE_EQ|INE07K301024,nse_equity,SUCCESS,734,734,724,10,2023-09-22,2026-09-07,03:45,0,0,0,10,10,,,8.78,1
2026-09-07T14:58:04,ZEEMEDIA.NS,NSE_EQ|INE966H01019,nse_equity,SUCCESS,2477,2477,2467,10,2016-09-06,2026-09-07,03:45,0,0,0,10,10,,,8.78,1
2026-09-07T14:58:06,YESBANK.NS,NSE_EQ|INE528G01035,nse_equity,SUCCESS,2477,2477,2467,10,2016-09-06,2026-09-07,03:45,0,0,0,10,10,,,12.28,1
2026-09-07T14:58:08,ZENITHEXPO.NS,NSE_EQ|INE058B01018,nse_equity,SUCCESS,2229,2229,2221,8,2016-09-21,2026-09-07,03:45,0,0,0,8,8,,,11.10,1
2026-09-07T14:58:08,ZENITHSTL.NS,NSE_EQ|INE318D01020,nse_equity,SUCCESS,1892,1892,1882,10,2016-12-13,2026-09-07,03:45,0,0,0,10,10,,,11.11,1
2026-09-07T14:58:08,ZEEL.NS,NSE_EQ|INE256A01028,nse_equity,SUCCESS,2477,2477,2466,11,2016-09-06,2026-09-07,03:45,0,0,0,11,11,,,11.97,1
2026-09-07T14:58:08,ZENSARTECH.NS,NSE_EQ|INE520A01027,nse_equity,SUCCESS,2477,2477,2467,10,2016-09-06,2026-09-07,03:45,0,0,0,10,10,,,11.30,1
2026-09-07T14:58:10,ZENTEC.NS,NSE_EQ|INE251B01027,nse_equity,SUCCESS,2477,2477,2467,10,2016-09-06,2026-09-07,03:45,0,0,0,10,10,,,11.65,1
2026-09-07T14:58:10,ZFSTEERING.NS,NSE_EQ|INE116C01012,nse_equity,SUCCESS,97,97,87,10,2026-04-21,2026-09-07,03:45,0,0,0,10,10,,,10.78,1
2026-09-07T14:58:10,ZIMLAB.NS,NSE_EQ|INE518E01015,nse_equity,SUCCESS,939,939,929,10,2022-11-25,2026-09-07,03:45,0,0,0,10,10,,,10.78,1
2026-09-07T14:58:10,ZFCVINDIA.NS,NSE_EQ|INE342J01019,nse_equity,SUCCESS,2477,2477,2467,10,2016-09-06,2026-09-07,03:45,0,0,0,10,9,,,11.16,1
2026-09-07T14:58:12,ZODIAC.NS,NSE_EQ|INE761Y01019,nse_equity,SUCCESS,1740,1740,1730,10,2017-12-05,2026-09-07,03:45,0,0,0,10,10,,,12.07,1
2026-09-07T14:58:12,ZODIACLOTH.NS,NSE_EQ|INE206B01013,nse_equity,SUCCESS,2475,2475,2465,10,2016-09-06,2026-09-07,03:45,0,0,0,10,10,,,12.06,1
2026-09-07T14:58:14,ZSARACOM.NS,NSE_EQ|INE967G01019,nse_equity,SUCCESS,97,97,87,10,2026-04-20,2026-09-07,03:45,0,0,0,10,10,,,13.56,1
2026-09-07T14:58:14,ZOTA.NS,NSE_EQ|INE358U01012,nse_equity,SUCCESS,2420,2420,2410,10,2016-09-06,2026-09-07,03:45,0,0,0,10,10,,,13.83,1
2026-09-07T14:58:14,ZUARI.NS,NSE_EQ|INE840M01016,nse_equity,SUCCESS,2477,2477,2467,10,2016-09-06,2026-09-07,03:45,0,0,0,10,10,,,13.15,1
2026-09-07T14:58:14,ZUARIIND.NS,NSE_EQ|INE217A01012,nse_equity,SUCCESS,2477,2477,2467,10,2016-09-06,2026-09-07,03:45,0,0,0,10,10,,,12.29,1
2026-09-07T14:58:14,ZYDUSLIFE.NS,NSE_EQ|INE010B01027,nse_equity,SUCCESS,2477,2477,2467,10,2016-09-06,2026-09-07,03:45,0,0,0,10,10,,,11.96,1
2026-09-07T14:58:14,ZYDUSWELL.NS,NSE_EQ|INE768C01028,nse_equity,SUCCESS,2477,2477,2467,10,2016-09-06,2026-09-07,03:45,0,0,0,10,10,,,11.26,1
