symbol,candidate_rows,first_session,last_session,symbol_checksum
20MICRONS.NS,1236,2021-07-02,2026-07-06,c4c8a4c283bc5cf9e241bdad7fdaf457
21STCENMGM.NS,1236,2021-07-02,2026-07-06,ec26f5ddcfa04705db0759b2bc88e1e3
360ONE.NS,1236,2021-07-02,2026-07-06,2be8d91c5483d3b86354cc675f23c0ba
3BBLACKBIO.NS,53,2026-04-20,2026-07-06,c1225ce54cb444b23dae914843793ec7
3MINDIA.NS,1237,2021-07-01,2026-07-06,251cf8f87264c6842ba90e589725ca5f
3PLAND.NS,1237,2021-07-01,2026-07-06,3c4565d37dcbc2c7c271292c5101e29f
5PAISA.NS,1234,2021-07-06,2026-07-06,7d116f204ea0b41d5a8538f4b51fafa8
63MOONS.NS,1234,2021-07-06,2026-07-06,8639150c8905a9739a1e802ff3fa996e
A2ZINFRA.NS,2432,2016-09-06,2026-07-06,ab591e40025ad2ae5ecaf572be38c2ed
AAATECH.NS,1277,2020-10-13,2026-07-06,e6d31ffcd637af25b8e83c1e70c833e5
AADHARHFC.NS,531,2024-05-15,2026-07-06,28c845c99907b2c06dc9f347a992e1e7
AAKASH.NS,1429,2020-09-29,2026-07-06,30d1a9af91389e5c4af0a3c78b7c965e
AARNAV.NS,86,2026-02-25,2026-07-06,b5dcfcf9093449530a5573cd178a0f51
AARON.NS,1823,2018-09-04,2026-07-06,6e4dbdf2eeed7cafc8553dc31af38bf5
AARTIDRUGS.NS,2432,2016-09-06,2026-07-06,b8bc03e112e2aca23c13775424b7ca4f
AARTIIND.NS,2432,2016-09-06,2026-07-06,e81a1a9aeaa7114408380b31f4b8a135
AARTIPHARM.NS,867,2017-06-22,2026-07-06,d740538fceb0f727ec665f3c9a78994c
AARVI.NS,1850,2017-10-05,2026-07-06,62314a9f8f60fc0ca96f329dad35082f
AAVAS.NS,1917,2018-10-08,2026-07-06,91304007766f0777cd7d03a53fd0437d
ABB.NS,2432,2016-09-06,2026-07-06,dd72b50936d03079e8c2a5debe8e1201
ABBOTINDIA.NS,2432,2016-09-06,2026-07-06,155b3490a7c3b4c321e1b16a1b36b170
ABCAPITAL.NS,2188,2017-09-01,2026-07-06,f4d1fc6ad382cec066a39e6a3c8d3f58
ABCOTS.NS,854,2022-01-11,2026-07-06,2bf2561877164234fb9d5b1e9633ca5e
ABDL.NS,498,2024-07-02,2026-07-06,5185234ae7513ab6975281badfe811e9
ABFRL.NS,2432,2016-09-06,2026-07-06,3622523ca680898f13f28a809977a03c
ABGSEC.NS,466,2024-07-10,2026-07-06,aebaabbb3169cb1094c7f579ec54b88e
ABINFRA.NS,1015,2019-07-12,2026-07-06,8ef8905a6e7cb3ad7c05a2112d6391f3
ABLBL.NS,256,2025-06-23,2026-07-06,0a737e78e4041e89e619ea4d51516adb
ABMKNO.NS,53,2026-04-20,2026-07-06,45f0f5acf0fb1059393a0fc1a61ccfd0
ABREL.NS,2432,2016-09-06,2026-07-06,ee0862cee2649b299f878e364b00d714
ABSL10BANK.NS,82,2026-03-04,2026-07-06,12ecd9ada34a35c2873f0372e268326a
ABSLAMC.NS,1173,2021-10-11,2026-07-06,caae6218cd8cb396546f055d504702d6
ABSLBANETF.NS,1644,2019-10-30,2026-07-06,01946a54ff59278361ae40d03c571b8c
ABSLLIQUID.NS,864,2017-02-16,2026-07-06,a4b44c2b3e85a63165fb4fda4b074102
ABSLMSCIN.NS,88,2026-02-20,2026-07-06,87aa6161cfb248ce038e792116eccefd
ABSLNN50ET.NS,1803,2018-12-27,2026-07-06,28ace3b7cdbca89d4d38668d4c5b74ac
ABSLPSE.NS,525,2024-05-23,2026-07-06,ff4a428af362cf3e91461043a1cf39b1
ACC.NS,2432,2016-09-06,2026-07-06,d107f3fb76b9fa6a62a5afcf5d89b553
ACCELYA.NS,2432,2016-09-06,2026-07-06,93c6907fadae13b61bbcccd2faeb75ed
ACE.NS,2432,2016-09-06,2026-07-06,8deab8fd60a72b44ba1460c4a159801a
ACEINTEG.NS,1192,2016-09-06,2026-07-06,4d740a82371241e778335b427447e35a
ACI.NS,898,2022-11-21,2026-07-06,faa65789bb1e09f831ee70868a5c9182
ACL.NS,783,2023-05-10,2026-07-06,56b3f89fe52ab89f21784b89c8706dc3
ACMESOLAR.NS,405,2024-11-13,2026-07-06,e299b8daace5b2da667f17d90b3f4a6d
ACSTECH.NS,53,2026-04-20,2026-07-06,60def81134c141ff34bd6263c7493822
ACUTAAS.NS,1192,2021-09-14,2026-07-06,17ba2418dfefa4cbc908fe58fa9542d0
ADANIENSOL.NS,2432,2016-09-06,2026-07-06,b2dfbceb0e4d3e2e3a4b79e26a28d1b3
ADANIENT.NS,2432,2016-09-06,2026-07-06,d54d60dc7f24a661784abf2ea91a0363
ADANIGREEN.NS,1992,2018-06-18,2026-07-06,42c5e51c1f113a1eda001ab98ebc7fea
ADANIPORTS.NS,2432,2016-09-06,2026-07-06,c73ecc2e24293579b3d592c582af5ab0
ADANIPOWER.NS,2432,2016-09-06,2026-07-06,7aeaf0489efdb1159c30619e7b07ccd3
ADFFOODS.NS,2432,2016-09-06,2026-07-06,c1a8fdcfcf7a01b31253942606cb5b3c
ADL.NS,1873,2016-09-06,2026-07-06,2947851842e6d8136ffec584beffc0f1
ADOR.NS,2432,2016-09-06,2026-07-06,0765033c0e19422148bfa2bcda832eb5
ADROITINFO.NS,2395,2016-09-06,2026-07-06,52f73ef5f4badd427e4e64edfcc03cf1
ADSL.NS,2432,2016-09-06,2026-07-06,ef7e6437fbbac72af42362dc8f6df9c9
ADVAIT.NS,112,2026-01-20,2026-07-06,37c41c77d9b823a12b34da91fca9c551
ADVANCE.NS,182,2025-10-08,2026-07-06,e23dfdedafb790cb9f5ec69bae2f19e5
ADVANIHOTR.NS,2432,2016-09-06,2026-07-06,bb805c8f13114be4be2cb296916f1531
ADVENTHTL.NS,158,2025-11-13,2026-07-06,c8005cbffbda84e0fcf28018bc6bb91b
ADVENZYMES.NS,2432,2016-09-06,2026-07-06,bc854567b767e32b9068b6973bf9715e
AEGISLOG.NS,2432,2016-09-06,2026-07-06,14c1628a7da098aae997cc685295172a
AEGISVOPAK.NS,271,2025-06-02,2026-07-06,ce4b0e637f34811b364ccb5f3df4e891
AEPL.NS,76,2026-03-12,2026-07-06,d6847e946c755e53b651ba6c38f28e7e
AEQUS.NS,139,2025-12-10,2026-07-06,e29295c399dd24ac9121c33003674d35
AEROENTER.NS,898,2022-11-21,2026-07-06,381d7f8019c4db5157ca910cdb126900
AEROFLEX.NS,704,2023-08-31,2026-07-06,49fe95131c00ff97b2f63690dec8a8c0
AERONEU.NS,860,2023-01-12,2026-07-06,d8463dd1f1dfe485a38e8ca2eb716e4d
AETHER.NS,1013,2022-06-03,2026-07-06,bce1f4819ef942562a232ca5f172352d
AFCONS.NS,412,2024-11-04,2026-07-06,25399694c898ba4c0d4c720bee76ae55
AFFLE.NS,1711,2019-08-08,2026-07-06,c88706ff5735f78979bef2fc06284844
AFSL.NS,874,2022-12-23,2026-07-06,f48c2f1da503c36443c9fde1d39997ab
AGARIND.NS,2426,2016-09-06,2026-07-06,de370ccabb71eb044f118aed3969ad65
AGARWALEYE.NS,348,2025-02-04,2026-07-06,b1627df76bcd628ff9ff98f7ac873cfe
AGI.NS,2432,2016-09-06,2026-07-06,f62f00df72a410fdbe3ef0c3015084f3
AGIIL.NS,489,2024-07-15,2026-07-06,55d8d1596c2858cc70e45b4a2cd55f8f
AGROPHOS.NS,2281,2016-11-16,2026-07-06,6bcc7ea8746e0dcf4b3248775c2d614d
AHCL.NS,206,2025-09-03,2026-07-06,25180b3c3256f302960f29ff9ca7a072
AHLADA.NS,1667,2018-09-17,2026-07-06,6727d805d11001ba2291dd037212563a
AHLEAST.NS,2422,2016-09-06,2026-07-06,7c6f07cd3bef5f48eef199e2b35798e7
AHLUCONT.NS,2431,2016-09-06,2026-07-06,6038ed4b466eece7920f3d1d6611aa81
AIAENG.NS,2432,2016-09-06,2026-07-06,2ac3ec5fdbe30792875aa6509c70bb22
AIIL.NS,546,2024-04-23,2026-07-06,0fd888110e4cdf2f8555652169efdc1f
AIRAN.NS,2209,2017-03-24,2026-07-06,ff317e1bec126caa915b9df6ed76e242
AIROLAM.NS,1682,2017-10-06,2026-07-06,eb56dc028b3541999a2b905161054418
AJANTPHARM.NS,2432,2016-09-06,2026-07-06,ea1c6bbf697592665de996ad5bdf6a80
AJAXENGG.NS,339,2025-02-17,2026-07-06,b964e1ca83a232a1dea549c666a85c30
AJMERA.NS,2432,2016-09-06,2026-07-06,e380f3fa03c63247a9012cbc90449876
AJOONI.NS,1289,2016-12-12,2026-07-06,d92bc11a2088eccd5fd82a63907466cf
AKASH.NS,1944,2017-03-15,2026-07-06,73f8b73ed8037baa8f7ce736fbe90b90
AKCAPIT.NS,53,2026-04-20,2026-07-06,0acbaddbfd6fb13a96de8160db852fa6
AKG.NS,1597,2018-09-25,2026-07-06,c39e29e3ce8a1f8ce85282c2a6ec01e5
AKI.NS,804,2023-04-06,2026-07-06,1761b9f7f70bb314b815f3670561ff51
AKSHAR.NS,1022,2022-05-23,2026-07-06,0ba6f45aa474a899d2c65234d607c011
AKUMS.NS,474,2024-08-06,2026-07-06,905c0c1c00837a966ebcfa333cf30386
ALANKIT.NS,2432,2016-09-06,2026-07-06,4b2205024036b17dcfd3f03e9f85f688
ALBERTDAVD.NS,2428,2016-09-06,2026-07-06,1537be3bba3bec3ef28a56c30e1230b2
ALEMBICLTD.NS,2432,2016-09-06,2026-07-06,6dcb8679fd85a5b5a2852cbf70b9321c
ALGOQUANT.NS,121,2026-01-06,2026-07-06,d1ec3e6e154a3dd51133a32cfe15f450
ALICON.NS,2429,2016-09-06,2026-07-06,bfc09819c7d79a7afe9246bc22eb12e7
ALIVUS.NS,1224,2018-06-12,2026-07-06,803f3dade2eb37bdc6ff9fb8cd43a8d4
ALKEM.NS,2432,2016-09-06,2026-07-06,cd011d4279266411f47bda97894978d4
ALKYLAMINE.NS,2432,2016-09-06,2026-07-06,7e33760c0869a9930915e1f1174410c1
ALLCARGO.NS,2432,2016-09-06,2026-07-06,9612ef0a8eb3b1daca97a4d586728d23
ALLDIGI.NS,2432,2016-09-06,2026-07-06,a78c0ca3cfc019ab5d87ac7b79c18e46
ALLTIME.NS,218,2025-08-14,2026-07-06,ecb9d7c2c017a619c950ffc4914fd97a
ALMONDZ.NS,2413,2016-09-06,2026-07-06,adb42a562aeacf5a4ab2370c07e1b6cb
ALOKINDS.NS,1580,2020-02-19,2026-07-06,ac67fefab09d5ac4e420f06a417b5fc0
ALPA.NS,2430,2016-09-06,2026-07-06,e630f1b07467b73e8ec4de08e410e841
ALPHA.NS,1119,2021-12-29,2026-07-06,ac25c646af761c158beb594040f3cb31
ALPHAETF.NS,666,2023-10-27,2026-07-06,03dc92d904d110a87cf1aed4c343556a
ALPHAGEO.NS,2430,2016-09-07,2026-07-06,72a70e5adcee922d3569dd94b0bc0226
ALPL30IETF.NS,1459,2020-08-18,2026-07-06,f4f2ea050bede390a2b14059ed8c2606
AMAGI.NS,111,2026-01-21,2026-07-06,21c9520a017f3ba2d9e9af7bf61e3fcf
AMBALALSA.NS,53,2026-04-20,2026-07-06,cd66eee7cb67488279e4a5948ff06511
AMBER.NS,2086,2018-01-30,2026-07-06,6d4ddfb74cd2ac17ad02ebbe10fcce84
AMBICAAGAR.NS,1286,2021-04-22,2026-07-06,1696bef9e73fe05500a7d889dccf3073
AMBIKCO.NS,2432,2016-09-06,2026-07-06,65266c5a41cb59c1f0746162e076462e
AMBUJACEM.NS,2432,2016-09-06,2026-07-06,d995df3842264f4b3a3caf324e9680a9
AMDIND.NS,2430,2016-09-06,2026-07-06,0ea78466c655a056b5ef3dd5a7391dee
AMJLAND.NS,2431,2016-09-06,2026-07-06,ca1e470e77108e1860fb8644edd1b5be
AMNPLST.NS,656,2023-11-10,2026-07-06,ebaa4c7b1aba76877927f265628f1084
AMRUTANJAN.NS,2432,2016-09-06,2026-07-06,d8d7e6f5e2168a4039e5397e03cfa360
ANANDRATHI.NS,1130,2021-12-14,2026-07-06,ff934e8eedd4a5e09d773c8c7ac88669
ANANTRAJ.NS,2432,2016-09-06,2026-07-06,edf4478125cc5642d79a4471c603a600
ANDHRAPAP.NS,2432,2016-09-06,2026-07-06,5c0635fc8689cf4b7bfc6e30afbfa6c7
ANDHRSUGAR.NS,2432,2016-09-06,2026-07-06,5666332e5050e1bb8471bb8ecd9d93ea
ANGELONE.NS,1426,2020-10-05,2026-07-06,ef3549cc5bf7589dc159439a518d6460
ANMOL.NS,1261,2021-06-04,2026-07-06,089d890ad52a89f1c71e2e0299a8f584
ANTELOPUS.NS,2432,2016-09-06,2026-07-06,ec97c252537ea19bacdf9ebe53080df5
ANTGRAPHIC.NS,2021,2016-09-06,2026-07-06,ed37e06d2b2e389cac3a980d04ea9cb5
ANTHEM.NS,236,2025-07-21,2026-07-06,27c049b60faadc1fe85d2df799935cf0
ANUHPHR.NS,380,2024-12-20,2026-07-06,ae7509928755ae81e3e9f3876d646ec8
ANUP.NS,1818,2019-03-01,2026-07-06,c1cf648362e2f09075d667ca2bd026ab
ANURAS.NS,1308,2021-03-24,2026-07-06,5a44f1040dc2190ee5591b0308f21189
AONEGOLD.NS,201,2025-09-10,2026-07-06,36615b9f42ce59d572ad4566cbea9f43
AONELIQUID.NS,312,2025-03-28,2026-07-06,77e62e94b2fb2da1111433f79052067c
AONENIFTY.NS,274,2025-05-28,2026-07-06,655387622082e394e71a96b1ee51268f
AONESILVER.NS,83,2026-03-02,2026-07-06,cedb493e7ce10df07cfebe4b823f89fc
AONETMMQ50.NS,148,2025-11-27,2026-07-06,827b7e4ad7eeaf82fd70ff5e95977e2d
AONETOTAL.NS,328,2025-03-05,2026-07-06,6103fe921336e849f05a9afb0cdbbacf
APARINDS.NS,2432,2016-09-06,2026-07-06,f37b754b79f3312ff7b209a08109e269
APCL.NS,2284,2017-04-10,2026-07-06,4b721a7017d5b2e5c9ecedda8d352f61
APCOTEXIND.NS,2432,2016-09-06,2026-07-06,35fc91d0d36b02449543cd5cf4d8eb1b
APEX.NS,2187,2017-09-04,2026-07-06,3b98056478f806114024dbdb459dcb47
APLAPOLLO.NS,2432,2016-09-06,2026-07-06,70110a33552e09160cc6fe6b159d1fc2
APLLTD.NS,2432,2016-09-06,2026-07-06,a759db2c74d3d29df789170dfce78af9
APOLLO.NS,2091,2018-01-22,2026-07-06,d82eb8d747c33aa70a4acd8f91c959e2
APOLLOHOSP.NS,2432,2016-09-06,2026-07-06,b2652e32b468d7d96f6eccc7fbe0a8f0
APOLLOPIPE.NS,1651,2019-11-11,2026-07-06,27eda4d3445da1c90731bd5c7c196b00
APOLLOTYRE.NS,2432,2016-09-06,2026-07-06,115c808e2ed3d29eb4edeb54928f7c1c
APOLSINHOT.NS,2371,2016-09-06,2026-07-06,dfa4e86b1df31f713f5240362c8093c6
APTUS.NS,1206,2021-08-24,2026-07-06,9fb3b5705b8fd547eecca612680f3489
AQYLON.NS,558,2024-04-02,2026-07-06,23b53a7936a0fbf78375699a8562dd0a
ARCHIDPLY.NS,2432,2016-09-06,2026-07-06,ce24c9f752a144f57f65f86abcce9bef
ARCHIES.NS,2432,2016-09-06,2026-07-06,9bd972056845bee802e4309b0940bf1a
ARE&M.NS,2432,2016-09-06,2026-07-06,80c8f0c63715cd3e84e09b7c8c2f764b
ARENTERP.NS,1658,2017-11-07,2026-07-06,59b88d348f5ccb9cb3c67ac82b955739
ARFIN.NS,235,2025-07-22,2026-07-06,162453f04d7be6038bf68609a4ad5637
ARIES.NS,2432,2016-09-06,2026-07-06,e2e06772e39b943999aab801290df84d
ARIHANT.NS,53,2026-04-20,2026-07-06,1f61b336bbe29717fb36d2eaea982ab3
ARIHANTCAP.NS,1254,2021-06-15,2026-07-06,d9befec3c234e5d6811f3b9b352ec208
ARIHANTSUP.NS,2295,2017-03-28,2026-07-06,4b7f40feda9a80fdbd6f664c0b7d818a
ARIS.NS,254,2025-06-25,2026-07-06,63ddb347714fb76d99c9bb1db0559344
ARKADE.NS,440,2024-09-24,2026-07-06,13d04675f29ed1d821212c6b2f90434d
ARMANFIN.NS,2432,2016-09-06,2026-07-06,5cfcb437ede3b406813fa621ffb82cfc
AROGRANITE.NS,2432,2016-09-06,2026-07-06,c98b00e51dd19438c97c99491f435ef4
ARSSBL.NS,187,2025-09-30,2026-07-06,d82c71f2dbfcc5479723a51805ebd888
ARTEMISMED.NS,1599,2020-01-24,2026-07-06,963bbb4cb5fe5df8e66ef6929b115769
ARTNIRMAN.NS,1267,2016-10-19,2026-07-06,4e3d9ba6503347c8106a0656fcced8e4
ARVEE.NS,1374,2018-02-22,2026-07-06,55e32c304cfc644f720fdbab951ad621
ARVIND.NS,2432,2016-09-06,2026-07-06,94f241dfa62e5d886fd2269d2d913427
ARVINDFASN.NS,1814,2019-03-08,2026-07-06,5550c8e4d6bf9d034bc5e49b82615ebd
ARVSMART.NS,2432,2016-09-06,2026-07-06,8e696d4d3983a9de0a1ca99a75653ebc
ASAHIINDIA.NS,2426,2016-09-06,2026-06-25,9497f5f70f18c0e2f0f60671256ba981
ASAL.NS,2428,2016-09-06,2026-07-06,e68215a724ac37d0c7dfc4bbf28e086f
ASALCBR.NS,1574,2020-02-12,2026-06-18,0894bf7d29d0ff46d17d11f6c5f080a5
ASHAPURMIN.NS,2426,2016-09-06,2026-06-25,b5ac0648a270cfaa9d80c04c7de1889b
ASHIANA.NS,2421,2016-09-06,2026-06-18,094713e51a54b3c9f310bcdcf2ba9810
ASHIMASYN.NS,2389,2016-09-06,2026-06-18,7159c363cf41c4c544e0f5a67f35afb7
ASHOKA.NS,2426,2016-09-06,2026-06-25,58f485d7e0d2263dd742b0a3976b2426
ASHOKAMET.NS,738,2023-06-27,2026-06-18,1cf33135d876a5bf2b180d03e72babd2
ASHOKLEY.NS,2426,2016-09-06,2026-06-25,59baa92de4aa4c494c62f7dabd79fa45
ASIANENE.NS,1133,2018-01-04,2026-06-18,72bb5e4f292d36b2b9af556a90464e4b
ASIANHOTNR.NS,2413,2016-09-06,2026-06-18,a14eae5fa4327498af47f43b49963155
ASIANPAINT.NS,2423,2016-09-06,2026-06-22,3208461721403aadca2f7769511d00df
ASIANTILES.NS,2421,2016-09-06,2026-06-18,e1b23f9e42f4f4c71b15afc2a4826e17
ASKAUTOLTD.NS,642,2023-11-15,2026-06-18,510cf8dcd231d28e314a7fb79487b576
ASPINWALL.NS,2416,2016-09-06,2026-06-18,b36a5e0615d031962481f131e1a87b2c
ASTAR.NS,36,2026-04-20,2026-06-17,c59f2259e178a7c66d118cb4184facfa
ASTEC.NS,2421,2016-09-06,2026-06-18,6777b351113a68be27e8b66498b2091b
ASTERDM.NS,2062,2018-02-26,2026-06-25,4c65df3ccbe8e704380f9a8c3bd64e53
ASTRAL.NS,2423,2016-09-06,2026-06-22,2ab625bd3316a8e75731f8b4a484171d
ASTRAMICRO.NS,2426,2016-09-06,2026-06-25,b4df23d9865fef52febce1e176aeb736
ASTRAZEN.NS,2421,2016-09-06,2026-06-18,65448d754d580548738eae5002094938
ATALREAL.NS,1226,2020-10-15,2026-06-25,43bff1bf5e1953d2fe950e5b36adeabc
ATAM.NS,772,2023-05-10,2026-06-18,72797d9610b413329847d0bbe25d0f8c
ATGL.NS,1892,2018-11-05,2026-06-25,9739c51d1091cd576c8cc10c815bef5c
ATHERENERG.NS,284,2025-05-06,2026-06-25,2cd14209a4dd588e959b12e3300ebf98
ATL.NS,707,2023-08-10,2026-06-18,69562d76060a9e1e98c53f70fd3cb239
ATLANTAA.NS,2421,2016-09-06,2026-06-18,386e96372d2415ec3f43e9bfff0d2a82
ATLASCYCLE.NS,365,2024-12-27,2026-06-18,64b520c9414608670aae93538eb46d03
ATUL.NS,2422,2016-09-06,2026-06-19,cf5364111dcf6a115206596c5b083287
ATULAUTO.NS,2421,2016-09-06,2026-06-18,1c721ff0a406527e3a0963e6346dff2d
AUBANK.NS,2219,2017-07-10,2026-06-25,9dc6fccb3658e4866d59a4e61db3834f
AURIONPRO.NS,2425,2016-09-06,2026-06-25,fcac6643e3146cfeaa62090c4f9a1456
AUROPHARMA.NS,2426,2016-09-06,2026-06-25,7893016151759e86ce211abbb134ae09
AURUM.NS,2421,2016-09-06,2026-06-18,0a2c561b4ee6872091c7f3cbc87f64e3
AUTOAXLES.NS,2421,2016-09-06,2026-06-18,ba8915f8bf34e9f044c7221aeeeed7e0
AUTOBEES.NS,1089,2022-01-25,2026-06-18,51b8525cdc640b978646bd8cb9f972d4
AUTOIETF.NS,1094,2022-01-18,2026-06-18,d522414d398ca513300c66583c0bc0f3
AVALON.NS,792,2023-04-18,2026-06-25,3296853dd1cc1089b9dcbd3318430d31
AVANTEL.NS,472,2024-07-31,2026-06-25,1013de0cd495b291056c51de4775fcf1
AVANTIFEED.NS,2426,2016-09-06,2026-06-25,6e759c6751d154651693984cb94af0a7
AVL.NS,399,2024-11-06,2026-06-18,34d214389ae56eb92331692036d0d691
AVONMORE.NS,855,2023-01-04,2026-06-18,b71752eb31612302986086d3d56c2179
AVROIND.NS,1274,2018-07-26,2026-06-18,de2681a8490213692e54daf780b07641
AVTNPL.NS,2421,2016-09-06,2026-06-18,6fc6a036d1f1335c045d775502196c39
AWFIS.NS,509,2024-05-30,2026-06-18,c2bcc9200f6b2d7f4e393335ab2d9ad1
AWHCL.NS,1353,2021-01-01,2026-06-18,69eb3786a43eed3c9f3d40537594cafc
AWL.NS,1014,2022-02-08,2026-06-25,a4fd56de5454af07385753a03c7b8e6c
AXISBANK.NS,2423,2016-09-06,2026-06-22,17639120fcad957b220bb8498f1336a0
AXISCADES.NS,2426,2016-09-06,2026-06-25,7e624bce3e2fd3a863081080c35b2deb
AXITA.NS,990,2022-06-21,2026-06-18,c621e7e0a25b86fe8f8f1eac330c018f
AYE.NS,87,2026-02-16,2026-06-25,7f9a6aaef22873091e3995e2edf88f3a
AYMSYNTEX.NS,2420,2016-09-06,2026-06-18,e70fb31ab29501eaa37ad6b9bc020822
AZAD.NS,618,2023-12-28,2026-06-25,fab6a94fd6e8dc7febbd149443740276
BAGFILMS.NS,2421,2016-09-06,2026-06-18,b750063435ea6afe8c1b7a9b9dc1b90f
BAIDFIN.NS,843,2023-01-20,2026-06-18,9811b532f311492c2a34a1ecc40bdaeb
BAJAJ-AUTO.NS,2426,2016-09-06,2026-06-25,6cb4e45cfc837de043bbec83674cbaec
BAJAJCON.NS,2426,2016-09-06,2026-06-25,399bcc988ba022b271be80b77526dac2
BAJAJELEC.NS,2421,2016-09-06,2026-06-18,a38673da0c32604c1a0ef3fe18474b69
BAJAJFINSV.NS,2426,2016-09-06,2026-06-25,eced3bdab6967283b73dd1898c4b24af
BAJAJHCARE.NS,1146,2017-04-12,2026-06-18,9d951c7f726047a8808ab2ae44ec3656
BAJAJHFL.NS,440,2024-09-16,2026-06-25,66d5dceb4ac3a52d93c83e39e23f94b5
BAJAJHIND.NS,2421,2016-09-06,2026-06-18,286a7b99f5f7467c4e74141d77f858d8
BAJAJHLDNG.NS,2426,2016-09-06,2026-06-25,95611194ef702a208f4f690d66f26d2c
BAJAJINDEF.NS,324,2025-02-21,2026-06-18,0a86f074b990381bbcbf157365b3aebd
BAJAJST.NS,42,2026-04-20,2026-06-18,ec4330a0567431e332a8f8ace8b0fd5f
BAJEL.NS,624,2023-12-19,2026-06-25,53c55ebef919ae4be0c29cfbf1ac1a59
BAJFINANCE.NS,2423,2016-09-06,2026-06-22,0109b5c7c69e31f1365f5fa035586b17
BALAJEE.NS,437,2024-09-12,2026-06-18,ace30d97fc8fc52a5834b597c4ae2446
BALAJITELE.NS,2421,2016-09-06,2026-06-18,0236fb930844dbc52104b1e49cfdcea0
BALAMINES.NS,2426,2016-09-06,2026-06-25,7fbfb3296d475f9975d1b0d644948ef4
BALKRISHNA.NS,2391,2016-09-06,2026-06-18,1cdcb580e31f53e1e97909569fc3ff99
BALKRISIND.NS,2426,2016-09-06,2026-06-25,848d575e7f9d16d369fda358b3311a68
BALMLAWRIE.NS,2421,2016-09-06,2026-06-18,dbc62f852e1d3992fe0b6060c9ff435f
BALPHARMA.NS,2420,2016-09-07,2026-06-18,3004c1a0e6ee901d6d5764776db4cd67
BALRAMCHIN.NS,2426,2016-09-06,2026-06-25,e9283e3b5b87aeb9f32744e067d1b264
BALUFORGE.NS,536,2024-04-29,2026-06-25,90c0189972040decee8c955ab141b6bc
BANARBEADS.NS,2412,2016-09-06,2026-06-18,b1bf019b0845cebd5059f637d98758a3
BANARISUG.NS,2415,2016-09-06,2026-06-18,994cf83f5055e1241286520409829b1e
BANCOINDIA.NS,2426,2016-09-06,2026-06-25,d26b5f2c286ca1566846c84407c754da
BANDHANBNK.NS,2042,2018-03-27,2026-06-25,eaefada72b18fe6fa401fd356c1da6db
BANG.NS,2419,2016-09-07,2026-06-18,17e6cb074230b23571196c9b55eecb49
BANK10ADD.NS,65,2026-03-12,2026-06-18,2f7e743af7fa0af0d952f3af185ec9df
BANKADD.NS,853,2023-01-06,2026-06-18,57fff01aa493f810d611c605ef411ea8
BANKBARODA.NS,2426,2016-09-06,2026-06-25,5e620e3a34f04fb164f9ba309e97854d
BANKBEES.NS,2426,2016-09-06,2026-06-25,b949b88ce9e80639a593da627b17b789
BANKBETA.NS,1435,2020-09-04,2026-06-18,b5a5ed4555976a0e236c6210d72e3f30
BANKBETF.NS,592,2024-01-29,2026-06-18,db6390d262f10f96a9bb984d19ee6cf9
BANKETF.NS,718,2023-07-26,2026-06-18,d78be3d4d0a567cbdbf178d46b68b0d1
BANKIETF.NS,1718,2019-07-15,2026-06-18,afb5cb897424c2623aa7a3bfd846eb07
BANKINDIA.NS,2426,2016-09-06,2026-06-25,1cb256c80b38603298100d2f3dd73cd5
BANKNIFTY1.NS,2416,2016-09-07,2026-06-18,1bf6fdbfaadf8b6729ee6e1fcee76b57
BANKPSU.NS,420,2024-10-08,2026-06-18,f719a3faee39fec044f510b1052d938d
BANSALWIRE.NS,481,2024-07-10,2026-06-18,a893d0bdbb114ea31e122dcb6a99060a
BANSWRAS.NS,2421,2016-09-06,2026-06-18,6cdedc6ad2b0ccc25c631c22b6d4fae3
BASF.NS,2421,2016-09-06,2026-06-18,389ed98b1fdc8f692ca89b36af415d0b
BATAINDIA.NS,2426,2016-09-06,2026-06-25,bff2f9a7ed883fd11ef1ff9a3f0a8c09
BATLIBOI.NS,42,2026-04-20,2026-06-18,fe0cdc0dba67c1ba39355b3030f2dce1
BAYERCROP.NS,2422,2016-09-06,2026-06-19,e6463feb1b66e30b6660ff76d4f9bd3f
BBETF0432.NS,1116,2021-12-17,2026-06-18,b62ac8901587c3bc84f8d3d1adb22b70
BBL.NS,2421,2016-09-06,2026-06-18,fbdc1e4c4a23beebeb820fc5f7c29575
BBNPNBETF.NS,493,2024-06-24,2026-06-18,cdf04a16ac5dac4b5fb0131442600bf3
BBNPPGOLD.NS,617,2023-12-19,2026-06-18,86cdd65665a66a4517bc2c3001bf14b2
BBOX.NS,2421,2016-09-06,2026-06-25,0cf89d7d706732e3c4a9573f0d587f26
BBTC.NS,2422,2016-09-06,2026-06-19,7c22f7ba97bee079566dc7d285848eb8
BBTCL.NS,1409,2016-09-12,2026-06-18,3f4d3aaf2f6998063ff7e57ce5da1c04
BCG.NS,2180,2016-09-06,2026-06-18,714fd3961b4959655435b8e46fdcd553
BCLIND.NS,1310,2021-03-04,2026-06-18,11aeba5e22dc40b23b602c4c2b8e57e8
BCONCEPTS.NS,1604,2018-01-10,2026-06-18,9a5e3d1a1631a625fdab975683b4f325
BCPL.NS,55,2026-03-27,2026-06-18,8c6d43ad7920c5d64067979a2f5e4685
BDL.NS,2044,2018-03-23,2026-06-25,70eb136f11274e4dc2a13ed3ae189c9b
BEARDSELL.NS,2407,2016-09-06,2026-06-18,643ef4d720b50b21cfb5cb40f9c143fa
BECTORFOOD.NS,1358,2020-12-24,2026-06-18,79c42674d63f0e124902bed0fb4ebe0c
BEDMUTHA.NS,2394,2016-09-06,2026-06-18,7d2ac92e35d562adcce62278de1bb1c9
BEEKAY.NS,42,2026-04-20,2026-06-18,ca39328b241d73120f5fc7c5e9801cd2
BEL.NS,2426,2016-09-06,2026-06-25,47912611980ae75226b64c83d0f5f1c6
BELLACASA.NS,226,2025-07-18,2026-06-18,47825b91fdc51e556d184ad3558224d4
BELRISE.NS,268,2025-05-28,2026-06-25,7084a350256df9bd81c430e0a77ee58c
BEML.NS,2426,2016-09-06,2026-06-25,13f8cc6753470c551da9d4b47fd1b8e8
BENGALASM.NS,42,2026-04-20,2026-06-18,ecc814b9e8ea87a0b775a36abca5f0fc
BEPL.NS,2421,2016-09-06,2026-06-18,308aa63541475ae20cf789f291894e70
BERGEPAINT.NS,2426,2016-09-06,2026-06-25,2b40507cd5a82f1f889493e1ff1affbc
BESTAGRO.NS,1143,2021-02-22,2026-06-18,0324c380ffe52f3c45bba253d49f7685
BETA.NS,1950,2017-10-12,2026-06-18,a8a55ae9f5c15832a677db72e95cc2e9
BFINVEST.NS,2421,2016-09-06,2026-06-18,315d001c5fac9ac7868cb40183122c46
BFSI.NS,1207,2021-08-05,2026-06-18,f8dfd8c0d5715488e954a6d887f5823e
BFUTILITIE.NS,2421,2016-09-06,2026-06-18,8540a8ead0674992b94f250470652a41
BHAGCHEM.NS,1158,2021-10-18,2026-06-18,dd3fccef916f23328250cef0a93669f5
BHARATCOAL.NS,107,2026-01-19,2026-06-25,233eb7b223c75770207dde073a27ffb9
BHARATFORG.NS,2426,2016-09-06,2026-06-25,7fa9220a7cd0f79d877801a139951e2a
BHARATRAS.NS,2420,2016-09-06,2026-06-18,1b9535520a822b22f29886992cf7ef4a
BHARATSE.NS,305,2025-03-24,2026-06-18,4483ac202fa6312c1a75e20f6a4199e9
BHARATWIRE.NS,2421,2016-09-06,2026-06-18,453089038f40eac7b5f80074f43f8b6c
BHARTIARTL.NS,2423,2016-09-06,2026-06-22,29bb1cd9d71b382cfd904c6de43ce584
BHARTIHEXA.NS,542,2024-04-12,2026-06-19,40e8bf012d719850d48372e3ffea1791
BHEL.NS,2426,2016-09-06,2026-06-25,1db8e3bb381b4b7e038800021129fba4
BIGBLOC.NS,2418,2016-09-06,2026-06-18,8acf7d17f07ede1f7cb0e5586029ddd7
BIKAJI.NS,891,2022-11-16,2026-06-19,659a623257d956f37f3b981608943a73
BIL.NS,2419,2016-09-06,2026-06-18,fb69c43a9f4bc6b577f8b9ce2ffa4b4e
BIMETAL.NS,42,2026-04-20,2026-06-18,c3e7b60494a33697e26ff9aca48211b9
BIOCON.NS,2426,2016-09-06,2026-06-25,871736537f814ec08b4f267db3a90fa3
BIOFILCHEM.NS,2131,2017-07-27,2026-06-18,dcd9fdffd7f6861d789cc4768954e5d9
BIRLACORPN.NS,2421,2016-09-06,2026-06-18,95d1a3d9d50f17c877b391e22c399d3a
BIRLAMONEY.NS,2387,2016-09-07,2026-06-18,f6fc0508470056727163868cb64e7eab
BIRLANU.NS,2421,2016-09-06,2026-06-18,7a7762dfc0417998bc379c3bdbcc09c3
BIRLAPREC.NS,42,2026-04-20,2026-06-18,0ce503a069f538172b0b595f7ed04002
BLACKBUCK.NS,394,2024-11-22,2026-06-25,d5e978c6c7d9e69dad02337c77f06c42
BLAL.NS,786,2023-04-19,2026-06-18,284067a5d90ca60915587dc069bd93c7
BLBLIMITED.NS,2408,2016-09-06,2026-06-18,3230ba5e5b9f56d16374b459257ec677
BLIL.NS,42,2026-04-20,2026-06-18,cbbb6ad87033b807523bb659c1aa3d05
BLKASHYAP.NS,2421,2016-09-06,2026-06-18,fd6978e6254cd6daa07cd3a3a4429a36
BLS.NS,2426,2016-09-06,2026-06-25,b8bfb73a57d0480153f3dbf1c0d0e5b3
BLSE.NS,586,2024-02-06,2026-06-18,d999882366d98df73b03fe33dc0274f8
BLUEDART.NS,2422,2016-09-06,2026-06-19,b0d04204a459b1632a78218ce8ddc9d7
BLUEJET.NS,657,2023-11-01,2026-06-25,05d562f0aac3a3e89124948befd64da4
BLUESTARCO.NS,2426,2016-09-06,2026-06-25,ddcd17ec2415df08f77590c54638e601
BLUESTONE.NS,210,2025-08-19,2026-06-25,3c14c0391cb79e3df03dad521f956569
BLUSPRING.NS,258,2025-06-11,2026-06-25,567560aca9ea05444e914418ff4da644
BMWVENTLTD.NS,175,2025-10-01,2026-06-18,0f5edcd46fdad54c16405eb6f330b9dd
BOHRAIND.NS,739,2022-10-27,2026-06-18,c02f4925e29c72eb47d476b6f78dd64a
BOMDYEING.NS,2421,2016-09-06,2026-06-18,aea98b79a91c592a644d0ecdd2cee4bb
BONLON.NS,78,2026-02-20,2026-06-18,0df755d4dad81279d7b367625b9d2512
BORANA.NS,264,2025-05-27,2026-06-18,788eb8ef33a52f4aaefb0c77f7c9ac63
BOROLTD.NS,1467,2020-07-22,2026-06-18,c83e75a4c425acd6667a737a80b27fce
BORORENEW.NS,2002,2018-05-25,2026-06-25,86d771d38b2c9d0331ef86aa3c7e9172
BOROSCI.NS,503,2024-06-07,2026-06-18,308b700c142ac8b237ac2d63f463e608
BOSCH-HCIL.NS,2426,2016-09-06,2026-06-25,60a572732957c6b5cfc99db8562306ac
BOSCHLTD.NS,2426,2016-09-06,2026-06-25,5ee59685f6479d0ee9692c2e18e364b8
BPCL.NS,2426,2016-09-06,2026-06-25,98dfd65236827b23342901b947001d16
BPL.NS,2421,2016-09-06,2026-06-18,2193155569a329dc80a658c1364a90ad
BRIGADE.NS,2426,2016-09-06,2026-06-25,f8d18eb44a96d3640bb010f7efd01d9c
BRIGHOTEL.NS,217,2025-07-31,2026-06-18,98b90494f69623f3ca2d6c1c972ae206
BRITANNIA.NS,2426,2016-09-06,2026-06-25,6941cc84f2db97465fec51eaa6acb989
BRNL.NS,2166,2017-09-18,2026-06-18,908f0a08c8237f6fb0964ecd66773e1a
BSE.NS,2324,2017-02-03,2026-06-25,e83e3aab12a824ce8e8247bcb35709ed
BSE500IETF.NS,2001,2018-05-16,2026-06-18,b2b28748aca55c733f749abfdbe5da0a
BSL.NS,2419,2016-09-06,2026-06-18,258978540eb743a0ec8f6fd474b70292
BSLGOLDETF.NS,2343,2016-09-07,2026-06-18,06eb86edc0993b1bae7e94c9d81728af
BSLNIFTY.NS,2330,2016-09-07,2026-06-18,7ce728c63d07b215d1073f498b96677b
BSLSENETFG.NS,1165,2021-10-06,2026-06-18,5bd08e4464af098c46d10de8f7bd227b
BSOFT.NS,2426,2016-09-06,2026-06-25,210771c8b018f7831304a74ca1b65c65
BTML.NS,1195,2020-10-21,2026-06-18,8e9aecee2c3dbb42ba4ddac628b63050
BUILDPRO.NS,107,2026-01-09,2026-06-18,36f37d7d561fbfe4f04b7e7a7afb7da4
BUTTERFLY.NS,2421,2016-09-06,2026-06-18,a428667e6bd7a335d1475f6c257245d9
BVCL.NS,2340,2016-09-06,2026-06-18,e93112681db7de3fefac8a390246eb6e
CAMLINFINE.NS,2426,2016-09-06,2026-06-25,a97f1745ee7e978e8a6ea9ba98a643b6
CAMPUS.NS,1021,2022-05-09,2026-06-18,1cb9b8b0c4e6223ddd3e718e89a93b8f
CAMS.NS,1420,2020-10-05,2026-06-25,27b310941ccc0b24a6aa9e9a016c2426
CANBK.NS,2426,2016-09-06,2026-06-25,6080382f8d34558c8483eece4053cec8
CANFINHOME.NS,2422,2016-09-06,2026-06-19,c5b6699c35f940cdc7df5ecc8aa5c2ef
CANHLIFE.NS,165,2025-10-17,2026-06-19,9fff23089f7b5dba0c29d98c07bc2861
CANTABIL.NS,2421,2016-09-06,2026-06-18,6aab274c5f8a72559b0bd1c1abee5f1f
CAPACITE.NS,2161,2017-09-25,2026-06-18,04c4d5642f0f9ccd3312839688e4597b
CAPILLARY.NS,146,2025-11-21,2026-06-25,357312aa659ec6e5d913b61b1ada73d0
CAPITALSFB.NS,580,2024-02-14,2026-06-18,36c3bcd7af9320c377670bbd0d83c44d
CAPLIPOINT.NS,2426,2016-09-06,2026-06-25,e234c62ca72e674faeaaab7ce7913a93
CARBORUNIV.NS,2426,2016-09-06,2026-06-25,27ac7a0a12ca0f1f6c0d3f511b528dde
CARERATING.NS,2421,2016-09-06,2026-06-18,e89802b34beb01e4916abf2636fa04fa
CARRARO.NS,364,2024-12-30,2026-06-18,a406ce83aa9051bb9a3ac94a0e46396f
CARTRADE.NS,1202,2021-08-20,2026-06-25,74c31f3d249ba101a5dfde986805b9e6
CARYSIL.NS,1349,2021-01-14,2026-06-25,1bcd227ed7eb55d581ddfd858cc15a13
CASHIETF.NS,312,2025-03-19,2026-06-25,19c4aa723ae2924d6509c3237e5cbe39
CASTROLIND.NS,2426,2016-09-06,2026-06-25,222ebae9618d58717a59260e1c7007fa
CCAVENUE.NS,2421,2016-09-06,2026-06-18,127ed0f29f08af05f02c459f938fab27
CCCL.NS,1639,2016-09-06,2026-06-18,b84e41b885117f095dbc351760b8e31d
CCHHL.NS,2421,2016-09-06,2026-06-18,222d6ea82ac3bc2fa6a98e41f949ad85
CCL.NS,2426,2016-09-06,2026-06-25,bc4b9f821d0565223ec8c710ade1988f
CDSL.NS,2225,2017-06-30,2026-06-25,b58d35b6ffb4b4a0bf84449629c10343
CEATLTD.NS,2426,2016-09-06,2026-06-25,b78d0dd0e9145a2ea25b457bac24cee0
CEIGALL.NS,466,2024-08-08,2026-06-25,c9b49a63045173ae88af188807837450
CEINSYS.NS,79,2026-02-19,2026-06-18,12bff1063d5dd3537144e9f8cccc684a
CELEBRITY.NS,2421,2016-09-06,2026-06-18,96dd765374a2bb77ed569ed4062e20c8
CELLO.NS,649,2023-11-06,2026-06-18,e4a9539ebb931550587c1b8022aafd93
CEMPRO.NS,2426,2016-09-06,2026-06-25,473e5be290401c76ed041d0331779300
CENTENKA.NS,2421,2016-09-06,2026-06-18,c9477de82a360e264efa718428c19ccf
CENTEXT.NS,2421,2016-09-06,2026-06-18,4fb8a8cdc066fe1b13a452569c7b089e
CENTRALBK.NS,2426,2016-09-06,2026-06-25,639ad14017b4d49a392510f7099f2a1b
CENTRUM.NS,2033,2018-04-04,2026-06-18,bc8b5257446c5f2d894f6b0684f54785
CENTUM.NS,2426,2016-09-06,2026-06-25,1167973033dec3dd348ed04109967c4e
CENTURYPLY.NS,2421,2016-09-06,2026-06-18,bd6b6e70e5902b9e411c9be32ea1d2b1
CERA.NS,2426,2016-09-06,2026-06-25,48ce1d30dfe4caa60f71366fc1061d3d
CESC.NS,2426,2016-09-06,2026-06-25,ca10c43fbb50559165ae92c0203b7994
CEWATER.NS,365,2024-12-27,2026-06-18,72d851ebbeab024bc82688f294cda085
CGCL.NS,2426,2016-09-06,2026-06-25,74b75e6cc79a48a17da99d66a95675cc
CGPOWER.NS,2426,2016-09-06,2026-06-25,c7b7549e999ddc86419cb888b42b28bf
CHALET.NS,1824,2019-02-07,2026-06-19,02039ecb23760756e21c1b55fca636f2
CHAMBLFERT.NS,2426,2016-09-06,2026-06-25,ceecbda4e621e40e167d7c672ed2c6bc
CHEMICAL.NS,143,2025-11-19,2026-06-18,0775018ca87d85202139915be7c3ceb1
CHEMPLASTS.NS,1200,2021-08-24,2026-06-25,cc10b5beb380d17926021a3c39d2ce4a
CHENNPETRO.NS,2426,2016-09-06,2026-06-25,bbebc1b5347d37ceef8633786767a6e7
CHEVIOT.NS,991,2022-06-20,2026-06-18,c4d2460ac4e72fff6e3912da13cf9d13
CHOICEGOLD.NS,150,2025-11-10,2026-06-18,fea2c3366329154c8655787130ef0c79
CHOICEIN.NS,1044,2022-04-08,2026-06-25,cb70161d683735a85d39f87f91009706
CHOLAFIN.NS,2426,2016-09-06,2026-06-25,a8ed4ddf3e61a0adf0768d931a7f1839
CHOLAHLDNG.NS,2166,2017-09-25,2026-06-25,279588ee22d15aebf5650ea9a2ff496d
CIEINDIA.NS,2422,2016-09-06,2026-06-19,2073371b7de036c0782793471cf3ea9c
CIFL.NS,290,2025-04-17,2026-06-18,702b22d3976bc6ec1c216115b23fd926
CINELINE.NS,2421,2016-09-06,2026-06-18,5a185ba143698b237d797d9506ef68be
CINEVISTA.NS,2413,2016-09-06,2026-06-18,d1488e636484f8c9b14a56e6d9499283
CIPLA.NS,2426,2016-09-06,2026-06-25,1e0f8af49a466e12a225da22f2d2b4aa
CLEAN.NS,1220,2021-07-19,2026-06-19,a6d4a7aeb946038e6a7354422417d61b
CLEANMAX.NS,77,2026-03-02,2026-06-25,c8501113f2277dd17cd4c841269a8cb3
CLSEL.NS,1271,2021-05-12,2026-06-25,5e0df6e4ca49e072fe36bb8ee411663d
CMPDI.NS,59,2026-03-30,2026-06-25,6777c71484a902d33e7b7e22073fbbf0
CMRGREEN.NS,12,2026-06-10,2026-06-25,df38ffee43f92ccc33a85790e1f9f5e1
CMSINFO.NS,1106,2021-12-31,2026-06-18,5020d52f6027ad93f27423b5f5331ea6
CNL.NS,1979,2017-04-12,2026-06-18,1480965ddf007aa4414a6f6c146e5803
COALINDIA.NS,1872,2018-12-03,2026-06-22,e688e2bd59a975cbf9192110f70c7b01
COASTCORP.NS,1163,2021-10-08,2026-06-18,2ee526fbaf53bb105beb00bb73d729a8
COCHINSHIP.NS,2195,2017-08-11,2026-06-25,e29fc91ce0f24fbbb3540e09c430e395
COCKERILL.NS,47,2026-04-20,2026-06-25,1c02d3d6a04a5da765d88058b9812614
COFORGE.NS,2423,2016-09-06,2026-06-22,c75131009b082f2021e702060d5c6dba
COHANCE.NS,1562,2020-03-09,2026-06-25,66c89f45a2da391dd2e49bedbebd50cb
COLPAL.NS,2426,2016-09-06,2026-06-25,b020fed10e0ae1b0743cf1a2c7440401
COMFINTE.NS,42,2026-04-20,2026-06-18,f727fe240ac98ccc327d2d90d82fb83f
COMMOIETF.NS,864,2022-12-21,2026-06-18,841ae7a6799cea1b225b43ace39317a3
COMPUSOFT.NS,2421,2016-09-06,2026-06-18,c78992b75505a60a6d1a2f56eb90bce1
COMSYN.NS,594,2024-01-23,2026-06-18,5836841e99bf9b20d49b781832c71d03
CONCOR.NS,2426,2016-09-06,2026-06-25,0646b57174129452620866e9b31fbfea
CONCORDBIO.NS,707,2023-08-18,2026-06-25,ff01e7b5c2343c4e523449ba83d108a8
CONFIPET.NS,1745,2019-06-13,2026-06-25,66d82eb36d5333f60c07edbfc58a4acb
CONS.NS,944,2022-08-04,2026-06-18,04881cac48a50a6da1cbeb88866f3801
CONSUMBEES.NS,2385,2016-09-07,2026-06-18,036d2c49a76afc6d1e28aa3470496cc0
CONSUMER.NS,362,2025-01-01,2026-06-18,3045b01c171e17cba2626c9dce618b2a
CONSUMIETF.NS,1147,2021-11-02,2026-06-18,b32b5f8122bd8e90ba4f6d25b0800b93
CONTROLPR.NS,2421,2016-09-06,2026-06-18,1d8899a9cea93a370c5ad96a9710c83f
CORALFINAC.NS,2280,2017-03-29,2026-06-18,6928272554c0e712078ee05ae5fe9c13
COROMANDEL.NS,2426,2016-09-06,2026-06-25,feb0459b36533c0ecdd0b706320f4e6f
CORONA.NS,125,2025-12-15,2026-06-18,23d41111b3aa8cfb8173a0683fe4a7aa
COSMOFIRST.NS,2421,2016-09-06,2026-06-18,e95dd00049987adbd417d4733ec981f7
CPEDU.NS,193,2025-09-05,2026-06-18,afe76023eb598edcf44f3a63e1406129
CPPLUS.NS,219,2025-08-05,2026-06-25,7f74adc25fe4592a84d2bbcb4c417505
CPSEETF.NS,2420,2016-09-07,2026-06-18,a0b549b5234698bb762444dcbb5844d7
CRAFTSMAN.NS,1301,2021-03-25,2026-06-25,bc8d9e2545e4eee7639fb66f43fb64b4
CRAMC.NS,165,2025-10-16,2026-06-18,330b3d86aae73817a44efd890684e3e7
CREATIVEYE.NS,1597,2018-12-12,2026-06-18,e980ae2ceba2684a3327a8df9e95f338
CREDITACC.NS,1940,2018-08-23,2026-06-25,e1d3dc0054ce5bdc46619f7d4c5f03a1
CREST.NS,2420,2016-09-06,2026-06-18,bfaf141f6a32c66c3dead525d45d896c
CRISIL.NS,2422,2016-09-06,2026-06-19,000467c5bf46d47e3e66541160505f1b
CRIZAC.NS,233,2025-07-09,2026-06-18,de9e81a862ad377e45484b92e497232f
CROMPTON.NS,2426,2016-09-06,2026-06-25,aa9620480e11185002ce238923f5d769
CROWN.NS,1393,2016-09-27,2026-06-18,926b37da8cf028d2c6b5b8306e6b7d00
CSBBANK.NS,1624,2019-12-04,2026-06-18,a0f671d33123273bd39763a78cfc38ad
CSLFINANCE.NS,968,2022-07-21,2026-06-18,426e30e2ee89b42be8c8a8a0a0c78945
CTE.NS,2420,2016-09-07,2026-06-18,e8f9a2d84217c2cf94bea2c108598200
CUB.NS,2426,2016-09-06,2026-06-25,344c83f30580a0047214615b349b0547
CUBEXTUB.NS,2336,2016-09-06,2026-06-18,611ccfd8174bff3c6acad19f24af6a85
CUMMINSIND.NS,2426,2016-09-06,2026-06-25,675d1c0316218033d1f2095a8603969a
CUPID.NS,2418,2016-09-16,2026-06-25,1ab650b01523ac350af7ab995bd34e4c
CURAA.NS,300,2025-03-24,2026-06-18,a94eeb3e02e4f1b4d161550b754be680
CYIENT.NS,2426,2016-09-06,2026-06-25,b5aa6735514b0d3c3eae71ff3eb438be
CYIENTDLM.NS,730,2023-07-10,2026-06-18,8c4370a2ab5545cc7f77908d24fff811
DABUR.NS,2426,2016-09-06,2026-06-25,97ea6db51f75e3214f4d11134a67f998
DAICHI.NS,42,2026-04-20,2026-06-18,82a547cc5d94902e9627920824afacd1
DALBHARAT.NS,1830,2019-02-05,2026-06-25,7d867c16842961522f21d88c652748ef
DALMIASUG.NS,2421,2016-09-06,2026-06-18,1871d2b97e19583a00f50179f46f4bbb
DAMCAPITAL.NS,365,2024-12-27,2026-06-18,4d2be1e34df3615d609da7742d273161
DANGEE.NS,1386,2020-11-13,2026-06-18,90336da7759eb4c8e6f2689cb584bcf3
DATAMATICS.NS,2421,2016-09-06,2026-06-18,326c32e15ad5057e19c5dba1aedf6ccf
DATAPATTNS.NS,1116,2021-12-24,2026-06-25,40d4fbf15fa40dfc25b4bcd929b5f2e4
DAVANGERE.NS,593,2024-01-25,2026-06-18,7d1ea70f214dac41228f54c9c78c75ef
DBCORP.NS,2421,2016-09-06,2026-06-18,fb6b891237ce1bdebf066ff1c2a79c86
DBL.NS,2421,2016-09-06,2026-06-18,f8d8124621c49b7cafa263ecc108de31
DCAL.NS,2163,2017-09-21,2026-06-18,ef4404c4a66553c797800de51b047581
DCBBANK.NS,2421,2016-09-06,2026-06-18,ae42dd8dac0c519e48523c5c2e13c4ac
DCMSHRIRAM.NS,2422,2016-09-06,2026-06-19,cc93409cb0f6ad8f39b389cba206e2c3
DCMSRIND.NS,1111,2021-12-24,2026-06-18,89a5a8c7ec00cdcf461681de9c4518d5
DCW.NS,2421,2016-09-06,2026-06-18,ac00afdbeea2890170d94f82ac699a79
DCXINDIA.NS,898,2022-11-11,2026-06-25,e6c36cbbfc73beb5930dd29a565992af
DDEVPLSTIK.NS,352,2025-01-15,2026-06-18,b5b7ca0387b9074d089d17d7a4a8d296
DECCANCE.NS,2417,2016-09-06,2026-06-18,7207da302b44ee40c2c1892b7187f0a6
DECNGOLD.NS,47,2026-04-20,2026-06-25,4931d47f7fcea246c21a57f83d0a944c
DEEPAKFERT.NS,2426,2016-09-06,2026-06-25,24f974efd95429fa8f422b675c1eaf41
DEEPAKNTR.NS,2422,2016-09-06,2026-06-19,90ec7e14803cd14fc44911b0206529e8
DEEPINDS.NS,1279,2021-04-27,2026-06-22,a5262d192430d0c3a6f790bce94c5ca6
DEFENCE.NS,79,2026-02-19,2026-06-18,bb310767076598eee3263ea5b14eb832
DELHIVERY.NS,1015,2022-05-24,2026-06-25,05194b1f9f051283afe550c3ffd9b010
DELTACORP.NS,2426,2016-09-06,2026-06-25,15ced9b360325efb8d6f995e72dfc4b7
DELTAMAGNT.NS,2275,2016-09-06,2026-06-18,961ebaf5e1019172aa658623dedcaa8b
DEN.NS,2421,2016-09-06,2026-06-18,0497b352342667263aa83237aa8da28f
DENORA.NS,2421,2016-09-06,2026-06-18,49dd728ad34697c03f67b29b27718861
DENTA.NS,342,2025-01-29,2026-06-18,63507fd4ac62e3f68092b14ba03286ee
DEVIT.NS,1075,2022-02-15,2026-06-18,7848417bd10521b2be4106cea4167543
DEVX.NS,185,2025-09-17,2026-06-18,a1655c0ff1323317027e034f29a7edca
DEVYANI.NS,1205,2021-08-16,2026-06-25,870541558e5bcafa4b6191345579c592
DGCONTENT.NS,1693,2019-06-18,2026-06-18,b34d50580c43724618c574f5cd4cf4ed
DHAMPURSUG.NS,2421,2016-09-06,2026-06-18,6a92400c06ee43c636bda7a7ca70d16c
DHANBANK.NS,2395,2016-09-06,2026-06-18,afa99435ee04954e8443a16d56000d27
DHANUKA.NS,2421,2016-09-06,2026-06-18,775c87045e1a5b22d5a13e8fdb8cf9e5
DHARMAJ.NS,874,2022-12-08,2026-06-18,21f7b00bbcb1cffe0f9a80cff84858ec
DHUNINV.NS,2417,2016-09-06,2026-06-18,866e6bf3217d5945403b92b8612ae20c
DIAMINESQ.NS,677,2023-09-25,2026-06-18,7b65dc115349da78ca3d980c7e0797e2
DIAMONDYD.NS,2154,2017-10-05,2026-06-18,fe6b94262bcc186ac53c0c0a303b39d7
DICIND.NS,2415,2016-09-06,2026-06-18,97446cef3e33ad6e24bab0316272633a
DIFFNKG.NS,422,2024-10-04,2026-06-18,f9d32bbee7a2fc9d78d22c0a962c94b2
DIGIDRIVE.NS,604,2024-01-10,2026-06-18,a73ace3a1a93c46c569274e8d34ea36a
DIGITIDE.NS,253,2025-06-11,2026-06-18,0d4f2aa266801cd57f65e3de7e434069
DIGJAMLMTD.NS,1030,2021-10-18,2026-06-18,4a9adb2dbfb72ddce925eb336766d13f
DISAQ.NS,42,2026-04-20,2026-06-18,dfcab0a5cf7a242ac09e30314e1daf40
DIVGIITTS.NS,808,2023-03-14,2026-06-18,513b7e7b3c45528d2709b938c50c630b
DIVIDEND.NS,121,2025-12-19,2026-06-18,bea4fcacd634b6aad984df8f70411b17
DIVISLAB.NS,2426,2016-09-06,2026-06-25,0f3e8cfd4f3c241d345e110bb56a0e43
DIVOPPBEES.NS,2356,2016-09-07,2026-06-18,ebf16aed4e788119dad52e73036da27f
DIXON.NS,2171,2017-09-18,2026-06-25,480cad000b12ed3dfd59ac0e36c01d1a
DJML.NS,877,2022-12-05,2026-06-18,284a34c46c70c9270b3ed1c5e5af86ef
DLF.NS,2426,2016-09-06,2026-06-25,78ec69c92e13a1c2537de3eabf276c9c
DLINKINDIA.NS,2421,2016-09-06,2026-06-18,4226a3f219ef1bf370f1aec464a0eb02
DMART.NS,2294,2017-03-21,2026-06-25,43ff7fa190c957caa7f8c557ae53fb89
DMCC.NS,1127,2021-12-01,2026-06-18,474bfa2684e481e82a552a15f4623a5e
DNAMEDIA.NS,2042,2017-12-11,2026-06-18,1fae7113f2a5ca131056997f4f02c90b
DODLA.NS,1234,2021-06-28,2026-06-18,b33d77e5ac5525f03c7ae673381e5d66
DOLATALGO.NS,1694,2019-08-20,2026-06-18,196e62cf9a3724bdb4d5818e4d045215
DOLLAR.NS,2268,2017-04-21,2026-06-18,60f353a270796c769db678030294aedf
DOLPHIN.NS,700,2023-08-21,2026-06-18,c075a64ab0cb54a2bfba2eff5d7ce314
DOMS.NS,623,2023-12-20,2026-06-25,a89053cc4dd36518b6f03a63884b7487
DONEAR.NS,2421,2016-09-06,2026-06-18,c7bf996986316ee4d8c455c733800032
DPABHUSHAN.NS,1803,2017-10-23,2026-06-18,fde2870a75a3b7b0def01f2247b3fd60
DRAGARWQ.NS,42,2026-04-20,2026-06-18,dd7b36a720cc12fe221a46f8da4cf98f
DRCSYSTEMS.NS,1428,2016-09-06,2026-06-18,1a9bcd3b227d10fdfed3353491cc9736
DREAMFOLKS.NS,938,2022-09-06,2026-06-18,d66e44beae510a02954d8bcf2f46ab68
DREDGECORP.NS,2426,2016-09-06,2026-06-25,ba7b56fc77fdbfcb37783b6efb9a6a08
DRREDDY.NS,2423,2016-09-06,2026-06-22,ee06adff87205035482c0d6f20dc6f06
DSSL.NS,2220,2016-12-13,2026-06-25,7f1fca704cda19e816d32e7dee01ae0b
DTIL.NS,2418,2016-09-06,2026-06-18,ea80ea91b097c2c59e610b80dbb2dbda
DVL.NS,2421,2016-09-06,2026-06-18,f341ab59c6cdd0b2c9ba51a82df4a432
DWARKESH.NS,2395,2016-09-06,2026-06-18,c62866da3781aa8815c5b71c2dd1097e
DYCL.NS,969,2022-07-27,2026-06-25,6f0c6a68fc97304ca832806d3384344a
DYNAMATECH.NS,2422,2016-09-06,2026-06-19,ec60b9fe59aeca5519e84bfcc1f75f27
DYNPRO.NS,2206,2017-07-19,2026-06-18,679728ce82260d9631db90b90c5c5bab
EASEMYTRIP.NS,1305,2021-03-19,2026-06-25,345d4b214decf971909070d9c885a44c
EBANKNIFTY.NS,435,2024-09-16,2026-06-18,79d44aea26a8cb4f4614ab94d4f3e6d0
EBBETF0430.NS,1604,2020-01-02,2026-06-18,0e25794aea5ad13d244863316aa6f8ef
EBBETF0431.NS,1462,2020-07-29,2026-06-18,b750656cc85e00ae74eb4cf5199a5686
EBBETF0433.NS,868,2022-12-16,2026-06-18,6e4371f9cc8ccfb9644647228e534b53
EBGNG.NS,223,2025-07-30,2026-06-25,fa1dbb345898a51276dab2d682ecbbc9
ECAPINSURE.NS,359,2025-01-06,2026-06-18,b735d4af85e6a857ffdf5585098fb63c
ECLERX.NS,2426,2016-09-06,2026-06-25,b90e3fdcca42bf723a92508083ce635f
EDELWEISS.NS,2426,2016-09-06,2026-06-25,0c4689903bb1f88219772e6c2d0747b3
EFCIL.NS,204,2025-08-20,2026-06-18,4f4c4f195c109d55605cdb2d8630e4d7
EGOLD.NS,645,2023-11-10,2026-06-18,256ae63ca82005fa4536fc3c79c4eb59
EICHERMOT.NS,2426,2016-09-06,2026-06-25,5acf7a89a1164160682d621f199cadec
EIDPARRY.NS,2426,2016-09-06,2026-06-25,6ffe5ef95b2fe7378c9259c777c3027a
EIEL.NS,389,2024-11-29,2026-06-25,bb5d8560592a0b3401b94aa53d0baf6f
EIHAHOTELS.NS,2415,2016-09-06,2026-06-18,e0214e9cd7c3361c5e339a71ea393bbc
EIHOTEL.NS,2422,2016-09-06,2026-06-19,d4d9fda00a0522309dfa0335cfe01329
EIMCOELECO.NS,2414,2016-09-06,2026-06-18,1cc0863c560d3c7d5e44962b263139e8
EKC.NS,2421,2016-09-06,2026-06-18,5e9e263004cd080a7b027c36388cfa15
ELANTAS.NS,42,2026-04-20,2026-06-18,0aa4fcd1e3eefb21a24640effcb286d8
ELCIDIN.NS,42,2026-04-20,2026-06-18,04c5a4e8eeb1fce2dfaf39082ec71fdf
ELDEHSG.NS,1037,2022-04-12,2026-06-18,da08705d2b19a38ef12dae911476028f
ELECON.NS,2426,2016-09-06,2026-06-25,a9a98e9e85f540f1660a6c0059677c45
ELECTCAST.NS,2426,2016-09-06,2026-06-25,48d3f5a001cdf7e1e2879251281d2909
ELECTHERM.NS,2424,2016-09-07,2026-06-25,648138a2549ba55311bd50a6b32d15ed
ELGIEQUIP.NS,2426,2016-09-06,2026-06-25,69d6cec7497df2e9837fa586d532b91d
ELGIRUBCO.NS,2419,2016-09-07,2026-06-18,d0975ed8bd8a7f657e24dfe4c2e8b192
ELIN.NS,858,2022-12-30,2026-06-18,3ebfcd2b16a008ea22c28dc8ff176f32
ELIQUID.NS,153,2025-10-10,2026-06-18,31084f9a687664406223975e5c0a290d
ELITECON.NS,42,2026-04-20,2026-06-18,d153b552c0678c15f56608ae79f5d7b4
ELLEN.NS,239,2025-07-01,2026-06-18,9577444790af59971e29c89f3e7dbba5
ELM250.NS,191,2025-09-09,2026-06-18,911949af9882bd92e963507cc094fd3b
ELPROINTL.NS,42,2026-04-20,2026-06-18,6dc9ff87778897b7d109bc46bed18f6e
EMAMILTD.NS,2422,2016-09-06,2026-06-19,7c6d5dee24e14ca13e49dd0b830d58e0
EMBDL.NS,2409,2016-09-06,2026-06-18,8bbce8f39bb898283b3924581e828dee
EMCURE.NS,486,2024-07-10,2026-06-25,f317d4657f3c4e07f409292f1333bbf0
EMIL.NS,910,2022-10-17,2026-06-18,cb470630dd5affed0d212a17fd495c5a
EMKAY.NS,2419,2016-09-07,2026-06-18,62fbf0f3f574369c944ccd6854981b84
EMMVEE.NS,149,2025-11-18,2026-06-25,144471de53f82005b4dfdf558c67159f
EMSLIMITED.NS,684,2023-09-21,2026-06-25,ea3a3188034c2830d53f03c88384e82f
EMUDHRA.NS,1004,2022-06-01,2026-06-18,bb11d102025d6a95f785d52c43e28f2e
EMULTIMQ.NS,398,2024-11-07,2026-06-18,f5f67498af438cf532e7e2659d711480
ENDURANCE.NS,2398,2016-10-19,2026-06-25,8e401e5abc1c09625d5c9624b688e699
ENERGY.NS,147,2025-11-13,2026-06-18,371ee032b9dc0b1547e246a3a55f0cd5
ENERGYDEV.NS,2395,2016-09-06,2026-06-18,75d22bf053883f090076b5c38d4744ba
ENEXT50.NS,18,2026-05-25,2026-06-18,a9ef16f8ecbc40c248ac3da05849a157
ENGINERSIN.NS,2426,2016-09-06,2026-06-25,6f15bfc60691f111c32a086c68aae7cb
ENIFTY.NS,137,2025-11-27,2026-06-18,aab8e342a5bea76f7b8c4fdd013e0bd3
ENIL.NS,2420,2016-09-06,2026-06-18,f2c9d48ba3e80efe14024da5ddbfe919
ENRIN.NS,252,2025-06-19,2026-06-25,df451e73dbd262d53a1a4cb553cb9b64
ENTERO.NS,579,2024-02-16,2026-06-19,06816440257a1c891de999b56892ed58
EPACK.NS,591,2024-01-30,2026-06-18,0e7ba0a453c56dc2474c2640a2f40b09
EPACKPEB.NS,180,2025-10-01,2026-06-25,20fa9e348b38d4275895f2d5a3b15bdc
EPIGRAL.NS,1198,2021-08-18,2026-06-18,e28bafc27cff7a54c8b78d8b27860eaf
EPL.NS,2421,2016-09-06,2026-06-18,5df0ad15f6baf4a24bc418a930bbf16f
EQUAL200.NS,310,2025-03-17,2026-06-18,529b0c98bd97fe4b74535aede52370d4
EQUAL50.NS,269,2025-05-15,2026-06-18,fbb292e609aa4e3a14d55bfcd8ec0008
EQUAL50ADD.NS,1140,2021-11-12,2026-06-18,a0bc918ff8dcede92d77722aa15357b7
EQUITASBNK.NS,1400,2020-11-02,2026-06-25,6df9605f09f44e9579272f58d171bc1c
ERIS.NS,2222,2017-06-29,2026-06-19,6c8bb37faf23f0bdd68fbfe46cb09bde
ESABINDIA.NS,2415,2016-09-06,2026-06-18,a6ef0f712727bd9ae0a074700ebe9990
ESCORTS.NS,2426,2016-09-06,2026-06-25,7af9cecf9b2c6bb5f41c13c198b16f8f
ESENSEX.NS,136,2025-11-27,2026-06-18,9ce918f4b8cb99de09cef9e56676ed67
ESG.NS,1379,2020-11-24,2026-06-18,25bd6f0e35317aef7c524c0514a52748
ESILVER.NS,635,2023-11-24,2026-06-18,5433b569a4f441aa985d36fcb62049f9
ESSARSHPNG.NS,2420,2016-09-06,2026-06-18,76dc59af73a89723d628291f2f14e2e9
ESTER.NS,2421,2016-09-06,2026-06-18,35abe9d227ddd2f642c85b3b30578806
ETERNAL.NS,1221,2021-07-23,2026-06-25,45697a6b715591a3a00f0f3da834f0c8
ETHOSLTD.NS,1006,2022-05-30,2026-06-18,0379cf41b74b9b9516dfb40881c2a9fa
EUREKAFORB.NS,438,2024-09-11,2026-06-18,bddaf74459a40280ae653f3255a1e7f2
EUROBOND.NS,1058,2021-12-24,2026-06-18,dd490276c6be2936b897b7c2fd3cb9e7
EUROPRATIK.NS,181,2025-09-23,2026-06-18,a187aa652907a2c40c1b9f4fbebb122c
EVEREADY.NS,2421,2016-09-06,2026-06-18,56a9972d130fea6fd56fab53e236a6f2
EVIETF.NS,292,2025-04-15,2026-06-18,c85d78c3bec9855c27b765830b7f2d54
EVINDIA.NS,477,2024-07-16,2026-06-18,9126eb5b7417b88783baca6e9db7750f
EXCELINDUS.NS,2421,2016-09-06,2026-06-18,b2bc492f7f9dbb50f5a505097f5f0974
EXCELSOFT.NS,138,2025-11-26,2026-06-18,9448fd1c4dcf6ca91a42bc67eb472482
EXICOM.NS,570,2024-03-05,2026-06-25,aaa03ae7db45ec9ea2c4e7c604370291
EXIDEIND.NS,2426,2016-09-06,2026-06-25,b817ceb75df09b209fadfe0c911f4000
EXPLEOSOL.NS,2416,2016-09-06,2026-06-18,b2c27294b72194f0986b755053b541e2
EXXARO.NS,1200,2021-08-16,2026-06-18,c053bd91d0edc43bf0213615ba196d6a
FABTECH.NS,172,2025-10-07,2026-06-18,c3f957cf4c17783c09965b6e4cd1f1f9
FACT.NS,2426,2016-09-06,2026-06-25,db0a9e99e3512687de6efa71c627464c
FAZE3Q.NS,888,2022-11-18,2026-06-18,5a61d18078450e7a1d0ffb06e611fb1a
FCL.NS,2426,2016-09-06,2026-06-25,cfbd99554c2bd49f245c1e9492921fcd
FDC.NS,2426,2016-09-06,2026-06-25,9115a5f006c8304d623dbd2f50404514
FEDDERSHOL.NS,42,2026-04-20,2026-06-18,6fabf09bdb729e4a1628b33501cf1f82
FEDERALBNK.NS,2429,2016-09-06,2026-06-25,87eb75c3ce769b0d814b3b4ed40808af
FEDFINA.NS,632,2023-11-30,2026-06-18,f77d5325b2e1ec744239f98ad8d1fe6f
FERMENTA.NS,42,2026-04-20,2026-06-18,98170be092ae3c3af57a9495223d3532
FIBERWEB.NS,1074,2022-02-16,2026-06-18,07d9738e1bfff01447a482b36a5b8829
FIEMIND.NS,2421,2016-09-06,2026-06-18,26a001bdb16dfc6ef4900039d98f0cf2
FILATEX.NS,2421,2016-09-06,2026-06-18,17ebdf13e2a25586633f408d7aaf8eb3
FINCABLES.NS,2426,2016-09-06,2026-06-25,361954ed9ad69b5a5fd5edbb3e414c09
FINEORG.NS,1971,2018-07-02,2026-06-18,325b48583237c689b5f1dc13ab590ea7
FINIETF.NS,880,2022-11-30,2026-06-18,61f1f45afd3abf791113d47f1408645b
FINKURVE.NS,175,2025-10-01,2026-06-18,5dbd119092c320df3f70dcb51006f997
FINOPB.NS,1145,2021-11-12,2026-06-25,af0b02ee6801a2fd5a39342bbe0e06ba
FINPIPE.NS,2426,2016-09-06,2026-06-25,25bd6d9e833a90bffba6478311ec423f
FIRSTCRY.NS,463,2024-08-13,2026-06-25,70c5adb786ef7f295a8dbce4080bff6c
FISCHER.NS,232,2025-07-10,2026-06-18,d3913e0c38bfb02a4209df219fb14b50
FIVESTAR.NS,892,2022-11-21,2026-06-25,ee03f5f2a6167400a1bd6cafde02d43d
FLAIR.NS,631,2023-12-01,2026-06-18,9808b9aefd952ec84aafc5d44949c280
FLEXIADD.NS,165,2025-10-16,2026-06-18,5e6a864985576d58fe4409b069f1065e
FLUOROCHEM.NS,1662,2019-10-16,2026-06-25,6daa21d4abb739558911a24f478b264a
FMCGADD.NS,19,2026-05-22,2026-06-18,583300bb7d5fc09f9da8f20210b37a07
FMCGIETF.NS,1204,2021-08-10,2026-06-18,e1d16acf13e1ad858e2b36d8ebdee3e2
FMGOETZE.NS,2421,2016-09-06,2026-06-18,82f2f605f4e74acc72e2195088d3e341
FOODSIN.NS,1138,2021-11-16,2026-06-18,df77c68143fdc06c617c4ff5be734adc
FORCEMOT.NS,1623,2019-08-20,2026-06-25,d3ff1c0db2702dc94e4a62fcb019c58c
FORTIS.NS,2426,2016-09-06,2026-06-25,b71c29c2d5841ac2f9ca65d3037a2b7a
FOSECOIND.NS,2418,2016-09-06,2026-06-18,287a8558b340dcd3763e7d109a1810ab
FRACTAL.NS,87,2026-02-16,2026-06-25,9786918b0021cc4c764041a6aaf9f9c2
FRONTSP.NS,42,2026-04-20,2026-06-18,b45aadb57005b80db3d159cc6260bb49
FSL.NS,2426,2016-09-06,2026-06-25,48f84314bb081b4d6b365c7bfa27c99b
FUSION.NS,891,2022-11-15,2026-06-18,614b9b14ecea8a198c2e09f3937eb229
GABRIEL.NS,2426,2016-09-06,2026-06-25,6df648b915a0d78e8031944f759e1066
GAEL.NS,2421,2016-09-06,2026-06-18,aa196931ffe135a4a62e285f286f2c90
GAIL.NS,2426,2016-09-06,2026-06-25,0b5c1610c616ea1bc8ceb9f6f9a15cec
GALAPREC.NS,440,2024-09-09,2026-06-18,39e351c46c7c2fedd22019cf2947b7da
GALAXYSURF.NS,2073,2018-02-08,2026-06-25,cfbbc721979074483af296ed70583cd3
GALLANTT.NS,2326,2016-09-06,2026-06-19,e00e008d5d33883e4bea770ad41131f2
GANDHAR.NS,637,2023-11-30,2026-06-25,046d81c417a6d3b6012f9a065a83084d
GANDHITUBE.NS,2419,2016-09-06,2026-06-18,dac7f78775abd71a0c81bf7ddbf988d5
GANECOS.NS,2421,2016-09-06,2026-06-19,e9d347fd0045b849fe1c5704e002ba2e
GANESHCP.NS,177,2025-09-29,2026-06-18,0a67ed75de2424e159f2d963ee08260e
GANESHHOU.NS,2421,2016-09-06,2026-06-18,7a4503b8334822e8ffc8928bf514b774
GANGAFORGE.NS,1219,2021-07-06,2026-06-18,5d045ef3633057bfc3e1661262848767
GANGESSECU.NS,2162,2017-07-28,2026-06-18,be59cf658773469845658bbb82265939
GARFIBRES.NS,2421,2016-09-06,2026-06-18,9f2e62fe7217869ce0b3d653ef8c9e56
GARUDA.NS,415,2024-10-15,2026-06-18,415a84cb9a16e47f0dd774d294908e2e
GATEWAY.NS,1052,2022-03-22,2026-06-18,7b6eb13648b81182bb11daa3854dfcab
GAYAHWS.NS,1727,2018-06-28,2026-06-18,dd3c888e7ba141c51814e46612d35cc8
GCSL.NS,198,2025-09-04,2026-06-25,94f750e44e442e69b9f918df5dce31a3
GEEKAYWIRE.NS,1704,2017-08-24,2026-06-18,d0b728a303af36cc07ae1d1af173e8bf
GEMAROMA.NS,200,2025-08-26,2026-06-18,77c0017cf527fc4ab40081ddcca7e3a7
GENCON.NS,1322,2021-02-16,2026-06-18,f2e84928803ab38ed97f0726cc68162d
GENESYS.NS,2426,2016-09-06,2026-06-25,2e5aa464ff9cf02c94081ce8316bb865
GENUSPAPER.NS,2420,2016-09-06,2026-06-18,001d1be660f781ae06466ceb8614c13d
GENUSPOWER.NS,2426,2016-09-06,2026-06-25,a164a6bbc34fc90de847c012e43a95ae
GEOJITFSL.NS,2421,2016-09-06,2026-06-18,31a1a774e501d5a9b86bfd55a744f81e
GESHIP.NS,2426,2016-09-06,2026-06-25,47eab37b61a6b550c668e6dce12adcf6
GFLLIMITED.NS,2420,2016-09-06,2026-06-18,e465130c99d552dd0c781177e9b24f43
GHCL.NS,2426,2016-09-06,2026-06-25,07e0184b6201264cfba65284e30fab09
GHCLTEXTIL.NS,749,2023-06-12,2026-06-18,b5163876eaf07e94c75d7512dd08efdc
GICHSGFIN.NS,2421,2016-09-06,2026-06-18,02497b500b22db87c83a4695786c53f5
GICL.NS,1140,2016-10-19,2026-06-18,3cd202e35781fc8f691e0882c3371eab
GICRE.NS,2147,2017-10-25,2026-06-25,240894f296da6ce936f563cfb3e1dcaa
GILLANDERS.NS,2411,2016-09-06,2026-06-18,d119484bea062dbbb306e81387d52443
GILLETTE.NS,2426,2016-09-06,2026-06-25,59d0b85e6f444a3a842f55524a3bc9fe
GILT10BETA.NS,583,2024-02-05,2026-06-18,0230a0c1f3a4623218842e200c233f0d
GILT5BETA.NS,560,2024-02-05,2026-06-18,4ff1e1630632d7d80ea992a4f7bd4f19
GILT5YBEES.NS,1284,2021-04-08,2026-06-18,1bd5a2f7603c114e15635ee85932a9a0
GIPCL.NS,2421,2016-09-06,2026-06-18,cfd900d0c6c7d7b1fb0e1bf77e8ad38a
GKENERGY.NS,178,2025-09-26,2026-06-18,3bd5404e00df02b6f61dfd151b6b1a56
GKSL.NS,115,2025-12-30,2026-06-18,30175b395a6def9572bab03f163570c4
GKWLIMITED.NS,2405,2016-09-07,2026-06-18,85a6dbb4e1c5e7ff7ca75f9cfe0813d1
GLAND.NS,1386,2020-11-20,2026-06-25,8a5d8ca32b9c66e0c144de41c6143a80
GLAXO.NS,2426,2016-09-06,2026-06-25,9639dace39a8e50728c074a1df6cc965
GLENMARK.NS,2426,2016-09-06,2026-06-25,72afe71b8d2c802c1c9f7336aeba38a2
GLOBAL.NS,1371,2020-12-07,2026-06-18,e7c9039f30227820da10f5fefca424b3
GLOBALVECT.NS,2421,2016-09-06,2026-06-18,e6a89dba3f3c7b491217a620e780e6f4
GLOBE.NS,1386,2020-10-07,2026-06-18,a7bd782f6dac79b7b72615fe0c7b9750
GLOBUSSPR.NS,2421,2016-09-06,2026-06-18,17acf1614f9cdca75c2ebe7b56ec2597
GLOSTERLTD.NS,532,2024-04-26,2026-06-18,0580a76245b639b3b2daca29a353544e
GMBREW.NS,2421,2016-09-06,2026-06-18,549568d8cb005708b53a71d98a39e854
GMDCLTD.NS,2426,2016-09-06,2026-06-25,cf417be83cdf01afa43cbf658fe3e9a8
GMMPFAUDLR.NS,2053,2018-03-05,2026-06-18,e743a15fa7065c6d6dbfd4ec68005b25
GMRAIRPORT.NS,2426,2016-09-06,2026-06-25,bcead3767af7a01432ab70d2bf4839bc
GMRP&UI.NS,1056,2022-03-23,2026-06-25,992286587ba385c5b1346ef7ffa023cf
GNA.NS,2413,2016-09-26,2026-06-25,10f9853f5e5416e0c7f83b3b86d2f742
GNFC.NS,2426,2016-09-06,2026-06-25,accb10f2a8d40362be309bddc79c0719
GNRL.NS,42,2026-04-20,2026-06-18,b6498aec30b34cb0f85471366dd88af1
GOACARBON.NS,2421,2016-09-06,2026-06-18,16e8ed8b912c36ecdd4b8b909511f337
GOCLCORP.NS,2419,2016-09-06,2026-06-18,918334aa861d41183ef75c8151b0dad7
GOCOLORS.NS,1134,2021-11-30,2026-06-25,e5992a4294a4201b59dc29051888b117
GODAVARIB.NS,404,2024-10-30,2026-06-18,3a096a432a6fc34ed09ba5b6e17ddd27
GODFRYPHLP.NS,2426,2016-09-06,2026-06-25,b186f3743e164e55f376aa502ecc9244
GODIGIT.NS,519,2024-05-23,2026-06-25,d9e79801282edaf29b19234b2c896520
GODREJAGRO.NS,2147,2017-10-16,2026-06-18,d5274108b5a8bf87828b375e7777b055
GODREJCP.NS,2426,2016-09-06,2026-06-25,39c72c631344134e69fecada65915ad7
GODREJIND.NS,2422,2016-09-06,2026-06-19,7734671a3e9025ee8699cec1c69b4dff
GODREJPROP.NS,2426,2016-09-06,2026-06-25,44446d5c94f32d9c7114c8e215d1d4ce
GOKEX.NS,2426,2016-09-06,2026-06-25,cc4b61657b9c0f029e99939d1f0e89ce
GOKUL.NS,2386,2016-09-06,2026-06-18,f22f129e210abef32c46d1960b764836
GOKULAGRO.NS,2388,2016-09-06,2026-06-18,c22693b826d2a6c05629cf5ba7b5bed1
GOLD1.NS,2419,2016-09-07,2026-06-18,69047dad6e929d063b804616a5b2f979
GOLD360.NS,310,2025-03-17,2026-06-18,8bf5b747e059c818610e555f30054e09
GOLDADD.NS,774,2023-05-08,2026-06-18,5537451907116280ba86ff8e9a502438
GOLDBEES.NS,2424,2016-09-07,2026-06-25,7205c44adcec76a33eea7b5844fe1b92
GOLDBETA.NS,2415,2016-09-07,2026-06-18,8ede8a8a57530929eb328437e7a9214f
GOLDBND.NS,126,2025-12-12,2026-06-18,13facaa3c3ddd054b876497453b03089
GOLDCASE.NS,573,2024-03-01,2026-06-25,54769e1cdff53d26f3962733d4b53df5
GOLDETF.NS,1106,2016-09-22,2026-06-25,3cd15b49e9a0f4fa0130c8c597d4960d
GOLDIAM.NS,2423,2016-09-07,2026-06-25,90860ca4960956a15f8754adb529816c
GOLDIETF.NS,2408,2016-09-07,2026-06-25,dd228709cfa5a1122a5a337faa68940e
GOODLUCK.NS,2425,2016-09-06,2026-06-25,db97b0daf5f795015c4fd9cff89554bd
GOODYEAR.NS,42,2026-04-20,2026-06-18,184e751c06a00709fabb4567244aec2b
GOPAL.NS,559,2024-03-14,2026-06-18,1b9a69e5588635d97170566770270d5f
GOYALALUM.NS,878,2016-09-06,2026-06-18,63583d347b74d0e405b0e015f251f910
GPIL.NS,2426,2016-09-06,2026-06-25,ecaf494939e19b2a12e63844f30af9d5
GPPL.NS,2426,2016-09-06,2026-06-25,3b3a8c7999b38240cf75ad1311f1bf37
GPTHEALTH.NS,569,2024-02-29,2026-06-18,d973dbad0c803a1489811d4b96e42077
GPTINFRA.NS,2421,2016-09-06,2026-06-18,4e0cd80b0d89b37a7a49f6159582f75c
GRADIENTE.NS,29,2026-05-08,2026-06-18,2ad71e66fcf6e5326c093e765ca35138
GRANDOAK.NS,42,2026-04-20,2026-06-18,45825a4bfa0c0f1434d8374342a4e90b
GRANULES.NS,2426,2016-09-06,2026-06-25,2b64eb189a236ce24be1a8c0f4669dcb
GRAPHITE.NS,2426,2016-09-06,2026-06-25,8300837dc413c20ec287bf02975e5c4f
GRASIM.NS,2426,2016-09-06,2026-06-25,90e8a4ef2186e786646f2333e5b96bfb
GRAUWEIL.NS,42,2026-04-20,2026-06-18,5704861dbc8fdf9b4af323b1f86d1517
GRAVISSHO.NS,42,2026-04-20,2026-06-18,9b409ec0a97a2304c9af1363cde60fcc
GRAVITA.NS,2426,2016-09-06,2026-06-25,3c7e7122cb02c28deae9faf886988dd6
GREAVESCOT.NS,2426,2016-09-06,2026-06-25,f9c7aaf9f5904dc2db5a6e4c77dbc923
GREENLAM.NS,2420,2016-09-06,2026-06-18,8d8e6af9768b890dfacce9d07a485f20
GREENPANEL.NS,1653,2019-10-23,2026-06-18,deff50b151c29de6b9d122c793eb5528
GREENPLY.NS,2421,2016-09-06,2026-06-18,0171259c5ee9896be04451b35d21e1c8
GREENPOWER.NS,2421,2016-09-06,2026-06-18,2752caf90c52c0be70b462ac8501a4da
GRINDWELL.NS,2421,2016-09-06,2026-06-18,9989a369c564d35bc2e67b9f76354c22
GRINFRA.NS,1219,2021-07-19,2026-06-18,61ea78a3d5168989eec379ceadad40f5
GRMOVER.NS,942,2022-09-07,2026-06-25,09e6cf857d51c2587e5f6c9ae20c8cee
GROBTEA.NS,2361,2016-09-06,2026-06-18,02da8e76004af062308986f7859f990c
GROWW.NS,153,2025-11-12,2026-06-25,e8fe2b5d4da95fb8550555dee5fcf77f
GROWWCAPM.NS,132,2025-12-04,2026-06-18,850db395123b9b863665127610a2691e
GROWWCHEM.NS,103,2026-01-16,2026-06-18,fa623cd8f328ae31388ce62b109304e0
GROWWDEFNC.NS,417,2024-10-11,2026-06-18,65c0884bfe30f28d2231b20e1c5e5216
GROWWEV.NS,459,2024-08-12,2026-06-18,c0eb0ce0e5b581b39cbe863647bfbf17
GROWWGOLD.NS,408,2024-10-24,2026-06-18,e5111ccc6b794ac4cb18df7fbc9060d1
GROWWHOSPI.NS,70,2026-03-05,2026-06-18,29a8bc936f55b506c7983ca253c0a331
GROWWLIQID.NS,427,2024-09-26,2026-06-18,ae36cd5702403cff74e92ea8601bb2cf
GROWWLOVOL.NS,249,2025-06-17,2026-06-18,fc8d90e8694cfb629e967e9675b5a95a
GROWWMC150.NS,145,2025-11-17,2026-06-18,f1a9bc50e39433809e15d803ceedc091
GROWWMETAL.NS,119,2025-12-23,2026-06-18,673ea5434d23decb2cb7b9d8af09a498
GROWWMOM50.NS,286,2025-04-24,2026-06-18,8436593aa26fc58653f7e76652859053
GROWWN200.NS,320,2025-02-28,2026-06-18,eba77836978bfa00f119ae03f3024a91
GROWWNET.NS,237,2025-07-03,2026-06-18,723aa19c8028cb394842ba3952088875
GROWWNIFTY.NS,224,2025-07-22,2026-06-18,f7780ab0ede995724a4df1a3e697d356
GROWWNXT50.NS,200,2025-08-26,2026-06-18,2d146a89ab868adedcca07e1c19993b7
GROWWPOWER.NS,212,2025-08-07,2026-06-18,00f77206f19fc4657680df3dd232b93c
GROWWPSE.NS,85,2026-02-11,2026-06-18,655421347727554585e7f66e8fd7452f
GROWWPSUBK.NS,55,2026-03-27,2026-06-18,c1945036d52c6f1c775a4b5211427ec5
GROWWRAIL.NS,334,2025-02-07,2026-06-18,28f6be5ea64183baae16f09342b952ba
GROWWRLTY.NS,170,2025-10-09,2026-06-18,3b1829d9ef60faf3d8bfc6de7a435bb6
GROWWSC250.NS,156,2025-10-30,2026-06-18,25511095f360bc5254c5b8e7ff5f7a0a
GROWWSLVR.NS,266,2025-05-23,2026-06-18,8b0ef8fb99ddbaf180de6d914fcd5033
GRPLTD.NS,2403,2016-09-06,2026-06-18,e35cbdac8799394ae3c5f325062a6954
GRSE.NS,1909,2018-10-10,2026-06-25,d2e2079a7c4d3449ac8eb76076b0901e
GRWRHITECH.NS,1088,2022-02-03,2026-06-25,79bf70f59dcf8e8598143ad48894906e
GSEC10ABSL.NS,320,2024-08-19,2026-06-17,b8066a5ed81d85b9bee4dd7c70270fad
GSEC10IETF.NS,754,2022-12-19,2026-06-18,0232aba63ac1b4ab17ce58127b5aee45
GSEC10YEAR.NS,753,2023-04-10,2026-06-18,4f67be643f61cf92b3f92009c98aab49
GSEC5IETF.NS,1051,2022-03-10,2026-06-18,32465193b2e60f4b37e6561eb6972bec
GSFC.NS,2421,2016-09-06,2026-06-18,51eaa714fa52f04c2aa9ed55adaf8cce
GSLSU.NS,801,2023-03-23,2026-06-18,3c5f32a8f6a74efed3a02abfce2e927d
GSPCROP.NS,57,2026-03-24,2026-06-18,cbecdebdb351223c1398d8e8671862f7
GTL.NS,2347,2016-09-06,2026-06-18,b8f9ef9f94035994906138551be6ed47
GTLINFRA.NS,2421,2016-09-06,2026-06-18,87f8eb495873202fb66336cad898554a
GTPL.NS,2218,2017-07-04,2026-06-18,d791a14291e0fd38b07d90c3adfb3e02
GUFICBIO.NS,2421,2016-09-06,2026-06-18,b486e414a8892dcf5a2bdd6f2c1c481d
GUJALKALI.NS,2421,2016-09-06,2026-06-18,4233d04d70d4b7b3490a097fde8733c9
GUJAPOLLO.NS,2418,2016-09-06,2026-06-18,0d8b90aa53325b3d54c3d52db065f76f
GUJRAFFIA.NS,1862,2017-12-13,2026-06-18,ee3e8c7b3e67e8a1f28a0748479d0558
GUJTHEM.NS,322,2025-02-25,2026-06-18,97df1ca047d426f02c514a32797b3d90
GULFOILLUB.NS,2421,2016-09-06,2026-06-18,551b39bdc6f61fdd78de77c524a96050
GULPOLY.NS,2421,2016-09-06,2026-06-18,3e2c048baf59cb0481770949127e4518
GVPIL.NS,2426,2016-09-06,2026-06-25,99d8908cbe5c364279b13befd5e88f9c
GVPTECH.NS,936,2022-09-08,2026-06-18,6c2ebc470d71d8c115e7fd9fc9d6e64f
GVT&D.NS,2426,2016-09-06,2026-06-25,edbe14e0a83d88b06fbad5020688faf8
HAL.NS,2041,2018-03-28,2026-06-25,b99366282985e33f66ff508c724b1838
HALDER.NS,101,2026-01-19,2026-06-18,aaa301f9157b61d2b32f8d193604c4cd
HALEOSLABS.NS,2186,2017-08-17,2026-06-18,4e856ebac296114f33c964c54e9ec025
HAPPSTMNDS.NS,1431,2020-09-17,2026-06-25,8aabb9090f76ce6020d08b167a7fedda
HAPPYFORGE.NS,614,2023-12-27,2026-06-18,80d3d4aa06e4e90b7ffa2bffebe1a9ec
HARDWYN.NS,1037,2022-04-12,2026-06-18,e9d7891cf89cb5bc7ee67cfadf9ed3ad
HARIOMPIPE.NS,1041,2022-04-13,2026-06-25,6aab9fd1163f0098b460de35347eca23
HARRMALAYA.NS,2421,2016-09-06,2026-06-18,d344d4293209d7043bdafe9f6edf2912
HARSHA.NS,924,2022-09-26,2026-06-18,d16cb9cd5083ea3fa9412de28ddb139b
HATHWAY.NS,2421,2016-09-06,2026-06-18,965260861a49e9175f6f7a50e2699235
HATSUN.NS,2421,2016-09-06,2026-06-18,131b6164de91a13cce8997c270c334d6
HAVELLS.NS,2426,2016-09-06,2026-06-25,298587894b3f2a3c3e72408aad675c1d
HAVISHA.NS,1935,2018-04-12,2026-06-18,d4f726b7676ea88a1c049fa779c777e8
HAWKINCOOK.NS,42,2026-04-20,2026-06-18,1c0b63581f6680a6045526108370a7a8
HBESD.NS,42,2026-04-20,2026-06-18,e48c4a5b70efe145c2cbc612929df7cc
HBLENGINE.NS,2426,2016-09-06,2026-06-25,47643d997e4b2420f3bbd21fb8e21b56
HCC.NS,2426,2016-09-06,2026-06-25,30d88fda995b0e3368185032de22a42f
HCG.NS,2421,2016-09-06,2026-06-18,42898a448a5f4da3ab991ac99ff00818
HCL-INSYS.NS,2421,2016-09-06,2026-06-18,169c49e367357383ad83448b4233cc1a
HCLTECH.NS,2423,2016-09-06,2026-06-22,0cdac78f6c1152bd59fba3282dcefdb0
HDBFS.NS,243,2025-07-02,2026-06-25,1c0c74167dc628310d4cf00ec947c496
HDFCAMC.NS,1951,2018-08-06,2026-06-25,9df321ed9d5c62753986c4b19e688ffe
HDFCBANK.NS,2423,2016-09-06,2026-06-22,1042e31e4c59b37b5eda2cf5f51e308f
HDFCBSE500.NS,822,2023-02-21,2026-06-18,ba4bb57ad2515aa77fe04488cc65cad2
HDFCGOLD.NS,2415,2016-09-07,2026-06-25,8dc52d19c2771650c0cc4bd0e7e64323
HDFCGROWTH.NS,921,2022-09-29,2026-06-18,f33785a7c96832371b86242c68b04099
HDFCLIFE.NS,2130,2017-11-17,2026-06-25,26d3304a1a08f6867610df78894dce45
HDFCLIQUID.NS,689,2023-08-31,2026-06-18,fe1f0e2a3723d1b92b91d025b176cdee
HDFCLOWVOL.NS,900,2022-10-17,2026-06-18,52740e24957748d0007209c83633b803
HDFCMID150.NS,822,2023-02-21,2026-06-18,cfd087aea40399e1ca71ab537bceef02
HDFCMOMENT.NS,908,2022-10-17,2026-06-18,1238da6da5d51baa537c93bf91b3587c
HDFCNEXT50.NS,953,2022-08-11,2026-06-18,b6599b787940fae7b6de9fcab2bfdafd
HDFCNIF100.NS,953,2022-08-11,2026-06-18,60679204357f0b62fb3bdfe7a83e56a8
HDFCNIFBAN.NS,1440,2020-08-28,2026-06-18,1877e5bd7551ddec4c2bb73bb97e3f49
HDFCNIFIT.NS,886,2022-11-22,2026-06-18,ebe4f0cb5fe140c4ed39ddb34f49db9a
HDFCNIFTY.NS,2368,2016-09-07,2026-06-18,df39696418cc91b04974d4d3ca1b3dd7
HDFCPSUBK.NS,585,2024-02-07,2026-06-18,5c0232f14025776c28fabbf24ed24bf8
HDFCPVTBAN.NS,884,2022-11-22,2026-06-18,3cd4fe17c3a7ae3de9bccb45bbf06334
HDFCQUAL.NS,920,2022-09-29,2026-06-18,fd1ea05f70b47d7ab6f7792b66235922
HDFCSENSEX.NS,2216,2016-09-15,2026-06-18,f44c6443f7972b20fa2cdcaadd4e308a
HDFCSILVER.NS,942,2022-09-07,2026-06-25,8c6b3e8fd75bd6e68c4b5169594df9c0
HDFCSML250.NS,822,2023-02-21,2026-06-18,ae776f0ebd8800494aede4355e6b1531
HDFCVALUE.NS,924,2017-04-13,2026-06-18,356d1838866f997f07cd50d93ef71d6d
HEADSUP.NS,2355,2016-12-14,2026-06-18,0a22dfc0fb294127297f4ee7a55b1b69
HEALTHADD.NS,584,2024-02-07,2026-06-18,2035bb644fe3d07fc2a130977014dd8d
HEALTHCARE.NS,82,2026-02-16,2026-06-18,761ef1ef6b0a6cd89946d985ad644bf5
HEALTHIETF.NS,1258,2021-05-25,2026-06-18,6f0abd41bf3b47699ab107cad391a7e1
HEALTHX.NS,2418,2016-09-06,2026-06-18,08b25225fe12e47077c6e6c0897aab16
HEALTHY.NS,1150,2021-10-28,2026-06-18,b3bc0109d3b5c81103ba3f0d91a8746b
HECPROJECT.NS,1258,2016-09-20,2026-06-18,ae1e35e3f2c5cf432ccd1d358b259d15
HEG.NS,2426,2016-09-06,2026-06-25,b9a044533c40d3eac574dfd44e58b25f
HEIDELBERG.NS,2421,2016-09-06,2026-06-18,c472a94f65606a87324f00ac6a9aeca2
HEMIPROP.NS,1402,2020-10-22,2026-06-18,14726a15142b9d7e450cce7bb010cde4
HERANBA.NS,1309,2021-03-05,2026-06-18,d62aa6b8c500674403df1796858f910c
HERITGFOOD.NS,2421,2016-09-06,2026-06-18,9dad36c8d37ecfe8bb633fa6df3931c6
HEROMOTOCO.NS,2426,2016-09-06,2026-06-25,7e6fd90f075d69008c8ccee1f8f2eabc
HESTERBIO.NS,2421,2016-09-06,2026-06-18,7dbd66228396c829eab84be2e9ac8e35
HEXATRADEX.NS,2360,2016-09-06,2026-06-18,6d723cc4b9dcb68eb4c1ca724f216985
HEXT.NS,331,2025-02-19,2026-06-25,61f22d924bfb14a285e9144456fef595
HFCL.NS,2426,2016-09-06,2026-06-25,c904af706bf0d8501d20aec89d17f69f
HGINFRA.NS,2054,2018-03-09,2026-06-25,66792ac8e11b4fb0c5fc3cf785999b67
HGM.NS,2421,2016-09-06,2026-06-18,17f4f19e3d17ae9cc199b91fad9f4149
HGS.NS,2421,2016-09-06,2026-06-18,93b04c23d1063f202d1022f976e50073
HIKAL.NS,2421,2016-09-06,2026-06-18,91264c1757ec4b9e3b83214bcc128943
HIMATSEIDE.NS,2421,2016-09-06,2026-06-18,ff3a5ca78326c907023a81632d523d21
HINDALCO.NS,2426,2016-09-06,2026-06-25,92d41cbb9afbf1b1d124baa5d7819102
HINDCOMPOS.NS,2419,2016-09-06,2026-06-18,87386d84150c18ff4258b50c78192bda
HINDCOPPER.NS,2426,2016-09-06,2026-06-25,40d668a8d90e6c6cde39407006e8acd8
HINDOILEXP.NS,2426,2016-09-06,2026-06-25,cfbbf074d4d58162134e2dfeae9f073d
HINDPETRO.NS,2426,2016-09-06,2026-06-25,51b31e992543c771f81913e4e8e19f9a
HINDUNILVR.NS,2423,2016-09-06,2026-06-22,dfb9943fe1deed797adf9456f0c002bb
HINDWAREAP.NS,1614,2019-12-26,2026-06-25,a0d96faf0ecb76b7d6c63e3f3f777aa9
HINDZINC.NS,2429,2016-09-06,2026-06-25,a28ffe0545f360c42eba38b4b7955e1a
HIRECT.NS,2423,2016-09-06,2026-06-25,0b076e3bb99c7bfbdb14771af336b208
HISARMETAL.NS,2336,2017-01-05,2026-06-18,c6322977dc5d37d7525953d0b65091dc
HITECH.NS,2009,2018-05-07,2026-06-18,0fd0b524dacf78c1af3a5486b272ade6
HLEGLAS.NS,1323,2021-02-22,2026-06-25,1268a23b82a6470e779e9c6bf11b5bb4
HLVLTD.NS,2421,2016-09-06,2026-06-18,d0f3ad28757c86ca467f9d16a038ac2e
HMAAGRO.NS,734,2023-07-04,2026-06-18,6626d7e44c2486cb8ebf78f4765fa9e8
HNDFDS.NS,1694,2019-08-20,2026-06-18,ba2d05790503af10ecfc6e178c877401
HNGSNGBEES.NS,2346,2016-09-07,2026-06-18,ba5a5345075e1c1a7f2a09e3862ae243
HOMEFIRST.NS,1426,2018-03-21,2026-06-25,b5bbb6a1a1187e3b0b4096dce01e6d8c
HONASA.NS,653,2023-11-07,2026-06-25,0d6a49cd801d57477183bbb1bbb16221
HONAUT.NS,2426,2016-09-06,2026-06-25,e4301b1b1b76ac2160bd5772fa7ae422
HONDAPOWER.NS,2421,2016-09-06,2026-06-18,08a891bdefec7d0bf9ef31d98fbe82b3
HPAL.NS,1110,2021-12-27,2026-06-18,6cd4f4b8e5c0e8bb3d7d652c240a5e42
HPIL.NS,1126,2020-01-27,2026-06-18,dc94bbe2811c211ae8cea511c484a585
HPL.NS,2402,2016-10-04,2026-06-18,39a0b3987700548ad68b16621862f4a5
HSBCGOLD.NS,55,2026-03-27,2026-06-18,42fe2d6d4a5cc629b6d33f8b32cf1729
HSCL.NS,2426,2016-09-06,2026-06-25,a6c2b90cf6e155a5f17e7515dd88234b
HTMEDIA.NS,2421,2016-09-06,2026-06-18,f3fd51be07a8501b491a6d8eafd4525b
HUBTOWN.NS,2421,2016-09-06,2026-06-18,f6639f7a5a4d60cfe30cfa39e5d3a546
HUDCO.NS,2254,2017-05-19,2026-06-25,cae66891b0c6bed4dbcf7c673778a85d
HUHTAMAKI.NS,2421,2016-09-06,2026-06-18,5eb3ddc30d38864960409cb0bf8bfbdc
HYUNDAI.NS,415,2024-10-22,2026-06-25,e808cfecc6d9d5948e6f26d7631e1007
ICDSLTD.NS,1216,2021-07-06,2026-06-18,1afc029f64c5e2ab376488ed7aaa9d55
ICEMAKE.NS,1934,2017-12-08,2026-06-18,780c9a9651a1d916505b6f788a57cd77
ICICIAMC.NS,126,2025-12-19,2026-06-25,7dc9704215a7482cd6d9b6c6f48f441f
ICICIB22.NS,2118,2017-11-28,2026-06-18,38ac52e8f75f1838b1614c97391d8df9
ICICIBANK.NS,2423,2016-09-06,2026-06-22,c0c29bed06ef0a125ef7c79e16e03a7a
ICICIGI.NS,2164,2017-09-27,2026-06-25,563b453fd2ec2831e57b9dd687c3023f
ICICIPRULI.NS,2410,2016-09-29,2026-06-25,829de38836d8421ea52c1a443501716e
ICIL.NS,2426,2016-09-06,2026-06-25,a1eb76b1aeafbd7b0a6e2d0b6d7b709d
ICRA.NS,2417,2016-09-06,2026-06-18,f3d3e4f2965fe7aaad7bf47b52c8ef42
IDBI.NS,2426,2016-09-06,2026-06-25,87d2169d8183aa5e36b73d0ec2d1555c
IDEA.NS,2424,2016-09-07,2026-06-25,c1c29ebb2a17a0971fb04bfa212873af
IDFCFIRSTB.NS,2426,2016-09-06,2026-06-25,bc8596224f03a69bffbe9e053e489d4e
IDFNIFTYET.NS,2224,2016-10-18,2026-06-18,93724fe90af0adc602cbcb4a287ac772
IEX.NS,2149,2017-10-23,2026-06-25,a5d937b2ed4c47add5d6f94070c21dea
IFBIND.NS,2423,2016-09-06,2026-06-22,4cf4881e04f1de52a956dc3ebd04dd27
IFCI.NS,2426,2016-09-06,2026-06-25,abbf5bae1532322bceaf78b554d839e5
IFGLEXPOR.NS,2128,2017-11-14,2026-06-18,39bb496802133c9c9ab002b8edfb179a
IGARASHI.NS,2426,2016-09-06,2026-06-25,bd0be1b40ed038b6977217288888d0c2
IGCL.NS,237,2025-07-03,2026-06-18,678cdc05ed3dae4ac0bbc971b92c681b
IGIL.NS,374,2024-12-20,2026-06-25,162f513b13994add8f0aff3f674251f0
IGL.NS,2426,2016-09-06,2026-06-25,7cfbd4638027a4928232726af3174652
IGPL.NS,2421,2016-09-06,2026-06-18,127eebc15fb4b8e0d81e83c63e3061a2
IIFL.NS,2426,2016-09-06,2026-06-25,495e4749bb595515d5d5462911eac7a0
IIFLCAPS.NS,1678,2019-09-20,2026-06-25,d0db47dbd9183a45b30f60ba670d9bfb
IITL.NS,2303,2016-09-07,2026-06-18,68d33eb17d66cf7b50766496579bc3a2
IKIO.NS,745,2023-06-16,2026-06-18,b5843da9026c176f753255b5894e7d56
IKS.NS,375,2024-12-19,2026-06-25,40e08bfb1fce9e6dbfd8d6c94db1a560
IMAGICAA.NS,2421,2016-09-06,2026-06-18,95b3e518a7a20e56667df2ff943b6d1e
IMFA.NS,2426,2016-09-06,2026-06-25,8fb1d0609a652cb5673497d67e6318b9
IMPAL.NS,2413,2016-09-06,2026-06-18,66c5e997b105a263af1c5c3398138169
INA.NS,68,2026-03-09,2026-06-18,6f3b73ac07d7cdae335a094077699482
INCREDIBLE.NS,2388,2016-09-06,2026-06-18,aaf878d6b8fb48465e3892407d2f638e
INDBANK.NS,2421,2016-09-06,2026-06-18,dd45c9bd5e51eb5ee02e82f4f831050b
INDGN.NS,523,2024-05-13,2026-06-19,dbd566b8f40675cc12ee7c2fff685631
INDHOTEL.NS,2426,2016-09-06,2026-06-25,57c7c1141b3b8712dfb4675d63b543fe
INDIACEM.NS,2422,2016-09-06,2026-06-19,4bdd88ff2c59f9b4b4880b92208a682c
INDIAGLYCO.NS,2421,2016-09-06,2026-06-18,54a6429bac9b2ee23a547d2d56589b5e
INDIAMART.NS,1726,2019-07-04,2026-06-19,de78bafb5ea52d48cf1dcad278d67765
INDIANB.NS,2426,2016-09-06,2026-06-25,b3456f8895b5ac4784d6ae9a851bf0fb
INDIANCARD.NS,2412,2016-09-06,2026-06-18,28358cc4463acbdd2206d2c6eda46aa8
INDIANHUME.NS,2421,2016-09-06,2026-06-18,112c9f86643f5da9cfa5a64bfdc0b7b8
INDIASHLTR.NS,618,2023-12-20,2026-06-18,ca97d0cbe35e48417527f58705b452e3
INDIGO.NS,2426,2016-09-06,2026-06-25,421bc0ee91e24ea27f8a0442921a87d6
INDIGOPNTS.NS,1352,2018-07-24,2026-06-18,5560bce50314ebf832e6f7b15fd11c10
INDIQUBE.NS,218,2025-07-30,2026-06-18,a5c8fbbf3bf945fc90a0224e7698016e
INDNIPPON.NS,2421,2016-09-06,2026-06-18,a917d1a5f47d47c5f061a5cb0371f2b6
INDOBORAX.NS,1047,2022-03-29,2026-06-18,4a41706858f32c87021bc349cc9635b5
INDOCO.NS,2426,2016-09-06,2026-06-25,662946f9b9ca6751cda35e9ac4a6afd0
INDOFARM.NS,363,2025-01-07,2026-06-25,bc3fa5e59bd08eaf7ba036b2f5790cb3
INDORAMA.NS,2389,2016-09-06,2026-06-18,e9822501698d4e9bdb5bcbaf40aafa35
INDOSTAR.NS,2001,2018-05-21,2026-06-18,e2aba4330975c47a56ced47e76976cfa
INDOTHAI.NS,2423,2016-09-06,2026-06-25,be58ffe744c6e904a115ae47ae356f38
INDOUS.NS,426,2024-09-27,2026-06-18,370d6f9a85a13ed906a8bd6d311c3339
INDPRUD.NS,40,2026-04-20,2026-06-18,79494e239860a217fca8b0920ebd14cf
INDRAMEDCO.NS,2421,2016-09-06,2026-06-18,6d41a0ccbff4de5f2436e1006b5fee06
INDSWFTLAB.NS,2426,2016-09-06,2026-06-25,98aadf42be7f58e3795525ffbd52d9e8
INDTERRAIN.NS,2421,2016-09-06,2026-06-18,49a5be738a4c621e707ec218814a1c09
INDUSINDBK.NS,2426,2016-09-06,2026-06-25,3ebb273ee869c00ca4caa7123096411e
INDUSTOWER.NS,2426,2016-09-06,2026-06-25,ad7903172137285167b40f53bf73e538
INFOBEAN.NS,2121,2017-05-02,2026-06-25,320506b17fd996e736be423e98ff6a26
INFOMEDIA.NS,1447,2016-09-06,2026-06-18,1606547400662dc26183b0b3a91f2fd5
INFRA.NS,80,2026-02-18,2026-06-18,850431f07d24da3dbae689f2d4790951
INFRABEES.NS,2404,2016-09-07,2026-06-18,0da9d48bc8d6cd58ef78df79c7a2575f
INFRAIETF.NS,947,2022-08-23,2026-06-18,8931ac20e2505529bbb5be1c07ba6aca
INFY.NS,2423,2016-09-06,2026-06-22,62109c89b873a95b0285a6078d02eaaf
INGERRAND.NS,2421,2016-09-06,2026-06-18,2451715e46390fb919c7889e1238de06
INNOVACAP.NS,612,2023-12-29,2026-06-18,3b99dbac0af63afc8510a4bc08a63c88
INNOVANA.NS,1676,2017-12-12,2026-06-18,4a2ce44282b8853d1a8725bb9f1f8ab5
INNOVISION.NS,58,2026-03-23,2026-06-18,88ff10c697943d2c23c9759ab6d77488
INOXGREEN.NS,890,2022-11-23,2026-06-25,f64aa3ae90e5d201ba3850205dbf2681
INOXINDIA.NS,622,2023-12-21,2026-06-25,5ce192e021a49a9aefb4c995c92f52b9
INOXWIND.NS,2426,2016-09-06,2026-06-25,a32c83bb96830ff2dab5490d3a57a306
INSECTICID.NS,2421,2016-09-06,2026-06-18,5e826d47778d26904c5bc90dcda29bb9
INTELLECT.NS,2426,2016-09-06,2026-06-25,05f5e3a044cece7b2cea5ac0f6d474ef
INTENTECH.NS,2287,2017-03-23,2026-06-18,822610bed9e0ec324e7cbf638f33ec00
INTERARCH.NS,450,2024-08-26,2026-06-18,b427efcab76fbc67592a58ffacbe2d93
INTERNET.NS,234,2025-07-08,2026-06-18,ce5778bfdc4774d62f9ad40545364864
INTLCONV.NS,1343,2016-09-06,2026-06-18,d9871483bef2dc07f221de6c31a9f623
INVENTURE.NS,2421,2016-09-06,2026-06-18,c0d3097a3f06dcdf5634d5cfd559a133
IOB.NS,2422,2016-09-06,2026-06-19,a73fb5769efa9db262c30dd36c87723b
IOC.NS,2426,2016-09-06,2026-06-25,ea104f4034c0e7f8f4c3eb1a7c9f9fb6
IOLCP.NS,2426,2016-09-06,2026-06-25,672151fdc115235311c009c1ac37af29
IONEXCHANG.NS,1070,2022-02-22,2026-06-18,fcdb483e8fe60553f26d85b61b20fb53
IPCALAB.NS,2426,2016-09-06,2026-06-25,830911ccbb90b17155685df60ce2bc67
IPL.NS,1229,2021-07-05,2026-06-18,7e2d7543420cdfbde01d3ca1819d083a
IRB.NS,2426,2016-09-06,2026-06-25,9b06a36ca5010b8a196929ad78de0c20
IRCON.NS,1916,2018-09-28,2026-06-25,74050d0955882cf59df5b957d5a7e396
IRCTC.NS,1664,2019-10-14,2026-06-25,a1b17796ace3c86eb593a22f05bb49b3
IREDA.NS,638,2023-11-29,2026-06-25,7f5c5b6b040bd112f228127a1f781303
IRFC.NS,1339,2021-01-29,2026-06-25,8a98a815f041e8b26dc11f053a3b70b2
IRIS.NS,1144,2021-11-08,2026-06-18,760882c03d145786eb31a5b55e9a1b51
IRISDOREME.NS,1439,2018-10-23,2026-06-18,1f9935adc0764751b68750ab0a929275
IRMENERGY.NS,656,2023-10-26,2026-06-18,fc7228996e2352532786cb9efc25aa1d
ISFT.NS,2395,2016-09-06,2026-06-18,c0591ab3aa55f1ab149dac948244bc17
ISGEC.NS,1271,2021-05-05,2026-06-18,c81f17fdf8dc0194a9d181c65ec041e7
ISHANCH.NS,305,2025-03-24,2026-06-18,efcd967db1ea6611dd7454e742a0af0b
IT.NS,1309,2021-03-05,2026-06-18,9ad676b544cc0c305002a1d8e52c3ddb
ITADD.NS,727,2023-07-13,2026-06-18,5160a1fffdc22d766f664b62b1fb90ec
ITBEES.NS,1487,2020-07-01,2026-06-25,6215bbee939eb785b058fda95ad952ca
ITBETA.NS,588,2024-02-01,2026-06-18,c653e6caa3f43b989d247832d935b90c
ITC.NS,2423,2016-09-06,2026-06-22,7daf35bd7559ed2a26c590de0ed063f4
ITCHOTELS.NS,347,2025-01-29,2026-06-25,820ad101cac897bf918bb92a40bcce3b
ITDC.NS,2348,2016-12-30,2026-06-25,098016a9b067acc1ed1b283de605dd7d
ITETF.NS,655,2023-10-27,2026-06-18,5a19b9b728bb184663280d118056755a
ITI.NS,2426,2016-09-06,2026-06-25,3ef47567e185696c0a24cda265f0d1bb
ITIETF.NS,1446,2020-08-20,2026-06-18,91cfc54284e96a974a4b332e5a70fcb8
IVALUE.NS,179,2025-09-25,2026-06-18,e649e7f4e8b72032a938c99c4d0e09b8
IVC.NS,2421,2016-09-06,2026-06-18,65e1b4082cef94200b7ad1d05b705ad1
IVZINGOLD.NS,2305,2016-09-07,2026-06-18,d1ad8dd49a5b76fa0ab6122989b6ab76
IVZINNIFTY.NS,1797,2016-09-07,2026-06-18,abadecdedbb9a6680dd670185be8741b
IWP.NS,42,2026-04-20,2026-06-18,6e90b2243c94de69e6f570835ad6f1c6
IXIGO.NS,502,2024-06-18,2026-06-25,31ec655cc905436a295124a011c96774
IZMO.NS,2421,2016-09-06,2026-06-18,e578cf7bd2dea577e8eebdb99112c7ac
J&KBANK.NS,2426,2016-09-06,2026-06-25,f85eb5b5a7ba1e8a0405d877db99dd24
JAGRAN.NS,2421,2016-09-06,2026-06-18,13c4760c22bfd87db417d6471db00d88
JAGSNPHARM.NS,2421,2016-09-06,2026-06-18,57881182305507b058804cbc113002e7
JAICORPLTD.NS,2421,2016-09-06,2026-06-18,819478864edffbfe4c3a5873412aff54
JAINREC.NS,180,2025-10-01,2026-06-25,fdd2b852e83831d91363f332e0a03d8c
JAIPURKURT.NS,1720,2016-10-10,2026-06-18,5d555d450b088653d4932f6ffa2f3ec9
JAMNAAUTO.NS,2426,2016-09-06,2026-06-25,36eb3f0c59cb882e74b19171ac36e389
JARO.NS,176,2025-09-30,2026-06-18,320fade4ee34f3cabaf5c00801d6fde6
JASH.NS,2179,2016-09-06,2026-06-18,b6345c2e65ccd3be338f2972c95a8d95
JAYAGROGN.NS,2421,2016-09-06,2026-06-18,10bbf0e37159d5d7887c23872af3b2c8
JAYBARMARU.NS,2426,2016-09-06,2026-06-25,384c93c9d95fa97ff0d7e2852626194d
JAYKAY.NS,133,2025-12-03,2026-06-18,e08bdf3b8040fe83c7b0836c0a6f406a
JAYNECOIND.NS,2382,2016-09-06,2026-06-25,2c58f0758d835246c2e393895cb0df4c
JAYSREETEA.NS,2421,2016-09-06,2026-06-18,929308107dc703b9d5b46342e0ca4b95
JBMA.NS,2426,2016-09-06,2026-06-25,afb06e4f622f2aa8aaf8b198527d43b2
JETFREIGHT.NS,1114,2021-12-21,2026-06-18,f5fab50d1857ea390650335a26c83a53
JGCHEM.NS,560,2024-03-13,2026-06-18,66a8e80a4f3dcf3435ce033cbfdc4c25
JHS.NS,2420,2016-09-07,2026-06-18,5345c3d4a633132b52a16f3e9013092e
JINDALPHOT.NS,2420,2016-09-06,2026-06-18,8e14c10476a828b346d854ee6928a2fb
JINDALPOLY.NS,2421,2016-09-06,2026-06-18,f1715e82074716795fdce7aa64f45778
JINDALSAW.NS,2426,2016-09-06,2026-06-25,d6601e27146da7f30a47ac3a703f82cb
JINDALSTEL.NS,2426,2016-09-06,2026-06-25,336e8edc98784d106f9f8914a9db559c
JINDRILL.NS,2426,2016-09-06,2026-06-25,9881c01ca5dfc31d3ca8ab7080e4b56b
JINDWORLD.NS,2421,2016-09-06,2026-06-22,057c3ec8d38a482c57fba16635356502
JIOFIN.NS,706,2023-08-21,2026-06-25,faba7f979440d0a30a3a5c63d2b07c08
JISLDVREQS.NS,2421,2016-09-06,2026-06-18,112fbfc7004c138d82f4167ace7a8183
JISLJALEQS.NS,2421,2016-09-06,2026-06-18,0aa9f63711f373d8395d15fd95caa649
JITFINFRA.NS,2233,2017-02-27,2026-06-18,cd3623b65c36ec6662aed0d0a9cc7d9a
JKCEMENT.NS,2426,2016-09-06,2026-06-25,e51dc683dac2b88478e2ed6d611da545
JKIL.NS,2418,2016-09-06,2026-06-18,daeff7149136765f14bb504ffe29e9a8
JKLAKSHMI.NS,2421,2016-09-06,2026-06-18,ac3b4bf18998897a1c8b8f16fb44c4f5
JKPAPER.NS,2421,2016-09-06,2026-06-18,1ecfb126db34d35844f88eff179b2daa
JKTYRE.NS,2426,2016-09-06,2026-06-25,3c9fa80902f235384131150a03723703
JLHL.NS,681,2023-09-18,2026-06-18,ef639cc58245e9478a2ebdbd4924b806
JMA.NS,2406,2016-09-06,2026-06-18,fc9f7d7b1eea5ae7bb25fce0360a5215
JMFINANCIL.NS,2426,2016-09-06,2026-06-25,497a024e6c34965096cf036eea7304fe
JNKINDIA.NS,535,2024-04-30,2026-06-25,cad7250f42663e94b557eb567092144d
JPOLYINVST.NS,2287,2016-09-06,2026-06-18,88f24dc06e67ad3f66fc1683154c102a
JPPOWER.NS,2426,2016-09-06,2026-06-25,b0dc9b5db15b46d0b4302ee72bcecde4
JSFB.NS,585,2024-02-14,2026-06-25,bcb55f83ae421c206720237c68ae3ef5
JSL.NS,2426,2016-09-06,2026-06-25,15b60f6cf461182d89b3184be2c8f582
JSLL.NS,1026,2022-04-19,2026-06-25,ea8cc737710a7c8a0549d497d30e3d81
JSWCEMENT.NS,212,2025-08-14,2026-06-25,82f8b97a032367715a076fcacbc550b5
JSWDULUX.NS,2426,2016-09-06,2026-06-25,294d689527e47cf3a8bbfe54d5472119
JSWENERGY.NS,2426,2016-09-06,2026-06-25,820ff2a333338fcc8e0368be09e54f0f
JSWHL.NS,2416,2016-09-06,2026-06-18,47eb3125dce7191220e7a7246ab08bba
JSWINFRA.NS,677,2023-10-03,2026-06-25,af09194f33ecf4b9b29b1f204692c5e9
JSWSTEEL.NS,2426,2016-09-06,2026-06-25,8a9f5f594e08bfcc41bdf3a80f445809
JTEKTINDIA.NS,2421,2016-09-06,2026-06-18,6aa8952f39bb3be560054043baa2275f
JTLIND.NS,1117,2021-12-23,2026-06-25,a870d8bbeb14a2d4ae6a67b8bc0a9ab8
JUBLCPL.NS,329,2025-02-14,2026-06-18,ac682a7050b3c74334ad558b01fc52e2
JUBLFOOD.NS,2426,2016-09-06,2026-06-25,2b4fa1e62f8d32de84ed1bd636b3be7d
JUBLINGREA.NS,1302,2021-03-19,2026-06-22,72e3a923d3b7b4c26de5935a9495eab3
JUBLPHARMA.NS,2422,2016-09-06,2026-06-19,20b3dbbc87170fc3263279e5cf41f45a
JUNIORBEES.NS,2425,2016-09-07,2026-06-25,890ddb8243ed1cb32300b77bbecf5864
JUNIPER.NS,570,2024-02-28,2026-06-18,cfc9a9f2c713493ae85120cad7a72f24
JUSTDIAL.NS,2421,2016-09-06,2026-06-18,59b08380cafedcb7c2ad0fe513336d45
JWL.NS,2369,2016-09-06,2026-06-25,b86c8d0e20ed16abd3b42cb7467fdcf1
JYOTHYLAB.NS,2421,2016-09-06,2026-06-18,65bc8e21d8ad0a523a98d499adbcf361
JYOTICNC.NS,605,2024-01-16,2026-06-25,d96f60b2a45f87781d299c53bb4e0efc
JYOTISTRUC.NS,2088,2016-09-06,2026-06-18,c79d2ae8233d226578acf719d6e474ce
KABRAEXTRU.NS,2421,2016-09-06,2026-06-18,095d3a58e928e5c260ea1b5d94fbab0a
KAJARIACER.NS,2426,2016-09-06,2026-06-25,dc868cc3b8859cce2a4088e20c08f04a
KALAMANDIR.NS,675,2023-09-27,2026-06-18,5e27214759e6a599a217fea77af49b5e
KALPATARU.NS,239,2025-07-01,2026-06-18,1ea0e7c7c15c4a4f145765552b3caf92
KALYANIFRG.NS,2345,2016-09-06,2026-06-18,1373fa184ed9c6fb75441d6979e8d30b
KALYANKJIL.NS,1300,2021-03-26,2026-06-25,2c3c5c1b6400fb9ae8866d40ef5f2cf0
KAMAHOLD.NS,42,2026-04-20,2026-06-18,025c177135714be54668258722f12c18
KAMATHOTEL.NS,2421,2016-09-06,2026-06-18,af29047ee70c5a8d5653089bc6160648
KAMOPAINTS.NS,1039,2016-09-07,2026-06-18,8b27dbfd3b5581ce8c2ea3b571dfd076
KANANIIND.NS,2416,2016-09-06,2026-06-18,a0aac613ab2562fc5211df2818b8caa9
KANPRPLA.NS,1353,2021-01-01,2026-06-18,6884ce11b02822bd6252b7a2cfd1d043
KANSAINER.NS,2421,2016-09-06,2026-06-18,3f98a09fc905bacb0372faea1a3068b0
KAPSTON.NS,1737,2016-09-06,2026-06-18,8ec2b2c324fb2142dfae8f5d1d805547
KARMAENG.NS,2394,2016-09-06,2026-06-18,e7759921a405d463a3e8dacce13ce2b7
KARURVYSYA.NS,2426,2016-09-06,2026-06-25,786a32579d974ea3330af66e156c11f8
KAVDEFENCE.NS,2058,2016-09-07,2026-06-18,c366c4de21b7bf4c2201386eba138207
KAYA.NS,2421,2016-09-06,2026-06-18,9455ee3dad692489a0e68c72c39a336c
KAYNES.NS,891,2022-11-22,2026-06-25,2828f25cbf0c431d0553f1ae1d7b1548
KCP.NS,2421,2016-09-06,2026-06-18,3655b5a8818729c80785044833f19713
KDDL.NS,2421,2016-09-06,2026-06-19,edd77cf5c40b20e044e3dea5f5b69c75
KEC.NS,2426,2016-09-06,2026-06-25,0e2f707fe47aac20675acda1e2e4941f
KEEPLEARN.NS,1105,2021-03-25,2026-06-18,e9919505ba7199ac511d605f413e66f7
KEI.NS,2426,2016-09-06,2026-06-25,acc52d88d9e1989fcfe1b3e05ceddbb5
KELLTONTEC.NS,2396,2016-09-06,2026-06-18,4fc9c8a4dddd5d04905a53bc21048e1f
KENNAMET.NS,42,2026-04-20,2026-06-18,61f52415908e22b0bd0bff367c79c258
KERNEX.NS,2364,2016-09-06,2026-06-25,00851a0cf61ba31d696f8fdfd60a40d8
KEYFINSERV.NS,1991,2016-09-06,2026-06-18,cd37f0de86271da4ddf3421c9e38feca
KFINTECH.NS,864,2022-12-29,2026-06-25,b89553a87d51a545de02977b12a411db
KHANDSE.NS,2068,2016-09-06,2026-06-18,5e0e010ca20cf3ee214513b5ab8e7063
KICL.NS,2418,2016-09-06,2026-06-18,119ee20d04c03ad1df421dc23b778940
KIMS.NS,1239,2021-06-28,2026-06-25,da8ee1fb82a7f8a87937329202a0e648
KINGFA.NS,2376,2016-11-15,2026-06-18,3f0eb8ed50472e8019fb94bd39377418
KIOCL.NS,2274,2016-11-29,2026-06-18,639e89be65dd160ee9b5a47d871edf98
KIRANVYPAR.NS,41,2026-04-20,2026-06-18,1f315dcdc61c97ec1edd7095dbc399bb
KIRIINDUS.NS,2421,2016-09-06,2026-06-18,e9d7e93403ad41ae080f6c9f1d4a91c0
KIRLFER.NS,47,2026-04-20,2026-06-25,fb1c868fc2f6b52485827bebeb60d360
KIRLOSBROS.NS,2426,2016-09-06,2026-06-25,c486b19731356fa10c6b04c6d8fd9f61
KIRLOSENG.NS,2426,2016-09-06,2026-06-25,5a490de864e504c27c5fa549ba523cd5
KIRLOSIND.NS,2416,2016-09-06,2026-06-18,ee869c5ffbbe1eaa284f832aa3bc7fe0
KIRLPNU.NS,786,2023-04-26,2026-06-25,cc3ef3d007f30ac514d127c4e98b8f9f
KISSHT.NS,34,2026-05-08,2026-06-25,864558b5f90be9b2c99a365b91ddb5f7
KITEX.NS,2426,2016-09-06,2026-06-25,c8b65379379967969c953c3002db8d04
KKCL.NS,2417,2016-09-06,2026-06-18,3f9874026812864b94c1f25ea145f329
KLBRENG-B.NS,42,2026-04-20,2026-06-18,8717723c91dd27197c7fae95d6d2573c
KMEW.NS,398,2024-11-14,2026-06-25,95f5e1682acd08bb00d9913358b7fadb
KMSUGAR.NS,2421,2016-09-06,2026-06-18,dd60e6c2fb20b6d496d6c3ca9db8b9b0
KNAGRI.NS,1044,2022-03-28,2026-06-18,6d3969c1744e7903aabd1d8e1418c980
KNRCON.NS,2426,2016-09-06,2026-06-25,11c658add4012dceb8c9e4ef191217d8
KOHINOOR.NS,2084,2016-09-06,2026-06-18,e602478d6432901650fa46ad52dc6e58
KOKUYOCMLN.NS,2421,2016-09-06,2026-06-18,ff61d86ccb49de830be29c1fb44141c7
KOLTEPATIL.NS,2421,2016-09-06,2026-06-18,951d215012c2e188438d14ca66d2d610
KOTAKBANK.NS,2423,2016-09-06,2026-06-22,e9f9ea1262425c661f81848a3997c590
KOTARISUG.NS,2394,2016-09-06,2026-06-18,7f1f0cc405e93abef9efc73689178822
KOTHARIPET.NS,2421,2016-09-06,2026-06-18,01cf141471ea4c0297fbcc70739f0e0a
KOTHARIPRO.NS,2421,2016-09-06,2026-06-18,6e94a63cc5a801564943152158f31354
KOTIC.NS,42,2026-04-20,2026-06-18,3cf2c3a3070f4aa515f931d6bf8061ec
KOVAI.NS,42,2026-04-20,2026-06-18,500114d63beee7dce84b99e16393bae4
KPEL.NS,393,2024-11-14,2026-06-18,2ef3038371d63f163bda1748bcfc2888
KPIGREEN.NS,1218,2021-07-27,2026-06-25,7567c04b0778e5a5770169847e0b732f
KPIL.NS,2426,2016-09-06,2026-06-25,d417953971b410ffe18ebe909810da72
KPITTECH.NS,1780,2019-04-22,2026-06-25,6b587d292adf88fdfc8838ff713c46b1
KPL.NS,42,2026-04-20,2026-06-18,f3a0782e09bd48ac2b913014296933cb
KPRMILL.NS,2426,2016-09-06,2026-06-25,b145a872da635739a3420a131ff523f0
KRBL.NS,2421,2016-09-06,2026-06-18,48183fb69525bb9289b9a7722188757d
KREBSBIO.NS,2329,2016-10-27,2026-06-18,5daa8d09d5b7dd1c92959117f34eb170
KRISHANA.NS,1989,2017-02-27,2026-06-18,56dd4747a5d4116807e80bc0a2980fa2
KRISHIVAL.NS,779,2022-03-31,2026-06-18,c1459fb95c99f130e881e0abb62abf08
KRISHNADEF.NS,1036,2022-04-06,2026-06-25,df324a5aa3d46aac9c3a00bc578349a9
KRITIKA.NS,1024,2022-05-04,2026-06-18,d17b0a7020c4f073f958f49db42e9655
KRONOX.NS,502,2024-06-10,2026-06-18,5ba6e93490d074ca9a29e15d0e9240fa
KROSS.NS,435,2024-09-16,2026-06-18,9bfd7393a197ff6cc14dabc4bdd0018b
KRSNAA.NS,1200,2021-08-16,2026-06-18,ef934ef318a657a2dd1560c3d05661c7
KRYSTAL.NS,554,2024-03-21,2026-06-18,776157d32f7fe6033a6f19cf39f4a262
KSB.NS,2421,2016-09-06,2026-06-18,d302a9a3e81676ad0a706744e50c09b8
KSCL.NS,2421,2016-09-06,2026-06-18,ef32c00cffd677962914b9ec70568b47
KSHINTL.NS,124,2025-12-23,2026-06-25,d9cef68e377c1b7fa7a77068221eaef2
KSL.NS,2421,2016-09-06,2026-06-18,67137c778f9ed9d0bfd02d9608f7e9f3
KSOLVES.NS,1410,2020-07-06,2026-06-18,96510b9bf83966db0d57d0bf475d34f2
KSR.NS,137,2025-11-27,2026-06-18,9a35d91832a35d927a3464d60aa7e5b9
KTKBANK.NS,2426,2016-09-06,2026-06-25,fbad8eb45afeededdd2868348de72a69
KUANTUM.NS,1653,2019-10-23,2026-06-18,bc51a302b3497a48d67e3a9100afb891
KWIL.NS,87,2026-02-16,2026-06-25,011770021e66194cd4390d5094dd8d58
LAGNAM.NS,1579,2018-09-18,2026-06-18,f04391ecb935458ac050aeccae3549bf
LAHOTIOV.NS,42,2026-04-20,2026-06-18,6c5f5a8a05476c54a29fff6b8e7c9f4b
LAL.NS,791,2023-04-10,2026-06-18,fdd388b83a25ecfa9bd6092f5e610ea3
LALPATHLAB.NS,2426,2016-09-06,2026-06-25,a4d6abf861f93e5296cce9bf51e7dcc3
LAMBODHARA.NS,2421,2016-09-06,2026-06-18,fd304f93e35975652a6a4e76dc297bd7
LANCORHOL.NS,561,2024-03-12,2026-06-18,885621b09387e670295101ce2fac5ba7
LANDMARK.NS,863,2022-12-23,2026-06-18,ebd674b6381031309a21de5b072705df
LANDSMILL.NS,2419,2016-09-06,2026-06-18,cf1b233a1b36b5d3a87374f01aaaa25a
LAOPALA.NS,2421,2016-09-06,2026-06-18,2a28de754a7d6751ed2af36e79d3536d
LASA.NS,2131,2017-09-21,2026-06-18,12bab248cbb0efe3df9a81c95221e36f
LATENTVIEW.NS,1155,2019-02-22,2026-06-25,586eefe1fcc4585dc8d853c94fad1ba2
LAURUSLABS.NS,2357,2016-12-19,2026-06-25,d37e6acecf9f8faee9954f784cff562e
LAXMICOT.NS,1586,2017-03-31,2026-06-18,d3ebc34d1b3801ddddda3ca363ad196d
LAXMIDENTL.NS,349,2025-01-20,2026-06-18,07a59060ccd6298f36e1df020f5b52c8
LCCINFOTEC.NS,1560,2016-09-06,2026-06-18,ae6c1a63dc12b58e60bf137b628d134b
LEMERITE.NS,1008,2022-05-09,2026-06-18,2544d2680625d6c14d207fd81724dc11
LEMONTREE.NS,2035,2018-04-09,2026-06-25,1fe916cf5db4d33221875a2e56a86161
LENSKART.NS,155,2025-11-10,2026-06-25,0d16ee3ea61351808ad5f0223b3fa25f
LEXUS.NS,1814,2017-08-23,2026-06-18,5679ea479c53bc8fd8a01d3a56b1e61e
LFIC.NS,2220,2016-09-06,2026-06-18,d342698e8032a7358941984393dc33d4
LGBBROSLTD.NS,2421,2016-09-06,2026-06-18,d9029c0a3733e884baaa73791d989190
LGEINDIA.NS,172,2025-10-14,2026-06-25,d6a58248c84b361d1df2401bd4ccdbd8
LGHL.NS,772,2020-04-16,2026-06-18,d1080bf1693cf95df264af4503306595
LIBAS.NS,2082,2017-01-09,2026-06-18,ec94223cf00338ced2cf0b59367efece
LIBERTSHOE.NS,2421,2016-09-06,2026-06-18,38178e9be2e48d0b40ce85e1147519dd
LICHSGFIN.NS,2426,2016-09-06,2026-06-25,7e0590164f4ec7ed6261bdb87f55dd5b
LICI.NS,1020,2022-05-17,2026-06-25,a398dd57a375ce67e1ac8bc992547b22
LICMFGOLD.NS,2397,2016-09-07,2026-06-18,170f6073566ee93f8a9469c381f3bfd4
LICNETFGSC.NS,2341,2016-09-07,2026-06-18,fb545e8720de9dc4ad3b0bb6d08c6583
LICNETFN50.NS,2268,2016-09-12,2026-06-18,4c19ece40efa6996fbe4dfdf6a5830ce
LICNETFSEN.NS,1901,2016-09-07,2026-06-18,21e0d8b4acdda6b9bdc90367c37b1250
LICNFNHGP.NS,2067,2016-09-21,2026-06-18,5725d9ce653c43a466578f26f61eab8d
LICNMID100.NS,577,2024-02-19,2026-06-18,3f61186c23e35d24f6d902bbbf52a79d
LINC.NS,2419,2016-09-06,2026-06-18,9eb6336e75eb2c362a437ec6d3d7338b
LINCOLN.NS,2421,2016-09-06,2026-06-18,6c735a3dc650c288aa0ef64361ce1723
LINDEINDIA.NS,2425,2016-09-06,2026-06-25,6ddca4430ad77b04058b7afcd218f78e
LIQGRWBEES.NS,221,2025-07-25,2026-06-18,5eb8d8744afd20916cd920b5b4cf45d5
LIQUID.NS,720,2023-07-31,2026-06-25,bbc791e9c5f6ab71f920cec323b434a8
LIQUID1.NS,874,2018-09-27,2026-06-18,2d0dc3c5abbc2f8ded4d709f999f9d0b
LIQUIDADD.NS,552,2024-04-03,2026-06-25,de168973e4045ad2ddaf80e1f82f0afc
LIQUIDBEES.NS,2425,2016-09-07,2026-06-25,c1cb559243851bcb90c1186c8e750b7c
LIQUIDBETF.NS,511,2024-06-03,2026-06-25,4d4cf7d763aa1b4a5c97cb284f7db93e
LIQUIDCASE.NS,599,2024-01-24,2026-06-25,364c9b05030115b77f1de1d2c1c6caff
LIQUIDETF.NS,2045,2018-03-20,2026-06-25,2798390621fb51ec05831f1a0c2e52fa
LIQUIDIETF.NS,1899,2018-09-26,2026-06-25,e092f0d2ed6e65101d8b131b5c7e5917
LIQUIDPLUS.NS,399,2024-11-13,2026-06-25,628befb63f346c5a8168c57d404f5100
LIQUIDSBI.NS,649,2023-11-02,2026-06-18,c3285320a8b008696df63f9546700453
LIQUIDSHRI.NS,482,2024-07-09,2026-06-18,eb093db07f261537d7d173390d6b7423
LLOYDSENGG.NS,2426,2016-09-06,2026-06-25,997c0c33daf62c6b5832b9824568c2fa
LLOYDSENT.NS,418,2024-10-17,2026-06-25,fcd6240955ed291cdbf4e3cfdd249b64
LLOYDSME.NS,730,2023-07-17,2026-06-25,130eacd0f49324db7121fe14911e8594
LMW.NS,2421,2016-09-06,2026-06-18,e4841031a4031ad0772c84c4b752dee0
LODHA.NS,1287,2021-04-19,2026-06-25,ec8b305b89e46423ba2a640ad1c46417
LORDSCHLO.NS,696,2023-08-28,2026-06-18,3d3a0031fdb285ebfc2a820539debaf7
LOTUSEYE.NS,2394,2016-09-06,2026-06-18,84d23b8fcf5e9338d5bb50d9274be2a3
LOVABLE.NS,2421,2016-09-06,2026-06-18,74170a374279d1bc43d333d4c6c90c2d
LOWVOL.NS,780,2023-03-31,2026-06-18,61c6ea73faa63e870bcf33c1766aa328
LOWVOL1.NS,1047,2022-03-29,2026-06-18,ebb7d4d97a7223e93df73dbf72af3eec
LOWVOLIETF.NS,2106,2017-07-11,2026-06-18,11a008c368453ca133fc907b0668d1e1
LPDC.NS,2414,2016-09-06,2026-06-18,553a5f0c8e6d0bba3cda6c346da5b805
LT.NS,2423,2016-09-06,2026-06-22,260895b4db3297f600b492a1c034e7fd
LTF.NS,2426,2016-09-06,2026-06-25,f9e814afafb7c1f983e7f25be774ac58
LTFOODS.NS,2426,2016-09-06,2026-06-25,751e2b70fed7c62f936f6c7e94ee9aa2
LTGILTBEES.NS,2173,2016-09-08,2026-06-18,0f8d4cf4f1afd2c484cb8df303709202
LTGILTCASE.NS,204,2025-08-20,2026-06-18,91d0574c7bebaea484ee99766fdbcdb5
LTM.NS,2426,2016-09-06,2026-06-25,ef6fd8c7568dceb5f2835afe23935cce
LTTS.NS,2411,2016-09-23,2026-06-22,1886abd73bdda4e63586079195f85e9f
LUMAXIND.NS,2421,2016-09-06,2026-06-18,9babc0e89fe41d004cb129a5b672bfbf
LUMAXTECH.NS,2426,2016-09-06,2026-06-25,6e2269b61a789cc0e3b4dbc3e63a1659
LUPIN.NS,2426,2016-09-06,2026-06-25,5207de198e1406076f8ea26558eb8775
LUXIND.NS,2421,2016-09-06,2026-06-18,9de8123f14016ee8f08dbf289ea94fdf
LXCHEM.NS,1301,2021-03-25,2026-06-25,9caa86d2d98d353a8197f0533aa7bb80
M&M.NS,2426,2016-09-06,2026-06-25,1caab782ec95c4119631e11a3881e619
M&MFIN.NS,2426,2016-09-06,2026-06-25,02c09579919f529cb64c487c13c361ae
MAANALU.NS,2421,2016-09-06,2026-06-18,15818baa5dd900301efdca060a260a05
MACPOWER.NS,1879,2018-03-22,2026-06-18,d36067cb991fb8c7b066dacf2ef134cf
MADHAV.NS,2421,2016-09-06,2026-06-18,588f0d74180c4b27e9116e4501a5dcc9
MADHAVIPL.NS,42,2026-04-20,2026-06-18,71a01dad8f3528abb23a7b9c16287004
MADRASFERT.NS,2421,2016-09-06,2026-06-18,60bb2d0eb03fdf4adaef8e70187e23d4
MAFANG.NS,1265,2021-05-14,2026-06-18,4bc9b891be9465da2238b7c7d05c9cf4
MAFATIND.NS,42,2026-04-20,2026-06-18,91acb100528d77f51d0f4dd229dd93b6
MAGADSUGAR.NS,2173,2017-07-28,2026-06-18,9c77081c8e6bba358b9dc44000a5d715
MAGNUM.NS,2402,2016-09-06,2026-06-18,45c8f2bbfe4f483acf6bfe83045072eb
MAHABANK.NS,2426,2016-09-06,2026-06-25,6c7ce09d4e8e964d0d14b4d75ccfcfe2
MAHAPEXLTD.NS,1926,2018-04-05,2026-06-18,2576c3e5131cf1958e294d1d456b036b
MAHEPC.NS,1572,2020-02-14,2026-06-18,a7fc3b286e278d5f36e01fb520af5b79
MAHKTECH.NS,1121,2021-12-10,2026-06-18,f82dd7007520b6a681b36c274189eccb
MAHLIFE.NS,2421,2016-09-06,2026-06-18,6c80d954a3aed2bfba9a18d6a920785f
MAHLOG.NS,2130,2017-11-10,2026-06-18,48454b550076e7910a711e18d5ffd437
MAHSCOOTER.NS,2417,2016-09-06,2026-06-18,9a8cbbb0cd916db5b63792d46f2f4f9d
MAHSEAMLES.NS,2421,2016-09-06,2026-06-18,0306197047424d3b99a4f641a72df303
MAITHANALL.NS,2421,2016-09-06,2026-06-18,8b5a7e29663bbc910ec3eaead5c5ece1
MAKEINDIA.NS,1084,2022-02-02,2026-06-18,d123a45aeda108bd49d8ebb3255cd745
MALLCOM.NS,1201,2016-09-06,2026-06-18,6676beb76cac6020eb2554f2c0e92483
MALUPAPER.NS,2419,2016-09-06,2026-06-18,124ec72094dd32af3475c0932b08961d
MAMATA.NS,365,2024-12-27,2026-06-18,f1337c1ada34e159d01f9c5e4dbe4725
MANAKALUCO.NS,2416,2016-09-06,2026-06-18,871b6b4081c98d70d22ae1be2baf4e1b
MANAKCOAT.NS,2408,2016-09-07,2026-06-18,97d39f2f0512b4c83d1da0f1167c70ef
MANAKSIA.NS,2419,2016-09-06,2026-06-18,fda7d89c18fed4f504e654b71351887f
MANALIPETC.NS,2421,2016-09-06,2026-06-18,65989e339615a0d4a70ed5d40b01d109
MANAPPURAM.NS,2426,2016-09-06,2026-06-25,e56090a907480e9769895e7c81132e51
MANBA.NS,425,2024-09-30,2026-06-18,27c51fb9b3e36cb80120503ad15376b7
MANCREDIT.NS,456,2024-08-16,2026-06-18,2a5b7da263da7fe0b86f274fcddb65d9
MANGALAM.NS,2421,2016-09-06,2026-06-18,1c2d08afbf067c76821f64238c97a350
MANGLMCEM.NS,2421,2016-09-06,2026-06-18,9018e86146bb9cdc3e42c9c45869aff5
MANINDS.NS,2426,2016-09-06,2026-06-25,6567aec54a242b35da973227700652fe
MANINFRA.NS,2426,2016-09-06,2026-06-25,47c721fb7e48396aac456a245166b84d
MANKIND.NS,778,2023-05-09,2026-06-25,45d5de55e6527e950ddc5cce4644efa7
MANOMAY.NS,838,2023-01-18,2026-06-18,5b3bd45e6da9aa06f9fed8769ddcdc18
MANORAMA.NS,987,2022-07-01,2026-06-25,fe038c6f429842aa9960258ddb303170
MANUFGBEES.NS,198,2025-08-29,2026-06-18,7bb848ecf3b2342e8ad0c8130e2c6baa
MANYAVAR.NS,1074,2022-02-16,2026-06-18,15257a90b07c86a1b30539bafad3f1cc
MAPMYINDIA.NS,1119,2021-12-21,2026-06-25,f17000bc4d87303be59a391a9be49733
MARATHON.NS,2404,2016-09-29,2026-06-18,0d3d5990db9bb2e5ec70856a0b8eda39
MARICO.NS,2426,2016-09-06,2026-06-25,d6b12c1c251eda6bed01d67ac6bb81ed
MARINE.NS,1536,2016-09-07,2026-06-25,61b93182314855ec9c38e20c8d2149c7
MARKOLINES.NS,167,2025-10-14,2026-06-18,adfc13313f3d89939fe8e01a3b2579b3
MARKSANS.NS,2426,2016-09-06,2026-06-25,77175f708aca80301539b9be784973fe
MARSONS.NS,69,2026-03-13,2026-06-25,c4d445da88a33b6bf644f3c8d70ddcdd
MARUTI.NS,2423,2016-09-06,2026-06-22,ca2654b2784cd8d033edb55b65096a51
MASFIN.NS,2145,2017-10-18,2026-06-18,f0ab8e2367f70569190a48c88f645ebe
MASPTOP50.NS,1173,2021-09-24,2026-06-18,2f34c463383bfd3b047ae704b85be30a
MASTEK.NS,2421,2016-09-06,2026-06-18,8055e33c29a6ab7df241878eb35b4213
MASTERTR.NS,400,2024-11-12,2026-06-25,23890f3abbfdc5e8a4beec8330acf161
MATRIMONY.NS,2163,2017-09-21,2026-06-18,ad3e129c8a7453a5c7d8c7d62e601064
MAXESTATES.NS,654,2023-10-30,2026-06-18,5967a263bb14c6c75f24dc5be984d494
MAXHEALTH.NS,1450,2020-08-21,2026-06-25,32f1dc4e314f8f17cf858bfdb856dbe1
MAXIND.NS,1440,2020-08-28,2026-06-18,e27571c3b0c0a03ceafe0de4468a6831
MAYURUNIQ.NS,2426,2016-09-06,2026-06-25,d7c50c1090843114b0f6d4bb4f485c06
MAZDOCK.NS,1423,2017-12-04,2026-06-25,9f8542b468336b51952dd8a528d3c996
MBAPL.NS,2021,2016-09-12,2026-06-18,7a36348627d7b89451d2e14623e49bfe
MBEL.NS,213,2025-08-06,2026-06-18,524bc1dda50a4975174b6fe843664509
MCCHRLS-B.NS,42,2026-04-20,2026-06-18,f09f08e0ae209b6b4301c487bcfbf10f
MCL.NS,2079,2017-02-06,2026-06-18,c9cdff8af6194f0e060f845abecabe9d
MCLOUD.NS,339,2025-02-07,2026-06-25,009c7e879dc61da55fb8887b7a5e2923
MCX.NS,2426,2016-09-06,2026-06-25,551245645c312498aa58ac524e9a7cb1
MEDANTA.NS,901,2017-01-06,2026-06-25,0a2eff2bba35c12ee7f97e3bcb81071b
MEDIASSIST.NS,595,2024-01-23,2026-06-18,e67f6532d3345e925fe9bdbcd330c530
MEDICAMEQ.NS,1151,2021-10-27,2026-06-18,88c8963859b0be0d32e6f7007c2fb73c
MEDICO.NS,1007,2022-05-26,2026-06-18,54cdb6e5280a5d43d0c1de4f5c701931
MEDPLUS.NS,1113,2021-12-23,2026-06-19,61852a6828ab60fb7cbc749725f87cca
MEESHO.NS,133,2025-12-10,2026-06-25,e038a9c276491ba6c42fcf1c04eb8f10
MEGASTAR.NS,1074,2022-02-16,2026-06-18,719d0ffd42e539c67ca2484b9bdd668f
MENNPIS.NS,42,2026-04-20,2026-06-18,2df9124ce69851ed44c9ac7a3a35e70e
MERCANTILE.NS,42,2026-04-20,2026-06-18,aedb17d202f1b3af590e09c906bfdf94
METAL.NS,419,2024-10-09,2026-06-18,8f38457c88e7eef8187999fbc70e85a8
METALIETF.NS,454,2024-08-20,2026-06-18,747edf55de020b3276b1983b70fa66b7
METROBRAND.NS,1113,2021-12-22,2026-06-18,27178d69d5e17481c7d1d1b9e22ba80c
METROGLOBL.NS,42,2026-04-20,2026-06-18,cf24cfd70f1139cfec79018665927bec
METROPOLIS.NS,1778,2019-04-15,2026-06-18,3b757a43f4c3599bacf41e8bdfbc4872
MFML.NS,449,2024-08-27,2026-06-18,38bf6ea69b8d6555fc12e1e69b722a84
MFSL.NS,2426,2016-09-06,2026-06-25,05f27b48ff0ecef805f1804198feab9d
MGL.NS,2426,2016-09-06,2026-06-25,35067e07599331329b5befea7349c0a0
MHRIL.NS,2426,2016-09-06,2026-06-25,7ad67fe01571e84bd33ad343fb2932bc
MID150.NS,301,2025-03-28,2026-06-18,f960de7f3e72c8886a09415fb8e6433d
MID150BEES.NS,1823,2019-02-04,2026-06-18,a0b391c5c457f2c3a17c37106e9df0ee
MID150CASE.NS,496,2024-06-19,2026-06-18,0221f43f68a30c4be99eea2956562f20
MIDCAP.NS,1082,2022-02-04,2026-06-18,adbb19fb00189488889a3d7c00999282
MIDCAPADD.NS,122,2025-12-18,2026-06-18,f929d338f3e5800283ce735bb8d00425
MIDCAPBETA.NS,689,2023-09-05,2026-06-18,35008f754462dfbe970113368dcab06f
MIDCAPETF.NS,1056,2022-03-15,2026-06-18,79c9e641bfa150bf1132ff128ce9a46f
MIDCAPIETF.NS,1586,2020-01-28,2026-06-18,71044142c788b44192a7435cfb7d784e
MIDHANI.NS,2038,2018-04-04,2026-06-25,08fda1959f16aa7082bc2aad596c8684
MIDQ50ADD.NS,1107,2021-12-30,2026-06-18,6fa132f2355f855b2e9674854a68364a
MIDSELIETF.NS,2391,2016-09-07,2026-06-18,d9c5bb7cac3695d7daf640ff70d87d6f
MIDSMALL.NS,511,2024-05-28,2026-06-18,05dcde159787aadf87578d8487762ce9
MIDWESTLTD.NS,160,2025-10-24,2026-06-18,e69c525878459ed410d6590f5dfabb98
MINDACORP.NS,2426,2016-09-06,2026-06-25,ebd42c54e2f1b43eb50dca5dfabd5b6e
MINDTECK.NS,2394,2016-09-06,2026-06-18,03924ebddf2d50252f420eea29fe2090
MIRZAINT.NS,2421,2016-09-06,2026-06-18,7d7589190ee7bcbbbd70579be08e528d
MITTAL.NS,1818,2018-04-02,2026-06-18,417d18766a1af50dc4facd0ac0e96312
MKPL.NS,1312,2017-04-18,2026-06-18,be9dd3ef028be8f50cfc5e6a25a332cb
MMFL.NS,2420,2016-09-06,2026-06-18,caadf58953ee4ace227ec7ec09f20bfa
MMP.NS,1849,2018-04-12,2026-06-18,ad9b7c5f0a69b3a406fc6aaf4ba923f3
MMTC.NS,2426,2016-09-06,2026-06-25,2345c46eb1d05ab7330c96336752db98
MNC.NS,952,2022-08-16,2026-06-18,623ba0d7fb9b50bc357524f19554b426
MOALPHA50.NS,232,2025-07-10,2026-06-18,5dfdea312bd9181590354af5f6990c53
MOBANK10.NS,47,2026-04-10,2026-06-18,5ac49005d8607875e1e0cc612c2aa497
MOBIKWIK.NS,376,2024-12-18,2026-06-25,ecade8781058e454ea0a5c35da894938
MOCAPITAL.NS,311,2025-03-13,2026-06-18,287f973aeaf9c95fd5f38b01f32e09d6
MODEFENCE.NS,454,2024-08-27,2026-06-25,78ec4f7672e1f48f0879047b4d2bbef8
MODIRUBBER.NS,1807,2018-06-20,2026-06-18,b6616bfdd3bc9ea4ca6deed1b37c4179
MODIS.NS,146,2025-11-14,2026-06-18,956ed403f6e6e8010a07f02f0f091c92
MODTHREAD.NS,567,2024-02-14,2026-06-18,e9efa635de33d6e323d1494153edabcd
MOENERGY.NS,165,2025-10-16,2026-06-18,9b6bccc71fe7d39a167ff928a13275ca
MOGOLD.NS,217,2025-07-31,2026-06-18,a988fab4e2c17f02de3c93fcaa172376
MOGSEC.NS,1364,2020-12-16,2026-06-18,6154d7253c1565bfb6391f3bbd7ceb4a
MOHEALTH.NS,958,2022-08-04,2026-06-18,d3ffae1c65ec0f53b04eb147793e35e6
MOHITIND.NS,2326,2016-09-06,2026-06-18,c67f6d319ea727b3a1313626084c081b
MOIL.NS,2421,2016-09-06,2026-06-18,1edfd59b6746f9f86aaf8e3fb07d0c27
MOINFRA.NS,268,2025-05-21,2026-06-18,23860bbf281acf7e8b0e25168296550f
MOIPO.NS,141,2025-11-20,2026-06-18,a5f3f33a35784d2b5ef51fbb1d7582fe
MOKSH.NS,1260,2021-05-21,2026-06-18,48314cf433230359763c4946a7c1e0d7
MOL.NS,1198,2021-08-18,2026-06-18,e1a1b51add074f16edc6bdb5d082da71
MOLDTKPAC.NS,2421,2016-09-06,2026-06-18,27f414245888471bedca7769e59273b3
MOLOWVOL.NS,1171,2017-04-11,2026-06-18,8ab5d70af40e5e113195d0adadf13fc6
MOM100.NS,2420,2016-09-07,2026-06-18,e55a001604813a44c8692c5a1c4edad6
MOM30IETF.NS,955,2022-08-10,2026-06-18,24d034e195436e31955495ee1c450af0
MOM50.NS,2413,2016-09-07,2026-06-18,b3b04b488846f5a3ae4fb5a708f2d619
MOMENTUM.NS,948,2022-08-22,2026-06-18,ad13aefabba88b80bf512b6336c815c0
MOMENTUM30.NS,164,2025-10-17,2026-06-18,75788f71a0079730bcf035b13da9e999
MOMENTUM50.NS,425,2024-09-30,2026-06-18,0d4e026c3a340f30bbc0066636d49b80
MOMGF.NS,261,2025-05-28,2026-06-18,1cdefc33160fb7a867342bcfef0978b9
MOMIDMTM.NS,237,2025-07-03,2026-06-18,b04102cfd45ca12f3509069bafded65d
MOMNC.NS,131,2025-12-04,2026-06-18,e74477602eb7f451bf9da306978066dd
MOMOMENTUM.NS,1073,2022-02-17,2026-06-18,a98e75f79a18878cd60f659f7231e159
MON100.NS,2412,2016-09-06,2026-06-18,692b209df0b4d9d0d4d1714c66af7714
MON50EQUAL.NS,277,2025-05-07,2026-06-18,131bb7c29087b7cfc361e65f94dcac3b
MONARCH.NS,1102,2022-01-06,2026-06-18,d2918f6629825dbf9cb18dd01ace2cea
MONEXT50.NS,273,2025-05-14,2026-06-18,3ad49394208edfeb774cdb65536d23f5
MONEYBOXX.NS,166,2025-10-15,2026-06-18,58f8c934b0b960012760ebc74ea62e4c
MONIFTY100.NS,165,2025-10-16,2026-06-18,2ccaef9e46e6e76e10aa0bf7117b6590
MONIFTY500.NS,669,2023-10-06,2026-06-18,1c7cba6cd593fdb972e84b4b18a81593
MONQ50.NS,1108,2021-12-29,2026-06-18,f3e90712b6c71be3af68c6e246411e6d
MONTECARLO.NS,2421,2016-09-06,2026-06-18,f3960284954c369c2ebc24175bb626a6
MOPSE.NS,254,2025-06-05,2026-06-18,91576e5bbdfc60698633a160a46ec093
MOQUALITY.NS,899,2022-08-26,2026-06-18,0bc5e1a4732f0421b100feefa6e8cd86
MOREALTY.NS,554,2024-03-21,2026-06-18,fb5f46961afb8091e4e073fc84cb67f9
MOREPENLAB.NS,2426,2016-09-06,2026-06-25,c776fd9708b72fa0290799ce80e16551
MOSCHIP.NS,341,2025-02-05,2026-06-25,98b61006334fe54866446c3ea4189dc5
MOSERVICE.NS,137,2025-11-27,2026-06-18,de9a456483d065bb37e7e4d4f1322ba2
MOSILVER.NS,206,2025-08-14,2026-06-18,b59efc934b325ce2b498614b6382b48a
MOSMALL250.NS,554,2024-03-21,2026-06-18,918b6419abfee65eaf27dabffb973615
MOTHERSON.NS,2426,2016-09-06,2026-06-25,90757110083fb02aa9c70a6b701e36d2
MOTILALOFS.NS,2426,2016-09-06,2026-06-25,9fffc3580c534dd44df9adbe256f669d
MOTISONS.NS,620,2023-12-26,2026-06-25,e40c87f64e118ecde58d03a23f3924e9
MOTOUR.NS,252,2025-06-12,2026-06-18,66538d8dcb36610d1095380611752c2f
MOVALUE.NS,940,2022-08-26,2026-06-18,98670ed1e682c5450e1cf66f606460cd
MPHASIS.NS,2426,2016-09-06,2026-06-25,b1c0ed72b3178c13e514dd8a6d04a3a2
MPSLTD.NS,2419,2016-09-06,2026-06-18,ae097d5dc7b416978d986dfaf4cb3843
MRF.NS,2426,2016-09-06,2026-06-25,98fa4d9a0bdf9c376809211a4b4007ee
MRPL.NS,2426,2016-09-06,2026-06-25,ae0acee01aec8e23ac827fbb055a5739
MSCI360.NS,15,2026-05-29,2026-06-18,e536d0519a6aea028f12b62d14c1e7ee
MSCIADD.NS,134,2025-12-01,2026-06-18,87b226f9cd4494b14238679176cbfb0a
MSCIINDIA.NS,321,2025-02-27,2026-06-18,d9dfd7ea8eba1db1647793a81db6dc3c
MSPL.NS,2422,2016-09-06,2026-06-25,59da04c87dac4c1aafcf55e021af8d34
MSTCLTD.NS,1794,2019-03-29,2026-06-25,08bdbb73861dda293d5d872a87796f0d
MSUMI.NS,1053,2022-03-28,2026-06-25,f6657d3f89d53da907e398700a6be69f
MTNL.NS,2421,2016-09-06,2026-06-18,e873a71737e9cea31fc4f35143bd5e8e
MUFIN.NS,650,2023-11-06,2026-06-19,139b4b0e1ec4d300a06a423a4d30e572
MUFTI.NS,614,2023-12-27,2026-06-18,02b4b67ebdb3cecf8b04e08176e9f3ef
MUKANDLTD.NS,2421,2016-09-06,2026-06-18,e44bad041084db164fdc5589d17abbac
MUKKA.NS,563,2024-03-07,2026-06-18,df8bfd8bb03d33f40ca2d6c76232e27c
MULTICAP.NS,442,2024-09-05,2026-06-18,06db37607a72b069c05e1782d5c0da9e
MUNJALAU.NS,2421,2016-09-06,2026-06-18,3ae58715d4c3c81b073e44d09b0cb4fb
MUNJALSHOW.NS,2421,2016-09-06,2026-06-18,83484c5445a505372f01a070a15bae12
MURUDCERA.NS,2421,2016-09-06,2026-06-18,04eca186045a2233975030a4a00e0b59
MUTHOOTCAP.NS,2420,2016-09-06,2026-06-18,6344fc1c81717e1100a3568cca61d889
MUTHOOTFIN.NS,2423,2016-09-06,2026-06-22,12bad55c4027195037fd566d3dd26cbf
MUTHOOTMF.NS,615,2023-12-26,2026-06-18,3b42b214f731da630d9f0297710d31e1
MVGJL.NS,672,2023-10-03,2026-06-18,ba5381ff0502cd0f2c34a09325861675
MWL.NS,916,2022-07-11,2026-06-18,33685b15b8926c951a2580436c976a83
NACLIND.NS,2276,2017-04-07,2026-06-18,8e0c866fb0de1f9b8ed881f16e903dd1
NAGREEKEXP.NS,2416,2016-09-06,2026-06-18,c8b6b6f5150d8a9629f3febb994999c0
NAHARCAP.NS,2420,2016-09-06,2026-06-18,f5f1fa6545c8efeaab882931e6c6a6d4
NAHARINDUS.NS,2421,2016-09-06,2026-06-18,3bcfea03124d47ebd1720aa1c3ef3afa
NAHARPOLY.NS,2421,2016-09-06,2026-06-18,cb6fb6f592091e8adb500aa7e2da0809
NAM-INDIA.NS,2139,2017-11-06,2026-06-25,f0dd77486b65b53f2c87877a363d1daf
NARMADA.NS,903,2022-10-27,2026-06-18,1fd3b13d8fe2e61100fa7422e7e34f0d
NATCAPSUQ.NS,329,2025-02-14,2026-06-18,bd638a9c91334ad54bfb38646d545086
NATCOPHARM.NS,2426,2016-09-06,2026-06-25,f4a25a52c06952289d5403f6fee62b85
NATHBIOGEN.NS,2421,2016-09-06,2026-06-18,b7db7f4faf514124dfeec09d1170eb0a
NATIONALUM.NS,2426,2016-09-06,2026-06-25,74f4718decec7e4ceec95b72dc04c8ab
NATIONSTD.NS,41,2026-04-20,2026-06-18,6e814eeeca14e3152676c7e2856a4649
NAUKRI.NS,2426,2016-09-06,2026-06-25,17559bc181a6f527f2e2094e3a1b5038
NAVA.NS,2426,2016-09-06,2026-06-25,cb8554f0d2f68045ece18c2b5c320af3
NAVINFLUOR.NS,2426,2016-09-06,2026-06-25,080952a55efb6805f0bc08b8aa6374a6
NAVKARCORP.NS,2421,2016-09-06,2026-06-18,3f3b71095d1b64c249ea66c51348a937
NAVNETEDUL.NS,2421,2016-09-06,2026-06-18,1fcdcaabf750b1b33344620032864635
NAZARA.NS,1299,2021-03-30,2026-06-25,95c670273412cd4d12138f122641032b
NBCC.NS,2426,2016-09-06,2026-06-25,972c09441ccfd3e8bd1f7b394a168ee2
NBIFIN.NS,2336,2016-12-07,2026-06-18,370f38f6a7fad64ceeba4d0938e4af4e
NCC.NS,2426,2016-09-06,2026-06-25,74f20bab1323547565c1863075200f14
NCLIND.NS,2421,2016-09-06,2026-06-18,21a2ca51b17d60e42324e2bef04e88c8
NDGL.NS,2378,2016-09-06,2026-06-18,c05eef1ca6da777ca52c00693bb0196b
NDL.NS,2421,2016-09-06,2026-06-18,4484cc2e71823c532087a78a05965113
NDLVENTURE.NS,2420,2016-09-06,2026-06-18,52a8fae80f2f11eae1a2c0a05b2f45a7
NDRAUTO.NS,1456,2020-07-30,2026-06-18,83449012fe19d7455ec0b089b9b265d9
NDTV.NS,2421,2016-09-06,2026-06-18,2591f1b8c5d36f6a27615562addbfe0d
NEAGI.NS,24,2026-04-22,2026-06-18,8a8e19d9fcc2cc6c9a4335d1626b7b73
NELCAST.NS,2421,2016-09-06,2026-06-18,4a4d91ad85cdee65fceafe849e0447f9
NELCO.NS,2426,2016-09-06,2026-06-25,e5ecb44b0791ad63d72f90ec31141770
NEOGEN.NS,1770,2019-05-08,2026-06-25,53e5c5ab7ff0d4f9435206fc3aed37d6
NEPHROPLUS.NS,123,2025-12-17,2026-06-18,74b440ceee0185d41923cb9913481d21
NESCO.NS,2421,2016-09-06,2026-06-18,6c4f8e17ac385ad37138ec9296be7266
NESTLEIND.NS,2423,2016-09-06,2026-06-22,8f21e11c3b38106a5826e0cc3fa6e9b8
NETF.NS,1783,2019-01-07,2026-06-18,b29d77f7660c1fa385c8f4a7c2f9aaee
NETWEB.NS,722,2023-07-27,2026-06-25,f04ee8ea052df179b0786d99189cda67
NETWORK18.NS,2421,2016-09-06,2026-06-18,a1323a738a1b10daf4d964f668de3c18
NEULANDLAB.NS,2426,2016-09-06,2026-06-25,c349990928288f8264810eb303a660df
NEWGEN.NS,2081,2018-01-29,2026-06-25,279d24b321034c7f79be08ac0351778a
NEXT30ADD.NS,335,2025-02-05,2026-06-17,c7f00eb9576e55c0b06e0df3bd5ff612
NEXT50.NS,1582,2020-01-31,2026-06-17,1063e78f28532a0c522aeef819c620b5
NEXT50ADD.NS,106,2026-01-09,2026-06-17,5bbb182ee88b71242acb4c7ab55c7225
NEXT50BETA.NS,2189,2017-08-08,2026-06-17,969d4e0c19eb572fe6c036e4d5bf5697
NEXT50ETF.NS,103,2026-01-14,2026-06-17,58a546b834b2fb3f2d9033d0a51ae336
NEXT50IETF.NS,1924,2018-08-31,2026-06-17,e6e2a13df12af44ef6ddb23fa16ba8bf
NEXTMEDIA.NS,2331,2016-09-06,2026-06-17,4fdb0e6278828e511fdf8321829a1446
NFL.NS,2420,2016-09-06,2026-06-17,86d3e566ae76a27377b92e0503842d88
NGLFINE.NS,976,2022-07-08,2026-06-17,0f652582224c99e693e1658d7a90422e
NH.NS,2426,2016-09-06,2026-06-25,a46e8b973028291053b49feaeb9a7c84
NHPC.NS,2426,2016-09-06,2026-06-25,1dba4d40b07134f383440db0361f45e7
NIACL.NS,2134,2017-11-13,2026-06-25,48ca4da7090412e271334a84479930b2
NIBE.NS,339,2025-02-07,2026-06-25,0a222f627354dc5d9002d7b77779b966
NIBL.NS,2373,2016-09-06,2026-06-17,3482337eeb9dfa91c21e10a7b520f5f9
NIF100BEES.NS,2356,2016-09-07,2026-06-17,5590c6bed02fbbbd3cbdcda43128727e
NIF100IETF.NS,2351,2016-09-08,2026-06-17,0a2a48e80efca71f87da9f9ead7ca927
NIFTY1.NS,2419,2016-09-07,2026-06-17,2ce2d26f907ab22e539e8ece7959e688
NIFTY100EW.NS,317,2025-03-04,2026-06-17,6d2f1d81566306d8e589d4c7dabdbf3a
NIFTYADD.NS,1105,2021-12-30,2026-06-17,3044c03806cdea921d50a02c43369740
NIFTYBEES.NS,2391,2016-09-06,2026-05-06,dd867e61dd65d357d1223589c3dcbef2
NIFTYBETA.NS,2362,2016-09-07,2026-06-17,3848e7e8214a6ea13be541876a79c745
NIFTYBETF.NS,591,2024-01-29,2026-06-17,3ce81500e4e9560226161aaf51e48253
NIFTYCASE.NS,162,2025-10-20,2026-06-17,9e5cfa9823cead33f9136d2b0b468818
NIFTYETF.NS,1851,2018-11-28,2026-06-17,7bf8b406187a177d4465c9364ead1386
NIFTYIETF.NS,2425,2016-09-07,2026-06-25,b636fddfa95e0e91e74918e0cefe5fa6
NIFTYQLITY.NS,947,2022-08-22,2026-06-17,4c088201fa36daa516a0c1b7bd2d3962
NIITLTD.NS,2426,2016-09-06,2026-06-25,98c30cd8a09edb0d64458467366e01dd
NIITMTS.NS,708,2023-08-08,2026-06-17,353f6d484e7ad7132af200a075ea956f
NILAINFRA.NS,2420,2016-09-06,2026-06-17,5beb97b090185a62f5d134d336687bab
NILASPACES.NS,1841,2019-01-11,2026-06-17,d0d5600443b8e00b33c1647d6c2e9c5d
NILE.NS,41,2026-04-20,2026-06-17,3a72306ad93784e5780dc41a4607b67e
NILKAMAL.NS,2420,2016-09-06,2026-06-17,8b366ac7fa07f37f48fdbe4a10513fee
NIPPOBATRY.NS,2403,2016-09-06,2026-06-17,7bd4588d689a67fc5ced2554c0a0d240
NIRAJISPAT.NS,257,2024-03-11,2026-06-17,b0dcbd4c430d0b704fdf3d6f6b63c431
NIRLON.NS,41,2026-04-20,2026-06-17,1015129159334cb67966256885300a8b
NITCO.NS,2420,2016-09-06,2026-06-17,21492abe7d5cde0cfff71f41881adc87
NITINSPIN.NS,2420,2016-09-06,2026-06-17,8d14c2cf8d83d6ea41201a832a96db36
NITIRAJ.NS,1656,2017-03-09,2026-06-17,9d74de35d56a4f2860f2d513fd4cce26
NITTAGELA.NS,41,2026-04-20,2026-06-17,3f759ce6814cdbe6be59ae3c9d5e0d5e
NIVABUPA.NS,394,2024-11-14,2026-06-19,9579fd2c931beb14de198bdb4900dcd0
NKIND.NS,2219,2016-09-06,2026-06-17,54c7fc65acf0e036a2632cd2b5f79947
NLCINDIA.NS,2426,2016-09-06,2026-06-25,95bb3d43fa0ed14c427a55dd6e78d4cd
NMDC.NS,1875,2018-12-03,2026-06-25,d88616259f434a993ebaf92689029af9
NOCIL.NS,2420,2016-09-06,2026-06-17,2f1746054bf3bb62f224c6c8ce185f9d
NORBTEAEXP.NS,1633,2017-01-09,2026-06-17,033ba49dd3827c86aec586db4aa1d4ae
NORTHARC.NS,428,2024-09-24,2026-06-17,0343df4a821e31bfae11f5ef321921d0
NOVARTIND.NS,41,2026-04-20,2026-06-17,8e1965ce443f5351ac83d7ff09e2275e
NPBET.NS,1675,2019-09-09,2026-06-17,5c6c0da984ebca0fa0081aa4feafcda0
NPST.NS,1072,2021-08-10,2026-06-17,3c06837bc7a40f27bbe2ef0f294218a8
NRAIL.NS,2278,2017-04-05,2026-06-17,2f5517b38035b7e52796bdeee4ca8165
NRBBEARING.NS,2425,2016-09-06,2026-06-25,46eb6536f54ce0f07d75ac9358c2c797
NSIL.NS,2410,2016-09-06,2026-06-17,b227c955dce94c4d884cfaefc0e7532a
NSLNISP.NS,828,2023-02-20,2026-06-25,16b1e61234cfdf9c639c0085f57955e0
NTPC.NS,2423,2016-09-06,2026-06-22,ff0b5b67dceaff988cd8bf402f6574d2
NTPCGREEN.NS,391,2024-11-27,2026-06-25,54009d2363035bc1118a02ab11001905
NUCLEUS.NS,2420,2016-09-06,2026-06-17,497fc8e990547a6cf0efb73e2f921b0b
NUVAMA.NS,681,2023-09-26,2026-06-25,4b482858aa417c8b35da24030efc4cfc
NUVOCO.NS,1201,2021-08-23,2026-06-25,dd582b5425f9a46d1e1e0207a6d1ed49
NV20.NS,2330,2016-09-06,2026-06-17,3bb8b562e2cb07362c737ebecb019356
NV20BEES.NS,2157,2016-09-16,2026-06-17,83d7d29758b06842b50888dd071c2015
NV20IETF.NS,2310,2016-09-07,2026-06-17,675c7a8eb807f3b79acddc6f247c910f
NYKAA.NS,1147,2021-11-10,2026-06-25,ca46361124594b0da1951db89f906ce7
OAL.NS,1719,2019-07-11,2026-06-17,39f6938c7ca5cde5ce1feef8fb969077
OBCL.NS,1039,2022-04-07,2026-06-17,2c018d84ae4a6fb59a10c4637a0d15b5
OBEROIRLTY.NS,2426,2016-09-06,2026-06-25,6167d2b3de9078ba59047a4d56d40176
ODIGMA.NS,374,2024-12-12,2026-06-17,ac47bf02ad9685fa93238eedd932241e
OFSS.NS,2426,2016-09-06,2026-06-25,cc344f262aab4eaf96755f10f4394f4c
OIL.NS,2426,2016-09-06,2026-06-25,dfdb183da35b1458af315afe2ff47b5d
OILIETF.NS,471,2024-07-24,2026-06-17,a8cc995a6e0faad53b4a93f6aaff1f9e
OLAELEC.NS,465,2024-08-09,2026-06-25,7871cab46cb818973d05e1c9b144ceef
OLECTRA.NS,2425,2016-09-06,2026-06-25,183b17e7c969a068c06f32d8c365ca4b
OMAXE.NS,2420,2016-09-06,2026-06-17,c0dcf5545b05f8b69724f8bcf184cda7
OMINFRAL.NS,2420,2016-09-06,2026-06-17,44c06e2460b6e0e27b184c2e09ef8f22
OMNI.NS,75,2026-03-05,2026-06-25,8e3218e479dd8e3f1cbd6fe359201403
OMPOWER.NS,42,2026-04-17,2026-06-17,1d4f2a6bf2716a6605d6d8292d9017e0
ONEPOINT.NS,1762,2019-05-09,2026-06-17,a1da50f76ce43cbe79ce44328e7f9ec2
ONESOURCE.NS,350,2025-01-24,2026-06-25,df4bd0aa1803807ab963014e3e236017
ONGC.NS,1872,2018-12-03,2026-06-22,677cda38528e7bc78de2532613a257f3
ONWARDTEC.NS,2420,2016-09-06,2026-06-17,c84662e34b2e0ce6faf137158e34b78d
OPTIEMUS.NS,2189,2017-08-08,2026-06-17,abe1376c7b6ce716e0532620b14c341b
ORCHASP.NS,333,2025-02-07,2026-06-17,60acc838e2d1224fa8fb46a8f1dc26a5
ORCHPHARMA.NS,1399,2020-11-03,2026-06-25,8a90567ab7fabc03f6a2cd96a37fb220
ORICONENT.NS,2420,2016-09-06,2026-06-17,54fcccb9647035b0e023d037662054a1
ORIENTALTL.NS,2417,2016-09-06,2026-06-17,0f40aa8de5d5aa77be15409566bc0569
ORIENTBELL.NS,2420,2016-09-06,2026-06-17,2898c17ef1cb822f0b6bde86fb86fccd
ORIENTCEM.NS,2420,2016-09-06,2026-06-17,4f29587231dd12a4e525811a1d4720a6
ORIENTCER.NS,2419,2016-09-06,2026-06-17,4f993e38af271df78c2b0464544535fe
ORIENTELEC.NS,2005,2018-05-14,2026-06-17,dd0cdcfb09a10c08442e3002d2dd0ec4
ORIENTHOT.NS,2420,2016-09-06,2026-06-17,ae84bd0e62717f774a5787c2c3bcf935
ORIENTPPR.NS,2420,2016-09-06,2026-06-17,ac21a0f1a524cfe5d2ea162a15375b6d
ORIENTTECH.NS,447,2024-08-28,2026-06-17,c1a0d5d66d1305e71b1f544da989c6c9
ORISSAMINE.NS,2420,2016-09-06,2026-06-17,747154ca1411b2e21f7de6aa04a37164
ORKLAINDIA.NS,151,2025-11-06,2026-06-17,3a632f9c9f8a1bcb28a4c8298e3c139f
OSWALGREEN.NS,2420,2016-09-06,2026-06-17,6607e308059539b744f7cc5b469e80d1
OSWALPUMPS.NS,251,2025-06-20,2026-06-25,ee26eb94a824015aec4aa7d65e0ac9b8
OSWALSEEDS.NS,1488,2018-06-20,2026-06-17,ba175f5adc0b4b8b92154c789bf01b43
PACEDIGITK.NS,178,2025-10-06,2026-06-25,46afdafd901ea0f3e71bef86ab56d883
PAGEIND.NS,2426,2016-09-06,2026-06-25,6b542917da6eab42b824ccbfab20d872
PAISALO.NS,2421,2016-09-06,2026-06-25,86258f8383714003b4dfa2c974b304f2
PAKKA.NS,728,2023-07-11,2026-06-17,8fd67445bf5bc5f9e656b6127958505b
PALASHSECU.NS,2148,2017-07-28,2026-06-17,8abd00dad3382635a0328e83faa617c6
PANACEABIO.NS,2426,2016-09-06,2026-06-25,ccc3e4fbfbd34e3ebeb480a28f3c3950
PANAMAPET.NS,2426,2016-09-06,2026-06-25,b3c35b6ae1db5e351cceb259cb2e49fe
PANSARI.NS,1357,2016-10-18,2026-06-18,e0aaf24ac7212e94f09662fed5a62328
PAR.NS,1563,2019-05-16,2026-06-18,dda5b7cb6acbd6b26517f0b254dfae53
PARACABLES.NS,2424,2016-09-06,2026-06-25,0ef8c4ad35d90f6dcc2a5f9c39f3f703
PARADEEP.NS,1012,2022-05-27,2026-06-25,83ea63cf89a14ad39ab83bd0e46f3d7b
PARAGMILK.NS,2421,2016-09-06,2026-06-18,ff58ba013d0f7914d778d2e6a5b187c7
PARAS.NS,1173,2021-10-01,2026-06-25,2c0a5822075808f5619c20c1c7b2368b
PARASPETRO.NS,967,2016-09-06,2026-06-18,ea5119a41383ecfae9100d36c2fa6363
PARKHOSPS.NS,128,2025-12-17,2026-06-25,0c606bd886b9ba8002c48c520a8c28c9
PARKHOTELS.NS,582,2024-02-12,2026-06-18,356e01a32ca68164c8d339743aaac62a
PASHUPATI.NS,1013,2017-09-08,2026-06-18,61e78883ceca438a40507a2bc73b9a69
PATANJALI.NS,1592,2020-01-27,2026-06-25,192dd14d4a517cea95dd99338674c31e
PATELENG.NS,2421,2016-09-06,2026-06-18,0b3ce3576435ce31a8a726e98a00c4fa
PATELRMART.NS,200,2025-08-26,2026-06-18,7d08231fef2f879443bafa1c57631ed9
PAUSHAKLTD.NS,135,2025-12-01,2026-06-18,469c29bd2aa98bd367770eb67df47b76
PAYTM.NS,1141,2021-11-18,2026-06-25,9ec54277a565630ff27a3a8e5bd128cc
PCBL.NS,2426,2016-09-06,2026-06-25,d4762a2d222fa5ba2dfe90eb09bc79a1
PCJEWELLER.NS,2426,2016-09-06,2026-06-25,1bebeccdc080486740741f7f8f8fa8a1
PDMJEPAPER.NS,2419,2016-09-07,2026-06-18,9ac3d91e3aace3f02ffd4e17e79c729f
PDSL.NS,2414,2016-09-06,2026-06-18,85943abcce26e3e4448aa00d51eb4697
PENIND.NS,2426,2016-09-06,2026-06-25,f0695a2119b34d181c7beda4b62e1c20
PERSISTENT.NS,2423,2016-09-06,2026-06-22,ab5bdf9daa454e84bf8740dbf27c91c0
PETRONET.NS,1875,2018-12-03,2026-06-25,5841079dc67515a1e69db82de328cd55
PFC.NS,2426,2016-09-06,2026-06-25,ca7102661c0ac4c98e28ed2a9835083d
PFIZER.NS,2422,2016-09-06,2026-06-19,f30a743b8ffd0e5f3fcbd7f3140c3621
PFS.NS,2421,2016-09-06,2026-06-18,0d2e0f263c95ee0d3c3970f76eba8c56
PGEL.NS,2426,2016-09-06,2026-06-25,7cbd6d5cfd56b94f2fdddf240c5b3e97
PGHH.NS,2421,2016-09-06,2026-06-18,b9ec081990c1bbf7982b5476e3ea5f0c
PGHL.NS,2426,2016-09-06,2026-06-25,7176843efd1d71188074de5486028d8d
PGIL.NS,2419,2016-09-06,2026-06-18,19766e52fc8d927e5a6c70ad1012aa38
PHARMABEES.NS,1227,2021-07-07,2026-06-18,c44b20a59a6e1d3025331c9d70eb0433
PHOENIXLTD.NS,2426,2016-09-06,2026-06-25,47269b3417c196a26756c7a43aad1163
PICCADIL.NS,238,2025-07-02,2026-06-18,654ad6952734ea9163e21ba136c26dc2
PIDILITIND.NS,2423,2016-09-06,2026-06-22,4256b19637cdd74bc4fc99c509356c06
PIGL.NS,1217,2018-04-23,2026-06-18,a8433035165ba0e5e5aef57a353fff58
PIIND.NS,2426,2016-09-06,2026-06-25,98a7230f51830fb153867fc82f97f9ca
PILANIINVS.NS,2313,2016-09-06,2026-06-18,ff753b7cfbc67756d083838476e23de5
PINELABS.NS,151,2025-11-14,2026-06-25,abd37a2496cc3fc109dae826ab7fc09a
PIONEEREMB.NS,2418,2016-09-06,2026-06-18,b005f8f3459acba006672d0b80482d51
PIRAMALFIN.NS,156,2025-11-07,2026-06-25,9cc2609a3887e6b4e5aa8dd11691990b
PITTIENG.NS,2421,2016-09-06,2026-06-18,c48b43674ce73bc8b596cf5340b530f3
PIXTRANS.NS,1133,2016-09-06,2026-06-18,bb6ef4ea0cdf3d159d735f3d0866089b
PKTEA.NS,2316,2016-09-06,2026-06-18,b34c1d657a5bb5402b1abc2dc19b33c4
PLASTIBLEN.NS,2421,2016-09-06,2026-06-18,0654f1042973353e86b1bbe513691614
PLATIND.NS,565,2024-03-05,2026-06-18,cafd34b34c9c8d791290eb1dac4c46ce
PML.NS,42,2026-04-20,2026-06-18,da572538dae1514486a835257dd7a440
PNB.NS,2426,2016-09-06,2026-06-25,404219b0a0aeebb23a5017e5c8320437
PNBGILTS.NS,2425,2016-09-07,2026-06-25,8f5dac1cfa1383c67dac23959e00485f
PNBHOUSING.NS,2386,2016-11-07,2026-06-25,8c397bd17d410a73bbaf41d9493c68cb
PNC.NS,2416,2016-09-07,2026-06-18,574f3b9dee6bfec13a6667295c2c7c39
PNCINFRA.NS,2421,2016-09-06,2026-06-18,68ee6fca0a3aa716d50643cd6d5eb6c2
PNGJL.NS,434,2024-09-17,2026-06-18,9442ff984ac33cd9d07f36edce617179
PNGSREVA.NS,71,2026-03-04,2026-06-18,307ec65ec6ad291c14a6d915d526f403
POCL.NS,932,2018-01-04,2026-06-25,bb386cf0899b71ac514df2fa189139b6
PODDARMENT.NS,2370,2016-11-22,2026-06-18,17850e0d7e7b9970f6ecce7bc9692a34
POKARNA.NS,2421,2016-09-06,2026-06-18,175ba5e571255294cd9374d7a01a39c1
POLICYBZR.NS,1144,2021-11-15,2026-06-25,cfb2d0bb88621b68e47266c7f56aa6fe
POLYCAB.NS,1782,2019-04-16,2026-06-25,6a4755d17d94fbe43d5f0302da2228d6
POLYMED.NS,2426,2016-09-06,2026-06-25,77c8a3704e6081824e606ca746b2b07c
POLYPLEX.NS,2421,2016-09-06,2026-06-18,9646bc5ab4a88c2a6b95a4a292270800
PONNIERODE.NS,2419,2016-09-06,2026-06-18,83d6d0ec84c8d8d3cc968789d2e22545
POONAWALLA.NS,2426,2016-09-06,2026-06-25,c5c3f562ad88bc1687bffb100eaf13ca
POWERGRID.NS,2423,2016-09-06,2026-06-22,714103aefc7eae8ff8f7f541d676484c
POWERICA.NS,57,2026-04-02,2026-06-25,ae2beac83640133b07c1d1392a859b1f
POWERINDIA.NS,1548,2020-03-30,2026-06-25,d99eaf0cac1e1e818f7f5d54c35c97ab
POWERMECH.NS,2426,2016-09-06,2026-06-25,b35e40aecb98d6439bc5e1b80cdbd638
PPLPHARMA.NS,913,2022-10-19,2026-06-25,6219679947cd4de124c9a31d6dc3f689
PRABHA.NS,308,2025-03-19,2026-06-18,1777b7354941301f9034becfe08e1606
PRAENG.NS,2419,2016-09-06,2026-06-18,48372f49d0490bfd0dcd0ede1949ad54
PRAJIND.NS,2426,2016-09-06,2026-06-25,9a3023bb77421b190dd52895d0addd28
PRAKASH.NS,2418,2016-09-06,2026-06-18,218754634d82aad334ebfb86c8356a7b
PRAKASHSTL.NS,2174,2016-09-06,2026-06-18,ea4308619c5cb8304449fa81e4540708
PRAVEG.NS,42,2026-04-20,2026-06-18,7e4dc402b486a19c880c3bbf65553728
PRECAM.NS,2421,2016-09-06,2026-06-18,ff8d0bc13856c27f05f59dcac9c4db3f
PRECOT.NS,2378,2016-09-06,2026-06-18,46fcd779b6638da4d552840b6902f4b8
PRECWIRE.NS,2423,2016-09-06,2026-06-22,2c7ef30815cf940f715907d79f27d178
PREMCO.NS,42,2026-04-20,2026-06-18,179708b4a5ceefb67dfa046f20c9e298
PREMEXPLN.NS,2426,2016-09-06,2026-06-25,58a29b1fc47c46b51e6754ae5aff8282
PREMIERENE.NS,449,2024-09-03,2026-06-25,c651bc7874a566eb90505c576b14a373
PRESTIGE.NS,2426,2016-09-06,2026-06-25,2da4a95de161ee703f655ff8324e606f
PRICOLLTD.NS,2319,2017-02-10,2026-06-25,39ef7edd37290b5aca666eb1a0d91753
PRIMESECU.NS,2421,2016-09-06,2026-06-18,c6fdf1fb1901752ae15a47b545bee9bc
PRIMO.NS,288,2025-04-22,2026-06-18,240ef4ca9a220c1f3a4db4020d781990
PRINCEPIPE.NS,1607,2019-12-30,2026-06-18,a500c78a29666065ab5d4f0dcaf165ca
PRIVISCL.NS,2422,2016-09-06,2026-06-25,9896e0e042d21687dd835b84862cdc83
PROSTARM.NS,259,2025-06-03,2026-06-18,5178eba3dbac2996aa574dd4a4a429c5
PROTEAN.NS,340,2025-02-06,2026-06-25,161553b31861d9d73da501d7f464b342
PROZONER.NS,2420,2016-09-07,2026-06-18,ab3b6303f2378be1db0cd5aceec5fdd4
PRSMJOHNSN.NS,2421,2016-09-06,2026-06-18,c317ce5d8bf3a4cbdc72cf936f1b0858
PRUDENT.NS,1012,2022-05-20,2026-06-18,141a5e342257a59d3f1c450ef8ca54dc
PSB.NS,2421,2016-09-06,2026-06-18,c001a42a587382faf6c16677767e8e80
PSPPROJECT.NS,2243,2017-05-29,2026-06-18,f1474b429f355c36ce15771436af78b8
PSUBANK.NS,2418,2016-09-06,2026-06-18,2d256242c1bd42c747de931c14678546
PSUBANKADD.NS,713,2023-08-02,2026-06-18,ec14ffc07dffd7161a667fbf3d2dddc7
PSUBNKBEES.NS,2418,2016-09-07,2026-06-25,703bb3b7f7e0cfe81d15fce7b939a2e6
PSUBNKIETF.NS,803,2023-03-21,2026-06-18,af8ca21f954093ac2ceffd4c1350e30b
PTC.NS,2426,2016-09-06,2026-06-25,7a4abac005ab6125ad7947b6d83225e9
PTCIL.NS,755,2023-06-09,2026-06-25,0c630113983bc3116c8e96db35cf3ac8
PTL.NS,2420,2016-09-06,2026-06-18,f77dcf3ff2bf8ab74e0be0a74ca6f7f8
PUNJABCHEM.NS,2421,2016-09-06,2026-06-18,c54b809b5f32cf1115ac2c01b43545ea
PURVA.NS,2421,2016-09-06,2026-06-18,d10b458e5148a20a2b4236b4c5eae6a4
PVP.NS,1855,2016-09-06,2026-06-18,f1472f85b450536f7ac154fa5c1fdf2d
PVRINOX.NS,2422,2016-09-06,2026-06-19,674a7d61216fd2a33f1d3ebd781f1ea0
PVSL.NS,556,2024-03-19,2026-06-18,db62eef97f3234ecb45150da6b07d511
PVTBANIETF.NS,1702,2019-08-14,2026-06-25,f084b29c672e6615802218a434a6c15f
PVTBANKADD.NS,713,2023-08-02,2026-06-18,05bf9ed958055fe05195c3925dd78c5e
PVTBKGROWW.NS,17,2026-05-26,2026-06-18,0274f17b717a099e3266c01383e180b9
PWL.NS,149,2025-11-18,2026-06-25,b5d807f3edd14507ca3912f0a76a092f
PYRAMID.NS,695,2023-08-29,2026-06-18,f9584898d2ef416ce275b5d6458c328c
QGOLDHALF.NS,2368,2016-09-07,2026-06-18,18451e41cb9ef8295be9f53cf298b635
QNIFTY.NS,2086,2016-09-07,2026-06-18,69e24ef303855197b53cd9cddb3fa3f7
QUADFUTURE.NS,358,2025-01-14,2026-06-25,9cd5d0dc9abdc9d5a41b206b5f02d8fa
QUAL30IETF.NS,706,2023-08-10,2026-06-18,941f849d5d438a0ca6f1781dc1f01bdb
QUALITY30.NS,226,2025-07-18,2026-06-18,e5c4c0137d3d1b349f502bd1fc9838ac
QUESS.NS,2426,2016-09-06,2026-06-25,d4f27753b1195d4784864824b8d378d7
QUINT.NS,42,2026-04-20,2026-06-18,cb39e19797bf586591bacb2d6270f109
RACLGEAR.NS,386,2024-11-27,2026-06-18,3cee38830a88f1f6ab7c3633c08babd2
RADAAN.NS,1515,2018-12-03,2026-06-18,adf7384ec2657fefa8d7403468036ba4
RADHIKAJWE.NS,971,2022-07-18,2026-06-18,fe5e51a05399acac0e65f857966abfde
RADIANTCMS.NS,855,2023-01-04,2026-06-18,d43da564cb2212a9e30bcc99a8f6495b
RADICO.NS,2426,2016-09-06,2026-06-25,c9a7ce188f7beb86fbe605142bc6cab4
RADIOCITY.NS,2283,2017-03-17,2026-06-18,67a602b88d23b6f3f89bb52d97e86ac4
RAILTEL.NS,1319,2021-02-26,2026-06-25,1b699c729f4f4f26993725dacbb65e75
RAIN.NS,2426,2016-09-06,2026-06-25,b7e413a00ed62d26fb98d469d9017ebd
RAINBOW.NS,1060,2019-04-01,2026-06-19,4616ab4874fb0f6455871ce130b3921c
RAJMET.NS,1321,2021-02-16,2026-06-18,45846e69e5deed9ee20e033b02dafdb2
RAJPALAYAM.NS,42,2026-04-20,2026-06-18,e30468fd4762ea6d178f85ad9e094786
RAJRATAN.NS,1553,2016-09-06,2026-06-18,ab06ae5ae7262d1481194264f7a42ac0
RAJSREESUG.NS,2395,2016-09-06,2026-06-18,0e0e9b32aa6a6f0244a0c9b57db206f5
RAJTV.NS,2388,2016-09-06,2026-06-18,99582132662dc777f0791db654bd8678
RALLIS.NS,2421,2016-09-06,2026-06-18,3e8b332494e6d7611812d5419532c581
RAMANEWS.NS,2394,2016-09-07,2026-06-18,0a1bdb6ab2805802fbbea39da74e5123
RAMAPHO.NS,1632,2016-09-06,2026-06-18,ed8f02f036f6f74e64f65cd379c5bc8a
RAMCOCEM.NS,2422,2016-09-06,2026-06-19,349a771f7fa1cda3bc9b89d8fffb76cc
RAMCOIND.NS,2421,2016-09-06,2026-06-18,bc1dde0c18bc86b2862b6b2764eef717
RAMCOSYS.NS,2426,2016-09-06,2026-06-25,b2b5a93f614d09e510e087dad6f53a5e
RAMKY.NS,2421,2016-09-06,2026-06-18,293c270bd21031935516e38623583472
RAMRAT.NS,962,2022-07-29,2026-06-18,da8f4c81eaa7e1d0b4b372105eae2ba7
RANASUG.NS,2395,2016-09-06,2026-06-18,9db4871b25d28880f1cf22926533e806
RANEHOLDIN.NS,2421,2016-09-06,2026-06-18,da861a8a414d89fa41495fd41d4446b3
RATEGAIN.NS,1121,2021-12-17,2026-06-25,e10297c9991b2c93d2d5c9acfd54ad0c
RATNAMANI.NS,2421,2016-09-06,2026-06-18,87a6382052f8717598926e3569070937
RATNAVEER.NS,691,2023-09-11,2026-06-25,1c090166d9a8148e91d4fe6b3f5f3e5d
RAYMOND.NS,2426,2016-09-06,2026-06-25,fcc55319b63412cbbba37682a4028315
RAYMONDLSL.NS,447,2024-09-05,2026-06-25,780fb965b7c3c9dca2fd9252b708e6ed
RAYMONDREL.NS,244,2025-07-01,2026-06-25,22d746a16ccba26e73dc8dfa317ade5b
RBA.NS,1371,2020-12-14,2026-06-25,7ba1f85ac66225e83fc5ea1584c6ad13
RBLBANK.NS,2426,2016-09-06,2026-06-25,b1dc6b7a3782961be50ae27f5832595a
RBZJEWEL.NS,614,2023-12-27,2026-06-18,3c80693b45c40fd52dfd2bc30c98f540
RCF.NS,2426,2016-09-06,2026-06-25,1b3669dc5224c6cb76c06cdac4a86e42
RECLTD.NS,2426,2016-09-06,2026-06-25,811165d2e55cf37c62821e1d4dac56f6
REDINGTON.NS,2426,2016-09-06,2026-06-25,7c420e12ed5d342fe7b6f910b779106d
REDTAPE.NS,708,2023-08-11,2026-06-22,ac310f5d4588efc0a0427463129532a0
REFEX.NS,2399,2016-09-06,2026-06-25,6e1f5e521cbf862c5708dac8c2a352bc
REGENCERAM.NS,1705,2016-09-07,2026-06-18,15d28a0945ca8b9d07b815459e4aa816
RELAXO.NS,2426,2016-09-06,2026-06-25,276151eadc2b885ede398842f9e91bd8
RELCHEMQ.NS,1009,2022-05-25,2026-06-18,e98bb3edfb17fc49582acc3e9d47fc07
RELIABLE.NS,1246,2017-10-11,2026-06-18,f43a1da2c21bbe35a17f3f356979ad47
RELIANCE.NS,2426,2016-09-06,2026-06-22,94d8e7c1f8146afbeb46bc20fbd00b75
RELIGARE.NS,2426,2016-09-06,2026-06-25,afb80216cc6f1a598ec93d4ad6f867f9
RELTD.NS,473,2024-07-30,2026-06-25,eaa78cb08c1a14d85a5e7c08265737b0
REMSONSIND.NS,2397,2016-09-06,2026-06-18,d6be93a53a826b221236f12d0b1f8202
RENUKA.NS,2426,2016-09-06,2026-06-25,f84d3dcb3d30d311ead27486d82e46e5
REPCOHOME.NS,2421,2016-09-06,2026-06-18,b9d3eaefcf5a8ebce23556ec792ea1d7
REPRO.NS,2421,2016-09-06,2026-06-18,10b8f47f51bf90f2afa881e125aae2c2
RESPONIND.NS,2421,2016-09-06,2026-06-18,0ee8475c2fbacd7b18f095c4a1bcd5e7
RETAIL.NS,490,2024-06-26,2026-06-18,e09bfab578072d7f34706bf4e145e100
RGL.NS,2418,2016-09-06,2026-06-18,b218d9113f629edabadff6897fd0c1de
RHETAN.NS,183,2025-09-26,2026-06-25,dfd266e66efbc390ab21a87b41267fb4
RHIM.NS,2426,2016-09-06,2026-06-25,f07b7d870297651f8daf50211f79401f
RHL.NS,784,2016-10-17,2026-06-18,f70da7d7643d35452eb6b9058b99572d
RICOAUTO.NS,2426,2016-09-06,2026-06-25,dc238037f6e368bba85bfba7dbc79f62
RIIL.NS,2426,2016-09-06,2026-06-25,1cce0a527ca3dc8cb71ddd6f25857193
RISHABH.NS,686,2023-09-11,2026-06-18,5bacf13686d053beeb02ac40ccaed022
RITCO.NS,1037,2022-04-12,2026-06-18,c857a4aa8bab68455ae5d1cbd2b02fd2
RITES.NS,1976,2018-07-02,2026-06-25,f0e427a3e854102b620de446383eb533
RKDL.NS,2322,2016-09-06,2026-06-18,09be6e191ce6cb1f2fb59a2a3ab36e90
RKEC.NS,1940,2017-10-09,2026-06-18,f55d2982bcd0a6286b20e59c388e441d
RKFORGE.NS,2426,2016-09-06,2026-06-25,c3fab14ec7a1dbc789a6642ef8069065
RKSWAMY.NS,561,2024-03-12,2026-06-18,3554c6b65f97b2b6e1df1887afa6a11c
RML.NS,2421,2016-09-06,2026-06-18,ae1ee8642e037933f78684c6659758ea
RNBDENIMS.NS,194,2025-09-04,2026-06-18,abe48d198eb140b1085fd58b56fe6f89
ROHLTD.NS,2421,2016-09-06,2026-06-18,a7611528455eeedad7a75731e00a7d4b
ROLEXRINGS.NS,1205,2021-08-09,2026-06-18,f904c3c46ad61edab16745a0051c09d7
ROML.NS,1401,2020-10-07,2026-06-18,2437085f0008757ad0ec560cfd02dfb8
ROSSARI.NS,1466,2020-07-23,2026-06-18,c77bbfb58d915ec6d7a3c070658b9ed8
ROSSELLIND.NS,2418,2016-09-06,2026-06-18,e69d3a5d1b75aa99106bf151e718f483
ROSSTECH.NS,380,2024-12-09,2026-06-22,1372b52a0c28ffed9ce69dd4e35c63c4
ROTO.NS,1090,2016-09-08,2026-06-18,d8305f6cd5fdd3127fa313218b1b5a12
ROUTE.NS,1424,2020-09-21,2026-06-18,6bdcc4c30fdc4a5ea783dda16955428b
RPEL.NS,461,2024-08-08,2026-06-18,8a868277285006cb962a2e7acc5496ee
RPGLIFE.NS,2421,2016-09-06,2026-06-18,f9b3d68ed58abad81070381cf8c9f2ac
RPOWER.NS,2426,2016-09-06,2026-06-25,208f8ae1c80f57857cf9a93a0f2f6ff0
RPPINFRA.NS,2421,2016-09-06,2026-06-18,04576af449d52bfd4e28ff1c01c7de56
RPSGVENT.NS,1822,2019-02-08,2026-06-18,348229268b5fce9d019de9e06fade9dd
RPTECH.NS,585,2024-02-14,2026-06-25,e2f4519e83f6aa09083c555b9f342f15
RRIL.NS,42,2026-04-20,2026-06-18,fd190970ce18ee5a9b0540495de0fd3c
RRKABEL.NS,685,2023-09-20,2026-06-25,1d1225b73c56dbcb161f7dd11cd38fc6
RSL.NS,60,2026-03-19,2026-06-18,a5732d7e002c70faa05e137c27192d5e
RSYSTEMS.NS,2421,2016-09-06,2026-06-18,0f605eae9e807dda846038f4ddc49679
RTNINDIA.NS,2395,2016-09-06,2026-06-18,24f30f6237de23f24cf2f17551c20363
RTNPOWER.NS,2421,2016-09-06,2026-06-18,9239b78dcfcb77e664cd10363c58d332
RUBFILA.NS,461,2024-08-08,2026-06-18,49dbc035fe92735017f87ad457787205
RUBICON.NS,170,2025-10-16,2026-06-25,823e49cc81da50c2c3a1e3da425e9e44
RUCHINFRA.NS,2351,2016-09-06,2026-06-18,fa552f9c1e9a968258d068272a1d30b5
RUCHIRA.NS,2421,2016-09-06,2026-06-18,3989d9b3b60d2f9e8293aa7ea2e4c525
RUPA.NS,2421,2016-09-06,2026-06-18,d788c4be7cb5571d74693bbea987f94d
RUSHIL.NS,2421,2016-09-06,2026-06-18,338ffe88e7548796a82c4cf6d282c909
RUSTOMJEE.NS,884,2022-11-24,2026-06-18,03e4fa9ed5a3e3709595adbb9a0be458
RVHL.NS,1362,2020-12-18,2026-06-18,96e45d360d3b2979dfc1e1500201c311
RVNL.NS,1785,2019-04-11,2026-06-25,a198934e8bc94f7b0c3a7126c9915443
RVTH.NS,438,2024-09-11,2026-06-18,d118611430c21b17461dcb983f9aa736
SAATVIKGL.NS,178,2025-09-26,2026-06-18,b9f89458fba5639c7f3e40bddfbdef83
SADBHAV.NS,2421,2016-09-06,2026-06-18,06ebd3d87dff93cb7a7ec414bbbc279d
SAFARI.NS,1684,2019-09-12,2026-06-25,cf810222a6e4438d01eb28267047b2a5
SAGARDEEP.NS,1872,2016-09-22,2026-06-18,89a1c61ae3bd009c44fa549698a1631e
SAGCEM.NS,2421,2016-09-06,2026-06-18,eadc5b8a5d608d9defd18f134962c57e
SAGILITY.NS,400,2024-11-12,2026-06-25,0c30e795c7342a4d9399c3fb0a07cb76
SAHLIBHFI.NS,47,2026-04-10,2026-06-18,5f231a2cd8e0569eca31a5215159ba5c
SAHYADRI.NS,793,2023-04-06,2026-06-18,add70fe1b769da2d55c3cb127f9fa868
SAIL.NS,2426,2016-09-06,2026-06-25,5b498b8c1ff38c16acc23cc91909b122
SAILIFE.NS,376,2024-12-18,2026-06-25,03f67bc9fde238e1b66bd5b2ba140fa9
SAIPARENT.NS,57,2026-04-02,2026-06-25,09d4b89fb4edf7b52f0b5884fc8e21f5
SAKAR.NS,2076,2016-10-14,2026-06-18,fbd0fe4ee298d5aa6ee5f46eb855327c
SAKHTISUG.NS,2395,2016-09-06,2026-06-18,b127c393f7d104cc1ce0f3b765186564
SAKSOFT.NS,2421,2016-09-06,2026-06-18,739b8c97e90a6b3261ca26250e326344
SALASAR.NS,2203,2017-07-25,2026-06-18,f2ac1181be233d5a3d5863b2d352ab55
SALONA.NS,2384,2016-09-06,2026-06-18,6e4902f0d6be546e6200d0958507686d
SALZERELEC.NS,2421,2016-09-06,2026-06-18,04a57c4f4afee62f5dfe0f6a3e9eafaf
SAMBHAAV.NS,2419,2016-09-06,2026-06-18,aad73c14d847f4d4da29605dc12d75b4
SAMBHV.NS,238,2025-07-02,2026-06-18,566b4301e8847f6b839e5c5c44f8c6ef
SAMHI.NS,678,2023-09-22,2026-06-18,daad546a546eb94ba91ae8540b6e011e
SAMMAANCAP.NS,2426,2016-09-06,2026-06-25,83c556eaf93bab2e94a5d67a2b9005ae
SAMPANN.NS,2363,2016-09-06,2026-06-18,dc41111d5966d87f4ebe6cfac4283671
SANATHAN.NS,365,2024-12-27,2026-06-18,f5b4924b58be56924e2bbc093a8b8570
SANDESH.NS,2420,2016-09-06,2026-06-18,50625cb52d7112e3e740adda4882ef85
SANDHAR.NS,2040,2018-04-02,2026-06-25,cead94b2a540ce72a349e619ac11dfc7
SANDUMA.NS,693,2023-09-07,2026-06-25,1cdbdedcef1625b7c47db1e075c63816
SANGAMIND.NS,2421,2016-09-06,2026-06-18,5b95f2e420273271a672a9c86d6e75d8
SANGHVIMOV.NS,2422,2016-09-06,2026-06-19,ebeb7d5acf30450c91220d451484d838
SANOFI.NS,2421,2016-09-06,2026-06-18,6eadcc5b7af540c352aad41b96f4579f
SANOFICONR.NS,436,2024-09-13,2026-06-18,c0e98ecfee6b918a97e92f0e0567557e
SANSERA.NS,1178,2021-09-24,2026-06-25,a70db3a607a008b215f030cfb6d94117
SANSTAR.NS,470,2024-07-26,2026-06-18,98f1742c116d1eb85496a89f7f372165
SAPPHIRE.NS,1141,2021-11-18,2026-06-25,035e4960c2024058dd39ad7dcbe69fdb
SAPPL.NS,41,2026-04-21,2026-06-18,d70c6f6bda1d057badf53365c1a4f114
SARDAEN.NS,2426,2016-09-06,2026-06-25,85d8e170d6d4c191efbd7dea9e0ed4dd
SAREGAMA.NS,2426,2016-09-06,2026-06-25,600727a3d585a480d744ba2235fff053
SARLAPOLY.NS,2421,2016-09-06,2026-06-18,a3487148aabec0b7f2693fd02965e532
SASKEN.NS,2426,2016-09-06,2026-06-25,0f5ab0040faf50de5eda0128bf6bb632
SATIA.NS,1716,2019-07-17,2026-06-18,e041757bf55201e6bc3e7ec819da1b4a
SATIN.NS,2421,2016-09-06,2026-06-18,5850d328cb03323bc1e9eb4673a4f5ad
SAURASHCEM.NS,571,2024-02-27,2026-06-18,1dc81333ce45df281d939616667ac6b2
SAYAJIHOTL.NS,32,2026-04-22,2026-06-18,90c1d2fc084fa6930c6abecea55c6d3c
SBC.NS,1139,2021-11-23,2026-06-25,2fd9512e00ba1db632d2070e35ea57fe
SBCL.NS,1241,2021-06-24,2026-06-25,030290200e166acd52a032aabbc6906e
SBFC.NS,705,2023-08-16,2026-06-19,7a9a60337351eae6c08c8f57cd48a35f
SBGLP.NS,829,2023-02-10,2026-06-18,22a819b686790f13ba13e74b70f0e864
SBIBPB.NS,302,2025-03-27,2026-06-18,ae27b5920b3ba42a9c191cdeb2d087c9
SBICARD.NS,1558,2020-03-16,2026-06-25,dfc84463e02f71185921e04cca1d4b80
SBIETFCON.NS,1212,2021-07-29,2026-06-18,2cda844f25b4ef3f225ffd29d9a662be
SBIETFIT.NS,1402,2020-10-22,2026-06-18,19edf7cb05c80705ac169598c589b840
SBIETFPB.NS,1402,2020-10-22,2026-06-18,6ab25e8f8556c225d48a104728390f67
SBIETFQLTY.NS,1860,2018-12-17,2026-06-18,ab7369396d0969286afcdbc7e8255c22
SBILIFE.NS,2161,2017-10-03,2026-06-25,59c0a07ed28a2c6d7b25e20055787657
SBILIQETF.NS,206,2025-08-13,2026-06-18,d85bf83b1d35660ac19c2eb34fc71b36
SBIMIDMOM.NS,69,2026-03-06,2026-06-18,83044f5d4ce0baea86a65e05880089c6
SBIN.NS,2423,2016-09-06,2026-06-22,a0ec75e2501d03ff920a317de2f41f6b
SBINEQWETF.NS,473,2024-07-23,2026-06-18,4f953faeffecee0ecb94639f015ccc05
SBINMID150.NS,51,2026-04-06,2026-06-18,023d2b9da40a0b417edcfd379f395da5
SBISILVER.NS,488,2024-07-08,2026-06-25,f2369f4ad6f8ff37c1c4fa98109caaf2
SBISMLETF.NS,18,2026-05-25,2026-06-18,309d700dccb041985ab54d9930f3f3d2
SBIVALETF.NS,18,2026-05-25,2026-06-18,d37463c32f793af334adf689cb18f147
SCHAEFFLER.NS,2426,2016-09-06,2026-06-25,e7a78832bbf26f4e643f41c7fd96be14
SCHAND.NS,2257,2017-05-09,2026-06-18,732e897546700ec702885dafd3a34449
SCHNEIDER.NS,2426,2016-09-06,2026-06-25,01693dd4d9ad61be5ad58c7518d7dcf7
SCI.NS,2426,2016-09-06,2026-06-25,06f0e43c1c855b2c5d3af3fac986aecb
SCILAL.NS,556,2024-03-19,2026-06-18,701e706bc03d6ee438b015e9ada07f3e
SCODATUBES.NS,258,2025-06-04,2026-06-18,ed6f0496eb69a1a44769ad75251b280e
SCPL.NS,886,2022-11-22,2026-06-18,ba7e3126ee4ed49fd8611a214c2c21d8
SDBL.NS,2421,2016-09-06,2026-06-18,3dba59c4bfd5d831e8d942fd0b5d4681
SEAMECLTD.NS,2420,2016-09-06,2026-06-18,19da6fc9a0fb3b916402c42d48980330
SECMARK.NS,659,2023-10-16,2026-06-18,0e1e9b1bda76146a090174217f431549
SECURKLOUD.NS,2235,2016-09-07,2026-06-18,14323b8aea95f673bc965c074893e015
SEDEMAC.NS,71,2026-03-11,2026-06-25,30f76150a07b25e2a48f27f9a8d449e0
SEIL.NS,42,2026-04-20,2026-06-18,15573e4b10b4c8d07b0ccfa07977af38
SELECTIPO.NS,310,2025-03-17,2026-06-18,bba210fd9c0c1a39ef368d0205bec3b4
SELMC.NS,1040,2021-10-28,2026-06-18,840d6cc8ab1ff7e65e7db08284116554
SENCO.NS,731,2023-07-14,2026-06-25,db6dd131a003ceea22479098c7eb551f
SENORES.NS,369,2024-12-30,2026-06-25,3a94124bc551ec1f57abf5d13abe0290
SENSEXADD.NS,710,2023-08-02,2026-06-18,3cdd780920b9ffe4b3a5dfc827fe65a4
SENSEXBETA.NS,2320,2016-09-07,2026-06-18,df8158de056a9f0fe9c97ecc952e24f9
SENSEXETF.NS,669,2023-10-06,2026-06-18,1ba3efec42d370006adcbfe316c0ab38
SENSEXIETF.NS,2319,2016-09-07,2026-06-18,e3f5d76b09dc1d65c2ec712419036b41
SEPC.NS,2426,2016-09-06,2026-06-25,e6eb2019957ad3180f09cbd3fd69cbec
SERVOTECH.NS,1193,2021-09-02,2026-06-25,e05be5522c50a841f14c06aa07c9d631
SESHAPAPER.NS,2421,2016-09-06,2026-06-18,3ffa29dbe5233c9280d879df20e64b53
SETF10GILT.NS,1974,2016-09-07,2026-06-18,38b022fa5fceb9dbc7f5b88f985cebf4
SETFGOLD.NS,2423,2016-09-07,2026-06-25,6b76a611b52058adbf6d71c24cd34246
SETFNIF50.NS,2410,2016-09-07,2026-06-18,d7b62d0cd6e82231fca7137d39764df3
SETFNIFBK.NS,2415,2016-09-07,2026-06-18,fc43bfba5ee3bee21c8e6e9c62d31678
SETFNN50.NS,2405,2016-09-07,2026-06-18,c3b7279f41b3839d37bfc4f7ac6739d2
SETL.NS,354,2025-01-13,2026-06-18,f163410a49aeb3beb6adb07dc62cf3a6
SFL.NS,2362,2016-12-09,2026-06-25,24d863a8c5acabf96148fe23710f0e3b
SGFIN.NS,214,2025-08-05,2026-06-18,ceb06c25e7bc0bd7b40ef9776674d93c
SGIL.NS,1213,2021-07-28,2026-06-18,070ec6a02294af8cff3c8ee886eea7b0
SGL.NS,2386,2016-09-06,2026-06-18,5061b8932f693da6cdb81881926ac8dd
SGMART.NS,188,2025-09-12,2026-06-18,d41513c54a787acd0ce281311ac99dac
SHADOWFAX.NS,101,2026-01-28,2026-06-25,b4b85f9413e3382ecdea016d2ab9412f
SHAH.NS,2421,2016-09-06,2026-06-18,3305aa7b7ad2a9beda742127fb71ee08
SHAHALLOYS.NS,2337,2016-09-06,2026-06-18,3f2c3d1227e2b23426e5a6497d2b946b
SHAILY.NS,1048,2022-04-04,2026-06-25,c9e895b40148aed528a82544d8f63751
SHAKTIPUMP.NS,2426,2016-09-06,2026-06-25,67ea2f84d7842bcae67089ba7ed80610
SHALBY.NS,2105,2017-12-15,2026-06-18,2a359a73ee25addbee0af053e0056002
SHANTI.NS,1571,2016-09-06,2026-06-18,8563ed9cb63f33ddc2ff3880584fe6d1
SHANTIGEAR.NS,2421,2016-09-06,2026-06-18,dc069d6ed08f35d95ec3da57b358cf2f
SHANTIGOLD.NS,221,2025-08-01,2026-06-25,9a50dc51d8d7ff8eee3e097ac4e5b915
SHARDACROP.NS,2426,2016-09-06,2026-06-25,b1df335c31181e8569da01f8709b50f2
SHARDAMOTR.NS,2420,2016-09-06,2026-06-18,f1c363dd151f771e4892ba2772f55a22
SHAREINDIA.NS,1424,2020-09-21,2026-06-18,34c74f8f21e791667581f11bc7545a18
SHARIABEES.NS,2327,2016-09-07,2026-06-18,2f6e27014883c1ea77dffa77fd3bb0f1
SHBAJRG.NS,42,2026-04-20,2026-06-18,e0344ef8b038c474c2e207a3ff77117c
SHILCTECH.NS,140,2025-11-24,2026-06-18,383a7c712a05359244f2d6000a639a13
SHILPAMED.NS,2426,2016-09-06,2026-06-25,97c08cf5be23805d3b5bb732f98cdf75
SHINDL.NS,42,2026-04-20,2026-06-18,0240ea3c6572869c1ba680a003354f58
SHIVATEX.NS,2096,2017-12-26,2026-06-18,7f531c6bdd88eec8b782556c74c5f18e
SHIVAUM.NS,471,2016-09-06,2026-06-17,800681358465c5bbcbd1566ee0a787e8
SHK.NS,2421,2016-09-06,2026-06-18,6b360d482ceaca9fdf09e7c7d06c50d0
SHOPERSTOP.NS,2421,2016-09-06,2026-06-18,14939591e1ed6e30ed5838fad9bca854
SHRADHA.NS,1394,2020-10-22,2026-06-18,2023fc61edb2dc2114730adee963044e
SHREDIGCEM.NS,1694,2019-08-20,2026-06-18,341e5d529d77c8fb76f1a5bd6f28ef4f
SHREECEM.NS,2426,2016-09-06,2026-06-25,6a4701d916d994c7aa88ab3be8315c89
SHREEJISPG.NS,205,2025-08-26,2026-06-25,f3ba8df6087a816f63484210a3d8a762
SHREEPUSHK.NS,2421,2016-09-06,2026-06-18,33d23e20648a2324ee32fd54b74039b6
SHREERAMA.NS,2419,2016-09-06,2026-06-18,e61a41d4f88f4a1e3a8732d7e60cd93f
SHREYANIND.NS,2421,2016-09-06,2026-06-18,49812f0f300dccd6d27b034ef90abcb7
SHRIKRISH.NS,41,2026-04-20,2026-06-18,6466063578181615a310e6341c8e3ed0
SHRINGARMS.NS,185,2025-09-17,2026-06-18,8cd2e6f4be6984bf4a4203a01b59870b
SHRIPISTON.NS,2349,2016-09-06,2026-06-25,0cd08f5a0f74f6e445e9f789fcd085e3
SHRIRAMFIN.NS,2426,2016-09-06,2026-06-25,f53917cfc231e32fb5ae9d3176d17d0e
SHRIRAMPPS.NS,1115,2021-12-20,2026-06-18,8be5bf61a71a0512f73d3089ff2fae74
SHYAMMETL.NS,1241,2021-06-24,2026-06-25,031d29515a84e148ee91ccfaa705273f
SICAGEN.NS,42,2026-04-20,2026-06-18,3ce4417e33949bff1699988a73c218b6
SIEMENS.NS,2426,2016-09-06,2026-06-25,18d078aa0cc48b0b0f70f297e2fbc907
SIGIND.NS,1931,2018-08-29,2026-06-18,6f3dc9cf001cae3237d07baa34e98c50
SIGMA.NS,1217,2020-10-19,2026-06-18,9692b3d2920462e676e33cd5f3db4602
SIGNATURE.NS,680,2023-09-27,2026-06-25,f69e49d43a100f345eea1069bf3c4733
SIGNPOST.NS,580,2024-02-14,2026-06-18,ba810b73ee5fc998f04e096b7673e430
SIKA.NS,42,2026-04-20,2026-06-18,3030e6446c96b3948eab06d1c1ce8173
SIL.NS,2344,2016-09-06,2026-06-18,96c757aa553531038c82ed53f7d0e4b4
SILGO.NS,1374,2018-10-10,2026-06-18,a92a9b5b8c3f8e142625afe08ce16600
SILINV.NS,2414,2016-09-06,2026-06-18,84e9d2add33ed882a580ca26c01e584e
SILLYMONKS.NS,1761,2018-01-18,2026-06-18,ad0d6d96f7158b55c8d8df4badc2fbf5
SILVER.NS,1088,2022-02-03,2026-06-25,43526851de61498c61a8aaf4735c03a1
SILVER1.NS,868,2022-12-14,2026-06-18,4a5865b3eaf6a04f0619c365d71a50f2
SILVER360.NS,297,2025-04-04,2026-06-18,ee0f95df156c469e21ec742f6ef72347
SILVERADD.NS,944,2022-08-25,2026-06-18,4269d1af280b307e21c9ce22c45cad4a
SILVERAG.NS,746,2023-06-15,2026-06-18,3d771ccf286f5515db159a03e8201e3b
SILVERBEES.NS,1086,2022-02-07,2026-06-25,f24104e6b72e3190b1348d474116b86d
SILVERBETA.NS,785,2023-04-20,2026-06-18,7c581f26e9b04b122af65bc490186670
SILVERBND.NS,126,2025-12-12,2026-06-18,f6d63c8b372be87f17659f77e9531770
SILVERCASE.NS,308,2025-03-26,2026-06-25,4adb1ad015bcc5ba78283a463fa1172d
SILVERIETF.NS,1091,2022-01-31,2026-06-25,331cf9b848c0f4fbe6c97d15bd7a9943
SILVERTUC.NS,1675,2017-12-01,2026-06-18,31fd2638e7c6ab87c155d5f75c136e99
SIMPLEXINF.NS,2421,2016-09-06,2026-06-18,52bfa395bf9f34d8a309ac490e7d0ecd
SINCLAIR.NS,542,2024-04-10,2026-06-18,f8a61f1e44bc3604acc7c0e95dfbdffb
SINDHUTRAD.NS,743,2023-06-20,2026-06-18,70a1bcbe2391929f160bfbd535045a98
SINGERIND.NS,60,2026-03-19,2026-06-18,eed4ff500e2dc0492d21f35819bc9ecc
SINTERCOM.NS,1880,2018-02-15,2026-06-18,1e683c67e1d71b93a69461cb61bbd613
SIRCA.NS,1926,2018-05-30,2026-06-18,d09153084bc7b5b1e5b6c0d673213200
SIS.NS,2191,2017-08-10,2026-06-18,1e3b8e9d09bec11464af379c600e2a66
SIYSIL.NS,2421,2016-09-06,2026-06-18,a829d2ccbef67531ae7fc42eb558d04f
SJS.NS,1144,2021-11-15,2026-06-25,41fb4090b14d29797cbd8e7acdf62514
SJVN.NS,2426,2016-09-06,2026-06-25,0ab14f158554fb95a64497e182068af6
SKFINDIA.NS,2421,2016-09-06,2026-06-18,4c0439d012eed9c6c6b2f207820dc153
SKFINDUS.NS,131,2025-12-05,2026-06-18,f9dc09198f793928a4d9a5b1bd6476e4
SKIPPER.NS,2426,2016-09-06,2026-06-25,21aab569b44e2a93ad45ce436b151ae8
SKMEGGPROD.NS,2426,2016-09-06,2026-06-25,6579c4ca19b250d9e44ab15863324edd
SKYGOLD.NS,858,2023-01-06,2026-06-25,60469c5d6ff34f34c6208fcc64a91ff2
SMALL250.NS,147,2025-11-13,2026-06-18,ea21d29cede61ebbd0318020ea1c298b
SMALLADD.NS,122,2025-12-18,2026-06-18,4610552307a3e642b490dd7da98b4816
SMALLCAP.NS,569,2024-02-29,2026-06-18,880a9d89d3d8e76b4bd9af58383577e7
SMARTWORKS.NS,227,2025-07-17,2026-06-18,36ff3f9b51a53e9157f948a34512af46
SMCGLOBAL.NS,1315,2021-02-25,2026-06-18,909f3f4d335ce87e649dd7a4d6df0751
SML100CASE.NS,188,2025-09-12,2026-06-18,77961f337e6b780b0e0ba2cdc34fd72d
SMLMAH.NS,2426,2016-09-06,2026-06-25,9787aa6f61cd25166dc1ef0b25d7a62c
SMLT.NS,1124,2021-11-25,2026-06-18,f1d1cb1b55e5b686e0e3bd52ed08e67f
SMSPHARMA.NS,2421,2016-09-06,2026-06-18,566a44386ec9d2deb6cdbae48cffe51b
SNOWMAN.NS,2421,2016-09-06,2026-06-18,f11ff3da1831388158250ee294a3aa9d
SNXT30BEES.NS,251,2025-06-13,2026-06-18,abfc06caa05fc9f7b45b793868738faf
SNXT50BETA.NS,1711,2019-03-13,2026-06-18,b5ea6ebc2f9144039d837d754921cf0d
SOBHA.NS,2422,2016-09-06,2026-06-19,1e4a547cc85a32c44ab47c7e4422a2b4
SOLARA.NS,1979,2018-06-27,2026-06-25,47d586bdafa45c520a2db9a111a554c6
SOLARINDS.NS,2426,2016-09-06,2026-06-25,3ac6301a4961f052e31d11911510b657
SOLARWORLD.NS,176,2025-09-30,2026-06-18,b80180d6b33228b1ad5b6ad6919c7841
SOLEX.NS,1401,2018-02-05,2026-06-18,136da544654588049eca7f9b4aa17762
SOMANYCERA.NS,2421,2016-09-06,2026-06-18,ce0b814403f3037d6915c75bb612d603
SOMATEX.NS,2347,2016-09-06,2026-06-18,3472bc77721e201bf53e5b57067abf78
SOMICONVEY.NS,2404,2016-09-06,2026-06-18,7feb7be4c64e638186186f44737447f7
SONACOMS.NS,1241,2021-06-24,2026-06-25,0b21a6b8a766b1d905872a66285d3b1e
SONAL.NS,27,2026-04-21,2026-06-15,3ab5a9ebda347dde595eb20499563131
SONAMLTD.NS,1594,2016-09-06,2026-06-18,af6df170593d11fbba6f8727e50662aa
SONATSOFTW.NS,2426,2016-09-06,2026-06-25,315ffda4f9bbdba80a2bafc6ce53a654
SOTL.NS,2423,2016-09-06,2026-06-25,5fbb7a0bfce02d34dc6f374089c0026d
SOUTHBANK.NS,2426,2016-09-06,2026-06-25,6d7f65e02631289de471b369390ebc2b
SOUTHWEST.NS,1973,2018-02-19,2026-06-18,7715f62c3b46d76c7c2864c5e42aa062
SPAL.NS,2426,2016-09-06,2026-06-25,06534133fb5e5feba71192a6d8cb83ee
SPANDANA.NS,1695,2019-08-19,2026-06-18,19ffb86e040a38c2b66d609c3f251abb
SPARC.NS,2426,2016-09-06,2026-06-25,e5254bee7f30e7ee157db2dd5dd0cbd4
SPCENET.NS,1638,2017-01-10,2026-06-18,f629fe4ab1a471e110245ee5baf0db5c
SPENCERS.NS,1822,2019-02-08,2026-06-18,9e70f23e304df9233f8dd0002d472502
SPIC.NS,2421,2016-09-06,2026-06-18,903c06ecc3e0e0808ed5a46a323f6b36
SPLIL.NS,2420,2016-09-06,2026-06-18,9e954241f8fae66640e3dec6dc4e0e33
SPLPETRO.NS,1011,2022-05-24,2026-06-19,d65bbbe23418e1f35b3a5f1921015cf5
SPMLINFRA.NS,2401,2016-09-06,2026-06-18,4d36f31fbcad57ad34a00cd40ac40001
SPORTKING.NS,946,2022-08-24,2026-06-18,66bd24b790d430a69dff48506a90d536
SRD.NS,419,2024-10-09,2026-06-18,aac86e3bc38951db14398610369c8a30
SREEL.NS,2413,2016-09-06,2026-06-18,092d96e8ec150b77fba5108269a8eab7
SRF.NS,2426,2016-09-06,2026-06-25,ae3132680b36d479d48174cf001012da
SRGHFL.NS,700,2023-08-21,2026-06-18,ff3a8520499f2c29c84a5d13a88d1670
SRHHYPOLTD.NS,2420,2016-09-06,2026-06-18,3f8cd3aa17b6078a24798d58579ba9c1
SRM.NS,547,2024-04-03,2026-06-18,1e8e1a531400ca5198fa7a3e27b2889b
SRTL.NS,72,2026-03-02,2026-06-18,ed276a9c710d31490b9b4b8f7d8339fd
SSDL.NS,454,2024-08-20,2026-06-18,b8c4d41f40fa10012a3699d2b54fdc68
SSWL.NS,2421,2016-09-06,2026-06-18,f181f4fdb664f3a8d269b239aa719238
STANLEY.NS,489,2024-06-28,2026-06-18,2705d7da49d75aba971cdcd9ebf80d6e
STAR.NS,2426,2016-09-06,2026-06-25,f3d43e1705a14baf9b080ece38e4a4d1
STARCEMENT.NS,2229,2017-06-16,2026-06-18,da45b7b9264aac473c1749cee5406682
STARHEALTH.NS,1162,2016-09-09,2026-06-25,9d2570345c952d0ca5ff4a8f2db37350
STARPAPER.NS,2421,2016-09-06,2026-06-18,49d1f489ec19b67b25eb6875f868f505
STARTECK.NS,1016,2022-05-04,2026-06-18,6ee6d50b3786f62ef60ab6f8c8438ad4
STCINDIA.NS,2421,2016-09-06,2026-06-18,a457e0b8fee786e8e599f1bef898fabb
STEELCAS.NS,1134,2021-11-23,2026-06-18,6d37115286df08bfb753598fde43f25a
STEELCITY.NS,2206,2017-02-17,2026-06-18,4269998a0e9cc98f10c4b8b96c9f195c
STEELXIND.NS,2206,2017-07-20,2026-06-18,0d3084d6b7f8cd9f00e93247b3b4e933
STEL.NS,2420,2016-09-06,2026-06-18,94646781657645f7c0e37924d3957c93
STOVEKRAFT.NS,1329,2021-02-05,2026-06-18,c871c9e41a3375d0731915602bdfa930
STUDDS.NS,156,2025-11-07,2026-06-25,d9f560cbdf27e98cb4f3771eb15c62fa
STYL.NS,176,2025-09-30,2026-06-18,d869a93de90fdbbb1c16573cf53d89bc
STYLAMIND.NS,1210,2021-08-02,2026-06-18,0c472c90daf386db828b30ca99dc0fca
STYRENIX.NS,2421,2016-09-06,2026-06-18,1d2e7bd0e068e52042f21e0058f70d05
SUBROS.NS,2421,2016-09-06,2026-06-18,f16efa5cd214768f6cd918c521d3dc52
SUDARCOLOR.NS,2421,2016-09-06,2026-06-18,4c8f0409e9f8939697b18b15de3e7444
SUDARSCHEM.NS,2423,2016-09-06,2026-06-22,8d1867c85b171bf5daaef0aa335f0333
SUDEEPPHRM.NS,141,2025-11-28,2026-06-25,98ae2f9e1a50613363a01a632df9af61
SUKHJITS.NS,896,2022-11-07,2026-06-18,5a7bcd2b320be79cbf9938aa860a91f1
SULA.NS,864,2022-12-22,2026-06-18,32f2ad99e859b30ac5d051e2490fe680
SUMEETINDS.NS,247,2025-06-19,2026-06-18,379e70b6e0146e89882e2995bdb1ecca
SUMICHEM.NS,1588,2020-01-27,2026-06-19,c9c77177c76e1f09e8fc93a333fd6738
SUMMITSEC.NS,2420,2016-09-06,2026-06-18,fec45d5d46581260a704c4ab27fc6665
SUNCLAY.NS,612,2023-12-29,2026-06-18,11d8cc2e9f3e0d02964e6ae3a7f41dd7
SUNDARAM.NS,2421,2016-09-06,2026-06-18,9cec416d9a7160cf258a62a2cee2b8cb
SUNDARMFIN.NS,2426,2016-09-06,2026-06-25,c263cc6f404f7a86c626734470b9c047
SUNDRMFAST.NS,2421,2016-09-06,2026-06-18,663c95127e56a9237e07cde30a5be058
SUNDROP.NS,2420,2016-09-06,2026-06-18,3b5906504988cde4e4a0c6ba8575fd3f
SUNFLAG.NS,2421,2016-09-06,2026-06-18,a8b273032546ae82615fe0b4dd55460d
SUNPHARMA.NS,2423,2016-09-06,2026-06-22,5974451091fdf38f70167d3919aa69d6
SUNTECK.NS,2421,2016-09-06,2026-06-18,dfdd265022eb131d24a38b4d016d32c1
SUNTV.NS,2423,2016-09-06,2026-06-22,cee85f9bee91f14433d85414abb561f7
SUPERHOUSE.NS,2421,2016-09-06,2026-06-18,a3e9fbd635aaa9c869a89b88808d37c3
SUPRAJIT.NS,2423,2016-09-06,2026-06-22,6b9a8ea52c0fa910cfba3c104d411353
SUPREME.NS,338,2025-02-03,2026-06-18,94838fd0af0545b5fee68c44ae6cd1d7
SUPREMEIND.NS,2426,2016-09-06,2026-06-25,69e204f763ae31a9a89ff61c126afcbc
SUPREMEINF.NS,2233,2016-09-07,2026-06-18,ec68867ff9a49bc6ed777c8dba85940b
SUPRIYA.NS,1114,2021-12-28,2026-06-25,d53dc2d4948b5e4f3822c75b9b024620
SURAJEST.NS,615,2023-12-26,2026-06-18,17245725ae001193b0bb379d34b46e5a
SURAJLTD.NS,446,2024-08-29,2026-06-18,f8a7eabad8187848fdd9465dab88c113
SURAKSHA.NS,379,2024-12-06,2026-06-18,3c404cdf3fc8657c955dc4d8cb876901
SURANASOL.NS,2417,2016-09-06,2026-06-18,9af9ae5adc658ddf0c8144f303e0be63
SURANAT&P.NS,2416,2016-09-06,2026-06-18,cfbee3a33c8e44ee5921c4be7046e1f4
SURYALA.NS,42,2026-04-20,2026-06-18,4bdf035389131951daf1106d08eeff38
SURYALAXMI.NS,2421,2016-09-06,2026-06-18,e4991956d50ebe863932e227d3b3b0ee
SURYAROSNI.NS,2426,2016-09-06,2026-06-25,073d1552d378c574d4962c67774eb2d8
SURYODAY.NS,1295,2021-03-26,2026-06-18,051d17a57477b242d7e209c5acfe00b3
SUVEN.NS,2426,2016-09-06,2026-06-25,c04668ac7a54c19c2cec5392e6386858
SUVIDHAA.NS,1293,2021-03-31,2026-06-18,64e7475a7477ad17d5d313ff8c559af9
SUYOG.NS,454,2024-08-20,2026-06-18,e7fde0ed3b12d6beefade2d2e6cf2a01
SUZLON.NS,2426,2016-09-06,2026-06-25,1ed4377f9f8e7eb4e4952c9387337c79
SWANCORP.NS,2426,2016-09-06,2026-06-25,2468cebd95d87eb4eedc5d786a64efa1
SWARAJENG.NS,2421,2016-09-06,2026-06-18,d6e36e0bae25b4a93348134eefe3f01d
SWELECTES.NS,2421,2016-09-06,2026-06-18,5ce795397903a5568d02a0c0bc25df66
SWIGGY.NS,399,2024-11-13,2026-06-25,53a3793c5c23ca1a12233d744b11103f
SWSOLAR.NS,1699,2019-08-20,2026-06-25,ebff60621662977d94c1ba4d4e73348d
SYMPHONY.NS,2421,2016-09-06,2026-06-18,55f2441c3686d623ba50f9402e4fc601
SYNCOMF.NS,888,2022-11-18,2026-06-18,adfcb74aa5fb1ce3f316da64da8291df
SYNGENE.NS,2426,2016-09-06,2026-06-25,172141b74272ed1b934dcccb4f6f86ca
SYRMA.NS,949,2022-08-26,2026-06-25,4e29e257a7d0fc16e7e779fc7499fbec
TAALTECH.NS,42,2026-04-20,2026-06-18,3fccb26377decd7dd912b57d863c2443
TAINWALCHM.NS,2398,2016-09-06,2026-06-18,0d4e564fede3b9eb117bc894c5811d74
TAJGVK.NS,2421,2016-09-06,2026-06-18,e3b45192af3d07f9b8b58c5f89d38a09
TALBROAUTO.NS,2421,2016-09-06,2026-06-18,f4814d64c0570a5e83514d705d49b5c8
TANLA.NS,2426,2016-09-06,2026-06-25,b08b4315ab9f12821d041420f1ae3492
TARACHAND.NS,1576,2018-03-23,2026-06-18,62abfc3d90e22436edc7069620f5eeeb
TARAPUR.NS,1966,2016-09-07,2026-06-18,b078bf0a409b73dd39659708598878fc
TARC.NS,1370,2018-03-05,2026-06-18,0902b093305d5ab32cbc6768450fe08e
TARIL.NS,2426,2016-09-06,2026-06-25,e3c4912f3a0fb3a36a1829c7bc2064ac
TARMAT.NS,2419,2016-09-06,2026-06-18,4ad9fba69b13d1c022b48578ce1de2e7
TARSONS.NS,1136,2021-11-26,2026-06-25,95b8931f4e5f22a0d606bbe62a915dee
TASTYBITE.NS,2287,2017-03-23,2026-06-18,125f967274c34fec0da5128837c3ef28
TATACAP.NS,173,2025-10-13,2026-06-25,b89944c21d2dc0ffbcf3a18a9a09e09e
TATACHEM.NS,2426,2016-09-06,2026-06-25,874efbf54c5935e02afce6fdbad40d04
TATACOMM.NS,2426,2016-09-06,2026-06-25,2897dbcc181285d49c69c77bcccc226d
TATACONSUM.NS,2426,2016-09-06,2026-06-25,dc19e5955993c847a98376a3ed4bce4a
TATAELXSI.NS,2423,2016-09-06,2026-06-22,918a490ae8027d52606936d5fd9ba7ba
TATAGOLD.NS,604,2024-01-17,2026-06-25,cffdaaae0e8ec11226d5573a4b20b4b2
TATAINVEST.NS,2426,2016-09-06,2026-06-25,f000309ba5c376f87fb3aa3a61a88a93
TATAPOWER.NS,2426,2016-09-06,2026-06-25,edd64c4ea09420136b59db91255c654b
TATASTEEL.NS,2426,2016-09-06,2026-06-25,5e6e6c4024f70978141b1df3492c45bf
TATATECH.NS,637,2023-11-30,2026-06-25,529e041ac37a0f5bfe74d7bce5ddb959
TATSILV.NS,604,2024-01-17,2026-06-25,7aeb6e5c499c2d4ec4d40ba2705b655c
TATVA.NS,1212,2021-07-29,2026-06-18,c3cec0133751566fd909534142938e39
TBOTEK.NS,525,2024-05-15,2026-06-25,0665f79f7826690bd28549e4a5ce5f3f
TBZ.NS,2426,2016-09-06,2026-06-25,a66b326d983ccfc63c9af705bdce590f
TCC.NS,75,2026-02-25,2026-06-18,409ab9f1c50b1a8ab370a4ba5438be77
TCI.NS,2421,2016-09-06,2026-06-18,c9e9fbdfed3390a9e3a1b8771a573844
TCIEXP.NS,2354,2016-12-15,2026-06-18,b710b61b8ac14fe2f0267edff3d49ddf
TCPLPACK.NS,2146,2017-10-17,2026-06-18,170243b1f113c1bc4974268e9fc3b37b
TCS.NS,2423,2016-09-06,2026-06-22,32302ccefe050e6a3ca735059c490fed
TDPOWERSYS.NS,2425,2016-09-06,2026-06-25,5870c80704be9fd8f769f5f5943eafba
TEAMGTY.NS,2358,2016-09-06,2026-06-18,07a52db68e9a4688227515dd620f79d0
TEAMLEASE.NS,2421,2016-09-06,2026-06-18,015731be4ac90d4c71add8803abf135c
TECH.NS,1146,2021-11-03,2026-06-18,a28078b6e52c772040c1e871aa384660
TECHM.NS,2428,2016-09-06,2026-06-25,501f50452c02fcefebbcf93fe40d78db
TECHNOE.NS,1864,2018-12-18,2026-06-25,51e949edcc77c4149f589ade35dd95a8
TECHNVISN.NS,41,2026-04-21,2026-06-18,6e1946c6f065a0531d87f44f89cd666e
TECILCHEM.NS,731,2023-04-20,2026-06-18,664c3ea5ffb48cfb4630c2a8303ee4f4
TEGA.NS,1125,2021-12-13,2026-06-25,e07f57d5a64853bccb37430767fd8d16
TEJASNET.NS,2228,2017-06-27,2026-06-25,efb24b43917a6d078f4aff5442807f4c
TEMBO.NS,1516,2018-06-06,2026-06-18,2009f58472d2bf66e6e7357882e571f3
TENNIND.NS,148,2025-11-19,2026-06-25,2b3c7e0e5d437230e5fc404624557b16
TERASOFT.NS,2342,2016-12-29,2026-06-18,dd503b3c9acced1110b69c832e144f50
TEXINFRA.NS,2420,2016-09-06,2026-06-18,93a4f28ba9a82e1db825821762080245
TEXMOPIPES.NS,2421,2016-09-06,2026-06-18,60d4bc279df1cbc4a9394b0e272d2fd9
TEXRAIL.NS,2426,2016-09-06,2026-06-25,423ece32807831069eede2a9eb50ee3c
TFCILTD.NS,2426,2016-09-06,2026-06-25,d556c7173ef61f8b117f9de0794012b3
TFL.NS,2319,2016-09-06,2026-06-18,419f12f165b3fbbe09054f53a30e9ab4
TGBHOTELS.NS,2419,2016-09-06,2026-06-18,b22f1de7d4b13724432e8033f77174ae
THAKDEV.NS,33,2026-04-21,2026-06-18,bf31a1564745855cd0dc5300d9d3c4bd
THANGAMAYL.NS,2422,2016-09-06,2026-06-25,caab92589a76b28a02856cb8784f91e6
THEINVEST.NS,2197,2017-08-02,2026-06-18,396b207c7d2a11a2969a683e28d992e4
THEJO.NS,1834,2016-09-09,2026-06-18,b84f402387be33e5c08c33b00ac7dc06
THELEELA.NS,265,2025-06-02,2026-06-25,ee97d0b83cd436bd5fcf6dd466ac10c5
THEMISMED.NS,2412,2016-09-06,2026-06-18,e993ffd646f48ffeb9712d93bd9e8ebc
THERMAX.NS,2426,2016-09-06,2026-06-25,8cd07db8167aa05ca451482288f5b64b
THOMASCOOK.NS,2425,2016-09-06,2026-06-25,049aa7f1a437f653b0ea62795172b6a7
THOMASCOTT.NS,1919,2016-09-07,2026-06-18,77f7a9da2d1f956bf72b03cc39d808dd
THYROCARE.NS,2426,2016-09-06,2026-06-25,6c2f4db85628633da6da6b6f1cb5ce6a
TI.NS,2426,2016-09-06,2026-06-25,42d8c80148df0f1fe6a669715c59ba72
TIIL.NS,2421,2016-09-06,2026-06-18,5da5b013ecade8af00c0090bc2f736a6
TIINDIA.NS,2141,2017-11-02,2026-06-25,7c039c3e9359d6825e1eb8227e412bb2
TIJARIA.NS,2413,2016-09-07,2026-06-18,7d23190252101db0586ca647b2689de9
TIMETECHNO.NS,2426,2016-09-06,2026-06-25,160a0784b36ff777ef3e751f02543ee9
TIMEX.NS,47,2026-04-20,2026-06-25,b69c684898353bf9cd26c55a4e902a3c
TIMKEN.NS,2422,2016-09-06,2026-06-19,710fc1aed0619ff42eb06a7dc65a4fe7
TINNARUBR.NS,290,2025-04-17,2026-06-18,f0379799234462765869acfa98d4e766
TIPSFILMS.NS,917,2022-10-06,2026-06-18,7b700a1ea0176baf00834d130c68d8f0
TIPSMUSIC.NS,2418,2016-09-06,2026-06-18,eb43da24718d6fce802c1b7cd081dc66
TIRUMALCHM.NS,2421,2016-09-06,2026-06-18,8054c87bd60067d8b96f5143be39da70
TITAGARH.NS,2426,2016-09-06,2026-06-25,c80ebb94bca82023696b9cbebd9d51d5
TITAN.NS,2426,2016-09-06,2026-06-25,9ed1291917f897612d0c4ed2a6b96364
TMB.NS,936,2022-09-15,2026-06-25,25f04967f635ef0f5dd613e598470a16
TMCV.NS,153,2025-11-12,2026-06-25,2a4abe0fea7c1a3e29014b9b70a0ccd0
TMPV.NS,2426,2016-09-06,2026-06-25,cedffd39278f769108fe8e37b50cea4f
TNIDETF.NS,1039,2022-04-08,2026-06-18,39587b8b4ba6bb00da08ff1052b241d8
TNPETRO.NS,2421,2016-09-06,2026-06-18,d260c903c371f79db9398d219b9e8421
TNPL.NS,2421,2016-09-06,2026-06-18,21f424b60323177e4cc5445d2b5f44fd
TNTELE.NS,2058,2016-09-06,2026-06-18,bb0a6aa9e2bb6958b7355e4d34747745
TOLINS.NS,435,2024-09-16,2026-06-18,4ebba83c38b8d6fe42dcf8fb7d4c0289
TOP100CASE.NS,496,2024-06-19,2026-06-18,a45e062d9d123c82e182b493149dac9c
TOP10ADD.NS,438,2024-09-11,2026-06-18,59d64bff4da30bb5ca263d0067cebfc2
TOP15IETF.NS,238,2025-07-02,2026-06-18,80646130a5ef8dd04fe8b3e9586c9094
TOP20.NS,121,2025-12-19,2026-06-18,252e5d55e22d179eab4642a090eb544f
TORNTPHARM.NS,2426,2016-09-06,2026-06-25,5923c4f19cd9ef649b370c4c0ad04520
TORNTPOWER.NS,2426,2016-09-06,2026-06-25,f7d0b82c1aad13563231f73e7ace1669
TOTAL.NS,1900,2017-08-07,2026-06-18,8c3b95336f9ba7bb81b972418521a604
TOUCHWOOD.NS,1872,2017-12-21,2026-06-18,09c4d16ecc376b4806cedef03716ebcd
TPHQ.NS,1196,2016-09-06,2026-06-18,ca935906f299c1446aa3329f84c164e2
TPLPLASTEH.NS,2419,2016-09-06,2026-06-18,55c0e6b9df86e072d0d96adaba164b14
TRACXN.NS,907,2022-10-20,2026-06-18,f48c33984f9ac5d79bf750f1c3662283
TRANSRAILL.NS,370,2024-12-27,2026-06-25,ad0b64d94ce77fc3ce91de3396aa0388
TRAVELFOOD.NS,231,2025-07-14,2026-06-19,9898f9ab4d98b0028b62af6c8612608f
TREEHOUSE.NS,2395,2016-09-06,2026-06-18,0f70258284454331b2d41121831b59b3
TREJHARA.NS,1841,2019-01-11,2026-06-18,aab9507e8daa0aeb364a9d830cb5f557
TREL.NS,707,2023-08-10,2026-06-18,dfaafc9f49b4bcabf67ab213488a6fab
TRENT.NS,2426,2016-09-06,2026-06-25,b293202b076bbfa43da12b32834486b2
TRF.NS,2383,2016-09-06,2026-06-18,11b9f3cba63ea9c789f8a9df407d0c88
TRIDENT.NS,2422,2016-09-06,2026-06-19,d4bb203ad93693caed179350ce2919ca
TRIGYN.NS,2421,2016-09-06,2026-06-18,62deac80f70ac891ce28738654cb2161
TRITURBINE.NS,2426,2016-09-06,2026-06-25,14d10ec1708c28ccf2929525ada7650b
TRIVENI.NS,2421,2016-09-06,2026-06-18,82f292565804678d0b50faf4a244138b
TRU.NS,985,2022-05-10,2026-06-18,ce38881acd9fe93cbf4d4923c2b29e0f
TRUALT.NS,179,2025-10-03,2026-06-25,14fe1783bec24f0076e65f0e31eeea09
TSFINV.NS,2037,2018-03-27,2026-06-18,1a3a52de1e90d633be688cf215941115
TTKHLTCARE.NS,2418,2016-09-06,2026-06-18,ceb7d407aadc85014f322a21df7d3837
TTKPRESTIG.NS,2421,2016-09-06,2026-06-18,38d1808aec1af61c4ec6805ee06801a9
TTL.NS,2421,2016-09-06,2026-06-18,e31275fc44479fb24dd280b4c224d8dd
TTML.NS,2426,2016-09-06,2026-06-25,63a05cb0ac2c36cbfa1a888be7b035aa
TVSELECT.NS,2421,2016-09-06,2026-06-18,514bf3e3d97c7f884259963fef6d17c0
TVSHLTD.NS,2416,2016-09-06,2026-06-18,4020d03798f71ce52b8c547e253a29f6
TVSMOTOR.NS,2426,2016-09-06,2026-06-25,47b51dd8c1d866b80f591816aebd9738
TVSSCS.NS,699,2023-08-23,2026-06-18,58b048017768dcca3fbe6071400e05ae
TVSSRICHAK.NS,2421,2016-09-06,2026-06-18,5294ac5c5cdc60d3383356e8b665e07c
TVTODAY.NS,2421,2016-09-06,2026-06-18,d808bdd94195428441938e3af0384460
TWCGOLDETF.NS,112,2026-01-02,2026-06-18,3a12b073c9eface97a770cb2db5710af
UBL.NS,2423,2016-09-06,2026-06-22,db8bee822ba77721929582ad92a912a3
UCAL.NS,2421,2016-09-06,2026-06-18,7ad658e651b358901c5190493fea3006
UCOBANK.NS,2426,2016-09-06,2026-06-25,cc901f4f962846fbf310eca2f212f0eb
UDS.NS,671,2023-10-04,2026-06-18,0d132958a4312fdea85309411f660eec
UEL.NS,246,2024-04-16,2026-06-18,d92f120e6fa416ceeade2740e37d9cc5
UFLEX.NS,2421,2016-09-06,2026-06-18,30738426d2a3ef011afbf23f68ccbeea
UFO.NS,2421,2016-09-06,2026-06-18,8f5b0c37a6f8a09bc61d28e9967f289d
UGARSUGAR.NS,2395,2016-09-06,2026-06-18,44098f3c952cc8fd40dd865826687ae2
UGROCAP.NS,1203,2021-08-11,2026-06-18,d207eccb56fd3a0bd1a1161a00940a30
UJJIVANSFB.NS,1623,2019-12-12,2026-06-25,28e9c99cde7fe00d3d999f445c48c36f
ULTRACEMCO.NS,2423,2016-09-06,2026-06-22,0976844f372e243bf7607c14500fbd24
ULTRAMAR.NS,42,2026-04-20,2026-06-18,775e85085b11f637507210e22474c891
UMIYA-MRO.NS,2258,2016-09-06,2026-06-18,ff9c19828d3a25f5fbf18692586aa741
UNICHEMLAB.NS,2426,2016-09-06,2026-06-25,6c6e90304ca0dfad6917992bcf958425
UNIECOM.NS,463,2024-08-13,2026-06-25,909039c4f92b9133e1e67edaf357065b
UNIENTER.NS,2415,2016-09-06,2026-06-18,998f64b451064f3a59df2c814975f133
UNIMECH.NS,368,2024-12-31,2026-06-25,88ec7dce0fe345a5b5d5e370990015f7
UNIONBANK.NS,2426,2016-09-06,2026-06-25,926dfc12698babaf7ef63a0383107c7a
UNIONGOLD.NS,324,2025-02-21,2026-06-18,aaa96fda4fad38bfc7b60267db2297da
UNIPARTS.NS,874,2022-12-12,2026-06-22,4a31c9ad53d3c9aedc2e8684773da24a
UNITDSPR.NS,2425,2016-09-06,2026-06-25,ae7e30bb6209c38b2ec84741de781046
UNITECH.NS,2364,2016-09-06,2026-06-18,24280ca2dde03dd7fa765385fc6585dc
UNITEDTEA.NS,2409,2016-09-06,2026-06-18,4d77b6338bedb1ed3820635c4964bd37
UNIVCABLES.NS,2426,2016-09-06,2026-06-25,976c49ef3b6ceb32c151722d932f7d8c
UNOMINDA.NS,2426,2016-09-06,2026-06-25,b26f87e237c9225a1309e59dd2bb4a0a
UPL.NS,2426,2016-09-06,2026-06-25,9085ddac4f88cdf24c93ebb8f0344135
URBANCO.NS,190,2025-09-17,2026-06-25,633b5d3bbecd1b8ca204412eb7dd4061
URJA.NS,2258,2017-03-28,2026-06-18,5f7746dd76a89559cac83eeaa7b5714b
USHAMART.NS,2426,2016-09-06,2026-06-25,cf87e6cc1929333f8a535a4ec6002323
USK.NS,795,2023-04-03,2026-06-18,af36cfd2b0077a2d73f6f6c71cbc3125
UTIAMC.NS,1411,2020-10-12,2026-06-19,206eb5016daf7dcda61dc20c778fcc7c
UTKARSHBNK.NS,726,2023-07-21,2026-06-25,8d2cbb3c7d85f84176e84893cc2b593c
UTTAMSUGAR.NS,2421,2016-09-06,2026-06-18,98ee9ffbf6159714f94f064165957317
V2RETAIL.NS,2421,2016-09-06,2026-06-18,b09517d5d4c9d3efd4ebd7355fe6d720
VADILALIND.NS,2426,2016-09-06,2026-06-25,6a07a177777ec8866d7f687eb9245f3e
VAIBHAVGBL.NS,2419,2016-09-06,2026-06-18,6821ef76d89ca89d7b1e3684847be3db
VAKRANGEE.NS,2421,2016-09-06,2026-06-18,5c0a0db80deb1d3360a6676e374e007e
VAL30IETF.NS,410,2024-10-22,2026-06-18,6ffa635c4c07aa9af4d8046b645cdca0
VALUE.NS,55,2026-03-27,2026-06-18,2c2eae5ef114222658681eee456acd00
VARDMNPOLY.NS,2411,2016-09-06,2026-06-18,9d0d92b0e1fbead24c06b1cbadd2dc39
VARROC.NS,1967,2018-07-06,2026-06-18,9734cc4969e27dab8b9a329e199bfe54
VASWANI.NS,2418,2016-09-06,2026-06-18,76244cd85cd4ee1f395f446efb8c81ee
VBL.NS,2385,2016-11-08,2026-06-25,c06dd48faca16a4addfd382a1dd996df
VCL.NS,970,2022-04-19,2026-06-18,0eb120d61a4f8e97c7a9e89a1d3105f0
VEDL.NS,2426,2016-09-06,2026-06-25,7d095a62f0a515591f97b287abbfc221
VEEDOL.NS,2421,2016-09-06,2026-06-18,5ddb7995913a79a5c4bb74e74550e482
VENKEYS.NS,2421,2016-09-06,2026-06-18,67cb3d8a6305b3edffa92128a34e418c
VENTIVE.NS,364,2024-12-30,2026-06-18,a13d1511a0a2dd8319c1c555b1b50bea
VENUSPIPES.NS,1010,2022-05-24,2026-06-18,f3b2bd302f78182ee188d11e979b6b6d
VERANDA.NS,1038,2022-04-11,2026-06-18,7c7952c58965222e65ad6e3f3ab18b42
VESUVIUS.NS,2419,2016-09-06,2026-06-18,8516d5c683f20ed75f1f50311ff5c658
VGL.NS,2421,2016-09-06,2026-06-18,1b483590a433ea5405ff0123749b605c
VGUARD.NS,2421,2016-09-06,2026-06-18,761c17660d84804f2d0971b1182aa066
VHL.NS,2414,2016-09-06,2026-06-18,442c3502727d318effb3e4f265a68ca9
VIDHIING.NS,2421,2016-09-06,2026-06-18,add81f297fa600f89f898c3348cbd616
VIDYAWIRES.NS,133,2025-12-10,2026-06-25,c6fa509a3d8b0391532bb59313940f10
VIJAYA.NS,1186,2021-09-14,2026-06-25,0b373d0ea6825778e5abccb2b7dac63b
VIKASECO.NS,2420,2016-09-06,2026-06-18,39eb4a9f7fad2955fd3704c47339ed19
VIKASLIFE.NS,1765,2019-05-08,2026-06-18,c4de654d4aa6f65c024039aefdd20a4b
VIKRAMSOLR.NS,207,2025-08-26,2026-06-30,b2efcadc2a4e3a9af396b9fae0e791bc
VIKRAN.NS,197,2025-09-03,2026-06-22,3068e6631eb330ed62f32fd836c438b5
VIMTALABS.NS,2426,2016-09-06,2026-06-25,1398557a9d6c7062032f727d6b5174bb
VINATIORGA.NS,2421,2016-09-06,2026-06-18,3bf19350b6aba14f4d68b6aae41e608c
VINCOFE.NS,417,2024-10-18,2026-06-25,b7b62b22ecc431bf19baae58a8550570
VINDHYATEL.NS,2426,2016-09-06,2026-06-25,d62ac99c14bf7495939223f158c53c62
VINNY.NS,882,2022-11-28,2026-06-18,71ccf659a0563a3a58e44b412621e2a7
VINYLINDIA.NS,2421,2016-09-06,2026-06-18,022a53459f6641e6be9ec000de39e387
VIPIND.NS,2426,2016-09-06,2026-06-25,8a1ce6df218e80e56c6445ed21622f4e
VIRINCHI.NS,777,2023-05-03,2026-06-18,eabb8c9cd527ad4ab83b86bcc6d1b3aa
VISAKAIND.NS,2421,2016-09-06,2026-06-18,37b682a1a67e7a630c2244790a4dd47d
VISHNU.NS,2421,2016-09-06,2026-06-18,fdaf185d1e3aa52c8b57c60164f5caf0
VISHWARAJ.NS,1658,2019-10-15,2026-06-18,859056128e069cdba99bed7e0e727513
VIVIDHA.NS,2421,2016-09-06,2026-06-18,30783242f3a07649b5917c8f6ac7070d
VIYASH.NS,2426,2016-09-06,2026-06-25,22f1fa70470788c4924bfbf5dd5bc32c
VLSFINANCE.NS,2421,2016-09-06,2026-06-18,95032057f3209114a069ee729309e8cd
VMART.NS,2421,2016-09-06,2026-06-18,e1d7ed09cd7629a89ee66982c9ab37f2
VMM.NS,376,2024-12-18,2026-06-25,51671375dbdda1b3a534eee04f1ffe05
VOLTAMP.NS,2426,2016-09-06,2026-06-25,6cf1fdc317005bfae5112e9470f8a3ca
VOLTAS.NS,2423,2016-09-06,2026-06-22,334e9a677c8c39c65afaa58e97a09f6d
VRAJ.NS,486,2024-07-03,2026-06-18,35fa5cba925ce4f3581f2ddf749662c1
VRLLOG.NS,2421,2016-09-06,2026-06-18,ad24b0fe83337f86820f13f60c740f22
VSSL.NS,2421,2016-09-06,2026-06-18,b733b72e35bb999e2cc4a90263d04060
VSTIND.NS,2420,2016-09-06,2026-06-18,37d11396f97434fa863b300a7fed1c9d
VSTL.NS,576,2024-02-20,2026-06-18,4bd98c7e76675d45670c704220cf4d26
VSTTILLERS.NS,2420,2016-09-06,2026-06-18,3c21caf6b769b6ec632b5d0892e3ba35
VTL.NS,2426,2016-09-06,2026-06-25,7aa329c91d6a2bdc1ab08924c459d151
WAAREEENER.NS,411,2024-10-28,2026-06-25,16d6e7f27e7f4cf04d5ff33f5918f947
WAAREEINDO.NS,170,2025-06-19,2026-06-18,1a514ee19784377881a6f6140843dd2a
WAAREERTL.NS,294,2025-04-09,2026-06-18,e19dd4a794fdd232be69f60c9823e12f
WABAG.NS,2426,2016-09-06,2026-06-25,48a8bd09dba14905a255e48202685898
WAKEFIT.NS,125,2025-12-15,2026-06-18,8eb3ec894ff1d880216fa697781432ab
WALCHANNAG.NS,2416,2016-09-06,2026-06-25,cd029a6c23c2318534eb8c72d9c7bd92
WANBURY.NS,2359,2016-09-06,2026-06-18,7819d3953d97d87e2bb82997762745ed
WCIL.NS,429,2024-09-24,2026-06-18,836e4941cb827678e7ebaf79e6f97742
WEALTH.NS,1470,2016-09-09,2026-06-18,36b05a8af95ab08a84f450d7e049f382
WEBELSOLAR.NS,2426,2016-09-06,2026-06-25,43d3cc2043455afad4ab49d53bc7a750
WEIZMANIND.NS,2416,2016-09-06,2026-06-18,fbc50cbfbd9d048e2a2c63021c62047d
WEL.NS,1093,2022-01-17,2026-06-18,fe4c9848a825817ca83dc33ed1a453db
WELCORP.NS,2426,2016-09-06,2026-06-25,aeb3d93938bb09c7c7db0521515cb09d
WELENT.NS,2421,2016-09-06,2026-06-18,1dcd70865fae9e871ec9bc3c4207ff0e
WELSPLSOL.NS,47,2026-04-20,2026-06-25,d8353da07c9a893291839ffc0cc50074
WELSPUNLIV.NS,2426,2016-09-06,2026-06-25,03b01d0b9360a2fac88ca6cc9df5e308
WENDT.NS,2421,2016-09-06,2026-06-18,13ad0712d8b776da5c2c1a9caa0589ca
WESTLIFE.NS,1694,2019-08-20,2026-06-18,b6aa169f1006241b9db21baf69a6c0c7
WEWORK.NS,170,2025-10-10,2026-06-19,7b2249b0ea583f84617818c41aafb0f7
WHEELS.NS,2426,2016-09-06,2026-06-25,d063474363020943a6db141424827668
WHIRLPOOL.NS,2422,2016-09-06,2026-06-19,8554fb915b1af66ac10a28b9bc96a9a2
WILLAMAGOR.NS,2389,2016-09-06,2026-06-18,41f6da69b1b2e1eb901b23dc9cbfcc56
WINDLAS.NS,1200,2021-08-16,2026-06-18,2282152003f8a571f8180ec4525803c6
WINDMACHIN.NS,2420,2016-09-06,2026-06-18,2594ec5dcbe10c4f01867e5a88df7e8f
WIPL.NS,1998,2017-04-18,2026-06-18,aec1cb76fd4ff5c5c3e439a60f548123
WIPRO.NS,2423,2016-09-06,2026-06-22,eb0d02436b46e759e252f6c60ae8386b
WOCKPHARMA.NS,2426,2016-09-06,2026-06-25,65666706be7293a7ff59e753a459f312
WONDERLA.NS,2421,2016-09-06,2026-06-18,97075ae73ddde8d6f21c167b2dfe1119
WORTHPERI.NS,1912,2017-09-27,2026-06-18,672b653a7bf239f6fcca9f6a3b55c3c6
WPIL.NS,42,2026-04-20,2026-06-18,f1a63f084d998babe69e8c1e048b859f
WSI.NS,2015,2016-09-06,2026-06-18,4a98d8b506e665d64a1c66714b66ca61
WSTCSTPAPR.NS,2421,2016-09-06,2026-06-18,54a82a1a686dc43dd9b4ec6e411da961
XCHANGING.NS,2420,2016-09-06,2026-06-18,17d24d81f396f65d0262c9703466e62b
XELPMOC.NS,1816,2019-02-18,2026-06-18,4a1326cf1e9b084967c863d3fa3cd647
XPROINDIA.NS,2422,2016-09-06,2026-06-25,2d0b5fd13dd7c8d2554e76ef0f798856
XTGLOBAL.NS,435,2024-09-16,2026-06-18,eb40d9382ac9d191a2c5077bd349ea6d
YASHO.NS,701,2023-08-21,2026-06-18,9433de53fd9daf2825b05c2597371a78
YATHARTH.NS,715,2023-08-07,2026-06-25,e74e4f571f963bfea2c58a1906dd163c
YATRA.NS,674,2023-09-28,2026-06-18,3829996d6c17b401fba21d5f551d8c5b
YESBANK.NS,2426,2016-09-06,2026-06-25,e4aeddda51e5133867441cfbc19f72b1
YUKEN.NS,1188,2021-09-02,2026-06-18,17715625f6a2f2ae9157857c7b51a2a0
ZAGGLE.NS,679,2023-09-22,2026-06-19,6f56ee578e7c5b5c50b3c6cd21f50692
ZEEL.NS,2426,2016-09-06,2026-06-25,318e4ac79acfeffcc8c9b5578df0e476
ZEEMEDIA.NS,2421,2016-09-06,2026-06-18,40a8d34a9e96ebf3e8697d41f63a4e0e
ZENITHEXPO.NS,2170,2016-09-21,2026-06-18,6a22751c9213cb88e716f96ba3e260a5
ZENITHSTL.NS,1836,2016-12-13,2026-06-18,9b29b20c9f7b6bcd624ccaabd15221c5
ZENSARTECH.NS,2426,2016-09-06,2026-06-25,e593d01182ef9911c4a0d3b600d138ed
ZENTEC.NS,2426,2016-09-06,2026-06-25,454c3ead6304d25d507e57ec29649111
ZFCVINDIA.NS,2426,2016-09-06,2026-06-25,7a84fef637661e0f14b902640ed9b361
ZFSTEERING.NS,41,2026-04-21,2026-06-18,58e17bee6a6bd58af7094ef50aebfc81
ZODIACLOTH.NS,2420,2016-09-06,2026-06-25,7d8b2f1dd4c0321f669c233006594a39
ZOTA.NS,1695,2019-08-19,2026-06-18,3446a3e74453c66036c3e88b162b1b5f
ZSARACOM.NS,42,2026-04-20,2026-06-18,033122ecd04596b91215f1253294597a
ZUARI.NS,2421,2016-09-06,2026-06-18,41d9a293fae267ee69d965a3232d5c54
ZUARIIND.NS,2421,2016-09-06,2026-06-18,a7d4cc3fe2f0b0a6ebc8be38bb53bb8d
ZYDUSLIFE.NS,2426,2016-09-06,2026-06-25,f405e5bc7185c7fba7cf46dc572dabac
ZYDUSWELL.NS,2422,2016-09-06,2026-06-19,755b0f59c721ab17c499ea9f844364de
