symbol,prediction_session,target_session,exclusion_reason
21STCENMGM.NS,2019-07-25,2019-07-29,NOT_NEXT_SESSION(missed=1)
21STCENMGM.NS,2019-08-20,2019-08-22,NOT_NEXT_SESSION(missed=1)
21STCENMGM.NS,2019-09-04,2019-09-06,NOT_NEXT_SESSION(missed=1)
21STCENMGM.NS,2019-09-11,2019-09-16,NOT_NEXT_SESSION(missed=2)
21STCENMGM.NS,2019-09-16,2019-09-18,NOT_NEXT_SESSION(missed=1)
21STCENMGM.NS,2019-10-11,2019-10-15,NOT_NEXT_SESSION(missed=1)
21STCENMGM.NS,2019-10-27,2019-10-30,NOT_NEXT_SESSION(missed=1)
21STCENMGM.NS,2019-12-11,2019-12-16,NOT_NEXT_SESSION(missed=2)
21STCENMGM.NS,2019-12-31,2020-01-02,NOT_NEXT_SESSION(missed=1)
21STCENMGM.NS,2020-02-03,2020-02-05,NOT_NEXT_SESSION(missed=1)
21STCENMGM.NS,2020-02-19,2020-02-24,NOT_NEXT_SESSION(missed=1)
21STCENMGM.NS,2020-03-09,2020-03-12,NOT_NEXT_SESSION(missed=1)
21STCENMGM.NS,2020-03-20,2020-03-24,NOT_NEXT_SESSION(missed=1)
21STCENMGM.NS,2020-03-25,2020-03-27,NOT_NEXT_SESSION(missed=1)
21STCENMGM.NS,2020-04-27,2020-04-29,NOT_NEXT_SESSION(missed=1)
21STCENMGM.NS,2020-11-05,2020-11-09,NOT_NEXT_SESSION(missed=1)
3PLAND.NS,2017-11-13,2017-11-15,NOT_NEXT_SESSION(missed=1)
3PLAND.NS,2018-01-01,2018-01-08,NOT_NEXT_SESSION(missed=4)
3PLAND.NS,2018-01-08,2018-01-15,NOT_NEXT_SESSION(missed=4)
3PLAND.NS,2018-08-14,2018-08-20,NOT_NEXT_SESSION(missed=2)
3PLAND.NS,2018-08-21,2018-08-24,NOT_NEXT_SESSION(missed=1)
3PLAND.NS,2018-08-24,2018-08-28,NOT_NEXT_SESSION(missed=1)
3PLAND.NS,2018-09-04,2018-09-06,NOT_NEXT_SESSION(missed=1)
3PLAND.NS,2018-09-12,2018-09-18,NOT_NEXT_SESSION(missed=2)
3PLAND.NS,2018-09-26,2018-09-28,NOT_NEXT_SESSION(missed=1)
3PLAND.NS,2018-09-28,2018-10-04,NOT_NEXT_SESSION(missed=2)
3PLAND.NS,2018-10-04,2018-10-12,NOT_NEXT_SESSION(missed=5)
3PLAND.NS,2018-10-15,2018-10-25,NOT_NEXT_SESSION(missed=6)
3PLAND.NS,2018-10-26,2018-10-30,NOT_NEXT_SESSION(missed=1)
3PLAND.NS,2018-11-02,2018-11-06,NOT_NEXT_SESSION(missed=1)
3PLAND.NS,2018-11-13,2018-11-15,NOT_NEXT_SESSION(missed=1)
3PLAND.NS,2018-11-19,2018-11-27,NOT_NEXT_SESSION(missed=4)
3PLAND.NS,2018-11-29,2018-12-18,NOT_NEXT_SESSION(missed=12)
3PLAND.NS,2018-12-20,2018-12-24,NOT_NEXT_SESSION(missed=1)
3PLAND.NS,2019-02-18,2019-02-20,NOT_NEXT_SESSION(missed=1)
3PLAND.NS,2019-03-27,2019-03-29,NOT_NEXT_SESSION(missed=1)
3PLAND.NS,2019-04-10,2019-04-15,NOT_NEXT_SESSION(missed=2)
3PLAND.NS,2019-04-26,2019-05-02,NOT_NEXT_SESSION(missed=1)
3PLAND.NS,2019-05-03,2019-05-07,NOT_NEXT_SESSION(missed=1)
3PLAND.NS,2019-06-04,2019-06-07,NOT_NEXT_SESSION(missed=1)
3PLAND.NS,2019-06-24,2019-06-27,NOT_NEXT_SESSION(missed=2)
3PLAND.NS,2019-07-30,2019-08-01,NOT_NEXT_SESSION(missed=1)
3PLAND.NS,2019-08-02,2019-08-06,NOT_NEXT_SESSION(missed=1)
3PLAND.NS,2019-08-08,2019-08-13,NOT_NEXT_SESSION(missed=1)
3PLAND.NS,2019-08-27,2019-08-30,NOT_NEXT_SESSION(missed=2)
3PLAND.NS,2019-09-04,2019-09-06,NOT_NEXT_SESSION(missed=1)
3PLAND.NS,2019-09-06,2019-09-12,NOT_NEXT_SESSION(missed=2)
3PLAND.NS,2019-09-16,2019-09-18,NOT_NEXT_SESSION(missed=1)
3PLAND.NS,2019-09-19,2019-09-23,NOT_NEXT_SESSION(missed=1)
3PLAND.NS,2019-09-23,2019-09-25,NOT_NEXT_SESSION(missed=1)
3PLAND.NS,2019-09-26,2019-10-01,NOT_NEXT_SESSION(missed=2)
3PLAND.NS,2019-10-07,2019-10-11,NOT_NEXT_SESSION(missed=2)
3PLAND.NS,2019-10-11,2019-10-15,NOT_NEXT_SESSION(missed=1)
3PLAND.NS,2019-10-24,2019-10-30,NOT_NEXT_SESSION(missed=3)
3PLAND.NS,2019-12-09,2019-12-12,NOT_NEXT_SESSION(missed=2)
3PLAND.NS,2019-12-20,2019-12-26,NOT_NEXT_SESSION(missed=2)
3PLAND.NS,2020-01-16,2020-01-20,NOT_NEXT_SESSION(missed=1)
3PLAND.NS,2020-01-22,2020-01-24,NOT_NEXT_SESSION(missed=1)
3PLAND.NS,2020-04-13,2020-04-16,NOT_NEXT_SESSION(missed=1)
3PLAND.NS,2020-05-05,2020-05-07,NOT_NEXT_SESSION(missed=1)
3PLAND.NS,2020-05-11,2020-05-13,NOT_NEXT_SESSION(missed=1)
3PLAND.NS,2020-05-18,2020-05-20,NOT_NEXT_SESSION(missed=1)
3PLAND.NS,2020-05-22,2020-05-28,NOT_NEXT_SESSION(missed=2)
3PLAND.NS,2020-05-28,2020-06-01,NOT_NEXT_SESSION(missed=1)
3PLAND.NS,2020-06-02,2020-06-05,NOT_NEXT_SESSION(missed=2)
3PLAND.NS,2020-06-09,2020-06-11,NOT_NEXT_SESSION(missed=1)
3PLAND.NS,2020-06-11,2020-06-15,NOT_NEXT_SESSION(missed=1)
3PLAND.NS,2020-06-15,2020-06-17,NOT_NEXT_SESSION(missed=1)
3PLAND.NS,2020-07-02,2020-07-06,NOT_NEXT_SESSION(missed=1)
3PLAND.NS,2020-07-08,2020-07-10,NOT_NEXT_SESSION(missed=1)
3PLAND.NS,2020-07-10,2020-07-14,NOT_NEXT_SESSION(missed=1)
3PLAND.NS,2020-07-28,2020-07-30,NOT_NEXT_SESSION(missed=1)
3PLAND.NS,2020-07-30,2020-08-03,NOT_NEXT_SESSION(missed=1)
3PLAND.NS,2020-08-03,2020-08-05,NOT_NEXT_SESSION(missed=1)
3PLAND.NS,2020-08-12,2020-08-17,NOT_NEXT_SESSION(missed=2)
3PLAND.NS,2020-08-17,2020-08-19,NOT_NEXT_SESSION(missed=1)
3PLAND.NS,2020-08-19,2020-08-21,NOT_NEXT_SESSION(missed=1)
3PLAND.NS,2020-08-24,2020-08-27,NOT_NEXT_SESSION(missed=2)
3PLAND.NS,2020-08-28,2020-09-02,NOT_NEXT_SESSION(missed=2)
3PLAND.NS,2020-09-07,2020-09-09,NOT_NEXT_SESSION(missed=1)
3PLAND.NS,2020-09-09,2020-09-11,NOT_NEXT_SESSION(missed=1)
3PLAND.NS,2020-09-11,2020-09-18,NOT_NEXT_SESSION(missed=4)
3PLAND.NS,2020-09-22,2020-10-07,NOT_NEXT_SESSION(missed=9)
3PLAND.NS,2020-10-12,2020-10-14,NOT_NEXT_SESSION(missed=1)
3PLAND.NS,2020-10-23,2020-10-28,NOT_NEXT_SESSION(missed=2)
3PLAND.NS,2020-10-28,2020-10-30,NOT_NEXT_SESSION(missed=1)
3PLAND.NS,2020-11-13,2020-11-17,NOT_NEXT_SESSION(missed=1)
AAATECH.NS,2022-03-04,2022-03-08,NOT_NEXT_SESSION(missed=1)
AAATECH.NS,2022-03-08,2022-03-11,NOT_NEXT_SESSION(missed=2)
AAATECH.NS,2022-03-11,2022-03-16,NOT_NEXT_SESSION(missed=2)
AAATECH.NS,2022-03-17,2022-03-22,NOT_NEXT_SESSION(missed=1)
AAATECH.NS,2022-03-23,2022-03-28,NOT_NEXT_SESSION(missed=2)
AAATECH.NS,2022-03-31,2022-04-04,NOT_NEXT_SESSION(missed=1)
AAATECH.NS,2022-04-04,2022-04-06,NOT_NEXT_SESSION(missed=1)
AAATECH.NS,2022-04-06,2022-04-11,NOT_NEXT_SESSION(missed=2)
AAATECH.NS,2022-04-13,2022-04-20,NOT_NEXT_SESSION(missed=2)
AAATECH.NS,2022-04-20,2022-04-25,NOT_NEXT_SESSION(missed=2)
AAATECH.NS,2022-04-28,2022-05-02,NOT_NEXT_SESSION(missed=1)
AAATECH.NS,2022-05-11,2022-05-16,NOT_NEXT_SESSION(missed=2)
AAATECH.NS,2022-05-17,2022-05-19,NOT_NEXT_SESSION(missed=1)
AAATECH.NS,2022-05-19,2022-05-26,NOT_NEXT_SESSION(missed=4)
AAATECH.NS,2022-05-30,2022-06-01,NOT_NEXT_SESSION(missed=1)
AAATECH.NS,2022-06-02,2022-06-06,NOT_NEXT_SESSION(missed=1)
AAATECH.NS,2022-06-06,2022-06-08,NOT_NEXT_SESSION(missed=1)
AAATECH.NS,2022-06-08,2022-06-10,NOT_NEXT_SESSION(missed=1)
AAATECH.NS,2022-06-13,2022-06-15,NOT_NEXT_SESSION(missed=1)
AAATECH.NS,2022-06-16,2022-06-20,NOT_NEXT_SESSION(missed=1)
AAATECH.NS,2022-06-27,2022-07-01,NOT_NEXT_SESSION(missed=3)
AAATECH.NS,2022-07-01,2022-07-05,NOT_NEXT_SESSION(missed=1)
AAATECH.NS,2022-08-11,2022-08-16,NOT_NEXT_SESSION(missed=1)
AAATECH.NS,2022-10-04,2022-10-07,NOT_NEXT_SESSION(missed=1)
AAATECH.NS,2022-10-11,2022-10-13,NOT_NEXT_SESSION(missed=1)
AAATECH.NS,2022-10-13,2022-10-18,NOT_NEXT_SESSION(missed=2)
AAATECH.NS,2022-10-18,2022-10-21,NOT_NEXT_SESSION(missed=2)
AAATECH.NS,2022-10-21,2022-10-25,NOT_NEXT_SESSION(missed=1)
AAATECH.NS,2022-11-02,2022-11-04,NOT_NEXT_SESSION(missed=1)
AAATECH.NS,2022-11-10,2022-11-15,NOT_NEXT_SESSION(missed=2)
AAATECH.NS,2022-11-16,2022-11-21,NOT_NEXT_SESSION(missed=2)
AAATECH.NS,2022-11-21,2022-11-25,NOT_NEXT_SESSION(missed=3)
AARON.NS,2020-01-17,2020-01-21,NOT_NEXT_SESSION(missed=1)
AARON.NS,2020-01-31,2020-02-03,NOT_NEXT_SESSION(missed=1)
AARON.NS,2020-02-28,2020-03-03,NOT_NEXT_SESSION(missed=1)
AARON.NS,2020-03-16,2020-03-19,NOT_NEXT_SESSION(missed=2)
AARON.NS,2020-03-24,2020-04-01,NOT_NEXT_SESSION(missed=5)
AARON.NS,2020-04-03,2020-04-08,NOT_NEXT_SESSION(missed=1)
AARON.NS,2020-04-08,2020-04-21,NOT_NEXT_SESSION(missed=6)
AARON.NS,2020-04-21,2020-04-23,NOT_NEXT_SESSION(missed=1)
AARON.NS,2020-04-23,2020-04-28,NOT_NEXT_SESSION(missed=2)
AARON.NS,2020-04-28,2020-05-07,NOT_NEXT_SESSION(missed=5)
AARON.NS,2020-05-08,2020-05-12,NOT_NEXT_SESSION(missed=1)
AARON.NS,2020-05-12,2020-05-28,NOT_NEXT_SESSION(missed=10)
AARON.NS,2020-06-12,2020-06-16,NOT_NEXT_SESSION(missed=1)
AARON.NS,2020-06-19,2020-06-23,NOT_NEXT_SESSION(missed=1)
AARON.NS,2020-07-10,2020-07-14,NOT_NEXT_SESSION(missed=1)
AARON.NS,2020-07-15,2020-07-17,NOT_NEXT_SESSION(missed=1)
AARON.NS,2020-07-22,2020-07-24,NOT_NEXT_SESSION(missed=1)
AARON.NS,2020-09-07,2020-09-09,NOT_NEXT_SESSION(missed=1)
AARVI.NS,2019-06-12,2019-06-14,NOT_NEXT_SESSION(missed=1)
AARVI.NS,2019-06-14,2019-06-19,NOT_NEXT_SESSION(missed=2)
AARVI.NS,2019-06-19,2019-06-24,NOT_NEXT_SESSION(missed=2)
AARVI.NS,2019-06-24,2019-06-27,NOT_NEXT_SESSION(missed=2)
AARVI.NS,2019-06-27,2019-07-09,NOT_NEXT_SESSION(missed=7)
AARVI.NS,2019-07-09,2019-07-15,NOT_NEXT_SESSION(missed=3)
AARVI.NS,2019-07-15,2019-07-23,NOT_NEXT_SESSION(missed=5)
AARVI.NS,2019-07-23,2019-07-25,NOT_NEXT_SESSION(missed=1)
AARVI.NS,2019-07-26,2019-07-31,NOT_NEXT_SESSION(missed=2)
AARVI.NS,2019-08-01,2019-08-06,NOT_NEXT_SESSION(missed=2)
AARVI.NS,2019-08-09,2019-08-16,NOT_NEXT_SESSION(missed=2)
AARVI.NS,2019-08-21,2019-08-26,NOT_NEXT_SESSION(missed=2)
AARVI.NS,2019-08-29,2019-09-04,NOT_NEXT_SESSION(missed=2)
AARVI.NS,2019-09-13,2019-09-17,NOT_NEXT_SESSION(missed=1)
AARVI.NS,2019-09-19,2019-09-26,NOT_NEXT_SESSION(missed=4)
AARVI.NS,2019-09-26,2019-09-30,NOT_NEXT_SESSION(missed=1)
AARVI.NS,2019-10-09,2019-10-11,NOT_NEXT_SESSION(missed=1)
AARVI.NS,2019-10-14,2019-10-16,NOT_NEXT_SESSION(missed=1)
AARVI.NS,2019-10-17,2019-10-30,NOT_NEXT_SESSION(missed=7)
AARVI.NS,2019-10-30,2019-11-06,NOT_NEXT_SESSION(missed=4)
AARVI.NS,2019-11-06,2019-11-08,NOT_NEXT_SESSION(missed=1)
AARVI.NS,2019-11-08,2019-11-13,NOT_NEXT_SESSION(missed=1)
AARVI.NS,2019-11-13,2019-11-19,NOT_NEXT_SESSION(missed=3)
AARVI.NS,2019-11-19,2019-11-25,NOT_NEXT_SESSION(missed=3)
AARVI.NS,2019-11-25,2019-11-29,NOT_NEXT_SESSION(missed=3)
AARVI.NS,2019-11-29,2019-12-10,NOT_NEXT_SESSION(missed=6)
AARVI.NS,2019-12-10,2019-12-20,NOT_NEXT_SESSION(missed=7)
AARVI.NS,2019-12-24,2019-12-30,NOT_NEXT_SESSION(missed=2)
AARVI.NS,2019-12-30,2020-01-01,NOT_NEXT_SESSION(missed=1)
AARVI.NS,2020-01-01,2020-01-06,NOT_NEXT_SESSION(missed=2)
AARVI.NS,2020-01-13,2020-01-15,NOT_NEXT_SESSION(missed=1)
AARVI.NS,2020-01-20,2020-01-24,NOT_NEXT_SESSION(missed=3)
AARVI.NS,2020-01-24,2020-01-31,NOT_NEXT_SESSION(missed=4)
AARVI.NS,2020-02-01,2020-02-13,NOT_NEXT_SESSION(missed=8)
AARVI.NS,2020-02-24,2020-02-26,NOT_NEXT_SESSION(missed=1)
AARVI.NS,2020-02-26,2020-03-06,NOT_NEXT_SESSION(missed=6)
AARVI.NS,2020-03-06,2020-03-11,NOT_NEXT_SESSION(missed=1)
AARVI.NS,2020-03-16,2020-03-18,NOT_NEXT_SESSION(missed=1)
AARVI.NS,2020-03-18,2020-03-24,NOT_NEXT_SESSION(missed=3)
AARVI.NS,2020-03-24,2020-03-26,NOT_NEXT_SESSION(missed=1)
AARVI.NS,2020-03-26,2020-03-31,NOT_NEXT_SESSION(missed=2)
AARVI.NS,2020-04-01,2020-04-07,NOT_NEXT_SESSION(missed=1)
AARVI.NS,2020-04-07,2020-04-09,NOT_NEXT_SESSION(missed=1)
AARVI.NS,2020-04-09,2020-04-15,NOT_NEXT_SESSION(missed=1)
AARVI.NS,2020-04-15,2020-04-27,NOT_NEXT_SESSION(missed=7)
AARVI.NS,2020-04-27,2020-05-08,NOT_NEXT_SESSION(missed=7)
AARVI.NS,2020-05-08,2020-05-15,NOT_NEXT_SESSION(missed=4)
AARVI.NS,2020-05-15,2020-05-19,NOT_NEXT_SESSION(missed=1)
AARVI.NS,2020-05-20,2020-05-22,NOT_NEXT_SESSION(missed=1)
AARVI.NS,2020-05-22,2020-06-02,NOT_NEXT_SESSION(missed=5)
AARVI.NS,2020-06-02,2020-06-04,NOT_NEXT_SESSION(missed=1)
AARVI.NS,2020-06-04,2020-06-10,NOT_NEXT_SESSION(missed=3)
AARVI.NS,2020-06-10,2020-06-23,NOT_NEXT_SESSION(missed=8)
AARVI.NS,2020-07-28,2020-07-30,NOT_NEXT_SESSION(missed=1)
ABCOTS.NS,2023-09-15,2023-09-26,NOT_NEXT_SESSION(missed=5)
ABCOTS.NS,2023-10-03,2023-10-06,NOT_NEXT_SESSION(missed=2)
ABCOTS.NS,2023-10-10,2023-10-18,NOT_NEXT_SESSION(missed=5)
ABCOTS.NS,2023-10-18,2023-10-30,NOT_NEXT_SESSION(missed=6)
ABCOTS.NS,2023-10-30,2023-11-01,NOT_NEXT_SESSION(missed=1)
ABCOTS.NS,2023-11-06,2023-11-09,NOT_NEXT_SESSION(missed=2)
ABCOTS.NS,2023-11-09,2023-11-12,NOT_NEXT_SESSION(missed=1)
ABCOTS.NS,2023-11-12,2023-11-17,NOT_NEXT_SESSION(missed=3)
ABCOTS.NS,2023-11-20,2023-11-30,NOT_NEXT_SESSION(missed=6)
ABCOTS.NS,2023-12-04,2023-12-11,NOT_NEXT_SESSION(missed=4)
ABCOTS.NS,2023-12-11,2023-12-14,NOT_NEXT_SESSION(missed=2)
ABCOTS.NS,2023-12-19,2023-12-21,NOT_NEXT_SESSION(missed=1)
ABCOTS.NS,2023-12-21,2023-12-28,NOT_NEXT_SESSION(missed=3)
ABCOTS.NS,2024-01-10,2024-01-16,NOT_NEXT_SESSION(missed=3)
ABCOTS.NS,2024-01-16,2024-01-18,NOT_NEXT_SESSION(missed=1)
ABCOTS.NS,2024-03-01,2024-03-04,NOT_NEXT_SESSION(missed=1)
ABCOTS.NS,2024-03-06,2024-03-11,NOT_NEXT_SESSION(missed=1)
ABCOTS.NS,2024-03-12,2024-03-18,NOT_NEXT_SESSION(missed=3)
ABCOTS.NS,2024-03-18,2024-03-22,NOT_NEXT_SESSION(missed=3)
ABCOTS.NS,2024-03-22,2024-04-01,NOT_NEXT_SESSION(missed=3)
ABCOTS.NS,2024-04-03,2024-04-18,NOT_NEXT_SESSION(missed=8)
ABCOTS.NS,2024-04-19,2024-04-29,NOT_NEXT_SESSION(missed=5)
ABCOTS.NS,2024-05-24,2024-05-28,NOT_NEXT_SESSION(missed=1)
ABCOTS.NS,2024-06-10,2024-06-12,NOT_NEXT_SESSION(missed=1)
ABCOTS.NS,2024-06-25,2024-06-27,NOT_NEXT_SESSION(missed=1)
ABCOTS.NS,2024-07-11,2024-07-15,NOT_NEXT_SESSION(missed=1)
ABCOTS.NS,2024-07-15,2024-07-18,NOT_NEXT_SESSION(missed=1)
ABCOTS.NS,2024-07-25,2024-07-29,NOT_NEXT_SESSION(missed=1)
ABCOTS.NS,2024-07-30,2024-08-05,NOT_NEXT_SESSION(missed=3)
ABCOTS.NS,2024-08-14,2024-08-20,NOT_NEXT_SESSION(missed=2)
ABCOTS.NS,2024-08-28,2024-08-30,NOT_NEXT_SESSION(missed=1)
ABCOTS.NS,2024-08-30,2024-09-03,NOT_NEXT_SESSION(missed=1)
ABCOTS.NS,2024-09-04,2024-09-06,NOT_NEXT_SESSION(missed=1)
ABCOTS.NS,2024-10-08,2024-10-10,NOT_NEXT_SESSION(missed=1)
ABCOTS.NS,2024-10-31,2024-11-04,NOT_NEXT_SESSION(missed=1)
ABCOTS.NS,2024-11-08,2024-11-18,NOT_NEXT_SESSION(missed=4)
ABCOTS.NS,2024-11-18,2024-11-21,NOT_NEXT_SESSION(missed=1)
ABCOTS.NS,2025-02-14,2025-02-18,NOT_NEXT_SESSION(missed=1)
ABCOTS.NS,2025-05-22,2025-05-26,NOT_NEXT_SESSION(missed=1)
ABCOTS.NS,2025-06-13,2025-06-17,NOT_NEXT_SESSION(missed=1)
ABFRL.NS,2025-05-21,2025-05-22,EXTREME_RETURN
ABGSEC.NS,2025-09-05,2025-09-09,NOT_NEXT_SESSION(missed=1)
ABGSEC.NS,2025-09-17,2025-09-19,NOT_NEXT_SESSION(missed=1)
ABGSEC.NS,2025-10-20,2025-10-23,NOT_NEXT_SESSION(missed=1)
ABGSEC.NS,2025-11-13,2025-11-17,NOT_NEXT_SESSION(missed=1)
ABGSEC.NS,2025-12-09,2025-12-11,NOT_NEXT_SESSION(missed=1)
ABGSEC.NS,2025-12-19,2025-12-23,NOT_NEXT_SESSION(missed=1)
ABGSEC.NS,2025-12-29,2025-12-31,NOT_NEXT_SESSION(missed=1)
ABGSEC.NS,2026-01-09,2026-01-13,NOT_NEXT_SESSION(missed=1)
ABGSEC.NS,2026-01-13,2026-01-16,NOT_NEXT_SESSION(missed=1)
ABGSEC.NS,2026-02-23,2026-02-25,NOT_NEXT_SESSION(missed=1)
ABGSEC.NS,2026-03-09,2026-03-11,NOT_NEXT_SESSION(missed=1)
ABGSEC.NS,2026-03-30,2026-04-02,NOT_NEXT_SESSION(missed=1)
ABGSEC.NS,2026-04-21,2026-04-23,NOT_NEXT_SESSION(missed=1)
ABGSEC.NS,2026-05-14,2026-05-18,NOT_NEXT_SESSION(missed=1)
ABGSEC.NS,2026-06-02,2026-06-04,NOT_NEXT_SESSION(missed=1)
ABGSEC.NS,2026-06-22,2026-06-24,NOT_NEXT_SESSION(missed=1)
ABGSEC.NS,2026-07-07,2026-07-10,NOT_NEXT_SESSION(missed=2)
ABGSEC.NS,2026-07-20,2026-07-24,NOT_NEXT_SESSION(missed=3)
ABINFRA.NS,2022-03-14,2022-03-17,NOT_NEXT_SESSION(missed=2)
ABINFRA.NS,2022-03-17,2022-03-24,NOT_NEXT_SESSION(missed=3)
ABINFRA.NS,2022-03-24,2022-03-28,NOT_NEXT_SESSION(missed=1)
ABINFRA.NS,2022-03-29,2022-04-11,NOT_NEXT_SESSION(missed=8)
ABINFRA.NS,2022-04-11,2022-04-18,NOT_NEXT_SESSION(missed=2)
ABINFRA.NS,2022-04-18,2022-04-20,NOT_NEXT_SESSION(missed=1)
ABINFRA.NS,2022-04-20,2022-04-22,NOT_NEXT_SESSION(missed=1)
ABINFRA.NS,2022-04-22,2022-04-28,NOT_NEXT_SESSION(missed=3)
ABINFRA.NS,2022-04-28,2022-05-02,NOT_NEXT_SESSION(missed=1)
ABINFRA.NS,2022-05-02,2022-05-12,NOT_NEXT_SESSION(missed=6)
ABINFRA.NS,2022-05-12,2022-05-26,NOT_NEXT_SESSION(missed=9)
ABINFRA.NS,2022-05-26,2022-06-02,NOT_NEXT_SESSION(missed=4)
ABINFRA.NS,2022-06-02,2022-06-08,NOT_NEXT_SESSION(missed=3)
ABINFRA.NS,2022-06-08,2022-06-13,NOT_NEXT_SESSION(missed=2)
ABINFRA.NS,2022-06-13,2022-07-13,NOT_NEXT_SESSION(missed=21)
ABINFRA.NS,2022-07-13,2022-07-15,NOT_NEXT_SESSION(missed=1)
ABINFRA.NS,2022-07-15,2022-07-20,NOT_NEXT_SESSION(missed=2)
ABINFRA.NS,2022-07-25,2022-07-28,NOT_NEXT_SESSION(missed=2)
ABINFRA.NS,2022-07-28,2022-08-10,NOT_NEXT_SESSION(missed=7)
ABINFRA.NS,2022-08-10,2022-08-19,NOT_NEXT_SESSION(missed=5)
ABINFRA.NS,2022-08-23,2022-08-25,NOT_NEXT_SESSION(missed=1)
ABINFRA.NS,2022-08-29,2022-09-02,NOT_NEXT_SESSION(missed=2)
ABINFRA.NS,2022-09-02,2022-09-08,NOT_NEXT_SESSION(missed=3)
ABINFRA.NS,2022-09-08,2022-09-12,NOT_NEXT_SESSION(missed=1)
ABINFRA.NS,2022-09-12,2022-09-14,NOT_NEXT_SESSION(missed=1)
ABINFRA.NS,2022-09-14,2022-09-19,NOT_NEXT_SESSION(missed=2)
ABINFRA.NS,2022-09-19,2022-09-22,NOT_NEXT_SESSION(missed=2)
ABINFRA.NS,2022-09-22,2022-09-29,NOT_NEXT_SESSION(missed=4)
ABINFRA.NS,2022-09-30,2022-10-04,NOT_NEXT_SESSION(missed=1)
ABINFRA.NS,2022-10-11,2022-10-17,NOT_NEXT_SESSION(missed=3)
ABINFRA.NS,2022-10-19,2022-10-21,NOT_NEXT_SESSION(missed=1)
ABINFRA.NS,2022-10-21,2022-10-27,NOT_NEXT_SESSION(missed=2)
ABINFRA.NS,2022-10-27,2022-11-01,NOT_NEXT_SESSION(missed=2)
ABINFRA.NS,2022-11-02,2022-11-10,NOT_NEXT_SESSION(missed=4)
ABINFRA.NS,2022-11-10,2022-11-14,NOT_NEXT_SESSION(missed=1)
ABINFRA.NS,2022-11-14,2022-12-05,NOT_NEXT_SESSION(missed=14)
ABINFRA.NS,2022-12-06,2022-12-12,NOT_NEXT_SESSION(missed=3)
ABINFRA.NS,2022-12-13,2023-01-03,NOT_NEXT_SESSION(missed=14)
ABINFRA.NS,2023-01-03,2023-01-05,NOT_NEXT_SESSION(missed=1)
ABINFRA.NS,2023-01-09,2023-01-24,NOT_NEXT_SESSION(missed=10)
ABINFRA.NS,2023-01-25,2023-02-07,NOT_NEXT_SESSION(missed=7)
ABINFRA.NS,2023-02-07,2023-02-09,NOT_NEXT_SESSION(missed=1)
ABINFRA.NS,2023-02-09,2023-03-03,NOT_NEXT_SESSION(missed=15)
ABINFRA.NS,2023-03-03,2023-03-10,NOT_NEXT_SESSION(missed=3)
ABINFRA.NS,2023-03-15,2023-03-21,NOT_NEXT_SESSION(missed=3)
ABINFRA.NS,2023-03-21,2023-03-24,NOT_NEXT_SESSION(missed=2)
ABINFRA.NS,2023-03-24,2023-03-29,NOT_NEXT_SESSION(missed=2)
ABINFRA.NS,2023-04-24,2023-05-10,NOT_NEXT_SESSION(missed=10)
ABINFRA.NS,2023-05-10,2023-05-26,NOT_NEXT_SESSION(missed=11)
ABINFRA.NS,2023-05-31,2023-06-06,NOT_NEXT_SESSION(missed=3)
ABINFRA.NS,2023-06-06,2023-06-08,NOT_NEXT_SESSION(missed=1)
ABINFRA.NS,2023-06-08,2023-06-13,NOT_NEXT_SESSION(missed=2)
ABINFRA.NS,2023-06-14,2023-06-19,NOT_NEXT_SESSION(missed=2)
ABINFRA.NS,2023-06-20,2023-07-03,NOT_NEXT_SESSION(missed=7)
ABINFRA.NS,2023-07-03,2023-07-13,NOT_NEXT_SESSION(missed=7)
ABINFRA.NS,2023-07-20,2023-07-24,NOT_NEXT_SESSION(missed=1)
ABINFRA.NS,2023-07-31,2023-08-03,NOT_NEXT_SESSION(missed=2)
ABINFRA.NS,2023-08-03,2023-08-07,NOT_NEXT_SESSION(missed=1)
ABINFRA.NS,2023-08-07,2023-08-18,NOT_NEXT_SESSION(missed=7)
ABINFRA.NS,2023-08-23,2023-08-29,NOT_NEXT_SESSION(missed=3)
ABINFRA.NS,2023-08-29,2023-09-01,NOT_NEXT_SESSION(missed=2)
ABINFRA.NS,2023-09-01,2023-09-05,NOT_NEXT_SESSION(missed=1)
ABINFRA.NS,2023-09-05,2023-09-08,NOT_NEXT_SESSION(missed=2)
ABINFRA.NS,2023-09-08,2023-09-12,NOT_NEXT_SESSION(missed=1)
ABINFRA.NS,2023-09-13,2023-09-15,NOT_NEXT_SESSION(missed=1)
ABINFRA.NS,2023-09-21,2023-09-26,NOT_NEXT_SESSION(missed=2)
ABINFRA.NS,2023-09-27,2023-10-04,NOT_NEXT_SESSION(missed=3)
ABINFRA.NS,2023-10-04,2023-10-09,NOT_NEXT_SESSION(missed=2)
ABINFRA.NS,2023-10-09,2023-10-11,NOT_NEXT_SESSION(missed=1)
ABINFRA.NS,2023-10-17,2023-10-20,NOT_NEXT_SESSION(missed=2)
ABINFRA.NS,2023-10-26,2023-10-30,NOT_NEXT_SESSION(missed=1)
ABINFRA.NS,2023-11-17,2023-11-21,NOT_NEXT_SESSION(missed=1)
ABINFRA.NS,2023-11-28,2023-12-01,NOT_NEXT_SESSION(missed=2)
ABINFRA.NS,2023-12-04,2023-12-06,NOT_NEXT_SESSION(missed=1)
ABINFRA.NS,2023-12-06,2023-12-12,NOT_NEXT_SESSION(missed=3)
ABINFRA.NS,2024-01-01,2024-01-05,NOT_NEXT_SESSION(missed=3)
ABINFRA.NS,2024-01-09,2024-01-11,NOT_NEXT_SESSION(missed=1)
ABINFRA.NS,2024-01-12,2024-01-16,NOT_NEXT_SESSION(missed=1)
ABINFRA.NS,2024-01-16,2024-01-18,NOT_NEXT_SESSION(missed=1)
ABINFRA.NS,2024-01-19,2024-01-23,NOT_NEXT_SESSION(missed=1)
ABINFRA.NS,2024-01-24,2024-01-29,NOT_NEXT_SESSION(missed=1)
ABINFRA.NS,2024-01-29,2024-02-01,NOT_NEXT_SESSION(missed=2)
ABINFRA.NS,2024-02-05,2024-02-07,NOT_NEXT_SESSION(missed=1)
ABINFRA.NS,2024-02-12,2024-02-21,NOT_NEXT_SESSION(missed=6)
ABINFRA.NS,2024-02-29,2024-03-02,NOT_NEXT_SESSION(missed=1)
ABINFRA.NS,2024-03-04,2024-03-06,NOT_NEXT_SESSION(missed=1)
ABINFRA.NS,2024-03-13,2024-03-15,NOT_NEXT_SESSION(missed=1)
ABINFRA.NS,2024-03-19,2024-03-22,NOT_NEXT_SESSION(missed=2)
ABINFRA.NS,2024-04-02,2024-04-04,NOT_NEXT_SESSION(missed=1)
ABINFRA.NS,2024-04-08,2024-04-12,NOT_NEXT_SESSION(missed=2)
ABINFRA.NS,2024-04-15,2024-04-18,NOT_NEXT_SESSION(missed=1)
ABINFRA.NS,2024-04-23,2024-04-25,NOT_NEXT_SESSION(missed=1)
ABINFRA.NS,2024-05-02,2024-05-06,NOT_NEXT_SESSION(missed=1)
ABINFRA.NS,2024-05-17,2024-05-21,NOT_NEXT_SESSION(missed=1)
ABINFRA.NS,2024-06-13,2024-06-18,NOT_NEXT_SESSION(missed=1)
ABINFRA.NS,2024-06-26,2024-06-28,NOT_NEXT_SESSION(missed=1)
ABINFRA.NS,2024-10-14,2024-10-16,NOT_NEXT_SESSION(missed=1)
ABINFRA.NS,2024-10-16,2024-10-18,NOT_NEXT_SESSION(missed=1)
ABREL.NS,2019-10-10,2019-10-11,EXTREME_RETURN
ABSLNN50ET.NS,2020-04-08,2020-04-13,NOT_NEXT_SESSION(missed=1)
ABSLNN50ET.NS,2020-07-23,2020-07-27,NOT_NEXT_SESSION(missed=1)
ABSLNN50ET.NS,2020-09-08,2020-09-10,NOT_NEXT_SESSION(missed=1)
ABSLNN50ET.NS,2020-10-19,2020-10-21,NOT_NEXT_SESSION(missed=1)
ACEINTEG.NS,2022-07-07,2022-07-11,NOT_NEXT_SESSION(missed=1)
ACEINTEG.NS,2022-07-12,2022-07-14,NOT_NEXT_SESSION(missed=1)
ACEINTEG.NS,2022-07-15,2022-07-22,NOT_NEXT_SESSION(missed=4)
ACEINTEG.NS,2022-07-25,2022-07-27,NOT_NEXT_SESSION(missed=1)
ACEINTEG.NS,2022-07-27,2022-08-02,NOT_NEXT_SESSION(missed=3)
ACEINTEG.NS,2022-08-05,2022-08-11,NOT_NEXT_SESSION(missed=2)
ACEINTEG.NS,2022-08-12,2022-08-17,NOT_NEXT_SESSION(missed=1)
ACEINTEG.NS,2022-08-18,2022-08-24,NOT_NEXT_SESSION(missed=3)
ACEINTEG.NS,2022-08-30,2022-09-07,NOT_NEXT_SESSION(missed=4)
ACEINTEG.NS,2022-09-07,2022-09-27,NOT_NEXT_SESSION(missed=13)
ACEINTEG.NS,2022-09-27,2022-10-04,NOT_NEXT_SESSION(missed=4)
ACEINTEG.NS,2022-10-07,2022-10-11,NOT_NEXT_SESSION(missed=1)
ACEINTEG.NS,2022-10-11,2022-10-13,NOT_NEXT_SESSION(missed=1)
ACEINTEG.NS,2022-10-13,2022-10-19,NOT_NEXT_SESSION(missed=3)
ACEINTEG.NS,2022-10-24,2022-10-27,NOT_NEXT_SESSION(missed=1)
ACEINTEG.NS,2022-10-28,2022-11-04,NOT_NEXT_SESSION(missed=4)
ACEINTEG.NS,2023-06-22,2023-06-26,NOT_NEXT_SESSION(missed=1)
ADL.NS,2017-12-06,2018-02-07,NOT_NEXT_SESSION(missed=42)
ADL.NS,2018-08-16,2018-11-13,NOT_NEXT_SESSION(missed=55)
ADL.NS,2018-11-30,2019-01-09,NOT_NEXT_SESSION(missed=26)
ADL.NS,2019-02-27,2020-10-01,NOT_NEXT_SESSION(missed=392)
ADL.NS,2024-03-01,2024-03-04,NOT_NEXT_SESSION(missed=1)
ADL.NS,2025-07-01,2025-07-03,NOT_NEXT_SESSION(missed=1)
ADL.NS,2025-07-30,2025-08-01,NOT_NEXT_SESSION(missed=1)
ADL.NS,2026-07-10,2026-07-14,NOT_NEXT_SESSION(missed=1)
ADROITINFO.NS,2018-09-24,2018-09-26,NOT_NEXT_SESSION(missed=1)
ADROITINFO.NS,2019-05-09,2019-05-13,NOT_NEXT_SESSION(missed=1)
ADROITINFO.NS,2019-05-16,2019-05-20,NOT_NEXT_SESSION(missed=1)
ADROITINFO.NS,2019-07-10,2019-07-12,NOT_NEXT_SESSION(missed=1)
ADROITINFO.NS,2019-08-16,2019-08-20,NOT_NEXT_SESSION(missed=1)
ADROITINFO.NS,2019-08-22,2019-08-26,NOT_NEXT_SESSION(missed=1)
ADROITINFO.NS,2019-08-26,2019-08-28,NOT_NEXT_SESSION(missed=1)
ADROITINFO.NS,2019-10-11,2019-10-16,NOT_NEXT_SESSION(missed=2)
ADROITINFO.NS,2019-12-13,2019-12-17,NOT_NEXT_SESSION(missed=1)
ADROITINFO.NS,2019-12-20,2019-12-24,NOT_NEXT_SESSION(missed=1)
ADROITINFO.NS,2020-01-27,2020-01-29,NOT_NEXT_SESSION(missed=1)
ADROITINFO.NS,2020-02-01,2020-02-04,NOT_NEXT_SESSION(missed=1)
ADROITINFO.NS,2020-02-04,2020-02-06,NOT_NEXT_SESSION(missed=1)
ADROITINFO.NS,2020-02-12,2020-02-14,NOT_NEXT_SESSION(missed=1)
ADROITINFO.NS,2020-03-11,2020-03-13,NOT_NEXT_SESSION(missed=1)
ADROITINFO.NS,2020-03-20,2020-03-24,NOT_NEXT_SESSION(missed=1)
ADROITINFO.NS,2020-04-15,2020-04-17,NOT_NEXT_SESSION(missed=1)
ADROITINFO.NS,2020-07-29,2020-08-04,NOT_NEXT_SESSION(missed=3)
ADROITINFO.NS,2020-08-05,2020-08-10,NOT_NEXT_SESSION(missed=2)
ADROITINFO.NS,2020-08-12,2020-08-19,NOT_NEXT_SESSION(missed=4)
ADROITINFO.NS,2020-09-01,2020-09-10,NOT_NEXT_SESSION(missed=6)
ADROITINFO.NS,2020-09-11,2020-09-15,NOT_NEXT_SESSION(missed=1)
AGARIND.NS,2017-11-06,2017-11-08,NOT_NEXT_SESSION(missed=1)
AGI.NS,2019-08-16,2019-08-19,EXTREME_RETURN
AGRITECH.NS,2018-11-30,2019-01-09,NOT_NEXT_SESSION(missed=26)
AGROPHOS.NS,2018-05-02,2018-05-04,NOT_NEXT_SESSION(missed=1)
AGROPHOS.NS,2018-09-14,2018-09-18,NOT_NEXT_SESSION(missed=1)
AGROPHOS.NS,2018-10-04,2018-10-08,NOT_NEXT_SESSION(missed=1)
AGROPHOS.NS,2018-11-30,2019-02-21,NOT_NEXT_SESSION(missed=57)
AHLADA.NS,2020-09-14,2020-09-16,NOT_NEXT_SESSION(missed=1)
AHLADA.NS,2020-09-16,2020-09-18,NOT_NEXT_SESSION(missed=1)
AHLADA.NS,2020-09-21,2020-09-23,NOT_NEXT_SESSION(missed=1)
AHLADA.NS,2020-09-23,2020-09-25,NOT_NEXT_SESSION(missed=1)
AHLADA.NS,2020-09-28,2020-09-30,NOT_NEXT_SESSION(missed=1)
AHLADA.NS,2020-10-12,2020-10-21,NOT_NEXT_SESSION(missed=6)
AHLADA.NS,2020-10-26,2020-10-29,NOT_NEXT_SESSION(missed=2)
AHLADA.NS,2020-11-02,2020-11-04,NOT_NEXT_SESSION(missed=1)
AHLADA.NS,2020-11-04,2020-11-06,NOT_NEXT_SESSION(missed=1)
AHLADA.NS,2020-11-06,2020-11-10,NOT_NEXT_SESSION(missed=1)
AHLADA.NS,2020-11-11,2020-11-13,NOT_NEXT_SESSION(missed=1)
AHLADA.NS,2020-11-13,2020-11-19,NOT_NEXT_SESSION(missed=3)
AHLADA.NS,2020-11-20,2020-11-24,NOT_NEXT_SESSION(missed=1)
AHLADA.NS,2020-11-24,2020-11-26,NOT_NEXT_SESSION(missed=1)
AHLADA.NS,2020-12-24,2020-12-29,NOT_NEXT_SESSION(missed=1)
AHLADA.NS,2021-01-19,2021-01-21,NOT_NEXT_SESSION(missed=1)
AHLEAST.NS,2018-10-17,2018-10-22,NOT_NEXT_SESSION(missed=1)
AHLEAST.NS,2019-02-01,2019-02-05,NOT_NEXT_SESSION(missed=1)
AIRAN.NS,2018-06-07,2018-06-11,NOT_NEXT_SESSION(missed=1)
AIRAN.NS,2018-08-13,2018-08-14,EXTREME_RETURN
AIRAN.NS,2018-10-25,2018-10-29,NOT_NEXT_SESSION(missed=1)
AIRAN.NS,2018-11-19,2018-11-21,NOT_NEXT_SESSION(missed=1)
AIRAN.NS,2018-11-30,2019-02-21,NOT_NEXT_SESSION(missed=57)
AIRAN.NS,2019-02-21,2019-02-25,NOT_NEXT_SESSION(missed=1)
AIRAN.NS,2019-03-13,2019-03-15,NOT_NEXT_SESSION(missed=1)
AIRAN.NS,2019-03-19,2019-03-22,NOT_NEXT_SESSION(missed=1)
AIRAN.NS,2019-03-28,2019-04-01,NOT_NEXT_SESSION(missed=1)
AIRAN.NS,2019-04-02,2019-04-04,NOT_NEXT_SESSION(missed=1)
AIRAN.NS,2019-04-04,2019-04-09,NOT_NEXT_SESSION(missed=2)
AIROLAM.NS,2019-07-04,2019-07-17,NOT_NEXT_SESSION(missed=8)
AIROLAM.NS,2019-07-17,2019-07-22,NOT_NEXT_SESSION(missed=2)
AIROLAM.NS,2019-07-24,2019-07-26,NOT_NEXT_SESSION(missed=1)
AIROLAM.NS,2019-07-26,2019-08-13,NOT_NEXT_SESSION(missed=10)
AIROLAM.NS,2019-08-14,2019-08-19,NOT_NEXT_SESSION(missed=1)
AIROLAM.NS,2019-08-19,2019-08-29,NOT_NEXT_SESSION(missed=7)
AIROLAM.NS,2019-08-29,2019-09-03,NOT_NEXT_SESSION(missed=1)
AIROLAM.NS,2019-09-06,2019-09-11,NOT_NEXT_SESSION(missed=1)
AIROLAM.NS,2019-09-11,2019-09-19,NOT_NEXT_SESSION(missed=5)
AIROLAM.NS,2019-09-19,2019-09-23,NOT_NEXT_SESSION(missed=1)
AIROLAM.NS,2019-09-23,2019-10-01,NOT_NEXT_SESSION(missed=5)
AIROLAM.NS,2019-10-03,2019-10-09,NOT_NEXT_SESSION(missed=2)
AIROLAM.NS,2019-10-09,2019-10-15,NOT_NEXT_SESSION(missed=3)
AIROLAM.NS,2019-10-16,2019-10-18,NOT_NEXT_SESSION(missed=1)
AIROLAM.NS,2019-10-23,2019-10-30,NOT_NEXT_SESSION(missed=4)
AIROLAM.NS,2019-10-30,2019-11-04,NOT_NEXT_SESSION(missed=2)
AIROLAM.NS,2019-11-04,2019-11-06,NOT_NEXT_SESSION(missed=1)
AIROLAM.NS,2019-11-07,2019-11-11,NOT_NEXT_SESSION(missed=1)
AIROLAM.NS,2019-11-11,2019-11-14,NOT_NEXT_SESSION(missed=1)
AIROLAM.NS,2019-11-18,2019-11-20,NOT_NEXT_SESSION(missed=1)
AIROLAM.NS,2019-11-20,2019-11-22,NOT_NEXT_SESSION(missed=1)
AIROLAM.NS,2019-11-22,2019-11-26,NOT_NEXT_SESSION(missed=1)
AIROLAM.NS,2019-11-28,2019-12-02,NOT_NEXT_SESSION(missed=1)
AIROLAM.NS,2019-12-03,2019-12-05,NOT_NEXT_SESSION(missed=1)
AIROLAM.NS,2019-12-05,2019-12-16,NOT_NEXT_SESSION(missed=6)
AIROLAM.NS,2019-12-16,2019-12-18,NOT_NEXT_SESSION(missed=1)
AIROLAM.NS,2019-12-19,2019-12-26,NOT_NEXT_SESSION(missed=3)
AIROLAM.NS,2019-12-26,2020-01-02,NOT_NEXT_SESSION(missed=4)
AIROLAM.NS,2020-01-02,2020-01-06,NOT_NEXT_SESSION(missed=1)
AIROLAM.NS,2020-01-15,2020-01-17,NOT_NEXT_SESSION(missed=1)
AIROLAM.NS,2020-01-17,2020-01-21,NOT_NEXT_SESSION(missed=1)
AIROLAM.NS,2020-01-23,2020-01-28,NOT_NEXT_SESSION(missed=2)
AIROLAM.NS,2020-01-28,2020-02-06,NOT_NEXT_SESSION(missed=7)
AIROLAM.NS,2020-02-06,2020-02-13,NOT_NEXT_SESSION(missed=4)
AIROLAM.NS,2020-02-13,2020-02-17,NOT_NEXT_SESSION(missed=1)
AIROLAM.NS,2020-02-18,2020-02-24,NOT_NEXT_SESSION(missed=2)
AIROLAM.NS,2020-02-25,2020-02-28,NOT_NEXT_SESSION(missed=2)
AIROLAM.NS,2020-02-28,2020-03-03,NOT_NEXT_SESSION(missed=1)
AIROLAM.NS,2020-03-04,2020-03-12,NOT_NEXT_SESSION(missed=4)
AIROLAM.NS,2020-03-16,2020-03-24,NOT_NEXT_SESSION(missed=5)
AIROLAM.NS,2020-03-24,2020-03-30,NOT_NEXT_SESSION(missed=3)
AIROLAM.NS,2020-03-30,2020-04-08,NOT_NEXT_SESSION(missed=4)
AIROLAM.NS,2020-04-08,2020-04-24,NOT_NEXT_SESSION(missed=9)
AIROLAM.NS,2020-04-24,2020-05-26,NOT_NEXT_SESSION(missed=19)
AIROLAM.NS,2020-05-26,2020-06-01,NOT_NEXT_SESSION(missed=3)
AIROLAM.NS,2020-06-01,2020-06-10,NOT_NEXT_SESSION(missed=6)
AIROLAM.NS,2020-06-10,2020-06-16,NOT_NEXT_SESSION(missed=3)
AIROLAM.NS,2020-06-16,2020-06-26,NOT_NEXT_SESSION(missed=7)
AIROLAM.NS,2020-06-29,2020-07-09,NOT_NEXT_SESSION(missed=7)
AIROLAM.NS,2020-07-09,2020-07-13,NOT_NEXT_SESSION(missed=1)
AIROLAM.NS,2020-07-17,2020-07-21,NOT_NEXT_SESSION(missed=1)
AIROLAM.NS,2020-07-22,2020-07-24,NOT_NEXT_SESSION(missed=1)
AIROLAM.NS,2020-07-24,2020-07-28,NOT_NEXT_SESSION(missed=1)
AIROLAM.NS,2020-07-28,2020-07-31,NOT_NEXT_SESSION(missed=2)
AIROLAM.NS,2020-07-31,2020-08-04,NOT_NEXT_SESSION(missed=1)
AIROLAM.NS,2020-08-05,2020-08-10,NOT_NEXT_SESSION(missed=2)
AIROLAM.NS,2020-08-10,2020-08-12,NOT_NEXT_SESSION(missed=1)
AIROLAM.NS,2020-08-12,2020-08-21,NOT_NEXT_SESSION(missed=6)
AIROLAM.NS,2020-08-21,2020-08-27,NOT_NEXT_SESSION(missed=3)
AIROLAM.NS,2020-09-10,2020-09-14,NOT_NEXT_SESSION(missed=1)
AIROLAM.NS,2020-09-15,2020-09-22,NOT_NEXT_SESSION(missed=4)
AIROLAM.NS,2020-09-22,2020-09-24,NOT_NEXT_SESSION(missed=1)
AIROLAM.NS,2020-09-28,2020-10-05,NOT_NEXT_SESSION(missed=3)
AIROLAM.NS,2020-10-05,2020-10-09,NOT_NEXT_SESSION(missed=3)
AIROLAM.NS,2020-10-09,2020-10-14,NOT_NEXT_SESSION(missed=2)
AIROLAM.NS,2020-10-14,2020-10-16,NOT_NEXT_SESSION(missed=1)
AIROLAM.NS,2020-10-16,2020-10-23,NOT_NEXT_SESSION(missed=4)
AIROLAM.NS,2020-10-23,2020-10-27,NOT_NEXT_SESSION(missed=1)
AIROLAM.NS,2020-10-27,2020-11-02,NOT_NEXT_SESSION(missed=3)
AIROLAM.NS,2020-11-02,2020-11-14,NOT_NEXT_SESSION(missed=9)
AIROLAM.NS,2020-11-14,2020-11-18,NOT_NEXT_SESSION(missed=1)
AIROLAM.NS,2020-11-18,2020-11-20,NOT_NEXT_SESSION(missed=1)
AIROLAM.NS,2020-11-20,2020-11-26,NOT_NEXT_SESSION(missed=3)
AIROLAM.NS,2020-11-26,2020-12-02,NOT_NEXT_SESSION(missed=2)
AIROLAM.NS,2020-12-04,2020-12-08,NOT_NEXT_SESSION(missed=1)
AIROLAM.NS,2020-12-08,2020-12-16,NOT_NEXT_SESSION(missed=5)
AIROLAM.NS,2020-12-18,2020-12-23,NOT_NEXT_SESSION(missed=2)
AIROLAM.NS,2020-12-24,2020-12-29,NOT_NEXT_SESSION(missed=1)
AIROLAM.NS,2020-12-29,2020-12-31,NOT_NEXT_SESSION(missed=1)
AIROLAM.NS,2020-12-31,2021-01-05,NOT_NEXT_SESSION(missed=2)
AIROLAM.NS,2021-01-05,2021-01-11,NOT_NEXT_SESSION(missed=3)
AIROLAM.NS,2021-01-11,2021-01-13,NOT_NEXT_SESSION(missed=1)
AIROLAM.NS,2021-01-13,2021-01-15,NOT_NEXT_SESSION(missed=1)
AIROLAM.NS,2021-01-19,2021-01-21,NOT_NEXT_SESSION(missed=1)
AIROLAM.NS,2021-01-27,2021-02-02,NOT_NEXT_SESSION(missed=3)
AIROLAM.NS,2021-02-08,2021-02-18,NOT_NEXT_SESSION(missed=7)
AIROLAM.NS,2021-02-19,2021-02-23,NOT_NEXT_SESSION(missed=1)
AIROLAM.NS,2021-02-23,2021-02-25,NOT_NEXT_SESSION(missed=1)
AIROLAM.NS,2021-02-25,2021-03-01,NOT_NEXT_SESSION(missed=1)
AIROLAM.NS,2021-03-01,2021-03-09,NOT_NEXT_SESSION(missed=5)
AIROLAM.NS,2021-03-09,2021-03-12,NOT_NEXT_SESSION(missed=1)
AIROLAM.NS,2021-03-19,2021-03-23,NOT_NEXT_SESSION(missed=1)
AIROLAM.NS,2021-03-23,2021-04-12,NOT_NEXT_SESSION(missed=11)
AIROLAM.NS,2021-04-15,2021-04-19,NOT_NEXT_SESSION(missed=1)
AIROLAM.NS,2021-04-22,2021-04-26,NOT_NEXT_SESSION(missed=1)
AIROLAM.NS,2021-04-26,2021-05-10,NOT_NEXT_SESSION(missed=9)
AIROLAM.NS,2021-05-10,2021-05-12,NOT_NEXT_SESSION(missed=1)
AIROLAM.NS,2021-05-14,2021-05-18,NOT_NEXT_SESSION(missed=1)
AIROLAM.NS,2021-05-26,2021-05-31,NOT_NEXT_SESSION(missed=2)
AIROLAM.NS,2021-06-01,2021-06-03,NOT_NEXT_SESSION(missed=1)
AIROLAM.NS,2021-06-04,2021-06-08,NOT_NEXT_SESSION(missed=1)
AIROLAM.NS,2021-06-14,2021-06-17,NOT_NEXT_SESSION(missed=2)
AIROLAM.NS,2021-06-17,2021-06-21,NOT_NEXT_SESSION(missed=1)
AIROLAM.NS,2021-06-23,2021-06-28,NOT_NEXT_SESSION(missed=2)
AIROLAM.NS,2021-06-28,2021-06-30,NOT_NEXT_SESSION(missed=1)
AIROLAM.NS,2021-06-30,2021-07-02,NOT_NEXT_SESSION(missed=1)
AIROLAM.NS,2021-07-19,2021-07-22,NOT_NEXT_SESSION(missed=1)
AIROLAM.NS,2021-07-27,2021-08-02,NOT_NEXT_SESSION(missed=3)
AIROLAM.NS,2021-09-09,2021-09-14,NOT_NEXT_SESSION(missed=1)
AIROLAM.NS,2021-09-16,2021-09-20,NOT_NEXT_SESSION(missed=1)
AKASH.NS,2018-10-30,2018-11-01,NOT_NEXT_SESSION(missed=1)
AKASH.NS,2018-11-01,2018-11-05,NOT_NEXT_SESSION(missed=1)
AKASH.NS,2018-11-05,2018-11-22,NOT_NEXT_SESSION(missed=10)
AKASH.NS,2018-11-30,2019-02-21,NOT_NEXT_SESSION(missed=57)
AKASH.NS,2019-02-21,2019-02-25,NOT_NEXT_SESSION(missed=1)
AKASH.NS,2019-02-28,2019-03-05,NOT_NEXT_SESSION(missed=1)
AKASH.NS,2019-03-08,2019-03-12,NOT_NEXT_SESSION(missed=1)
AKASH.NS,2019-03-12,2019-03-14,NOT_NEXT_SESSION(missed=1)
AKASH.NS,2019-03-14,2019-03-19,NOT_NEXT_SESSION(missed=2)
AKASH.NS,2019-03-19,2019-03-22,NOT_NEXT_SESSION(missed=1)
AKASH.NS,2019-03-22,2019-04-03,NOT_NEXT_SESSION(missed=7)
AKASH.NS,2019-04-03,2019-04-05,NOT_NEXT_SESSION(missed=1)
AKASH.NS,2019-04-05,2019-04-10,NOT_NEXT_SESSION(missed=2)
AKASH.NS,2019-04-10,2019-04-16,NOT_NEXT_SESSION(missed=3)
AKASH.NS,2019-04-16,2019-04-22,NOT_NEXT_SESSION(missed=1)
AKASH.NS,2019-04-22,2019-04-25,NOT_NEXT_SESSION(missed=2)
AKASH.NS,2019-04-25,2019-04-30,NOT_NEXT_SESSION(missed=1)
AKASH.NS,2019-04-30,2019-05-03,NOT_NEXT_SESSION(missed=1)
AKASH.NS,2019-05-03,2019-05-07,NOT_NEXT_SESSION(missed=1)
AKASH.NS,2019-05-07,2019-05-31,NOT_NEXT_SESSION(missed=17)
AKASH.NS,2019-06-03,2019-06-07,NOT_NEXT_SESSION(missed=2)
AKASH.NS,2019-06-07,2019-06-12,NOT_NEXT_SESSION(missed=2)
AKASH.NS,2019-06-19,2019-06-21,NOT_NEXT_SESSION(missed=1)
AKASH.NS,2019-06-21,2019-06-25,NOT_NEXT_SESSION(missed=1)
AKASH.NS,2019-06-27,2019-07-01,NOT_NEXT_SESSION(missed=1)
AKASH.NS,2019-07-01,2019-07-04,NOT_NEXT_SESSION(missed=2)
AKASH.NS,2019-07-04,2019-07-11,NOT_NEXT_SESSION(missed=4)
AKASH.NS,2019-07-12,2019-07-16,NOT_NEXT_SESSION(missed=1)
AKASH.NS,2019-07-16,2019-07-23,NOT_NEXT_SESSION(missed=4)
AKASH.NS,2019-07-23,2019-07-31,NOT_NEXT_SESSION(missed=5)
AKASH.NS,2019-07-31,2019-08-19,NOT_NEXT_SESSION(missed=10)
AKASH.NS,2019-08-28,2019-09-05,NOT_NEXT_SESSION(missed=4)
AKASH.NS,2019-09-09,2019-09-12,NOT_NEXT_SESSION(missed=1)
AKASH.NS,2019-09-12,2019-09-17,NOT_NEXT_SESSION(missed=2)
AKASH.NS,2019-09-17,2019-09-30,NOT_NEXT_SESSION(missed=8)
AKASH.NS,2019-09-30,2019-10-07,NOT_NEXT_SESSION(missed=3)
AKASH.NS,2019-10-07,2019-10-11,NOT_NEXT_SESSION(missed=2)
AKASH.NS,2019-10-15,2019-10-17,NOT_NEXT_SESSION(missed=1)
AKASH.NS,2019-10-17,2019-10-22,NOT_NEXT_SESSION(missed=1)
AKASH.NS,2019-11-29,2019-12-03,NOT_NEXT_SESSION(missed=1)
AKASH.NS,2020-02-12,2020-02-18,NOT_NEXT_SESSION(missed=3)
AKASH.NS,2020-02-18,2020-03-02,NOT_NEXT_SESSION(missed=7)
AKASH.NS,2020-03-03,2020-03-17,NOT_NEXT_SESSION(missed=8)
AKASH.NS,2020-03-17,2020-03-26,NOT_NEXT_SESSION(missed=6)
AKASH.NS,2020-03-26,2020-04-08,NOT_NEXT_SESSION(missed=6)
AKASH.NS,2020-04-15,2020-04-22,NOT_NEXT_SESSION(missed=4)
AKASH.NS,2020-04-23,2020-04-27,NOT_NEXT_SESSION(missed=1)
AKASH.NS,2020-04-27,2020-04-29,NOT_NEXT_SESSION(missed=1)
AKASH.NS,2020-04-30,2020-05-11,NOT_NEXT_SESSION(missed=5)
AKASH.NS,2020-05-19,2020-05-21,NOT_NEXT_SESSION(missed=1)
AKASH.NS,2020-05-21,2020-05-26,NOT_NEXT_SESSION(missed=1)
AKASH.NS,2020-06-24,2020-06-26,NOT_NEXT_SESSION(missed=1)
ALLCARGO.NS,2025-11-11,2025-11-12,EXTREME_RETURN
ALMONDZ.NS,2019-05-10,2019-05-14,NOT_NEXT_SESSION(missed=1)
ALMONDZ.NS,2019-07-08,2019-07-10,NOT_NEXT_SESSION(missed=1)
ALMONDZ.NS,2019-08-28,2019-08-30,NOT_NEXT_SESSION(missed=1)
ALMONDZ.NS,2019-11-07,2019-11-11,NOT_NEXT_SESSION(missed=1)
ALMONDZ.NS,2019-12-09,2019-12-11,NOT_NEXT_SESSION(missed=1)
ALMONDZ.NS,2020-02-20,2020-02-25,NOT_NEXT_SESSION(missed=1)
ALMONDZ.NS,2020-03-11,2020-03-13,NOT_NEXT_SESSION(missed=1)
ALMONDZ.NS,2020-03-17,2020-03-19,NOT_NEXT_SESSION(missed=1)
ALMONDZ.NS,2020-03-20,2020-03-26,NOT_NEXT_SESSION(missed=3)
ALMONDZ.NS,2020-03-26,2020-04-01,NOT_NEXT_SESSION(missed=3)
ALMONDZ.NS,2020-04-01,2020-04-07,NOT_NEXT_SESSION(missed=1)
ALMONDZ.NS,2020-04-07,2020-04-09,NOT_NEXT_SESSION(missed=1)
ALMONDZ.NS,2020-04-21,2020-04-23,NOT_NEXT_SESSION(missed=1)
ALMONDZ.NS,2020-05-28,2020-06-01,NOT_NEXT_SESSION(missed=1)
AMBICAAGAR.NS,2024-05-27,2024-06-03,NOT_NEXT_SESSION(missed=4)
AMBICAAGAR.NS,2024-06-03,2024-06-05,NOT_NEXT_SESSION(missed=1)
ANTGRAPHIC.NS,2018-11-30,2019-02-21,NOT_NEXT_SESSION(missed=57)
ANTGRAPHIC.NS,2020-03-11,2021-03-01,NOT_NEXT_SESSION(missed=242)
ANTGRAPHIC.NS,2021-03-01,2021-03-08,NOT_NEXT_SESSION(missed=4)
ANTGRAPHIC.NS,2021-03-08,2021-03-15,NOT_NEXT_SESSION(missed=3)
ANTGRAPHIC.NS,2021-03-15,2021-03-22,NOT_NEXT_SESSION(missed=4)
ANTGRAPHIC.NS,2021-03-22,2021-03-30,NOT_NEXT_SESSION(missed=4)
ANTGRAPHIC.NS,2021-03-30,2021-04-05,NOT_NEXT_SESSION(missed=2)
ANTGRAPHIC.NS,2021-04-05,2021-04-12,NOT_NEXT_SESSION(missed=4)
ANTGRAPHIC.NS,2021-04-12,2021-04-19,NOT_NEXT_SESSION(missed=3)
ANTGRAPHIC.NS,2021-04-19,2021-04-26,NOT_NEXT_SESSION(missed=3)
ANTGRAPHIC.NS,2021-04-26,2021-05-03,NOT_NEXT_SESSION(missed=4)
ANTGRAPHIC.NS,2021-05-03,2021-05-10,NOT_NEXT_SESSION(missed=4)
ANTGRAPHIC.NS,2021-05-10,2021-05-17,NOT_NEXT_SESSION(missed=3)
ANTGRAPHIC.NS,2021-05-17,2021-05-24,NOT_NEXT_SESSION(missed=4)
ANTGRAPHIC.NS,2021-05-24,2021-05-31,NOT_NEXT_SESSION(missed=4)
ANTGRAPHIC.NS,2021-05-31,2021-06-07,NOT_NEXT_SESSION(missed=4)
ANTGRAPHIC.NS,2021-06-07,2021-06-14,NOT_NEXT_SESSION(missed=4)
ANTGRAPHIC.NS,2021-06-14,2021-06-21,NOT_NEXT_SESSION(missed=4)
ANTGRAPHIC.NS,2021-06-21,2021-06-28,NOT_NEXT_SESSION(missed=4)
ANTGRAPHIC.NS,2021-06-28,2021-07-05,NOT_NEXT_SESSION(missed=4)
ANTGRAPHIC.NS,2021-07-05,2021-07-12,NOT_NEXT_SESSION(missed=4)
ANTGRAPHIC.NS,2021-07-12,2021-07-19,NOT_NEXT_SESSION(missed=4)
ANTGRAPHIC.NS,2021-07-19,2021-07-26,NOT_NEXT_SESSION(missed=3)
ANTGRAPHIC.NS,2021-07-26,2021-08-02,NOT_NEXT_SESSION(missed=4)
ANTGRAPHIC.NS,2021-08-02,2021-08-09,NOT_NEXT_SESSION(missed=4)
ANTGRAPHIC.NS,2021-08-09,2021-08-16,NOT_NEXT_SESSION(missed=4)
ANTGRAPHIC.NS,2021-08-16,2021-08-23,NOT_NEXT_SESSION(missed=3)
ANTGRAPHIC.NS,2021-08-23,2021-08-30,NOT_NEXT_SESSION(missed=4)
ANTGRAPHIC.NS,2021-08-30,2021-09-06,NOT_NEXT_SESSION(missed=4)
ANTGRAPHIC.NS,2021-09-06,2021-09-08,NOT_NEXT_SESSION(missed=1)
ANTGRAPHIC.NS,2021-12-01,2021-12-06,NOT_NEXT_SESSION(missed=2)
ANTGRAPHIC.NS,2021-12-06,2021-12-13,NOT_NEXT_SESSION(missed=4)
APOLSINHOT.NS,2019-01-07,2019-02-21,NOT_NEXT_SESSION(missed=32)
ARENTERP.NS,2020-11-03,2020-11-05,NOT_NEXT_SESSION(missed=1)
ARENTERP.NS,2023-05-10,2023-05-12,NOT_NEXT_SESSION(missed=1)
ARENTERP.NS,2025-03-12,2025-03-17,NOT_NEXT_SESSION(missed=1)
ARENTERP.NS,2025-08-07,2025-08-11,NOT_NEXT_SESSION(missed=1)
ARENTERP.NS,2026-05-05,2026-05-07,NOT_NEXT_SESSION(missed=1)
ARTNIRMAN.NS,2026-01-08,2026-01-12,NOT_NEXT_SESSION(missed=1)
ARTNIRMAN.NS,2026-01-13,2026-01-16,NOT_NEXT_SESSION(missed=1)
ARTNIRMAN.NS,2026-04-23,2026-04-27,NOT_NEXT_SESSION(missed=1)
ARTNIRMAN.NS,2026-04-28,2026-04-30,NOT_NEXT_SESSION(missed=1)
ARTNIRMAN.NS,2026-05-29,2026-06-02,NOT_NEXT_SESSION(missed=1)
ARTNIRMAN.NS,2026-06-04,2026-06-08,NOT_NEXT_SESSION(missed=1)
ARTNIRMAN.NS,2026-07-07,2026-07-09,NOT_NEXT_SESSION(missed=1)
ARTNIRMAN.NS,2026-08-26,2026-08-28,NOT_NEXT_SESSION(missed=1)
ARVEE.NS,2022-05-25,2022-05-27,NOT_NEXT_SESSION(missed=1)
ARVEE.NS,2023-02-15,2023-02-17,NOT_NEXT_SESSION(missed=1)
ARVEE.NS,2023-05-25,2023-05-29,NOT_NEXT_SESSION(missed=1)
ARVEE.NS,2023-09-04,2023-09-06,NOT_NEXT_SESSION(missed=1)
ARVEE.NS,2025-10-09,2025-10-13,NOT_NEXT_SESSION(missed=1)
ARVEE.NS,2025-10-20,2025-10-23,NOT_NEXT_SESSION(missed=1)
ARVEE.NS,2026-06-02,2026-06-04,NOT_NEXT_SESSION(missed=1)
ARVIND.NS,2018-11-27,2018-11-28,EXTREME_RETURN
ASHIMASYN.NS,2019-01-07,2019-02-21,NOT_NEXT_SESSION(missed=32)
ASIANENE.NS,2023-07-03,2023-07-10,NOT_NEXT_SESSION(missed=4)
ASIANENE.NS,2023-07-10,2023-07-17,NOT_NEXT_SESSION(missed=4)
ASIANENE.NS,2023-07-17,2023-07-24,NOT_NEXT_SESSION(missed=4)
ASIANHOTNR.NS,2018-11-06,2018-11-07,UNRESOLVED_SESSION
ASIANHOTNR.NS,2018-11-07,2018-11-09,UNRESOLVED_SESSION
ASIANHOTNR.NS,2019-10-15,2019-10-17,NOT_NEXT_SESSION(missed=1)
ASPINWALL.NS,2018-11-06,2018-11-07,UNRESOLVED_SESSION
ASPINWALL.NS,2018-11-07,2018-11-09,UNRESOLVED_SESSION
ASPINWALL.NS,2020-05-21,2020-05-26,NOT_NEXT_SESSION(missed=1)
ASPINWALL.NS,2025-10-30,2025-11-03,NOT_NEXT_SESSION(missed=1)
ATALREAL.NS,2022-06-24,2022-06-28,NOT_NEXT_SESSION(missed=1)
ATALREAL.NS,2022-06-30,2022-07-04,NOT_NEXT_SESSION(missed=1)
ATALREAL.NS,2022-08-04,2022-08-08,NOT_NEXT_SESSION(missed=1)
ATALREAL.NS,2022-09-06,2022-09-13,NOT_NEXT_SESSION(missed=4)
ATALREAL.NS,2022-09-13,2022-09-15,NOT_NEXT_SESSION(missed=1)
ATALREAL.NS,2022-09-15,2022-09-20,NOT_NEXT_SESSION(missed=2)
ATALREAL.NS,2022-09-30,2022-10-04,NOT_NEXT_SESSION(missed=1)
ATALREAL.NS,2022-10-13,2022-10-18,NOT_NEXT_SESSION(missed=2)
ATALREAL.NS,2023-02-08,2023-02-10,NOT_NEXT_SESSION(missed=1)
ATALREAL.NS,2023-02-10,2023-02-15,NOT_NEXT_SESSION(missed=2)
ATALREAL.NS,2023-02-21,2023-02-23,NOT_NEXT_SESSION(missed=1)
ATALREAL.NS,2023-04-17,2023-04-19,NOT_NEXT_SESSION(missed=1)
AURUM.NS,2020-12-22,2020-12-23,EXTREME_RETURN
AURUS.NS,2018-11-30,2019-01-09,NOT_NEXT_SESSION(missed=26)
AUSOMENT.NS,2019-12-27,2019-12-31,NOT_NEXT_SESSION(missed=1)
AUSOMENT.NS,2020-05-18,2020-05-20,NOT_NEXT_SESSION(missed=1)
AUSOMENT.NS,2020-05-21,2020-05-26,NOT_NEXT_SESSION(missed=1)
BALKRISHNA.NS,2020-01-03,2020-01-07,NOT_NEXT_SESSION(missed=1)
BALKRISHNA.NS,2021-07-28,2021-08-02,NOT_NEXT_SESSION(missed=2)
BALKRISHNA.NS,2021-08-02,2021-08-30,NOT_NEXT_SESSION(missed=18)
BALKRISHNA.NS,2021-08-30,2021-09-06,NOT_NEXT_SESSION(missed=4)
BALKRISHNA.NS,2021-09-06,2021-09-13,NOT_NEXT_SESSION(missed=3)
BALKRISHNA.NS,2021-09-13,2021-09-15,NOT_NEXT_SESSION(missed=1)
BALKRISHNA.NS,2021-09-20,2021-09-22,NOT_NEXT_SESSION(missed=1)
BANARBEADS.NS,2018-11-13,2018-11-15,NOT_NEXT_SESSION(missed=1)
BANARBEADS.NS,2019-01-16,2019-01-18,NOT_NEXT_SESSION(missed=1)
BANARBEADS.NS,2019-03-13,2019-03-15,NOT_NEXT_SESSION(missed=1)
BANARBEADS.NS,2019-09-25,2019-09-27,NOT_NEXT_SESSION(missed=1)
BANARISUG.NS,2019-06-11,2019-06-13,NOT_NEXT_SESSION(missed=1)
BANARISUG.NS,2019-06-25,2019-06-27,NOT_NEXT_SESSION(missed=1)
BBTCL.NS,2021-06-07,2021-06-09,NOT_NEXT_SESSION(missed=1)
BBTCL.NS,2021-06-14,2021-06-16,NOT_NEXT_SESSION(missed=1)
BBTCL.NS,2021-06-16,2021-06-18,NOT_NEXT_SESSION(missed=1)
BBTCL.NS,2021-06-21,2021-06-28,NOT_NEXT_SESSION(missed=4)
BBTCL.NS,2021-06-28,2021-06-30,NOT_NEXT_SESSION(missed=1)
BBTCL.NS,2021-06-30,2021-07-05,NOT_NEXT_SESSION(missed=2)
BBTCL.NS,2021-07-05,2021-07-07,NOT_NEXT_SESSION(missed=1)
BBTCL.NS,2021-07-08,2021-07-13,NOT_NEXT_SESSION(missed=2)
BBTCL.NS,2021-07-15,2021-07-19,NOT_NEXT_SESSION(missed=1)
BBTCL.NS,2021-08-09,2021-08-11,NOT_NEXT_SESSION(missed=1)
BBTCL.NS,2021-08-24,2021-08-26,NOT_NEXT_SESSION(missed=1)
BBTCL.NS,2021-09-09,2021-09-15,NOT_NEXT_SESSION(missed=2)
BBTCL.NS,2021-09-20,2021-09-24,NOT_NEXT_SESSION(missed=3)
BBTCL.NS,2021-09-24,2021-09-28,NOT_NEXT_SESSION(missed=1)
BBTCL.NS,2021-09-28,2021-09-30,NOT_NEXT_SESSION(missed=1)
BBTCL.NS,2021-10-01,2021-10-12,NOT_NEXT_SESSION(missed=6)
BBTCL.NS,2021-10-13,2021-10-20,NOT_NEXT_SESSION(missed=3)
BBTCL.NS,2021-10-21,2021-11-04,NOT_NEXT_SESSION(missed=9)
BBTCL.NS,2021-11-10,2021-11-12,NOT_NEXT_SESSION(missed=1)
BBTCL.NS,2021-12-13,2021-12-16,NOT_NEXT_SESSION(missed=2)
BBTCL.NS,2021-12-21,2021-12-24,NOT_NEXT_SESSION(missed=2)
BBTCL.NS,2021-12-24,2021-12-28,NOT_NEXT_SESSION(missed=1)
BBTCL.NS,2021-12-28,2021-12-30,NOT_NEXT_SESSION(missed=1)
BBTCL.NS,2022-01-03,2022-01-05,NOT_NEXT_SESSION(missed=1)
BBTCL.NS,2022-01-13,2022-01-17,NOT_NEXT_SESSION(missed=1)
BBTCL.NS,2022-02-24,2022-02-28,NOT_NEXT_SESSION(missed=1)
BBTCL.NS,2022-03-30,2022-04-01,NOT_NEXT_SESSION(missed=1)
BBTCL.NS,2022-04-22,2022-04-26,NOT_NEXT_SESSION(missed=1)
BBTCL.NS,2022-04-26,2022-04-28,NOT_NEXT_SESSION(missed=1)
BBTCL.NS,2022-04-29,2022-05-04,NOT_NEXT_SESSION(missed=1)
BBTCL.NS,2022-05-05,2022-05-09,NOT_NEXT_SESSION(missed=1)
BBTCL.NS,2022-05-23,2022-05-30,NOT_NEXT_SESSION(missed=4)
BBTCL.NS,2022-06-01,2022-06-03,NOT_NEXT_SESSION(missed=1)
BBTCL.NS,2022-06-03,2022-06-07,NOT_NEXT_SESSION(missed=1)
BBTCL.NS,2022-06-07,2022-06-13,NOT_NEXT_SESSION(missed=3)
BBTCL.NS,2022-06-14,2022-06-16,NOT_NEXT_SESSION(missed=1)
BBTCL.NS,2022-06-23,2022-06-28,NOT_NEXT_SESSION(missed=2)
BBTCL.NS,2022-07-01,2022-07-05,NOT_NEXT_SESSION(missed=1)
BBTCL.NS,2022-07-13,2022-07-18,NOT_NEXT_SESSION(missed=2)
BBTCL.NS,2022-07-21,2022-07-28,NOT_NEXT_SESSION(missed=4)
BBTCL.NS,2022-08-02,2022-08-04,NOT_NEXT_SESSION(missed=1)
BBTCL.NS,2022-08-08,2022-08-11,NOT_NEXT_SESSION(missed=1)
BBTCL.NS,2022-08-12,2022-08-17,NOT_NEXT_SESSION(missed=1)
BBTCL.NS,2022-08-18,2022-08-23,NOT_NEXT_SESSION(missed=2)
BBTCL.NS,2022-09-19,2022-09-21,NOT_NEXT_SESSION(missed=1)
BBTCL.NS,2022-09-27,2022-09-29,NOT_NEXT_SESSION(missed=1)
BBTCL.NS,2022-10-07,2022-10-11,NOT_NEXT_SESSION(missed=1)
BBTCL.NS,2022-10-13,2022-10-19,NOT_NEXT_SESSION(missed=3)
BBTCL.NS,2022-10-27,2022-10-31,NOT_NEXT_SESSION(missed=1)
BBTCL.NS,2022-11-01,2022-11-04,NOT_NEXT_SESSION(missed=2)
BBTCL.NS,2022-11-09,2022-11-14,NOT_NEXT_SESSION(missed=2)
BCG.NS,2024-06-13,2024-07-01,NOT_NEXT_SESSION(missed=10)
BCG.NS,2024-07-01,2024-07-08,NOT_NEXT_SESSION(missed=4)
BCG.NS,2024-07-08,2024-07-15,NOT_NEXT_SESSION(missed=4)
BCG.NS,2024-07-15,2024-07-22,NOT_NEXT_SESSION(missed=3)
BCG.NS,2024-07-22,2024-07-29,NOT_NEXT_SESSION(missed=4)
BCG.NS,2024-07-29,2024-08-05,NOT_NEXT_SESSION(missed=4)
BCG.NS,2024-08-05,2024-08-12,NOT_NEXT_SESSION(missed=4)
BCG.NS,2024-08-12,2024-08-19,NOT_NEXT_SESSION(missed=3)
BCG.NS,2024-08-19,2024-08-26,NOT_NEXT_SESSION(missed=4)
BCG.NS,2024-08-26,2024-09-02,NOT_NEXT_SESSION(missed=4)
BCG.NS,2024-09-02,2024-09-09,NOT_NEXT_SESSION(missed=4)
BCG.NS,2024-09-09,2024-09-16,NOT_NEXT_SESSION(missed=4)
BCG.NS,2024-09-16,2024-09-23,NOT_NEXT_SESSION(missed=4)
BCG.NS,2024-09-23,2024-09-30,NOT_NEXT_SESSION(missed=4)
BCG.NS,2024-09-30,2024-10-07,NOT_NEXT_SESSION(missed=3)
BCG.NS,2024-10-07,2024-10-14,NOT_NEXT_SESSION(missed=4)
BCG.NS,2024-10-14,2024-10-21,NOT_NEXT_SESSION(missed=4)
BCG.NS,2024-10-21,2024-10-28,NOT_NEXT_SESSION(missed=4)
BCG.NS,2024-10-28,2024-11-04,NOT_NEXT_SESSION(missed=4)
BCG.NS,2024-11-04,2024-11-11,NOT_NEXT_SESSION(missed=4)
BCG.NS,2024-11-11,2024-11-18,NOT_NEXT_SESSION(missed=3)
BCG.NS,2024-11-18,2024-11-25,NOT_NEXT_SESSION(missed=3)
BCG.NS,2024-11-25,2024-12-02,NOT_NEXT_SESSION(missed=4)
BCG.NS,2024-12-02,2024-12-09,NOT_NEXT_SESSION(missed=4)
BCG.NS,2024-12-09,2024-12-16,NOT_NEXT_SESSION(missed=4)
BCG.NS,2024-12-16,2024-12-23,NOT_NEXT_SESSION(missed=4)
BCG.NS,2024-12-23,2024-12-30,NOT_NEXT_SESSION(missed=3)
BCG.NS,2024-12-30,2025-07-14,NOT_NEXT_SESSION(missed=133)
BCONCEPTS.NS,2020-06-22,2020-06-25,NOT_NEXT_SESSION(missed=2)
BCONCEPTS.NS,2020-06-25,2020-07-07,NOT_NEXT_SESSION(missed=7)
BCONCEPTS.NS,2020-07-07,2020-07-14,NOT_NEXT_SESSION(missed=4)
BCONCEPTS.NS,2020-07-14,2020-07-24,NOT_NEXT_SESSION(missed=7)
BCONCEPTS.NS,2020-07-24,2020-08-07,NOT_NEXT_SESSION(missed=9)
BCONCEPTS.NS,2020-08-07,2020-08-11,NOT_NEXT_SESSION(missed=1)
BCONCEPTS.NS,2020-08-11,2020-08-17,NOT_NEXT_SESSION(missed=3)
BCONCEPTS.NS,2020-08-17,2020-09-03,NOT_NEXT_SESSION(missed=12)
BCONCEPTS.NS,2020-09-03,2020-09-07,NOT_NEXT_SESSION(missed=1)
BCONCEPTS.NS,2020-09-10,2020-09-14,NOT_NEXT_SESSION(missed=1)
BCONCEPTS.NS,2020-09-21,2020-09-25,NOT_NEXT_SESSION(missed=3)
BCONCEPTS.NS,2020-09-25,2020-10-07,NOT_NEXT_SESSION(missed=6)
BCONCEPTS.NS,2020-10-09,2020-10-13,NOT_NEXT_SESSION(missed=1)
BCONCEPTS.NS,2020-10-16,2020-10-20,NOT_NEXT_SESSION(missed=1)
BCONCEPTS.NS,2020-10-20,2020-10-26,NOT_NEXT_SESSION(missed=3)
BCONCEPTS.NS,2020-10-26,2020-11-09,NOT_NEXT_SESSION(missed=9)
BCONCEPTS.NS,2020-11-09,2020-11-11,NOT_NEXT_SESSION(missed=1)
BCONCEPTS.NS,2020-11-12,2020-11-19,NOT_NEXT_SESSION(missed=4)
BCONCEPTS.NS,2020-11-19,2020-11-24,NOT_NEXT_SESSION(missed=2)
BCONCEPTS.NS,2020-11-24,2020-12-02,NOT_NEXT_SESSION(missed=4)
BCONCEPTS.NS,2020-12-02,2020-12-09,NOT_NEXT_SESSION(missed=4)
BCONCEPTS.NS,2020-12-10,2020-12-14,NOT_NEXT_SESSION(missed=1)
BCONCEPTS.NS,2020-12-17,2020-12-23,NOT_NEXT_SESSION(missed=3)
BCONCEPTS.NS,2021-02-01,2021-02-03,NOT_NEXT_SESSION(missed=1)
BCONCEPTS.NS,2021-02-03,2021-02-08,NOT_NEXT_SESSION(missed=2)
BCONCEPTS.NS,2021-02-10,2021-02-12,NOT_NEXT_SESSION(missed=1)
BCONCEPTS.NS,2021-02-15,2021-02-19,NOT_NEXT_SESSION(missed=3)
BCONCEPTS.NS,2021-02-26,2021-03-02,NOT_NEXT_SESSION(missed=1)
BCONCEPTS.NS,2021-03-18,2021-03-22,NOT_NEXT_SESSION(missed=1)
BCONCEPTS.NS,2021-03-30,2021-04-01,NOT_NEXT_SESSION(missed=1)
BCONCEPTS.NS,2021-04-05,2021-04-07,NOT_NEXT_SESSION(missed=1)
BCONCEPTS.NS,2021-04-12,2021-04-15,NOT_NEXT_SESSION(missed=1)
BCONCEPTS.NS,2021-04-22,2021-04-27,NOT_NEXT_SESSION(missed=2)
BCONCEPTS.NS,2021-04-29,2021-05-05,NOT_NEXT_SESSION(missed=3)
BCONCEPTS.NS,2021-05-06,2021-05-14,NOT_NEXT_SESSION(missed=4)
BCONCEPTS.NS,2021-05-17,2021-05-19,NOT_NEXT_SESSION(missed=1)
BCONCEPTS.NS,2021-05-20,2021-05-24,NOT_NEXT_SESSION(missed=1)
BCONCEPTS.NS,2021-05-25,2021-06-03,NOT_NEXT_SESSION(missed=6)
BCONCEPTS.NS,2021-06-04,2021-06-08,NOT_NEXT_SESSION(missed=1)
BCONCEPTS.NS,2021-06-11,2021-06-15,NOT_NEXT_SESSION(missed=1)
BCONCEPTS.NS,2021-06-17,2021-06-21,NOT_NEXT_SESSION(missed=1)
BCONCEPTS.NS,2021-07-01,2021-07-05,NOT_NEXT_SESSION(missed=1)
BCONCEPTS.NS,2021-07-14,2021-07-16,NOT_NEXT_SESSION(missed=1)
BCONCEPTS.NS,2021-07-16,2021-07-23,NOT_NEXT_SESSION(missed=3)
BCONCEPTS.NS,2021-08-24,2021-08-27,NOT_NEXT_SESSION(missed=2)
BCONCEPTS.NS,2021-10-14,2021-10-21,NOT_NEXT_SESSION(missed=3)
BCONCEPTS.NS,2021-10-22,2021-10-26,NOT_NEXT_SESSION(missed=1)
BCONCEPTS.NS,2021-12-20,2021-12-22,NOT_NEXT_SESSION(missed=1)
BCONCEPTS.NS,2021-12-27,2021-12-29,NOT_NEXT_SESSION(missed=1)
BCONCEPTS.NS,2021-12-29,2022-01-03,NOT_NEXT_SESSION(missed=2)
BEARDSELL.NS,2019-06-10,2019-06-12,NOT_NEXT_SESSION(missed=1)
BEARDSELL.NS,2020-02-04,2020-02-06,NOT_NEXT_SESSION(missed=1)
BEARDSELL.NS,2020-03-12,2020-03-16,NOT_NEXT_SESSION(missed=1)
BEARDSELL.NS,2020-11-02,2020-11-04,NOT_NEXT_SESSION(missed=1)
BEDMUTHA.NS,2018-11-30,2019-01-09,NOT_NEXT_SESSION(missed=26)
BESTAGRO.NS,2023-07-26,2024-04-10,NOT_NEXT_SESSION(missed=175)
BIGBLOC.NS,2020-01-02,2020-01-06,NOT_NEXT_SESSION(missed=1)
BIGBLOC.NS,2020-03-23,2020-03-26,NOT_NEXT_SESSION(missed=2)
BIL.NS,2018-11-06,2018-11-07,UNRESOLVED_SESSION
BIL.NS,2018-11-07,2018-11-09,UNRESOLVED_SESSION
BIL.NS,2019-01-17,2019-01-21,NOT_NEXT_SESSION(missed=1)
BIL.NS,2019-08-14,2019-08-19,NOT_NEXT_SESSION(missed=1)
BIOFILCHEM.NS,2018-10-25,2018-10-29,NOT_NEXT_SESSION(missed=1)
BIOFILCHEM.NS,2018-11-30,2019-02-21,NOT_NEXT_SESSION(missed=57)
BIOFILCHEM.NS,2019-04-30,2019-05-03,NOT_NEXT_SESSION(missed=1)
BIOFILCHEM.NS,2019-05-03,2019-05-07,NOT_NEXT_SESSION(missed=1)
BIOFILCHEM.NS,2019-05-16,2019-05-20,NOT_NEXT_SESSION(missed=1)
BIOFILCHEM.NS,2019-06-06,2019-06-10,NOT_NEXT_SESSION(missed=1)
BIOFILCHEM.NS,2019-07-02,2019-07-04,NOT_NEXT_SESSION(missed=1)
BIOFILCHEM.NS,2019-08-02,2019-08-06,NOT_NEXT_SESSION(missed=1)
BIOFILCHEM.NS,2019-09-11,2019-09-13,NOT_NEXT_SESSION(missed=1)
BIOFILCHEM.NS,2019-10-16,2019-10-18,NOT_NEXT_SESSION(missed=1)
BIOFILCHEM.NS,2019-10-29,2019-10-31,NOT_NEXT_SESSION(missed=1)
BIRLAMONEY.NS,2019-01-07,2019-02-21,NOT_NEXT_SESSION(missed=32)
BLBLIMITED.NS,2018-04-03,2018-04-05,NOT_NEXT_SESSION(missed=1)
BLBLIMITED.NS,2018-06-26,2018-06-28,NOT_NEXT_SESSION(missed=1)
BLBLIMITED.NS,2018-07-09,2018-07-11,NOT_NEXT_SESSION(missed=1)
BLBLIMITED.NS,2018-07-20,2018-07-24,NOT_NEXT_SESSION(missed=1)
BLBLIMITED.NS,2018-07-25,2018-07-27,NOT_NEXT_SESSION(missed=1)
BLBLIMITED.NS,2019-04-02,2019-04-04,NOT_NEXT_SESSION(missed=1)
BLBLIMITED.NS,2019-08-29,2019-09-03,NOT_NEXT_SESSION(missed=1)
BLUECHIP.NS,2021-10-21,2021-10-25,NOT_NEXT_SESSION(missed=1)
BLUECHIP.NS,2021-10-25,2021-11-01,NOT_NEXT_SESSION(missed=4)
BLUECHIP.NS,2021-11-01,2021-11-08,NOT_NEXT_SESSION(missed=3)
BLUECHIP.NS,2021-11-08,2021-11-15,NOT_NEXT_SESSION(missed=4)
BLUECHIP.NS,2021-11-15,2021-11-22,NOT_NEXT_SESSION(missed=3)
BLUECHIP.NS,2021-11-22,2021-11-29,NOT_NEXT_SESSION(missed=4)
BLUECHIP.NS,2021-11-29,2021-12-06,NOT_NEXT_SESSION(missed=4)
BLUECHIP.NS,2021-12-06,2021-12-13,NOT_NEXT_SESSION(missed=4)
BLUECHIP.NS,2021-12-13,2021-12-20,NOT_NEXT_SESSION(missed=4)
BLUECHIP.NS,2021-12-20,2021-12-27,NOT_NEXT_SESSION(missed=4)
BLUECHIP.NS,2021-12-27,2022-01-03,NOT_NEXT_SESSION(missed=4)
BLUECHIP.NS,2022-01-03,2022-01-10,NOT_NEXT_SESSION(missed=4)
BLUECHIP.NS,2022-01-10,2022-01-17,NOT_NEXT_SESSION(missed=4)
BLUECHIP.NS,2022-01-17,2022-01-24,NOT_NEXT_SESSION(missed=4)
BLUECHIP.NS,2022-01-24,2022-01-31,NOT_NEXT_SESSION(missed=3)
BLUECHIP.NS,2022-01-31,2022-02-07,NOT_NEXT_SESSION(missed=4)
BLUECHIP.NS,2022-02-07,2022-02-14,NOT_NEXT_SESSION(missed=4)
BLUECHIP.NS,2022-02-14,2022-02-21,NOT_NEXT_SESSION(missed=4)
BLUECHIP.NS,2022-02-21,2022-02-28,NOT_NEXT_SESSION(missed=4)
BLUECHIP.NS,2022-02-28,2022-03-07,NOT_NEXT_SESSION(missed=3)
BLUECHIP.NS,2022-03-07,2022-03-14,NOT_NEXT_SESSION(missed=4)
BLUECHIP.NS,2022-03-14,2022-03-21,NOT_NEXT_SESSION(missed=3)
BLUECHIP.NS,2022-03-21,2022-03-28,NOT_NEXT_SESSION(missed=4)
BLUECHIP.NS,2022-03-28,2022-04-04,NOT_NEXT_SESSION(missed=4)
BLUECHIP.NS,2022-04-04,2022-04-11,NOT_NEXT_SESSION(missed=4)
BLUECHIP.NS,2022-04-11,2022-04-18,NOT_NEXT_SESSION(missed=2)
BLUECHIP.NS,2022-04-18,2022-04-25,NOT_NEXT_SESSION(missed=4)
BLUECHIP.NS,2022-04-25,2022-05-02,NOT_NEXT_SESSION(missed=4)
BLUECHIP.NS,2022-05-02,2022-05-09,NOT_NEXT_SESSION(missed=3)
BLUECHIP.NS,2022-05-09,2022-05-16,NOT_NEXT_SESSION(missed=4)
BLUECHIP.NS,2022-05-16,2022-05-23,NOT_NEXT_SESSION(missed=4)
BLUECHIP.NS,2022-05-23,2022-05-30,NOT_NEXT_SESSION(missed=4)
BLUECHIP.NS,2022-05-30,2022-06-06,NOT_NEXT_SESSION(missed=4)
BLUECHIP.NS,2022-06-06,2022-06-13,NOT_NEXT_SESSION(missed=4)
BLUECHIP.NS,2022-06-13,2022-06-20,NOT_NEXT_SESSION(missed=4)
BLUECHIP.NS,2022-06-20,2022-06-27,NOT_NEXT_SESSION(missed=4)
BLUECHIP.NS,2022-06-27,2022-07-04,NOT_NEXT_SESSION(missed=4)
BLUECHIP.NS,2022-07-04,2022-07-11,NOT_NEXT_SESSION(missed=4)
BLUECHIP.NS,2022-07-11,2022-07-18,NOT_NEXT_SESSION(missed=4)
BLUECHIP.NS,2022-07-18,2022-07-25,NOT_NEXT_SESSION(missed=4)
BLUECHIP.NS,2022-07-25,2022-08-01,NOT_NEXT_SESSION(missed=4)
BLUECHIP.NS,2022-08-01,2022-08-08,NOT_NEXT_SESSION(missed=4)
BLUECHIP.NS,2022-08-10,2022-08-16,NOT_NEXT_SESSION(missed=2)
BLUECHIP.NS,2022-08-16,2022-08-22,NOT_NEXT_SESSION(missed=3)
BLUECHIP.NS,2022-08-22,2022-08-29,NOT_NEXT_SESSION(missed=4)
BLUECHIP.NS,2022-08-29,2022-09-05,NOT_NEXT_SESSION(missed=3)
BLUECHIP.NS,2022-09-05,2022-09-12,NOT_NEXT_SESSION(missed=4)
BLUECHIP.NS,2022-09-12,2022-09-19,NOT_NEXT_SESSION(missed=4)
BLUECHIP.NS,2022-09-19,2022-09-26,NOT_NEXT_SESSION(missed=4)
BLUECHIP.NS,2022-09-26,2022-10-03,NOT_NEXT_SESSION(missed=4)
BLUECHIP.NS,2022-10-03,2022-10-10,NOT_NEXT_SESSION(missed=3)
BLUECHIP.NS,2022-10-10,2022-10-17,NOT_NEXT_SESSION(missed=4)
BLUECHIP.NS,2022-10-17,2022-10-24,NOT_NEXT_SESSION(missed=4)
BLUECHIP.NS,2022-10-24,2022-10-31,NOT_NEXT_SESSION(missed=3)
BLUECHIP.NS,2022-10-31,2022-11-07,NOT_NEXT_SESSION(missed=4)
BLUECHIP.NS,2022-11-07,2022-11-14,NOT_NEXT_SESSION(missed=3)
BLUECHIP.NS,2022-11-14,2022-12-05,NOT_NEXT_SESSION(missed=14)
BLUECHIP.NS,2022-12-05,2022-12-12,NOT_NEXT_SESSION(missed=4)
BLUECHIP.NS,2022-12-12,2022-12-19,NOT_NEXT_SESSION(missed=4)
BLUECHIP.NS,2022-12-19,2022-12-26,NOT_NEXT_SESSION(missed=4)
BLUECHIP.NS,2022-12-26,2023-01-02,NOT_NEXT_SESSION(missed=4)
BLUECHIP.NS,2023-01-02,2023-01-09,NOT_NEXT_SESSION(missed=4)
BLUECHIP.NS,2023-01-09,2023-01-16,NOT_NEXT_SESSION(missed=4)
BLUECHIP.NS,2023-01-16,2023-01-23,NOT_NEXT_SESSION(missed=4)
BLUECHIP.NS,2023-01-23,2023-01-30,NOT_NEXT_SESSION(missed=3)
BLUECHIP.NS,2023-01-30,2023-02-06,NOT_NEXT_SESSION(missed=4)
BLUECHIP.NS,2023-02-06,2023-02-13,NOT_NEXT_SESSION(missed=4)
BLUECHIP.NS,2023-02-15,2023-02-20,NOT_NEXT_SESSION(missed=2)
BLUECHIP.NS,2023-02-20,2023-02-27,NOT_NEXT_SESSION(missed=4)
BLUECHIP.NS,2023-02-27,2023-03-06,NOT_NEXT_SESSION(missed=4)
BLUECHIP.NS,2023-03-06,2023-03-13,NOT_NEXT_SESSION(missed=3)
BLUECHIP.NS,2023-03-13,2023-03-20,NOT_NEXT_SESSION(missed=4)
BLUECHIP.NS,2023-03-20,2023-03-27,NOT_NEXT_SESSION(missed=4)
BLUECHIP.NS,2023-03-27,2023-04-03,NOT_NEXT_SESSION(missed=3)
BLUECHIP.NS,2023-04-03,2023-04-10,NOT_NEXT_SESSION(missed=2)
BLUECHIP.NS,2023-04-10,2023-04-17,NOT_NEXT_SESSION(missed=3)
BLUECHIP.NS,2023-04-17,2023-04-24,NOT_NEXT_SESSION(missed=4)
BLUECHIP.NS,2023-04-24,2023-05-02,NOT_NEXT_SESSION(missed=4)
BLUECHIP.NS,2023-05-02,2023-05-08,NOT_NEXT_SESSION(missed=3)
BLUECHIP.NS,2023-05-08,2023-05-15,NOT_NEXT_SESSION(missed=4)
BLUECHIP.NS,2023-05-15,2023-05-22,NOT_NEXT_SESSION(missed=4)
BLUECHIP.NS,2023-05-22,2023-05-29,NOT_NEXT_SESSION(missed=4)
BLUECHIP.NS,2023-05-29,2023-06-05,NOT_NEXT_SESSION(missed=4)
BLUECHIP.NS,2023-06-05,2023-06-12,NOT_NEXT_SESSION(missed=4)
BLUECHIP.NS,2023-06-12,2023-06-19,NOT_NEXT_SESSION(missed=4)
BLUECHIP.NS,2023-07-03,2023-07-10,NOT_NEXT_SESSION(missed=4)
BLUECHIP.NS,2023-07-10,2023-07-17,NOT_NEXT_SESSION(missed=4)
BLUECHIP.NS,2023-07-17,2023-07-24,NOT_NEXT_SESSION(missed=4)
BLUECHIP.NS,2025-05-07,2025-05-12,NOT_NEXT_SESSION(missed=2)
BLUECHIP.NS,2025-05-12,2025-05-19,NOT_NEXT_SESSION(missed=4)
BLUECHIP.NS,2025-05-19,2025-05-26,NOT_NEXT_SESSION(missed=4)
BLUECHIP.NS,2025-05-26,2025-06-02,NOT_NEXT_SESSION(missed=4)
BLUECHIP.NS,2025-06-02,2025-06-09,NOT_NEXT_SESSION(missed=4)
BLUECHIP.NS,2025-06-09,2025-06-16,NOT_NEXT_SESSION(missed=4)
BLUECHIP.NS,2025-06-16,2025-06-23,NOT_NEXT_SESSION(missed=4)
BLUECHIP.NS,2025-06-23,2025-06-30,NOT_NEXT_SESSION(missed=4)
BLUECHIP.NS,2025-06-30,2025-07-14,NOT_NEXT_SESSION(missed=9)
BLUECHIP.NS,2025-07-14,2025-07-21,NOT_NEXT_SESSION(missed=4)
BLUECHIP.NS,2025-07-21,2025-07-28,NOT_NEXT_SESSION(missed=4)
BLUECHIP.NS,2025-07-28,2025-08-11,NOT_NEXT_SESSION(missed=9)
BLUECHIP.NS,2025-08-11,2025-08-18,NOT_NEXT_SESSION(missed=3)
BLUECHIP.NS,2025-08-18,2025-08-25,NOT_NEXT_SESSION(missed=4)
BLUECHIP.NS,2025-08-25,2025-09-01,NOT_NEXT_SESSION(missed=3)
BLUECHIP.NS,2025-09-01,2025-09-08,NOT_NEXT_SESSION(missed=4)
BLUECHIP.NS,2025-09-08,2025-09-15,NOT_NEXT_SESSION(missed=4)
BLUECHIP.NS,2025-09-15,2025-09-22,NOT_NEXT_SESSION(missed=4)
BLUECHIP.NS,2025-09-22,2025-09-29,NOT_NEXT_SESSION(missed=4)
BLUECHIP.NS,2025-09-29,2025-10-06,NOT_NEXT_SESSION(missed=3)
BLUECHIP.NS,2025-10-06,2025-10-13,NOT_NEXT_SESSION(missed=4)
BLUECHIP.NS,2025-10-13,2025-10-20,NOT_NEXT_SESSION(missed=4)
BLUECHIP.NS,2025-10-20,2025-10-27,NOT_NEXT_SESSION(missed=3)
BLUECHIP.NS,2025-10-27,2025-11-03,NOT_NEXT_SESSION(missed=4)
BLUECHIP.NS,2025-11-03,2025-11-10,NOT_NEXT_SESSION(missed=3)
BLUECHIP.NS,2025-11-10,2025-11-17,NOT_NEXT_SESSION(missed=4)
BLUECHIP.NS,2025-11-17,2025-11-24,NOT_NEXT_SESSION(missed=4)
BLUECHIP.NS,2025-11-24,2025-12-01,NOT_NEXT_SESSION(missed=4)
BLUECHIP.NS,2025-12-01,2025-12-08,NOT_NEXT_SESSION(missed=4)
BLUECHIP.NS,2025-12-08,2025-12-15,NOT_NEXT_SESSION(missed=4)
BLUECHIP.NS,2025-12-15,2025-12-22,NOT_NEXT_SESSION(missed=4)
BLUECHIP.NS,2025-12-22,2025-12-29,NOT_NEXT_SESSION(missed=3)
BLUECHIP.NS,2025-12-29,2026-01-05,NOT_NEXT_SESSION(missed=4)
BLUECHIP.NS,2026-01-05,2026-01-12,NOT_NEXT_SESSION(missed=4)
BLUECHIP.NS,2026-02-23,2026-03-02,NOT_NEXT_SESSION(missed=4)
BLUECHIP.NS,2026-03-02,2026-03-09,NOT_NEXT_SESSION(missed=3)
BLUECHIP.NS,2026-03-09,2026-03-16,NOT_NEXT_SESSION(missed=4)
BLUECHIP.NS,2026-03-16,2026-03-23,NOT_NEXT_SESSION(missed=4)
BLUECHIP.NS,2026-03-23,2026-03-30,NOT_NEXT_SESSION(missed=3)
BLUECHIP.NS,2026-03-30,2026-04-06,NOT_NEXT_SESSION(missed=2)
BLUECHIP.NS,2026-04-06,2026-04-13,NOT_NEXT_SESSION(missed=4)
BLUECHIP.NS,2026-06-08,2026-06-15,NOT_NEXT_SESSION(missed=4)
BLUECHIP.NS,2026-06-15,2026-06-22,NOT_NEXT_SESSION(missed=4)
BLUECHIP.NS,2026-06-22,2026-06-29,NOT_NEXT_SESSION(missed=3)
BLUECHIP.NS,2026-06-29,2026-07-06,NOT_NEXT_SESSION(missed=4)
BLUECHIP.NS,2026-07-06,2026-07-13,NOT_NEXT_SESSION(missed=4)
BLUECHIP.NS,2026-09-01,2026-09-07,NOT_NEXT_SESSION(missed=3)
BLUECOAST.NS,2025-07-17,2025-07-21,NOT_NEXT_SESSION(missed=1)
BOHRAIND.NS,2024-05-27,2024-06-03,NOT_NEXT_SESSION(missed=4)
BOHRAIND.NS,2024-06-03,2024-06-10,NOT_NEXT_SESSION(missed=4)
BOHRAIND.NS,2024-06-10,2024-06-18,NOT_NEXT_SESSION(missed=4)
BOHRAIND.NS,2024-06-18,2024-06-24,NOT_NEXT_SESSION(missed=3)
BOHRAIND.NS,2024-06-24,2024-07-01,NOT_NEXT_SESSION(missed=4)
BOHRAIND.NS,2024-07-01,2024-07-08,NOT_NEXT_SESSION(missed=4)
BOHRAIND.NS,2024-07-08,2024-07-15,NOT_NEXT_SESSION(missed=4)
BOHRAIND.NS,2024-07-15,2024-07-22,NOT_NEXT_SESSION(missed=3)
BOHRAIND.NS,2024-07-22,2024-07-29,NOT_NEXT_SESSION(missed=4)
BOHRAIND.NS,2024-07-29,2024-08-05,NOT_NEXT_SESSION(missed=4)
BOHRAIND.NS,2024-08-05,2024-08-12,NOT_NEXT_SESSION(missed=4)
BOHRAIND.NS,2024-08-12,2024-09-02,NOT_NEXT_SESSION(missed=13)
BOHRAIND.NS,2024-09-02,2024-09-09,NOT_NEXT_SESSION(missed=4)
BOHRAIND.NS,2024-09-09,2024-09-16,NOT_NEXT_SESSION(missed=4)
BOHRAIND.NS,2024-09-16,2024-09-23,NOT_NEXT_SESSION(missed=4)
BOHRAIND.NS,2024-09-23,2024-09-30,NOT_NEXT_SESSION(missed=4)
BOHRAIND.NS,2024-09-30,2024-10-07,NOT_NEXT_SESSION(missed=3)
BOHRAIND.NS,2024-10-07,2024-10-14,NOT_NEXT_SESSION(missed=4)
BOHRAIND.NS,2024-10-14,2024-10-21,NOT_NEXT_SESSION(missed=4)
BOHRAIND.NS,2024-10-21,2024-10-28,NOT_NEXT_SESSION(missed=4)
BOHRAIND.NS,2024-10-28,2024-11-04,NOT_NEXT_SESSION(missed=4)
BOHRAIND.NS,2024-11-04,2024-11-11,NOT_NEXT_SESSION(missed=4)
BOHRAIND.NS,2024-11-11,2024-11-18,NOT_NEXT_SESSION(missed=3)
BOHRAIND.NS,2024-11-18,2024-11-25,NOT_NEXT_SESSION(missed=3)
BOHRAIND.NS,2024-11-25,2024-12-02,NOT_NEXT_SESSION(missed=4)
BOHRAIND.NS,2024-12-02,2024-12-09,NOT_NEXT_SESSION(missed=4)
BOHRAIND.NS,2024-12-09,2024-12-16,NOT_NEXT_SESSION(missed=4)
BOHRAIND.NS,2024-12-16,2024-12-23,NOT_NEXT_SESSION(missed=4)
BOHRAIND.NS,2024-12-23,2024-12-30,NOT_NEXT_SESSION(missed=3)
BOHRAIND.NS,2024-12-30,2025-01-06,NOT_NEXT_SESSION(missed=4)
BOHRAIND.NS,2025-01-06,2025-01-13,NOT_NEXT_SESSION(missed=4)
BOHRAIND.NS,2025-01-13,2025-01-20,NOT_NEXT_SESSION(missed=4)
BOHRAIND.NS,2025-01-20,2025-01-27,NOT_NEXT_SESSION(missed=4)
BOHRAIND.NS,2025-01-27,2025-02-03,NOT_NEXT_SESSION(missed=5)
BOHRAIND.NS,2025-02-03,2025-02-10,NOT_NEXT_SESSION(missed=4)
BOHRAIND.NS,2025-02-10,2025-02-17,NOT_NEXT_SESSION(missed=4)
BOHRAIND.NS,2025-02-17,2025-02-24,NOT_NEXT_SESSION(missed=4)
BOHRAIND.NS,2025-02-24,2025-03-03,NOT_NEXT_SESSION(missed=3)
BOHRAIND.NS,2026-05-20,2026-05-22,NOT_NEXT_SESSION(missed=1)
BOROLTD.NS,2023-12-04,2023-12-05,EXTREME_RETURN
BSHSL.NS,2022-03-28,2022-03-29,EXTREME_RETURN
BSHSL.NS,2022-06-20,2022-06-21,EXTREME_RETURN
BTML.NS,2022-09-28,2022-09-30,NOT_NEXT_SESSION(missed=1)
BTML.NS,2022-10-03,2022-10-13,NOT_NEXT_SESSION(missed=6)
BTML.NS,2022-10-13,2022-10-20,NOT_NEXT_SESSION(missed=4)
BTML.NS,2022-11-04,2022-11-09,NOT_NEXT_SESSION(missed=1)
BTML.NS,2022-11-10,2022-11-14,NOT_NEXT_SESSION(missed=1)
BVCL.NS,2018-11-30,2019-02-21,NOT_NEXT_SESSION(missed=57)
BVCL.NS,2019-02-26,2019-02-28,NOT_NEXT_SESSION(missed=1)
BVCL.NS,2019-04-08,2019-04-10,NOT_NEXT_SESSION(missed=1)
BVCL.NS,2019-05-08,2019-05-10,NOT_NEXT_SESSION(missed=1)
BVCL.NS,2019-07-30,2019-08-05,NOT_NEXT_SESSION(missed=3)
BVCL.NS,2019-08-05,2019-08-07,NOT_NEXT_SESSION(missed=1)
BVCL.NS,2019-08-08,2019-08-13,NOT_NEXT_SESSION(missed=1)
BVCL.NS,2019-08-13,2019-08-19,NOT_NEXT_SESSION(missed=2)
BVCL.NS,2019-08-23,2019-08-27,NOT_NEXT_SESSION(missed=1)
BVCL.NS,2019-08-30,2019-09-04,NOT_NEXT_SESSION(missed=1)
BVCL.NS,2019-09-05,2019-09-09,NOT_NEXT_SESSION(missed=1)
BVCL.NS,2019-09-11,2019-09-13,NOT_NEXT_SESSION(missed=1)
BVCL.NS,2020-01-30,2020-02-01,NOT_NEXT_SESSION(missed=1)
BVCL.NS,2020-03-31,2020-04-03,NOT_NEXT_SESSION(missed=1)
BVCL.NS,2020-05-06,2020-05-08,NOT_NEXT_SESSION(missed=1)
BVCL.NS,2020-09-25,2020-09-29,NOT_NEXT_SESSION(missed=1)
BVCL.NS,2021-02-19,2021-02-23,NOT_NEXT_SESSION(missed=1)
CALSOFT.NS,2021-08-11,2021-08-16,NOT_NEXT_SESSION(missed=2)
CALSOFT.NS,2021-08-16,2021-08-23,NOT_NEXT_SESSION(missed=3)
CALSOFT.NS,2021-08-23,2021-08-30,NOT_NEXT_SESSION(missed=4)
CALSOFT.NS,2021-08-30,2021-09-06,NOT_NEXT_SESSION(missed=4)
CALSOFT.NS,2021-09-06,2021-09-13,NOT_NEXT_SESSION(missed=3)
CALSOFT.NS,2023-05-04,2023-05-08,NOT_NEXT_SESSION(missed=1)
CCAVENUE.NS,2018-09-27,2018-09-28,EXTREME_RETURN
CCCL.NS,2017-10-18,2017-10-19,UNRESOLVED_SESSION
CCCL.NS,2017-10-19,2017-10-23,UNRESOLVED_SESSION
CCCL.NS,2018-11-06,2018-11-07,UNRESOLVED_SESSION
CCCL.NS,2018-11-07,2018-11-09,UNRESOLVED_SESSION
CCCL.NS,2019-04-08,2019-04-30,NOT_NEXT_SESSION(missed=12)
CCCL.NS,2019-04-30,2019-05-06,NOT_NEXT_SESSION(missed=2)
CCCL.NS,2019-05-06,2019-05-13,NOT_NEXT_SESSION(missed=4)
CCCL.NS,2019-05-13,2019-05-20,NOT_NEXT_SESSION(missed=4)
CCCL.NS,2019-05-20,2019-05-27,NOT_NEXT_SESSION(missed=4)
CCCL.NS,2019-05-27,2019-06-03,NOT_NEXT_SESSION(missed=4)
CCCL.NS,2019-06-03,2019-06-10,NOT_NEXT_SESSION(missed=3)
CCCL.NS,2019-06-10,2019-06-17,NOT_NEXT_SESSION(missed=4)
CCCL.NS,2019-06-17,2019-07-01,NOT_NEXT_SESSION(missed=9)
CCCL.NS,2019-07-01,2019-07-08,NOT_NEXT_SESSION(missed=4)
CCCL.NS,2019-07-08,2019-07-15,NOT_NEXT_SESSION(missed=4)
CCCL.NS,2019-07-15,2019-07-22,NOT_NEXT_SESSION(missed=4)
CCCL.NS,2019-07-22,2019-07-29,NOT_NEXT_SESSION(missed=4)
CCCL.NS,2019-07-29,2019-08-05,NOT_NEXT_SESSION(missed=4)
CCCL.NS,2019-08-05,2019-08-13,NOT_NEXT_SESSION(missed=4)
CCCL.NS,2019-08-13,2019-08-19,NOT_NEXT_SESSION(missed=2)
CCCL.NS,2019-08-19,2019-08-26,NOT_NEXT_SESSION(missed=4)
CCCL.NS,2019-08-26,2019-09-03,NOT_NEXT_SESSION(missed=4)
CCCL.NS,2019-09-03,2019-09-09,NOT_NEXT_SESSION(missed=3)
CCCL.NS,2019-09-09,2019-09-16,NOT_NEXT_SESSION(missed=3)
CCCL.NS,2019-09-16,2019-09-23,NOT_NEXT_SESSION(missed=4)
CCCL.NS,2019-09-23,2019-09-30,NOT_NEXT_SESSION(missed=4)
CCCL.NS,2019-09-30,2019-10-07,NOT_NEXT_SESSION(missed=3)
CCCL.NS,2019-10-07,2019-10-14,NOT_NEXT_SESSION(missed=3)
CCCL.NS,2019-10-14,2019-10-22,NOT_NEXT_SESSION(missed=4)
CCCL.NS,2019-10-22,2019-10-29,NOT_NEXT_SESSION(missed=4)
CCCL.NS,2019-10-29,2020-03-04,NOT_NEXT_SESSION(missed=88)
CCCL.NS,2020-04-22,2020-04-27,NOT_NEXT_SESSION(missed=2)
CCCL.NS,2020-04-27,2020-05-04,NOT_NEXT_SESSION(missed=3)
CCCL.NS,2020-05-04,2020-05-11,NOT_NEXT_SESSION(missed=4)
CCCL.NS,2020-05-11,2020-05-18,NOT_NEXT_SESSION(missed=4)
CCCL.NS,2020-05-18,2020-05-26,NOT_NEXT_SESSION(missed=4)
CCCL.NS,2020-05-26,2020-06-01,NOT_NEXT_SESSION(missed=3)
CCCL.NS,2020-06-01,2020-06-08,NOT_NEXT_SESSION(missed=4)
CCCL.NS,2020-06-08,2020-06-15,NOT_NEXT_SESSION(missed=4)
CCCL.NS,2020-06-15,2020-06-22,NOT_NEXT_SESSION(missed=4)
CCCL.NS,2020-06-22,2020-06-29,NOT_NEXT_SESSION(missed=4)
CCCL.NS,2020-06-29,2020-07-06,NOT_NEXT_SESSION(missed=4)
CCCL.NS,2020-07-06,2020-07-13,NOT_NEXT_SESSION(missed=4)
CCCL.NS,2020-08-18,2020-08-24,NOT_NEXT_SESSION(missed=3)
CCCL.NS,2020-08-24,2020-08-31,NOT_NEXT_SESSION(missed=4)
CCCL.NS,2020-08-31,2020-09-07,NOT_NEXT_SESSION(missed=4)
CCCL.NS,2020-09-07,2020-09-14,NOT_NEXT_SESSION(missed=4)
CCCL.NS,2020-09-14,2020-09-21,NOT_NEXT_SESSION(missed=4)
CCCL.NS,2020-09-21,2020-09-28,NOT_NEXT_SESSION(missed=4)
CCCL.NS,2020-09-28,2020-10-05,NOT_NEXT_SESSION(missed=3)
CCCL.NS,2020-10-05,2020-10-12,NOT_NEXT_SESSION(missed=4)
CCCL.NS,2020-12-29,2021-01-04,NOT_NEXT_SESSION(missed=3)
CCCL.NS,2021-01-04,2021-01-11,NOT_NEXT_SESSION(missed=4)
CCCL.NS,2021-01-11,2021-01-18,NOT_NEXT_SESSION(missed=4)
CCCL.NS,2021-01-18,2021-01-25,NOT_NEXT_SESSION(missed=4)
CCCL.NS,2021-01-25,2021-02-01,NOT_NEXT_SESSION(missed=3)
CCCL.NS,2021-02-01,2021-02-08,NOT_NEXT_SESSION(missed=4)
CCCL.NS,2021-03-25,2021-04-05,NOT_NEXT_SESSION(missed=4)
CCCL.NS,2021-04-05,2021-04-12,NOT_NEXT_SESSION(missed=4)
CCCL.NS,2021-04-12,2021-04-19,NOT_NEXT_SESSION(missed=3)
CCCL.NS,2021-04-19,2021-04-26,NOT_NEXT_SESSION(missed=3)
CCCL.NS,2021-04-26,2021-05-03,NOT_NEXT_SESSION(missed=4)
CCCL.NS,2021-05-03,2021-05-10,NOT_NEXT_SESSION(missed=4)
CCCL.NS,2021-07-22,2021-07-26,NOT_NEXT_SESSION(missed=1)
CCCL.NS,2021-07-26,2021-08-02,NOT_NEXT_SESSION(missed=4)
CCCL.NS,2021-08-02,2021-08-09,NOT_NEXT_SESSION(missed=4)
CCCL.NS,2021-08-09,2021-08-16,NOT_NEXT_SESSION(missed=4)
CCCL.NS,2021-08-16,2021-08-23,NOT_NEXT_SESSION(missed=3)
CCCL.NS,2021-08-23,2021-08-30,NOT_NEXT_SESSION(missed=4)
CCCL.NS,2021-08-30,2021-09-06,NOT_NEXT_SESSION(missed=4)
CCCL.NS,2021-09-06,2021-09-13,NOT_NEXT_SESSION(missed=3)
CCCL.NS,2021-09-13,2021-09-20,NOT_NEXT_SESSION(missed=4)
CCCL.NS,2021-09-20,2021-09-27,NOT_NEXT_SESSION(missed=4)
CCCL.NS,2021-09-27,2021-10-04,NOT_NEXT_SESSION(missed=4)
CCCL.NS,2021-10-04,2021-10-11,NOT_NEXT_SESSION(missed=4)
CCCL.NS,2021-11-11,2021-11-15,NOT_NEXT_SESSION(missed=1)
CCCL.NS,2021-11-15,2021-11-22,NOT_NEXT_SESSION(missed=3)
CCCL.NS,2021-11-22,2021-11-29,NOT_NEXT_SESSION(missed=4)
CCCL.NS,2021-11-29,2021-12-06,NOT_NEXT_SESSION(missed=4)
CCCL.NS,2021-12-06,2021-12-13,NOT_NEXT_SESSION(missed=4)
CCCL.NS,2022-11-04,2022-11-14,NOT_NEXT_SESSION(missed=4)
CCCL.NS,2022-11-14,2022-11-21,NOT_NEXT_SESSION(missed=4)
CCCL.NS,2022-11-21,2022-11-28,NOT_NEXT_SESSION(missed=4)
CCCL.NS,2022-11-28,2022-12-05,NOT_NEXT_SESSION(missed=4)
CCCL.NS,2022-12-05,2022-12-12,NOT_NEXT_SESSION(missed=4)
CCCL.NS,2022-12-12,2022-12-19,NOT_NEXT_SESSION(missed=4)
CCCL.NS,2022-12-19,2022-12-26,NOT_NEXT_SESSION(missed=4)
CCCL.NS,2022-12-26,2023-01-02,NOT_NEXT_SESSION(missed=4)
CCCL.NS,2023-02-06,2023-02-13,NOT_NEXT_SESSION(missed=4)
CCCL.NS,2023-02-13,2023-02-20,NOT_NEXT_SESSION(missed=4)
CCCL.NS,2023-02-20,2023-02-27,NOT_NEXT_SESSION(missed=4)
CCCL.NS,2023-02-27,2023-03-06,NOT_NEXT_SESSION(missed=4)
CCCL.NS,2023-03-06,2023-03-13,NOT_NEXT_SESSION(missed=3)
CCCL.NS,2023-03-13,2023-03-20,NOT_NEXT_SESSION(missed=4)
CCCL.NS,2023-03-20,2023-03-27,NOT_NEXT_SESSION(missed=4)
CCCL.NS,2023-03-27,2023-04-03,NOT_NEXT_SESSION(missed=3)
CCCL.NS,2023-05-24,2024-09-03,NOT_NEXT_SESSION(missed=317)
CINEVISTA.NS,2019-05-09,2019-05-14,NOT_NEXT_SESSION(missed=2)
CINEVISTA.NS,2019-06-12,2019-06-17,NOT_NEXT_SESSION(missed=2)
CINEVISTA.NS,2019-06-19,2019-06-21,NOT_NEXT_SESSION(missed=1)
CNL.NS,2019-06-11,2019-06-18,NOT_NEXT_SESSION(missed=4)
CNL.NS,2019-07-02,2019-07-04,NOT_NEXT_SESSION(missed=1)
CNL.NS,2019-07-08,2019-07-11,NOT_NEXT_SESSION(missed=2)
CNL.NS,2019-07-11,2019-07-15,NOT_NEXT_SESSION(missed=1)
CNL.NS,2019-07-22,2019-07-26,NOT_NEXT_SESSION(missed=3)
CNL.NS,2019-07-26,2019-07-31,NOT_NEXT_SESSION(missed=2)
CNL.NS,2019-08-01,2019-08-05,NOT_NEXT_SESSION(missed=1)
CNL.NS,2019-08-26,2019-08-28,NOT_NEXT_SESSION(missed=1)
CNL.NS,2019-09-24,2019-09-27,NOT_NEXT_SESSION(missed=2)
CNL.NS,2019-09-30,2019-10-03,NOT_NEXT_SESSION(missed=1)
CNL.NS,2020-05-07,2020-05-11,NOT_NEXT_SESSION(missed=1)
COFFEEDAY.NS,2020-02-01,2020-02-24,NOT_NEXT_SESSION(missed=14)
COFFEEDAY.NS,2020-02-24,2020-03-02,NOT_NEXT_SESSION(missed=4)
COFFEEDAY.NS,2020-03-02,2020-03-09,NOT_NEXT_SESSION(missed=4)
COFFEEDAY.NS,2020-03-09,2020-03-16,NOT_NEXT_SESSION(missed=3)
COFFEEDAY.NS,2020-03-16,2020-03-23,NOT_NEXT_SESSION(missed=4)
COFFEEDAY.NS,2020-03-23,2020-03-30,NOT_NEXT_SESSION(missed=4)
COFFEEDAY.NS,2020-03-30,2020-04-07,NOT_NEXT_SESSION(missed=3)
COFFEEDAY.NS,2020-04-07,2020-04-13,NOT_NEXT_SESSION(missed=2)
COFFEEDAY.NS,2020-04-13,2020-04-20,NOT_NEXT_SESSION(missed=3)
COFFEEDAY.NS,2020-04-20,2020-04-27,NOT_NEXT_SESSION(missed=4)
COFFEEDAY.NS,2020-04-27,2020-05-04,NOT_NEXT_SESSION(missed=3)
COFFEEDAY.NS,2020-05-04,2020-05-11,NOT_NEXT_SESSION(missed=4)
COFFEEDAY.NS,2020-05-11,2020-05-18,NOT_NEXT_SESSION(missed=4)
COFFEEDAY.NS,2020-05-18,2020-05-26,NOT_NEXT_SESSION(missed=4)
COFFEEDAY.NS,2020-05-26,2020-06-01,NOT_NEXT_SESSION(missed=3)
COFFEEDAY.NS,2020-06-01,2020-06-08,NOT_NEXT_SESSION(missed=4)
COFFEEDAY.NS,2020-06-08,2020-06-15,NOT_NEXT_SESSION(missed=4)
COFFEEDAY.NS,2020-06-15,2020-06-22,NOT_NEXT_SESSION(missed=4)
COFFEEDAY.NS,2020-06-22,2020-06-29,NOT_NEXT_SESSION(missed=4)
COFFEEDAY.NS,2020-06-29,2020-07-06,NOT_NEXT_SESSION(missed=4)
COFFEEDAY.NS,2020-07-06,2020-07-13,NOT_NEXT_SESSION(missed=4)
COFFEEDAY.NS,2020-07-13,2020-07-20,NOT_NEXT_SESSION(missed=4)
COFFEEDAY.NS,2020-07-20,2020-07-27,NOT_NEXT_SESSION(missed=4)
COFFEEDAY.NS,2020-07-27,2020-08-03,NOT_NEXT_SESSION(missed=4)
COFFEEDAY.NS,2020-08-03,2020-08-10,NOT_NEXT_SESSION(missed=4)
COFFEEDAY.NS,2020-08-10,2020-08-17,NOT_NEXT_SESSION(missed=4)
COFFEEDAY.NS,2020-08-17,2020-08-24,NOT_NEXT_SESSION(missed=4)
COFFEEDAY.NS,2020-08-24,2021-04-26,NOT_NEXT_SESSION(missed=165)
COFFEEDAY.NS,2024-11-04,2024-11-11,NOT_NEXT_SESSION(missed=4)
COFFEEDAY.NS,2024-11-11,2024-11-18,NOT_NEXT_SESSION(missed=3)
COFFEEDAY.NS,2024-11-18,2024-11-25,NOT_NEXT_SESSION(missed=3)
COFFEEDAY.NS,2024-11-25,2024-12-02,NOT_NEXT_SESSION(missed=4)
COFFEEDAY.NS,2024-12-02,2024-12-09,NOT_NEXT_SESSION(missed=4)
COFFEEDAY.NS,2024-12-09,2024-12-16,NOT_NEXT_SESSION(missed=4)
COFFEEDAY.NS,2024-12-16,2024-12-23,NOT_NEXT_SESSION(missed=4)
COFFEEDAY.NS,2024-12-23,2024-12-30,NOT_NEXT_SESSION(missed=3)
COFFEEDAY.NS,2024-12-30,2025-01-01,NOT_NEXT_SESSION(missed=1)
COFFEEDAY.NS,2025-01-08,2025-01-13,NOT_NEXT_SESSION(missed=2)
COFFEEDAY.NS,2025-01-13,2025-01-20,NOT_NEXT_SESSION(missed=4)
COFFEEDAY.NS,2025-01-20,2025-01-27,NOT_NEXT_SESSION(missed=4)
COFFEEDAY.NS,2025-01-27,2025-02-03,NOT_NEXT_SESSION(missed=5)
COFFEEDAY.NS,2025-02-03,2025-02-10,NOT_NEXT_SESSION(missed=4)
COFFEEDAY.NS,2025-02-10,2025-02-17,NOT_NEXT_SESSION(missed=4)
COFFEEDAY.NS,2025-02-17,2025-02-24,NOT_NEXT_SESSION(missed=4)
COFFEEDAY.NS,2025-02-24,2025-03-03,NOT_NEXT_SESSION(missed=3)
COMSYN.NS,2025-03-11,2025-03-13,NOT_NEXT_SESSION(missed=1)
CONS.NS,2023-10-05,2023-10-09,NOT_NEXT_SESSION(missed=1)
CONS.NS,2023-10-09,2023-10-11,NOT_NEXT_SESSION(missed=1)
CONS.NS,2023-10-31,2023-11-02,NOT_NEXT_SESSION(missed=1)
CONS.NS,2023-11-03,2023-11-07,NOT_NEXT_SESSION(missed=1)
CREATIVEYE.NS,2021-02-16,2021-02-18,NOT_NEXT_SESSION(missed=1)
CREATIVEYE.NS,2021-02-26,2021-03-02,NOT_NEXT_SESSION(missed=1)
CREATIVEYE.NS,2021-03-16,2021-03-18,NOT_NEXT_SESSION(missed=1)
CREATIVEYE.NS,2021-03-23,2021-03-26,NOT_NEXT_SESSION(missed=2)
CREATIVEYE.NS,2021-03-31,2021-04-09,NOT_NEXT_SESSION(missed=5)
CREATIVEYE.NS,2021-04-26,2021-04-30,NOT_NEXT_SESSION(missed=3)
CREATIVEYE.NS,2021-04-30,2021-05-04,NOT_NEXT_SESSION(missed=1)
CREATIVEYE.NS,2021-05-06,2021-05-10,NOT_NEXT_SESSION(missed=1)
CREATIVEYE.NS,2021-05-25,2021-05-27,NOT_NEXT_SESSION(missed=1)
CREATIVEYE.NS,2021-06-01,2021-06-03,NOT_NEXT_SESSION(missed=1)
CREATIVEYE.NS,2021-08-13,2021-08-17,NOT_NEXT_SESSION(missed=1)
CREATIVEYE.NS,2021-08-17,2021-08-20,NOT_NEXT_SESSION(missed=1)
CREATIVEYE.NS,2021-08-26,2021-08-30,NOT_NEXT_SESSION(missed=1)
CREATIVEYE.NS,2021-09-02,2021-09-06,NOT_NEXT_SESSION(missed=1)
CREATIVEYE.NS,2021-09-08,2021-09-14,NOT_NEXT_SESSION(missed=2)
CREATIVEYE.NS,2021-10-19,2021-10-21,NOT_NEXT_SESSION(missed=1)
CREATIVEYE.NS,2021-11-01,2021-11-08,NOT_NEXT_SESSION(missed=3)
CREATIVEYE.NS,2021-11-18,2021-11-23,NOT_NEXT_SESSION(missed=1)
CREATIVEYE.NS,2021-12-02,2021-12-06,NOT_NEXT_SESSION(missed=1)
CREATIVEYE.NS,2022-02-25,2022-03-02,NOT_NEXT_SESSION(missed=1)
CREATIVEYE.NS,2022-03-21,2022-03-23,NOT_NEXT_SESSION(missed=1)
CREATIVEYE.NS,2022-03-29,2022-03-31,NOT_NEXT_SESSION(missed=1)
CREATIVEYE.NS,2022-04-19,2022-04-21,NOT_NEXT_SESSION(missed=1)
CREATIVEYE.NS,2022-05-05,2022-05-10,NOT_NEXT_SESSION(missed=2)
CREATIVEYE.NS,2022-05-17,2022-05-20,NOT_NEXT_SESSION(missed=2)
CREATIVEYE.NS,2022-05-20,2022-05-24,NOT_NEXT_SESSION(missed=1)
CREATIVEYE.NS,2022-05-24,2022-05-26,NOT_NEXT_SESSION(missed=1)
CREATIVEYE.NS,2022-05-26,2022-05-30,NOT_NEXT_SESSION(missed=1)
CREATIVEYE.NS,2022-06-07,2022-06-10,NOT_NEXT_SESSION(missed=2)
CREATIVEYE.NS,2022-06-15,2022-06-17,NOT_NEXT_SESSION(missed=1)
CREATIVEYE.NS,2022-06-20,2022-06-22,NOT_NEXT_SESSION(missed=1)
CREATIVEYE.NS,2022-06-23,2022-06-28,NOT_NEXT_SESSION(missed=2)
CREATIVEYE.NS,2022-06-29,2022-07-01,NOT_NEXT_SESSION(missed=1)
CREATIVEYE.NS,2022-11-21,2022-11-23,NOT_NEXT_SESSION(missed=1)
CREATIVEYE.NS,2023-01-23,2023-01-25,NOT_NEXT_SESSION(missed=1)
CREATIVEYE.NS,2023-01-25,2023-01-30,NOT_NEXT_SESSION(missed=1)
CREATIVEYE.NS,2023-02-16,2023-02-20,NOT_NEXT_SESSION(missed=1)
CREATIVEYE.NS,2023-03-14,2023-03-16,NOT_NEXT_SESSION(missed=1)
CREATIVEYE.NS,2023-03-27,2023-03-29,NOT_NEXT_SESSION(missed=1)
CREATIVEYE.NS,2023-04-12,2023-04-17,NOT_NEXT_SESSION(missed=1)
CREATIVEYE.NS,2023-04-21,2023-04-25,NOT_NEXT_SESSION(missed=1)
CREATIVEYE.NS,2023-04-26,2023-05-02,NOT_NEXT_SESSION(missed=2)
CREATIVEYE.NS,2023-06-01,2023-06-05,NOT_NEXT_SESSION(missed=1)
CREATIVEYE.NS,2023-07-20,2023-07-24,NOT_NEXT_SESSION(missed=1)
CREATIVEYE.NS,2023-10-18,2023-10-20,NOT_NEXT_SESSION(missed=1)
CREATIVEYE.NS,2023-10-30,2023-11-01,NOT_NEXT_SESSION(missed=1)
CREATIVEYE.NS,2023-11-10,2023-11-13,NOT_NEXT_SESSION(missed=1)
CROWN.NS,2021-10-14,2021-10-21,NOT_NEXT_SESSION(missed=3)
CROWN.NS,2021-10-22,2021-10-26,NOT_NEXT_SESSION(missed=1)
CROWN.NS,2021-11-03,2021-11-10,NOT_NEXT_SESSION(missed=3)
CROWN.NS,2021-11-10,2021-11-22,NOT_NEXT_SESSION(missed=6)
CROWN.NS,2021-11-22,2021-11-25,NOT_NEXT_SESSION(missed=2)
CROWN.NS,2021-12-08,2021-12-10,NOT_NEXT_SESSION(missed=1)
CROWN.NS,2021-12-13,2021-12-16,NOT_NEXT_SESSION(missed=2)
CROWN.NS,2021-12-16,2021-12-22,NOT_NEXT_SESSION(missed=3)
CROWN.NS,2021-12-22,2021-12-28,NOT_NEXT_SESSION(missed=3)
CROWN.NS,2021-12-28,2022-01-21,NOT_NEXT_SESSION(missed=17)
CROWN.NS,2022-01-24,2022-01-27,NOT_NEXT_SESSION(missed=1)
CROWN.NS,2022-01-31,2022-02-04,NOT_NEXT_SESSION(missed=3)
CROWN.NS,2023-07-19,2023-07-24,NOT_NEXT_SESSION(missed=2)
CUBEXTUB.NS,2018-09-25,2018-09-27,NOT_NEXT_SESSION(missed=1)
CUBEXTUB.NS,2018-11-30,2019-01-09,NOT_NEXT_SESSION(missed=26)
CUBEXTUB.NS,2019-05-20,2019-05-22,NOT_NEXT_SESSION(missed=1)
CUBEXTUB.NS,2019-08-22,2019-08-26,NOT_NEXT_SESSION(missed=1)
CUBEXTUB.NS,2019-08-27,2019-08-29,NOT_NEXT_SESSION(missed=1)
CUBEXTUB.NS,2019-12-06,2019-12-10,NOT_NEXT_SESSION(missed=1)
CUBEXTUB.NS,2020-02-04,2020-02-06,NOT_NEXT_SESSION(missed=1)
CUPID.NS,2024-10-24,2024-10-28,NOT_NEXT_SESSION(missed=1)
CYBERMEDIA.NS,2018-05-23,2018-05-29,NOT_NEXT_SESSION(missed=3)
CYBERMEDIA.NS,2018-06-04,2018-06-11,NOT_NEXT_SESSION(missed=4)
CYBERMEDIA.NS,2018-06-13,2018-06-15,NOT_NEXT_SESSION(missed=1)
CYBERMEDIA.NS,2018-06-25,2018-06-28,NOT_NEXT_SESSION(missed=2)
CYBERMEDIA.NS,2018-07-02,2018-07-05,NOT_NEXT_SESSION(missed=2)
CYBERMEDIA.NS,2018-07-17,2018-07-19,NOT_NEXT_SESSION(missed=1)
CYBERMEDIA.NS,2018-08-27,2018-08-29,NOT_NEXT_SESSION(missed=1)
CYBERMEDIA.NS,2018-09-03,2018-09-07,NOT_NEXT_SESSION(missed=3)
CYBERMEDIA.NS,2018-09-07,2018-09-11,NOT_NEXT_SESSION(missed=1)
CYBERMEDIA.NS,2018-09-11,2018-09-18,NOT_NEXT_SESSION(missed=3)
CYBERMEDIA.NS,2018-10-01,2018-10-05,NOT_NEXT_SESSION(missed=2)
CYBERMEDIA.NS,2018-10-05,2018-10-09,NOT_NEXT_SESSION(missed=1)
CYBERMEDIA.NS,2018-10-09,2018-10-11,NOT_NEXT_SESSION(missed=1)
CYBERMEDIA.NS,2018-10-22,2018-10-24,NOT_NEXT_SESSION(missed=1)
CYBERMEDIA.NS,2018-10-26,2018-10-30,NOT_NEXT_SESSION(missed=1)
CYBERMEDIA.NS,2018-11-05,2018-11-12,NOT_NEXT_SESSION(missed=2)
CYBERMEDIA.NS,2018-11-12,2018-11-14,NOT_NEXT_SESSION(missed=1)
CYBERMEDIA.NS,2018-11-14,2018-11-19,NOT_NEXT_SESSION(missed=2)
CYBERMEDIA.NS,2018-11-21,2018-11-27,NOT_NEXT_SESSION(missed=2)
CYBERMEDIA.NS,2018-11-28,2018-12-03,NOT_NEXT_SESSION(missed=2)
CYBERMEDIA.NS,2018-12-04,2018-12-07,NOT_NEXT_SESSION(missed=2)
CYBERMEDIA.NS,2018-12-12,2018-12-18,NOT_NEXT_SESSION(missed=3)
CYBERMEDIA.NS,2018-12-21,2018-12-26,NOT_NEXT_SESSION(missed=1)
CYBERMEDIA.NS,2018-12-27,2019-01-02,NOT_NEXT_SESSION(missed=3)
CYBERMEDIA.NS,2019-01-02,2019-01-04,NOT_NEXT_SESSION(missed=1)
CYBERMEDIA.NS,2019-01-04,2019-01-09,NOT_NEXT_SESSION(missed=2)
CYBERMEDIA.NS,2019-02-08,2019-02-18,NOT_NEXT_SESSION(missed=5)
CYBERMEDIA.NS,2019-02-18,2019-02-21,NOT_NEXT_SESSION(missed=2)
CYBERMEDIA.NS,2019-02-26,2019-03-01,NOT_NEXT_SESSION(missed=2)
CYBERMEDIA.NS,2019-04-10,2019-04-12,NOT_NEXT_SESSION(missed=1)
CYBERMEDIA.NS,2019-04-15,2019-04-18,NOT_NEXT_SESSION(missed=1)
CYBERMEDIA.NS,2019-04-22,2019-04-25,NOT_NEXT_SESSION(missed=2)
CYBERMEDIA.NS,2019-04-25,2019-04-30,NOT_NEXT_SESSION(missed=1)
CYBERMEDIA.NS,2019-04-30,2019-05-03,NOT_NEXT_SESSION(missed=1)
CYBERMEDIA.NS,2019-05-03,2019-05-07,NOT_NEXT_SESSION(missed=1)
CYBERMEDIA.NS,2019-05-07,2019-05-09,NOT_NEXT_SESSION(missed=1)
CYBERMEDIA.NS,2019-05-14,2019-05-16,NOT_NEXT_SESSION(missed=1)
CYBERMEDIA.NS,2019-05-22,2019-05-24,NOT_NEXT_SESSION(missed=1)
CYBERMEDIA.NS,2019-05-24,2019-06-06,NOT_NEXT_SESSION(missed=7)
CYBERMEDIA.NS,2019-06-06,2019-06-10,NOT_NEXT_SESSION(missed=1)
CYBERMEDIA.NS,2019-06-11,2019-06-21,NOT_NEXT_SESSION(missed=7)
CYBERMEDIA.NS,2019-06-21,2019-06-26,NOT_NEXT_SESSION(missed=2)
CYBERMEDIA.NS,2019-06-26,2019-07-05,NOT_NEXT_SESSION(missed=6)
CYBERMEDIA.NS,2019-07-05,2019-07-16,NOT_NEXT_SESSION(missed=6)
CYBERMEDIA.NS,2019-07-17,2019-08-01,NOT_NEXT_SESSION(missed=10)
CYBERMEDIA.NS,2019-08-01,2019-09-06,NOT_NEXT_SESSION(missed=22)
CYBERMEDIA.NS,2019-09-06,2019-10-07,NOT_NEXT_SESSION(missed=18)
CYBERMEDIA.NS,2019-10-07,2019-10-14,NOT_NEXT_SESSION(missed=3)
CYBERMEDIA.NS,2019-10-15,2019-10-17,NOT_NEXT_SESSION(missed=1)
CYBERMEDIA.NS,2019-10-24,2019-10-27,NOT_NEXT_SESSION(missed=1)
CYBERMEDIA.NS,2019-11-04,2019-11-06,NOT_NEXT_SESSION(missed=1)
CYBERMEDIA.NS,2019-11-06,2019-11-11,NOT_NEXT_SESSION(missed=2)
CYBERMEDIA.NS,2019-12-02,2019-12-05,NOT_NEXT_SESSION(missed=2)
CYBERMEDIA.NS,2019-12-24,2019-12-27,NOT_NEXT_SESSION(missed=1)
CYBERMEDIA.NS,2020-01-06,2020-01-10,NOT_NEXT_SESSION(missed=3)
CYBERMEDIA.NS,2020-01-30,2020-02-04,NOT_NEXT_SESSION(missed=3)
CYBERMEDIA.NS,2020-02-07,2020-02-11,NOT_NEXT_SESSION(missed=1)
CYBERMEDIA.NS,2020-02-11,2020-02-13,NOT_NEXT_SESSION(missed=1)
CYBERMEDIA.NS,2020-02-14,2020-02-24,NOT_NEXT_SESSION(missed=4)
CYBERMEDIA.NS,2020-02-25,2020-02-27,NOT_NEXT_SESSION(missed=1)
CYBERMEDIA.NS,2020-03-03,2020-12-16,NOT_NEXT_SESSION(missed=196)
CYBERMEDIA.NS,2020-12-18,2020-12-22,NOT_NEXT_SESSION(missed=1)
CYBERMEDIA.NS,2020-12-23,2020-12-29,NOT_NEXT_SESSION(missed=2)
CYBERMEDIA.NS,2020-12-30,2021-01-04,NOT_NEXT_SESSION(missed=2)
CYBERMEDIA.NS,2021-01-05,2021-01-07,NOT_NEXT_SESSION(missed=1)
CYBERMEDIA.NS,2021-01-13,2021-01-18,NOT_NEXT_SESSION(missed=2)
DBREALTY.NS,2019-01-07,2019-02-21,NOT_NEXT_SESSION(missed=32)
DCMFINSERV.NS,2020-11-13,2020-11-17,NOT_NEXT_SESSION(missed=1)
DCMFINSERV.NS,2021-01-27,2021-01-29,NOT_NEXT_SESSION(missed=1)
DCMFINSERV.NS,2021-02-10,2021-02-12,NOT_NEXT_SESSION(missed=1)
DCMFINSERV.NS,2021-02-18,2021-02-22,NOT_NEXT_SESSION(missed=1)
DCMFINSERV.NS,2021-02-23,2021-02-25,NOT_NEXT_SESSION(missed=1)
DCMFINSERV.NS,2021-03-15,2021-03-17,NOT_NEXT_SESSION(missed=1)
DCMFINSERV.NS,2021-03-31,2021-04-05,NOT_NEXT_SESSION(missed=1)
DCMFINSERV.NS,2021-09-07,2021-09-09,NOT_NEXT_SESSION(missed=1)
DCMFINSERV.NS,2021-12-24,2021-12-28,NOT_NEXT_SESSION(missed=1)
DCMFINSERV.NS,2022-01-18,2022-01-24,NOT_NEXT_SESSION(missed=3)
DCMFINSERV.NS,2022-01-24,2022-01-31,NOT_NEXT_SESSION(missed=3)
DCMFINSERV.NS,2022-01-31,2022-02-14,NOT_NEXT_SESSION(missed=9)
DCMFINSERV.NS,2022-02-14,2022-03-07,NOT_NEXT_SESSION(missed=13)
DCMFINSERV.NS,2022-03-07,2022-03-16,NOT_NEXT_SESSION(missed=6)
DCMFINSERV.NS,2022-03-17,2022-03-24,NOT_NEXT_SESSION(missed=3)
DCMFINSERV.NS,2022-03-24,2022-03-28,NOT_NEXT_SESSION(missed=1)
DCMFINSERV.NS,2022-03-28,2022-03-30,NOT_NEXT_SESSION(missed=1)
DCMFINSERV.NS,2022-03-30,2022-04-07,NOT_NEXT_SESSION(missed=5)
DCMFINSERV.NS,2022-06-10,2022-06-20,NOT_NEXT_SESSION(missed=5)
DCMFINSERV.NS,2024-03-01,2024-03-04,NOT_NEXT_SESSION(missed=1)
DCMSRIND.NS,2025-12-24,2025-12-26,EXTREME_RETURN
DELTAMAGNT.NS,2018-02-08,2018-02-12,NOT_NEXT_SESSION(missed=1)
DELTAMAGNT.NS,2018-02-16,2018-02-20,NOT_NEXT_SESSION(missed=1)
DELTAMAGNT.NS,2018-02-20,2018-02-22,NOT_NEXT_SESSION(missed=1)
DELTAMAGNT.NS,2018-03-09,2018-03-13,NOT_NEXT_SESSION(missed=1)
DELTAMAGNT.NS,2018-03-19,2018-03-21,NOT_NEXT_SESSION(missed=1)
DELTAMAGNT.NS,2018-03-22,2018-03-26,NOT_NEXT_SESSION(missed=1)
DELTAMAGNT.NS,2018-03-28,2018-04-03,NOT_NEXT_SESSION(missed=1)
DELTAMAGNT.NS,2018-04-03,2018-04-05,NOT_NEXT_SESSION(missed=1)
DELTAMAGNT.NS,2018-04-06,2018-04-10,NOT_NEXT_SESSION(missed=1)
DELTAMAGNT.NS,2018-04-16,2018-04-19,NOT_NEXT_SESSION(missed=2)
DELTAMAGNT.NS,2018-04-19,2018-04-24,NOT_NEXT_SESSION(missed=2)
DELTAMAGNT.NS,2018-05-14,2018-05-16,NOT_NEXT_SESSION(missed=1)
DELTAMAGNT.NS,2018-05-17,2018-05-21,NOT_NEXT_SESSION(missed=1)
DELTAMAGNT.NS,2018-05-30,2018-06-01,NOT_NEXT_SESSION(missed=1)
DELTAMAGNT.NS,2018-06-06,2018-06-08,NOT_NEXT_SESSION(missed=1)
DELTAMAGNT.NS,2018-06-21,2018-06-26,NOT_NEXT_SESSION(missed=2)
DELTAMAGNT.NS,2018-06-29,2018-07-03,NOT_NEXT_SESSION(missed=1)
DELTAMAGNT.NS,2018-07-05,2018-07-09,NOT_NEXT_SESSION(missed=1)
DELTAMAGNT.NS,2018-07-09,2018-07-13,NOT_NEXT_SESSION(missed=3)
DELTAMAGNT.NS,2018-11-30,2019-01-09,NOT_NEXT_SESSION(missed=26)
DELTAMAGNT.NS,2019-01-22,2019-01-24,NOT_NEXT_SESSION(missed=1)
DELTAMAGNT.NS,2019-05-08,2019-05-10,NOT_NEXT_SESSION(missed=1)
DELTAMAGNT.NS,2019-07-12,2019-07-16,NOT_NEXT_SESSION(missed=1)
DELTAMAGNT.NS,2019-08-13,2019-08-16,NOT_NEXT_SESSION(missed=1)
DELTAMAGNT.NS,2019-09-12,2019-09-16,NOT_NEXT_SESSION(missed=1)
DELTAMAGNT.NS,2019-09-26,2019-09-30,NOT_NEXT_SESSION(missed=1)
DELTAMAGNT.NS,2019-10-04,2019-10-09,NOT_NEXT_SESSION(missed=1)
DELTAMAGNT.NS,2019-10-10,2019-10-14,NOT_NEXT_SESSION(missed=1)
DELTAMAGNT.NS,2019-10-29,2019-10-31,NOT_NEXT_SESSION(missed=1)
DELTAMAGNT.NS,2019-11-14,2019-11-18,NOT_NEXT_SESSION(missed=1)
DELTAMAGNT.NS,2019-11-21,2019-11-25,NOT_NEXT_SESSION(missed=1)
DELTAMAGNT.NS,2019-12-03,2019-12-05,NOT_NEXT_SESSION(missed=1)
DGCONTENT.NS,2022-02-01,2022-02-07,NOT_NEXT_SESSION(missed=3)
DGCONTENT.NS,2022-02-07,2022-02-14,NOT_NEXT_SESSION(missed=4)
DGCONTENT.NS,2022-02-14,2022-02-21,NOT_NEXT_SESSION(missed=4)
DGCONTENT.NS,2022-02-21,2022-02-28,NOT_NEXT_SESSION(missed=4)
DGCONTENT.NS,2022-02-28,2022-03-14,NOT_NEXT_SESSION(missed=8)
DGCONTENT.NS,2022-03-14,2022-03-16,NOT_NEXT_SESSION(missed=1)
DGCONTENT.NS,2024-05-08,2024-05-13,NOT_NEXT_SESSION(missed=2)
DGCONTENT.NS,2024-05-13,2024-05-27,NOT_NEXT_SESSION(missed=9)
DGCONTENT.NS,2024-05-27,2024-06-03,NOT_NEXT_SESSION(missed=4)
DGCONTENT.NS,2024-06-03,2024-06-10,NOT_NEXT_SESSION(missed=4)
DGCONTENT.NS,2024-06-20,2024-06-24,NOT_NEXT_SESSION(missed=1)
DHANBANK.NS,2018-11-30,2019-01-09,NOT_NEXT_SESSION(missed=26)
DHRUV.NS,2026-05-13,2026-05-15,NOT_NEXT_SESSION(missed=1)
DIGJAMLMTD.NS,2023-09-08,2023-09-18,NOT_NEXT_SESSION(missed=5)
DIGJAMLMTD.NS,2023-09-18,2023-09-25,NOT_NEXT_SESSION(missed=3)
DIGJAMLMTD.NS,2023-09-25,2023-10-03,NOT_NEXT_SESSION(missed=4)
DIGJAMLMTD.NS,2023-10-03,2023-10-09,NOT_NEXT_SESSION(missed=3)
DIGJAMLMTD.NS,2023-10-09,2023-10-16,NOT_NEXT_SESSION(missed=4)
DIGJAMLMTD.NS,2023-10-16,2023-10-23,NOT_NEXT_SESSION(missed=4)
DIGJAMLMTD.NS,2023-10-23,2023-10-30,NOT_NEXT_SESSION(missed=3)
DIGJAMLMTD.NS,2023-10-30,2023-11-01,NOT_NEXT_SESSION(missed=1)
DIGJAMLMTD.NS,2025-10-15,2025-10-20,NOT_NEXT_SESSION(missed=2)
DIGJAMLMTD.NS,2025-10-20,2025-10-27,NOT_NEXT_SESSION(missed=3)
DIGJAMLMTD.NS,2025-10-27,2025-11-03,NOT_NEXT_SESSION(missed=4)
DIGJAMLMTD.NS,2025-11-03,2025-11-10,NOT_NEXT_SESSION(missed=3)
DIGJAMLMTD.NS,2025-11-10,2025-11-17,NOT_NEXT_SESSION(missed=4)
DIGJAMLMTD.NS,2025-11-17,2025-11-24,NOT_NEXT_SESSION(missed=4)
DIGJAMLMTD.NS,2025-11-24,2025-12-01,NOT_NEXT_SESSION(missed=4)
DIGJAMLMTD.NS,2025-12-01,2025-12-08,NOT_NEXT_SESSION(missed=4)
DNAMEDIA.NS,2019-01-07,2019-02-21,NOT_NEXT_SESSION(missed=32)
DNAMEDIA.NS,2020-06-22,2020-06-29,NOT_NEXT_SESSION(missed=4)
DNAMEDIA.NS,2020-06-29,2020-07-01,NOT_NEXT_SESSION(missed=1)
DNAMEDIA.NS,2020-07-01,2020-07-06,NOT_NEXT_SESSION(missed=2)
DNAMEDIA.NS,2020-07-06,2020-07-23,NOT_NEXT_SESSION(missed=12)
DNAMEDIA.NS,2020-07-27,2020-07-31,NOT_NEXT_SESSION(missed=3)
DNAMEDIA.NS,2021-02-19,2021-03-01,NOT_NEXT_SESSION(missed=5)
DNAMEDIA.NS,2021-03-01,2021-03-08,NOT_NEXT_SESSION(missed=4)
DNAMEDIA.NS,2021-03-08,2021-03-16,NOT_NEXT_SESSION(missed=4)
DPABHUSHAN.NS,2019-08-23,2019-08-27,NOT_NEXT_SESSION(missed=1)
DPABHUSHAN.NS,2019-08-27,2019-08-29,NOT_NEXT_SESSION(missed=1)
DPABHUSHAN.NS,2019-08-29,2019-09-04,NOT_NEXT_SESSION(missed=2)
DPABHUSHAN.NS,2019-09-04,2019-09-19,NOT_NEXT_SESSION(missed=9)
DPABHUSHAN.NS,2019-09-25,2019-10-01,NOT_NEXT_SESSION(missed=3)
DPABHUSHAN.NS,2019-10-04,2019-10-15,NOT_NEXT_SESSION(missed=5)
DPABHUSHAN.NS,2019-10-15,2019-10-25,NOT_NEXT_SESSION(missed=6)
DPABHUSHAN.NS,2019-10-25,2019-11-04,NOT_NEXT_SESSION(missed=5)
DPABHUSHAN.NS,2019-11-04,2019-11-06,NOT_NEXT_SESSION(missed=1)
DPABHUSHAN.NS,2019-11-06,2019-11-08,NOT_NEXT_SESSION(missed=1)
DPABHUSHAN.NS,2019-11-08,2019-11-14,NOT_NEXT_SESSION(missed=2)
DPABHUSHAN.NS,2019-11-14,2019-11-20,NOT_NEXT_SESSION(missed=3)
DPABHUSHAN.NS,2019-11-20,2019-11-25,NOT_NEXT_SESSION(missed=2)
DPABHUSHAN.NS,2019-11-27,2019-12-04,NOT_NEXT_SESSION(missed=4)
DPABHUSHAN.NS,2019-12-04,2019-12-06,NOT_NEXT_SESSION(missed=1)
DPABHUSHAN.NS,2019-12-13,2019-12-19,NOT_NEXT_SESSION(missed=3)
DPABHUSHAN.NS,2019-12-20,2019-12-31,NOT_NEXT_SESSION(missed=5)
DPABHUSHAN.NS,2019-12-31,2020-01-06,NOT_NEXT_SESSION(missed=3)
DPABHUSHAN.NS,2020-01-06,2020-01-08,NOT_NEXT_SESSION(missed=1)
DPABHUSHAN.NS,2020-01-10,2020-01-14,NOT_NEXT_SESSION(missed=1)
DPABHUSHAN.NS,2020-01-14,2020-01-17,NOT_NEXT_SESSION(missed=2)
DPABHUSHAN.NS,2020-01-21,2020-01-23,NOT_NEXT_SESSION(missed=1)
DPABHUSHAN.NS,2020-01-28,2020-01-31,NOT_NEXT_SESSION(missed=2)
DPABHUSHAN.NS,2020-01-31,2020-02-03,NOT_NEXT_SESSION(missed=1)
DPABHUSHAN.NS,2020-02-03,2020-02-05,NOT_NEXT_SESSION(missed=1)
DPABHUSHAN.NS,2020-02-05,2020-02-07,NOT_NEXT_SESSION(missed=1)
DPABHUSHAN.NS,2020-02-11,2020-02-14,NOT_NEXT_SESSION(missed=2)
DPABHUSHAN.NS,2020-02-18,2020-02-20,NOT_NEXT_SESSION(missed=1)
DPABHUSHAN.NS,2020-03-23,2020-03-27,NOT_NEXT_SESSION(missed=3)
DPABHUSHAN.NS,2020-03-30,2020-04-01,NOT_NEXT_SESSION(missed=1)
DPABHUSHAN.NS,2020-04-08,2020-04-15,NOT_NEXT_SESSION(missed=2)
DPABHUSHAN.NS,2020-04-17,2020-04-24,NOT_NEXT_SESSION(missed=4)
DPABHUSHAN.NS,2020-04-24,2020-05-14,NOT_NEXT_SESSION(missed=12)
DPABHUSHAN.NS,2020-05-14,2020-05-21,NOT_NEXT_SESSION(missed=4)
DPABHUSHAN.NS,2020-05-22,2020-06-10,NOT_NEXT_SESSION(missed=11)
DPABHUSHAN.NS,2020-06-10,2020-06-17,NOT_NEXT_SESSION(missed=4)
DPABHUSHAN.NS,2020-06-19,2020-06-25,NOT_NEXT_SESSION(missed=3)
DPABHUSHAN.NS,2020-07-14,2020-07-21,NOT_NEXT_SESSION(missed=4)
DPABHUSHAN.NS,2020-07-21,2020-07-28,NOT_NEXT_SESSION(missed=4)
DPABHUSHAN.NS,2020-07-28,2020-07-30,NOT_NEXT_SESSION(missed=1)
DPABHUSHAN.NS,2020-07-31,2020-08-06,NOT_NEXT_SESSION(missed=3)
DPABHUSHAN.NS,2020-08-06,2020-08-11,NOT_NEXT_SESSION(missed=2)
DPABHUSHAN.NS,2020-08-11,2020-08-14,NOT_NEXT_SESSION(missed=2)
DPABHUSHAN.NS,2020-08-28,2020-09-01,NOT_NEXT_SESSION(missed=1)
DPABHUSHAN.NS,2020-09-08,2020-09-10,NOT_NEXT_SESSION(missed=1)
DPABHUSHAN.NS,2020-09-11,2020-09-15,NOT_NEXT_SESSION(missed=1)
DPABHUSHAN.NS,2020-09-23,2020-09-25,NOT_NEXT_SESSION(missed=1)
DPABHUSHAN.NS,2020-10-09,2020-10-14,NOT_NEXT_SESSION(missed=2)
DRCSYSTEMS.NS,2021-11-01,2021-11-09,NOT_NEXT_SESSION(missed=4)
DRCSYSTEMS.NS,2021-11-09,2021-11-12,NOT_NEXT_SESSION(missed=2)
DRCSYSTEMS.NS,2021-11-12,2021-11-16,NOT_NEXT_SESSION(missed=1)
DRCSYSTEMS.NS,2022-01-05,2022-01-10,NOT_NEXT_SESSION(missed=2)
DRCSYSTEMS.NS,2022-01-10,2022-01-17,NOT_NEXT_SESSION(missed=4)
DRCSYSTEMS.NS,2022-01-17,2022-01-24,NOT_NEXT_SESSION(missed=4)
DRCSYSTEMS.NS,2022-01-24,2022-01-31,NOT_NEXT_SESSION(missed=3)
DRCSYSTEMS.NS,2022-01-31,2022-02-07,NOT_NEXT_SESSION(missed=4)
DRCSYSTEMS.NS,2022-02-07,2022-02-14,NOT_NEXT_SESSION(missed=4)
DRCSYSTEMS.NS,2022-02-14,2022-02-17,NOT_NEXT_SESSION(missed=2)
DRCSYSTEMS.NS,2022-02-22,2022-02-28,NOT_NEXT_SESSION(missed=3)
DRCSYSTEMS.NS,2022-02-28,2022-03-07,NOT_NEXT_SESSION(missed=3)
DRCSYSTEMS.NS,2022-03-07,2022-03-14,NOT_NEXT_SESSION(missed=4)
DRCSYSTEMS.NS,2022-03-14,2022-03-21,NOT_NEXT_SESSION(missed=3)
DRCSYSTEMS.NS,2022-03-21,2022-03-28,NOT_NEXT_SESSION(missed=4)
DRCSYSTEMS.NS,2022-03-28,2022-04-04,NOT_NEXT_SESSION(missed=4)
DRCSYSTEMS.NS,2022-04-04,2022-04-11,NOT_NEXT_SESSION(missed=4)
DRCSYSTEMS.NS,2022-04-20,2022-04-25,NOT_NEXT_SESSION(missed=2)
DRCSYSTEMS.NS,2022-04-25,2022-05-02,NOT_NEXT_SESSION(missed=4)
DRCSYSTEMS.NS,2022-05-02,2022-05-23,NOT_NEXT_SESSION(missed=13)
DRCSYSTEMS.NS,2022-05-23,2022-05-30,NOT_NEXT_SESSION(missed=4)
DRCSYSTEMS.NS,2022-05-30,2022-06-06,NOT_NEXT_SESSION(missed=4)
DRCSYSTEMS.NS,2022-06-06,2022-06-13,NOT_NEXT_SESSION(missed=4)
DRCSYSTEMS.NS,2022-06-13,2022-06-20,NOT_NEXT_SESSION(missed=4)
DRCSYSTEMS.NS,2022-06-20,2022-06-27,NOT_NEXT_SESSION(missed=4)
DRCSYSTEMS.NS,2022-06-27,2022-07-04,NOT_NEXT_SESSION(missed=4)
DRCSYSTEMS.NS,2022-07-04,2022-07-11,NOT_NEXT_SESSION(missed=4)
DRCSYSTEMS.NS,2022-12-20,2022-12-22,NOT_NEXT_SESSION(missed=1)
DRCSYSTEMS.NS,2022-12-27,2023-01-02,NOT_NEXT_SESSION(missed=3)
DRCSYSTEMS.NS,2023-01-02,2023-01-09,NOT_NEXT_SESSION(missed=4)
DRCSYSTEMS.NS,2023-01-09,2023-01-16,NOT_NEXT_SESSION(missed=4)
DRCSYSTEMS.NS,2023-01-16,2023-01-23,NOT_NEXT_SESSION(missed=4)
DRCSYSTEMS.NS,2023-01-23,2023-01-30,NOT_NEXT_SESSION(missed=3)
DRCSYSTEMS.NS,2023-01-30,2023-02-06,NOT_NEXT_SESSION(missed=4)
DRCSYSTEMS.NS,2023-02-06,2023-02-13,NOT_NEXT_SESSION(missed=4)
DWARKESH.NS,2018-11-30,2019-01-09,NOT_NEXT_SESSION(missed=26)
EIHAHOTELS.NS,2017-10-17,2017-10-23,NOT_NEXT_SESSION(missed=1)
ELGIRUBCO.NS,2024-10-24,2024-10-28,NOT_NEXT_SESSION(missed=1)
EMAMIREAL.NS,2024-12-12,2024-12-16,NOT_NEXT_SESSION(missed=1)
EMAMIREAL.NS,2024-12-16,2024-12-23,NOT_NEXT_SESSION(missed=4)
EMAMIREAL.NS,2024-12-23,2024-12-30,NOT_NEXT_SESSION(missed=3)
EMAMIREAL.NS,2024-12-30,2025-01-06,NOT_NEXT_SESSION(missed=4)
EMAMIREAL.NS,2025-01-06,2025-01-13,NOT_NEXT_SESSION(missed=4)
EMAMIREAL.NS,2025-01-13,2025-01-20,NOT_NEXT_SESSION(missed=4)
EMAMIREAL.NS,2025-01-20,2025-01-27,NOT_NEXT_SESSION(missed=4)
EMAMIREAL.NS,2025-01-27,2025-02-03,NOT_NEXT_SESSION(missed=5)
EMAMIREAL.NS,2025-02-03,2025-02-10,NOT_NEXT_SESSION(missed=4)
EMBDL.NS,2026-04-09,2026-04-13,NOT_NEXT_SESSION(missed=1)
EMBDL.NS,2026-04-13,2026-04-20,NOT_NEXT_SESSION(missed=3)
EMBDL.NS,2026-04-20,2026-04-27,NOT_NEXT_SESSION(missed=4)
EMBDL.NS,2026-04-27,2026-05-04,NOT_NEXT_SESSION(missed=3)
EMBDL.NS,2026-05-04,2026-05-06,NOT_NEXT_SESSION(missed=1)
ENERGYDEV.NS,2018-11-30,2019-01-09,NOT_NEXT_SESSION(missed=26)
ESSENTIA.NS,2019-04-15,2019-04-18,NOT_NEXT_SESSION(missed=1)
ESSENTIA.NS,2019-04-22,2019-05-10,NOT_NEXT_SESSION(missed=11)
ESSENTIA.NS,2019-05-14,2019-05-16,NOT_NEXT_SESSION(missed=1)
ESSENTIA.NS,2019-05-16,2019-05-20,NOT_NEXT_SESSION(missed=1)
ESSENTIA.NS,2019-05-27,2019-05-29,NOT_NEXT_SESSION(missed=1)
ESSENTIA.NS,2019-06-04,2019-06-07,NOT_NEXT_SESSION(missed=1)
ESSENTIA.NS,2019-06-12,2019-06-27,NOT_NEXT_SESSION(missed=10)
ESSENTIA.NS,2019-06-27,2019-07-01,NOT_NEXT_SESSION(missed=1)
ESSENTIA.NS,2019-07-02,2019-07-08,NOT_NEXT_SESSION(missed=3)
ESSENTIA.NS,2019-07-17,2019-07-22,NOT_NEXT_SESSION(missed=2)
ESSENTIA.NS,2019-07-24,2019-07-29,NOT_NEXT_SESSION(missed=2)
ESSENTIA.NS,2019-08-06,2019-08-08,NOT_NEXT_SESSION(missed=1)
ESSENTIA.NS,2019-08-14,2019-08-19,NOT_NEXT_SESSION(missed=1)
ESSENTIA.NS,2019-08-28,2019-08-30,NOT_NEXT_SESSION(missed=1)
ESSENTIA.NS,2019-08-30,2019-09-04,NOT_NEXT_SESSION(missed=1)
ESSENTIA.NS,2019-09-04,2019-09-06,NOT_NEXT_SESSION(missed=1)
ESSENTIA.NS,2019-09-09,2019-09-13,NOT_NEXT_SESSION(missed=2)
ESSENTIA.NS,2019-09-19,2019-09-23,NOT_NEXT_SESSION(missed=1)
ESSENTIA.NS,2019-09-26,2019-09-30,NOT_NEXT_SESSION(missed=1)
ESSENTIA.NS,2019-09-30,2019-10-03,NOT_NEXT_SESSION(missed=1)
ESSENTIA.NS,2019-10-16,2019-10-22,NOT_NEXT_SESSION(missed=2)
ESSENTIA.NS,2019-10-22,2019-10-24,NOT_NEXT_SESSION(missed=1)
ESSENTIA.NS,2019-10-24,2019-10-31,NOT_NEXT_SESSION(missed=4)
ESSENTIA.NS,2019-11-11,2019-11-18,NOT_NEXT_SESSION(missed=3)
ESSENTIA.NS,2019-11-28,2019-12-02,NOT_NEXT_SESSION(missed=1)
ESSENTIA.NS,2019-12-04,2019-12-06,NOT_NEXT_SESSION(missed=1)
ESSENTIA.NS,2020-02-10,2020-02-12,NOT_NEXT_SESSION(missed=1)
ESSENTIA.NS,2020-02-18,2020-02-20,NOT_NEXT_SESSION(missed=1)
ESSENTIA.NS,2020-02-20,2020-02-25,NOT_NEXT_SESSION(missed=1)
ESSENTIA.NS,2020-02-26,2020-03-02,NOT_NEXT_SESSION(missed=2)
ESSENTIA.NS,2020-03-04,2020-03-09,NOT_NEXT_SESSION(missed=2)
ESSENTIA.NS,2020-03-12,2020-03-16,NOT_NEXT_SESSION(missed=1)
ESSENTIA.NS,2020-03-16,2020-03-18,NOT_NEXT_SESSION(missed=1)
ESSENTIA.NS,2020-03-19,2020-03-23,NOT_NEXT_SESSION(missed=1)
ESSENTIA.NS,2020-03-24,2020-03-26,NOT_NEXT_SESSION(missed=1)
ESSENTIA.NS,2020-03-26,2020-03-31,NOT_NEXT_SESSION(missed=2)
ESSENTIA.NS,2020-04-01,2020-04-07,NOT_NEXT_SESSION(missed=1)
ESSENTIA.NS,2020-04-09,2020-04-15,NOT_NEXT_SESSION(missed=1)
ESSENTIA.NS,2020-04-20,2020-04-22,NOT_NEXT_SESSION(missed=1)
ESSENTIA.NS,2020-04-27,2020-04-29,NOT_NEXT_SESSION(missed=1)
ESSENTIA.NS,2020-04-29,2020-05-04,NOT_NEXT_SESSION(missed=1)
ESSENTIA.NS,2020-05-04,2020-05-07,NOT_NEXT_SESSION(missed=2)
ESSENTIA.NS,2020-05-07,2020-05-28,NOT_NEXT_SESSION(missed=13)
ESSENTIA.NS,2020-05-28,2020-06-01,NOT_NEXT_SESSION(missed=1)
ESSENTIA.NS,2020-06-01,2020-06-09,NOT_NEXT_SESSION(missed=5)
ESSENTIA.NS,2020-06-11,2020-06-22,NOT_NEXT_SESSION(missed=6)
ESSENTIA.NS,2020-06-23,2020-06-26,NOT_NEXT_SESSION(missed=2)
ESSENTIA.NS,2020-08-27,2020-08-31,NOT_NEXT_SESSION(missed=1)
ESSENTIA.NS,2020-08-31,2020-09-11,NOT_NEXT_SESSION(missed=8)
ESSENTIA.NS,2020-09-11,2020-09-17,NOT_NEXT_SESSION(missed=3)
ESSENTIA.NS,2020-09-17,2020-10-14,NOT_NEXT_SESSION(missed=17)
ESSENTIA.NS,2020-10-14,2020-10-16,NOT_NEXT_SESSION(missed=1)
ESSENTIA.NS,2020-10-20,2020-10-23,NOT_NEXT_SESSION(missed=2)
ESSENTIA.NS,2020-11-09,2020-11-13,NOT_NEXT_SESSION(missed=3)
ESSENTIA.NS,2021-03-24,2021-03-30,NOT_NEXT_SESSION(missed=2)
ESSENTIA.NS,2021-03-30,2021-04-05,NOT_NEXT_SESSION(missed=2)
ESSENTIA.NS,2021-04-05,2021-04-12,NOT_NEXT_SESSION(missed=4)
ESSENTIA.NS,2021-04-12,2021-04-19,NOT_NEXT_SESSION(missed=3)
ESSENTIA.NS,2021-04-19,2021-04-26,NOT_NEXT_SESSION(missed=3)
ESSENTIA.NS,2021-04-26,2021-05-03,NOT_NEXT_SESSION(missed=4)
ESSENTIA.NS,2021-05-03,2021-05-10,NOT_NEXT_SESSION(missed=4)
ESSENTIA.NS,2021-05-10,2021-05-17,NOT_NEXT_SESSION(missed=3)
ESSENTIA.NS,2021-05-17,2021-05-24,NOT_NEXT_SESSION(missed=4)
ESSENTIA.NS,2021-05-24,2021-05-31,NOT_NEXT_SESSION(missed=4)
ESSENTIA.NS,2021-05-31,2021-06-07,NOT_NEXT_SESSION(missed=4)
ESSENTIA.NS,2021-06-07,2021-06-14,NOT_NEXT_SESSION(missed=4)
ESSENTIA.NS,2021-06-14,2021-06-21,NOT_NEXT_SESSION(missed=4)
ESSENTIA.NS,2021-06-21,2021-07-05,NOT_NEXT_SESSION(missed=9)
ESSENTIA.NS,2021-07-05,2021-07-12,NOT_NEXT_SESSION(missed=4)
ESSENTIA.NS,2021-07-12,2021-07-14,NOT_NEXT_SESSION(missed=1)
ESSENTIA.NS,2021-07-19,2021-07-26,NOT_NEXT_SESSION(missed=3)
ESSENTIA.NS,2021-07-26,2021-08-02,NOT_NEXT_SESSION(missed=4)
ESSENTIA.NS,2021-08-02,2021-08-09,NOT_NEXT_SESSION(missed=4)
ESSENTIA.NS,2021-08-09,2021-08-16,NOT_NEXT_SESSION(missed=4)
ESSENTIA.NS,2021-08-16,2021-08-23,NOT_NEXT_SESSION(missed=3)
ESSENTIA.NS,2021-08-23,2021-08-30,NOT_NEXT_SESSION(missed=4)
ESSENTIA.NS,2021-08-30,2021-09-06,NOT_NEXT_SESSION(missed=4)
ESSENTIA.NS,2021-09-06,2021-09-13,NOT_NEXT_SESSION(missed=3)
ESSENTIA.NS,2021-09-13,2021-09-20,NOT_NEXT_SESSION(missed=4)
ESSENTIA.NS,2021-09-20,2021-09-27,NOT_NEXT_SESSION(missed=4)
ESSENTIA.NS,2021-09-27,2021-10-04,NOT_NEXT_SESSION(missed=4)
ESSENTIA.NS,2021-10-04,2021-10-11,NOT_NEXT_SESSION(missed=4)
ESSENTIA.NS,2021-10-11,2021-10-18,NOT_NEXT_SESSION(missed=3)
ESSENTIA.NS,2021-10-18,2021-10-25,NOT_NEXT_SESSION(missed=4)
ESSENTIA.NS,2021-10-25,2021-11-01,NOT_NEXT_SESSION(missed=4)
ESSENTIA.NS,2021-11-01,2021-11-15,NOT_NEXT_SESSION(missed=8)
ESSENTIA.NS,2021-11-15,2021-11-22,NOT_NEXT_SESSION(missed=3)
ESSENTIA.NS,2021-11-22,2021-12-06,NOT_NEXT_SESSION(missed=9)
ESSENTIA.NS,2021-12-06,2021-12-13,NOT_NEXT_SESSION(missed=4)
ESSENTIA.NS,2021-12-13,2021-12-15,NOT_NEXT_SESSION(missed=1)
ESSENTIA.NS,2021-12-15,2021-12-20,NOT_NEXT_SESSION(missed=2)
ESSENTIA.NS,2021-12-20,2021-12-27,NOT_NEXT_SESSION(missed=4)
ESSENTIA.NS,2021-12-27,2022-01-03,NOT_NEXT_SESSION(missed=4)
ESSENTIA.NS,2022-01-03,2022-01-10,NOT_NEXT_SESSION(missed=4)
ESSENTIA.NS,2022-01-10,2022-01-17,NOT_NEXT_SESSION(missed=4)
ESSENTIA.NS,2022-01-17,2022-01-24,NOT_NEXT_SESSION(missed=4)
ESSENTIA.NS,2022-01-24,2022-01-31,NOT_NEXT_SESSION(missed=3)
ESSENTIA.NS,2022-01-31,2022-02-07,NOT_NEXT_SESSION(missed=4)
ESSENTIA.NS,2022-02-07,2022-02-14,NOT_NEXT_SESSION(missed=4)
ESSENTIA.NS,2022-02-14,2022-02-21,NOT_NEXT_SESSION(missed=4)
ESSENTIA.NS,2022-02-21,2022-02-28,NOT_NEXT_SESSION(missed=4)
ESSENTIA.NS,2022-02-28,2022-03-07,NOT_NEXT_SESSION(missed=3)
ESSENTIA.NS,2022-03-07,2022-03-14,NOT_NEXT_SESSION(missed=4)
ESSENTIA.NS,2022-03-14,2022-03-21,NOT_NEXT_SESSION(missed=3)
ESSENTIA.NS,2022-03-21,2022-03-28,NOT_NEXT_SESSION(missed=4)
ESSENTIA.NS,2022-03-28,2022-04-04,NOT_NEXT_SESSION(missed=4)
ESSENTIA.NS,2022-04-04,2022-04-11,NOT_NEXT_SESSION(missed=4)
ESSENTIA.NS,2022-04-11,2022-04-18,NOT_NEXT_SESSION(missed=2)
ESSENTIA.NS,2022-04-18,2022-04-25,NOT_NEXT_SESSION(missed=4)
ESSENTIA.NS,2022-04-25,2022-05-02,NOT_NEXT_SESSION(missed=4)
ESSENTIA.NS,2022-05-02,2022-05-09,NOT_NEXT_SESSION(missed=3)
ESSENTIA.NS,2022-05-09,2022-05-16,NOT_NEXT_SESSION(missed=4)
ESSENTIA.NS,2022-05-16,2022-05-23,NOT_NEXT_SESSION(missed=4)
ESSENTIA.NS,2022-05-23,2022-05-30,NOT_NEXT_SESSION(missed=4)
ESSENTIA.NS,2022-05-30,2022-06-06,NOT_NEXT_SESSION(missed=4)
ESSENTIA.NS,2022-06-06,2022-06-13,NOT_NEXT_SESSION(missed=4)
ESSENTIA.NS,2022-06-13,2022-06-20,NOT_NEXT_SESSION(missed=4)
ESSENTIA.NS,2022-11-29,2022-12-05,NOT_NEXT_SESSION(missed=3)
ESSENTIA.NS,2022-12-05,2022-12-12,NOT_NEXT_SESSION(missed=4)
FCSSOFT.NS,2019-01-16,2019-02-21,NOT_NEXT_SESSION(missed=25)
FEDERALBNK.NS,2017-10-18,2017-10-19,UNRESOLVED_SESSION
FEDERALBNK.NS,2017-10-19,2017-10-23,UNRESOLVED_SESSION
FEDERALBNK.NS,2018-11-06,2018-11-07,UNRESOLVED_SESSION
FEDERALBNK.NS,2018-11-07,2018-11-09,UNRESOLVED_SESSION
FORCEMOT.NS,2023-10-25,2024-02-14,NOT_NEXT_SESSION(missed=76)
GANGAFORGE.NS,2023-07-06,2023-07-10,NOT_NEXT_SESSION(missed=1)
GANGAFORGE.NS,2023-07-10,2023-07-17,NOT_NEXT_SESSION(missed=4)
GANGAFORGE.NS,2023-07-17,2023-07-24,NOT_NEXT_SESSION(missed=4)
GANGESSECU.NS,2018-10-25,2018-10-29,NOT_NEXT_SESSION(missed=1)
GANGESSECU.NS,2018-11-22,2018-11-27,NOT_NEXT_SESSION(missed=1)
GANGESSECU.NS,2018-11-30,2019-01-09,NOT_NEXT_SESSION(missed=26)
GANGESSECU.NS,2019-04-25,2019-04-30,NOT_NEXT_SESSION(missed=1)
GANGESSECU.NS,2019-06-06,2019-06-10,NOT_NEXT_SESSION(missed=1)
GANGESSECU.NS,2019-06-12,2019-06-14,NOT_NEXT_SESSION(missed=1)
GANGESSECU.NS,2019-08-02,2019-08-06,NOT_NEXT_SESSION(missed=1)
GANGESSECU.NS,2019-08-23,2019-08-27,NOT_NEXT_SESSION(missed=1)
GANGESSECU.NS,2019-09-18,2019-09-20,NOT_NEXT_SESSION(missed=1)
GANGESSECU.NS,2020-03-20,2020-03-24,NOT_NEXT_SESSION(missed=1)
GANGESSECU.NS,2020-03-31,2020-04-03,NOT_NEXT_SESSION(missed=1)
GAYAHWS.NS,2021-07-20,2021-07-26,NOT_NEXT_SESSION(missed=2)
GAYAHWS.NS,2021-07-26,2021-08-02,NOT_NEXT_SESSION(missed=4)
GAYAHWS.NS,2021-08-02,2021-08-09,NOT_NEXT_SESSION(missed=4)
GAYAHWS.NS,2021-08-09,2021-08-16,NOT_NEXT_SESSION(missed=4)
GAYAHWS.NS,2021-08-16,2021-08-23,NOT_NEXT_SESSION(missed=3)
GAYAHWS.NS,2021-08-23,2021-08-30,NOT_NEXT_SESSION(missed=4)
GAYAHWS.NS,2021-08-30,2021-09-13,NOT_NEXT_SESSION(missed=8)
GAYAHWS.NS,2021-09-13,2021-09-15,NOT_NEXT_SESSION(missed=1)
GAYAHWS.NS,2021-12-27,2022-01-03,NOT_NEXT_SESSION(missed=4)
GAYAHWS.NS,2022-01-03,2022-01-10,NOT_NEXT_SESSION(missed=4)
GAYAHWS.NS,2022-01-10,2022-01-17,NOT_NEXT_SESSION(missed=4)
GAYAHWS.NS,2022-01-17,2022-01-24,NOT_NEXT_SESSION(missed=4)
GAYAHWS.NS,2022-01-24,2022-01-31,NOT_NEXT_SESSION(missed=3)
GAYAHWS.NS,2022-01-31,2022-02-07,NOT_NEXT_SESSION(missed=4)
GAYAHWS.NS,2022-02-07,2022-02-14,NOT_NEXT_SESSION(missed=4)
GAYAHWS.NS,2022-03-25,2022-04-04,NOT_NEXT_SESSION(missed=5)
GAYAHWS.NS,2022-04-04,2022-04-11,NOT_NEXT_SESSION(missed=4)
GAYAHWS.NS,2022-04-11,2022-04-18,NOT_NEXT_SESSION(missed=2)
GAYAHWS.NS,2022-04-18,2022-04-25,NOT_NEXT_SESSION(missed=4)
GAYAHWS.NS,2022-04-25,2022-05-02,NOT_NEXT_SESSION(missed=4)
GAYAHWS.NS,2022-05-02,2022-05-09,NOT_NEXT_SESSION(missed=3)
GAYAHWS.NS,2023-04-17,2023-04-19,NOT_NEXT_SESSION(missed=1)
GAYAHWS.NS,2023-04-21,2023-04-25,NOT_NEXT_SESSION(missed=1)
GAYAHWS.NS,2023-06-21,2023-06-26,NOT_NEXT_SESSION(missed=2)
GAYAHWS.NS,2023-06-26,2023-07-03,NOT_NEXT_SESSION(missed=3)
GAYAHWS.NS,2023-07-03,2023-07-10,NOT_NEXT_SESSION(missed=4)
GAYAHWS.NS,2023-07-10,2023-07-17,NOT_NEXT_SESSION(missed=4)
GAYAHWS.NS,2023-07-17,2023-07-24,NOT_NEXT_SESSION(missed=4)
GAYAHWS.NS,2023-11-23,2023-11-28,NOT_NEXT_SESSION(missed=1)
GAYAHWS.NS,2023-11-28,2023-12-04,NOT_NEXT_SESSION(missed=3)
GAYAHWS.NS,2023-12-04,2023-12-11,NOT_NEXT_SESSION(missed=4)
GAYAHWS.NS,2023-12-11,2023-12-18,NOT_NEXT_SESSION(missed=4)
GAYAHWS.NS,2023-12-18,2023-12-26,NOT_NEXT_SESSION(missed=4)
GAYAHWS.NS,2023-12-26,2024-01-01,NOT_NEXT_SESSION(missed=3)
GAYAHWS.NS,2024-01-01,2024-01-08,NOT_NEXT_SESSION(missed=4)
GAYAHWS.NS,2024-02-01,2024-02-05,NOT_NEXT_SESSION(missed=1)
GAYAHWS.NS,2024-02-05,2024-02-12,NOT_NEXT_SESSION(missed=4)
GAYAHWS.NS,2024-02-12,2024-02-19,NOT_NEXT_SESSION(missed=4)
GAYAHWS.NS,2024-02-19,2024-02-26,NOT_NEXT_SESSION(missed=4)
GAYAHWS.NS,2024-02-26,2024-03-04,NOT_NEXT_SESSION(missed=5)
GAYAHWS.NS,2024-03-04,2024-03-11,NOT_NEXT_SESSION(missed=3)
GAYAHWS.NS,2024-03-11,2024-03-18,NOT_NEXT_SESSION(missed=4)
GAYAHWS.NS,2024-03-18,2024-03-26,NOT_NEXT_SESSION(missed=4)
GAYAHWS.NS,2024-03-26,2024-04-01,NOT_NEXT_SESSION(missed=2)
GAYAHWS.NS,2024-04-01,2024-04-08,NOT_NEXT_SESSION(missed=4)
GAYAHWS.NS,2024-06-25,2024-07-01,NOT_NEXT_SESSION(missed=3)
GAYAHWS.NS,2024-07-01,2024-07-08,NOT_NEXT_SESSION(missed=4)
GAYAHWS.NS,2024-07-08,2024-07-15,NOT_NEXT_SESSION(missed=4)
GAYAHWS.NS,2024-07-15,2024-07-22,NOT_NEXT_SESSION(missed=3)
GAYAHWS.NS,2024-07-22,2024-07-29,NOT_NEXT_SESSION(missed=4)
GAYAHWS.NS,2024-07-29,2024-08-05,NOT_NEXT_SESSION(missed=4)
GAYAHWS.NS,2024-08-05,2024-08-12,NOT_NEXT_SESSION(missed=4)
GAYAHWS.NS,2024-08-12,2024-08-19,NOT_NEXT_SESSION(missed=3)
GAYAHWS.NS,2024-08-19,2024-08-26,NOT_NEXT_SESSION(missed=4)
GAYAHWS.NS,2024-08-26,2024-09-02,NOT_NEXT_SESSION(missed=4)
GAYAHWS.NS,2024-09-02,2024-09-09,NOT_NEXT_SESSION(missed=4)
GAYAHWS.NS,2024-09-09,2024-09-11,NOT_NEXT_SESSION(missed=1)
GAYAHWS.NS,2024-11-14,2024-11-25,NOT_NEXT_SESSION(missed=4)
GAYAHWS.NS,2024-11-25,2024-12-02,NOT_NEXT_SESSION(missed=4)
GAYAHWS.NS,2024-12-02,2024-12-09,NOT_NEXT_SESSION(missed=4)
GAYAHWS.NS,2024-12-09,2024-12-16,NOT_NEXT_SESSION(missed=4)
GAYAHWS.NS,2024-12-16,2024-12-23,NOT_NEXT_SESSION(missed=4)
GAYAHWS.NS,2024-12-23,2024-12-30,NOT_NEXT_SESSION(missed=3)
GAYAHWS.NS,2024-12-30,2025-01-06,NOT_NEXT_SESSION(missed=4)
GAYAHWS.NS,2025-01-06,2025-01-13,NOT_NEXT_SESSION(missed=4)
GAYAHWS.NS,2025-01-13,2025-01-20,NOT_NEXT_SESSION(missed=4)
GAYAHWS.NS,2025-01-20,2025-01-27,NOT_NEXT_SESSION(missed=4)
GAYAHWS.NS,2025-01-27,2025-02-03,NOT_NEXT_SESSION(missed=5)
GAYAHWS.NS,2025-02-03,2025-02-10,NOT_NEXT_SESSION(missed=4)
GAYAPROJ.NS,2017-10-18,2017-10-19,UNRESOLVED_SESSION
GAYAPROJ.NS,2017-10-19,2017-10-23,UNRESOLVED_SESSION
GAYAPROJ.NS,2018-11-06,2018-11-07,UNRESOLVED_SESSION
GAYAPROJ.NS,2018-11-07,2018-11-09,UNRESOLVED_SESSION
GAYAPROJ.NS,2023-04-11,2023-04-17,NOT_NEXT_SESSION(missed=2)
GAYAPROJ.NS,2023-04-17,2023-04-24,NOT_NEXT_SESSION(missed=4)
GAYAPROJ.NS,2023-04-24,2023-05-02,NOT_NEXT_SESSION(missed=4)
GAYAPROJ.NS,2023-05-02,2023-05-08,NOT_NEXT_SESSION(missed=3)
GAYAPROJ.NS,2023-05-08,2023-05-15,NOT_NEXT_SESSION(missed=4)
GAYAPROJ.NS,2023-05-15,2023-05-22,NOT_NEXT_SESSION(missed=4)
GAYAPROJ.NS,2023-05-22,2023-05-29,NOT_NEXT_SESSION(missed=4)
GAYAPROJ.NS,2023-05-29,2023-06-01,NOT_NEXT_SESSION(missed=2)
GAYAPROJ.NS,2023-07-20,2023-07-24,NOT_NEXT_SESSION(missed=1)
GAYAPROJ.NS,2023-07-24,2023-07-31,NOT_NEXT_SESSION(missed=4)
GAYAPROJ.NS,2023-07-31,2023-08-07,NOT_NEXT_SESSION(missed=4)
GAYAPROJ.NS,2023-08-07,2023-08-14,NOT_NEXT_SESSION(missed=4)
GAYAPROJ.NS,2023-08-14,2023-08-21,NOT_NEXT_SESSION(missed=3)
GAYAPROJ.NS,2023-08-21,2023-08-28,NOT_NEXT_SESSION(missed=4)
GAYAPROJ.NS,2023-08-28,2023-09-01,NOT_NEXT_SESSION(missed=3)
GAYAPROJ.NS,2023-12-26,2024-01-01,NOT_NEXT_SESSION(missed=3)
GAYAPROJ.NS,2024-01-01,2024-01-08,NOT_NEXT_SESSION(missed=4)
GAYAPROJ.NS,2024-01-08,2024-01-15,NOT_NEXT_SESSION(missed=4)
GAYAPROJ.NS,2024-01-15,2024-01-23,NOT_NEXT_SESSION(missed=5)
GAYAPROJ.NS,2024-01-23,2024-01-29,NOT_NEXT_SESSION(missed=2)
GAYAPROJ.NS,2024-01-29,2024-02-01,NOT_NEXT_SESSION(missed=2)
GAYAPROJ.NS,2024-03-02,2024-03-11,NOT_NEXT_SESSION(missed=4)
GAYAPROJ.NS,2024-03-11,2024-03-18,NOT_NEXT_SESSION(missed=4)
GAYAPROJ.NS,2024-03-18,2024-03-26,NOT_NEXT_SESSION(missed=4)
GAYAPROJ.NS,2024-03-26,2024-04-01,NOT_NEXT_SESSION(missed=2)
GAYAPROJ.NS,2024-04-01,2024-04-08,NOT_NEXT_SESSION(missed=4)
GAYAPROJ.NS,2024-04-08,2024-04-15,NOT_NEXT_SESSION(missed=3)
GAYAPROJ.NS,2024-04-15,2024-04-22,NOT_NEXT_SESSION(missed=3)
GAYAPROJ.NS,2024-04-22,2024-04-29,NOT_NEXT_SESSION(missed=4)
GAYAPROJ.NS,2024-04-29,2024-05-02,NOT_NEXT_SESSION(missed=1)
GAYAPROJ.NS,2024-05-24,2024-06-03,NOT_NEXT_SESSION(missed=5)
GAYAPROJ.NS,2024-06-03,2024-06-10,NOT_NEXT_SESSION(missed=4)
GAYAPROJ.NS,2024-06-10,2024-06-18,NOT_NEXT_SESSION(missed=4)
GAYAPROJ.NS,2024-06-18,2024-06-24,NOT_NEXT_SESSION(missed=3)
GAYAPROJ.NS,2024-06-24,2024-07-01,NOT_NEXT_SESSION(missed=4)
GAYAPROJ.NS,2024-07-31,2024-08-05,NOT_NEXT_SESSION(missed=2)
GAYAPROJ.NS,2024-08-05,2024-08-12,NOT_NEXT_SESSION(missed=4)
GAYAPROJ.NS,2024-08-12,2024-08-19,NOT_NEXT_SESSION(missed=3)
GAYAPROJ.NS,2024-08-19,2024-08-26,NOT_NEXT_SESSION(missed=4)
GAYAPROJ.NS,2024-08-26,2024-09-02,NOT_NEXT_SESSION(missed=4)
GAYAPROJ.NS,2024-09-02,2024-09-09,NOT_NEXT_SESSION(missed=4)
GAYAPROJ.NS,2024-09-09,2024-09-16,NOT_NEXT_SESSION(missed=4)
GAYAPROJ.NS,2024-09-16,2024-09-23,NOT_NEXT_SESSION(missed=4)
GAYAPROJ.NS,2024-09-23,2024-09-30,NOT_NEXT_SESSION(missed=4)
GAYAPROJ.NS,2024-10-04,2024-10-14,NOT_NEXT_SESSION(missed=5)
GAYAPROJ.NS,2024-10-14,2024-10-21,NOT_NEXT_SESSION(missed=4)
GAYAPROJ.NS,2024-10-21,2024-10-28,NOT_NEXT_SESSION(missed=4)
GAYAPROJ.NS,2024-10-28,2024-11-04,NOT_NEXT_SESSION(missed=4)
GAYAPROJ.NS,2024-11-04,2024-11-11,NOT_NEXT_SESSION(missed=4)
GAYAPROJ.NS,2025-04-22,2025-04-28,NOT_NEXT_SESSION(missed=3)
GAYAPROJ.NS,2025-04-28,2025-05-05,NOT_NEXT_SESSION(missed=3)
GAYAPROJ.NS,2025-05-05,2025-05-12,NOT_NEXT_SESSION(missed=4)
GAYAPROJ.NS,2025-05-12,2025-05-19,NOT_NEXT_SESSION(missed=4)
GAYAPROJ.NS,2025-05-19,2025-05-26,NOT_NEXT_SESSION(missed=4)
GAYAPROJ.NS,2025-05-26,2025-06-02,NOT_NEXT_SESSION(missed=4)
GAYAPROJ.NS,2025-09-15,2025-09-22,NOT_NEXT_SESSION(missed=4)
GAYAPROJ.NS,2025-09-22,2025-09-29,NOT_NEXT_SESSION(missed=4)
GAYAPROJ.NS,2025-09-29,2025-10-06,NOT_NEXT_SESSION(missed=3)
GAYAPROJ.NS,2025-10-06,2025-10-13,NOT_NEXT_SESSION(missed=4)
GAYAPROJ.NS,2025-10-13,2025-10-20,NOT_NEXT_SESSION(missed=4)
GAYAPROJ.NS,2025-10-20,2025-10-27,NOT_NEXT_SESSION(missed=3)
GAYAPROJ.NS,2025-10-27,2025-11-03,NOT_NEXT_SESSION(missed=4)
GAYAPROJ.NS,2025-11-03,2025-11-10,NOT_NEXT_SESSION(missed=3)
GAYAPROJ.NS,2025-11-10,2025-11-17,NOT_NEXT_SESSION(missed=4)
GAYAPROJ.NS,2025-11-17,2025-11-24,NOT_NEXT_SESSION(missed=4)
GAYAPROJ.NS,2025-11-24,2025-12-01,NOT_NEXT_SESSION(missed=4)
GAYAPROJ.NS,2025-12-01,2025-12-08,NOT_NEXT_SESSION(missed=4)
GAYAPROJ.NS,2025-12-08,2026-01-05,NOT_NEXT_SESSION(missed=18)
GAYAPROJ.NS,2026-01-05,2026-01-12,NOT_NEXT_SESSION(missed=4)
GAYAPROJ.NS,2026-01-12,2026-01-19,NOT_NEXT_SESSION(missed=3)
GAYAPROJ.NS,2026-01-19,2026-01-27,NOT_NEXT_SESSION(missed=4)
GAYAPROJ.NS,2026-01-27,2026-02-02,NOT_NEXT_SESSION(missed=4)
GAYAPROJ.NS,2026-02-02,2026-02-09,NOT_NEXT_SESSION(missed=4)
GAYAPROJ.NS,2026-02-09,2026-02-16,NOT_NEXT_SESSION(missed=4)
GAYAPROJ.NS,2026-02-16,2026-02-23,NOT_NEXT_SESSION(missed=4)
GAYAPROJ.NS,2026-02-23,2026-03-02,NOT_NEXT_SESSION(missed=4)
GAYAPROJ.NS,2026-03-02,2026-03-09,NOT_NEXT_SESSION(missed=3)
GAYAPROJ.NS,2026-03-09,2026-03-16,NOT_NEXT_SESSION(missed=4)
GAYAPROJ.NS,2026-03-16,2026-03-23,NOT_NEXT_SESSION(missed=4)
GAYAPROJ.NS,2026-03-23,2026-03-30,NOT_NEXT_SESSION(missed=3)
GAYAPROJ.NS,2026-03-30,2026-04-06,NOT_NEXT_SESSION(missed=2)
GAYAPROJ.NS,2026-04-06,2026-04-09,NOT_NEXT_SESSION(missed=2)
GFLLIMITED.NS,2019-08-05,2019-08-06,EXTREME_RETURN
GFLLIMITED.NS,2021-03-25,2021-03-26,EXTREME_RETURN
GFLLIMITED.NS,2024-10-24,2024-10-28,NOT_NEXT_SESSION(missed=1)
GICL.NS,2021-05-12,2021-11-04,NOT_NEXT_SESSION(missed=120)
GICL.NS,2021-11-08,2021-11-26,NOT_NEXT_SESSION(missed=12)
GICL.NS,2021-11-26,2021-11-30,NOT_NEXT_SESSION(missed=1)
GICL.NS,2021-12-01,2021-12-03,NOT_NEXT_SESSION(missed=1)
GICL.NS,2021-12-07,2021-12-09,NOT_NEXT_SESSION(missed=1)
GICL.NS,2021-12-10,2021-12-15,NOT_NEXT_SESSION(missed=2)
GICL.NS,2021-12-16,2021-12-20,NOT_NEXT_SESSION(missed=1)
GICL.NS,2021-12-28,2022-01-03,NOT_NEXT_SESSION(missed=3)
GICL.NS,2022-01-05,2022-01-07,NOT_NEXT_SESSION(missed=1)
GICL.NS,2022-01-19,2022-01-31,NOT_NEXT_SESSION(missed=6)
GICL.NS,2022-02-03,2022-02-09,NOT_NEXT_SESSION(missed=3)
GICL.NS,2022-02-09,2022-02-17,NOT_NEXT_SESSION(missed=5)
GICL.NS,2022-02-18,2022-02-23,NOT_NEXT_SESSION(missed=2)
GICL.NS,2022-02-24,2022-03-02,NOT_NEXT_SESSION(missed=2)
GICL.NS,2022-03-03,2022-03-17,NOT_NEXT_SESSION(missed=9)
GICL.NS,2022-03-17,2022-04-05,NOT_NEXT_SESSION(missed=11)
GICL.NS,2022-04-11,2022-04-13,NOT_NEXT_SESSION(missed=1)
GICL.NS,2022-04-18,2022-04-22,NOT_NEXT_SESSION(missed=3)
GICL.NS,2022-04-22,2022-04-28,NOT_NEXT_SESSION(missed=3)
GICL.NS,2022-05-02,2022-05-09,NOT_NEXT_SESSION(missed=3)
GICL.NS,2022-05-10,2022-05-12,NOT_NEXT_SESSION(missed=1)
GICL.NS,2022-05-16,2022-05-18,NOT_NEXT_SESSION(missed=1)
GICL.NS,2022-05-18,2022-05-24,NOT_NEXT_SESSION(missed=3)
GICL.NS,2022-07-21,2022-07-26,NOT_NEXT_SESSION(missed=2)
GICL.NS,2022-07-27,2022-07-29,NOT_NEXT_SESSION(missed=1)
GICL.NS,2022-08-02,2022-08-11,NOT_NEXT_SESSION(missed=5)
GICL.NS,2022-08-11,2022-08-18,NOT_NEXT_SESSION(missed=3)
GICL.NS,2022-08-18,2022-08-22,NOT_NEXT_SESSION(missed=1)
GICL.NS,2022-08-22,2022-08-24,NOT_NEXT_SESSION(missed=1)
GICL.NS,2022-08-24,2022-08-26,NOT_NEXT_SESSION(missed=1)
GICL.NS,2022-08-29,2022-09-06,NOT_NEXT_SESSION(missed=4)
GICL.NS,2022-09-07,2022-09-09,NOT_NEXT_SESSION(missed=1)
GICL.NS,2022-09-12,2022-09-20,NOT_NEXT_SESSION(missed=5)
GICL.NS,2022-09-20,2022-09-27,NOT_NEXT_SESSION(missed=4)
GICL.NS,2022-09-28,2022-09-30,NOT_NEXT_SESSION(missed=1)
GICL.NS,2022-09-30,2022-10-10,NOT_NEXT_SESSION(missed=4)
GICL.NS,2022-10-10,2022-10-12,NOT_NEXT_SESSION(missed=1)
GICL.NS,2022-10-12,2022-10-20,NOT_NEXT_SESSION(missed=5)
GICL.NS,2022-10-20,2022-10-24,NOT_NEXT_SESSION(missed=1)
GICL.NS,2022-10-24,2022-10-28,NOT_NEXT_SESSION(missed=2)
GICL.NS,2022-11-10,2022-11-14,NOT_NEXT_SESSION(missed=1)
GICL.NS,2022-11-17,2022-11-21,NOT_NEXT_SESSION(missed=1)
GICL.NS,2022-11-29,2022-12-01,NOT_NEXT_SESSION(missed=1)
GICL.NS,2022-12-14,2022-12-16,NOT_NEXT_SESSION(missed=1)
GICL.NS,2022-12-16,2022-12-20,NOT_NEXT_SESSION(missed=1)
GICL.NS,2022-12-27,2022-12-29,NOT_NEXT_SESSION(missed=1)
GICL.NS,2022-12-30,2023-01-03,NOT_NEXT_SESSION(missed=1)
GICL.NS,2023-01-04,2023-01-06,NOT_NEXT_SESSION(missed=1)
GICL.NS,2023-01-06,2023-01-13,NOT_NEXT_SESSION(missed=4)
GICL.NS,2023-01-16,2023-01-18,NOT_NEXT_SESSION(missed=1)
GICL.NS,2023-01-19,2023-01-23,NOT_NEXT_SESSION(missed=1)
GICL.NS,2023-02-07,2023-02-10,NOT_NEXT_SESSION(missed=2)
GICL.NS,2023-02-13,2023-02-16,NOT_NEXT_SESSION(missed=2)
GICL.NS,2023-02-28,2023-03-09,NOT_NEXT_SESSION(missed=5)
GICL.NS,2023-03-10,2023-03-14,NOT_NEXT_SESSION(missed=1)
GICL.NS,2023-03-14,2023-03-16,NOT_NEXT_SESSION(missed=1)
GICL.NS,2023-03-16,2023-03-20,NOT_NEXT_SESSION(missed=1)
GICL.NS,2023-03-23,2023-03-27,NOT_NEXT_SESSION(missed=1)
GICL.NS,2023-03-29,2023-04-03,NOT_NEXT_SESSION(missed=1)
GICL.NS,2023-04-03,2023-04-10,NOT_NEXT_SESSION(missed=2)
GICL.NS,2023-04-10,2023-04-17,NOT_NEXT_SESSION(missed=3)
GICL.NS,2023-04-21,2023-04-28,NOT_NEXT_SESSION(missed=4)
GICL.NS,2023-04-28,2023-05-04,NOT_NEXT_SESSION(missed=2)
GICL.NS,2023-05-23,2023-06-01,NOT_NEXT_SESSION(missed=6)
GICL.NS,2023-06-05,2023-06-07,NOT_NEXT_SESSION(missed=1)
GICL.NS,2023-06-07,2023-06-14,NOT_NEXT_SESSION(missed=4)
GICL.NS,2023-06-14,2023-06-16,NOT_NEXT_SESSION(missed=1)
GICL.NS,2023-06-21,2023-06-23,NOT_NEXT_SESSION(missed=1)
GICL.NS,2023-06-26,2023-06-28,NOT_NEXT_SESSION(missed=1)
GICL.NS,2023-06-28,2023-07-06,NOT_NEXT_SESSION(missed=4)
GICL.NS,2023-07-06,2023-07-11,NOT_NEXT_SESSION(missed=2)
GICL.NS,2023-07-11,2023-07-17,NOT_NEXT_SESSION(missed=3)
GICL.NS,2023-07-18,2023-07-24,NOT_NEXT_SESSION(missed=3)
GICL.NS,2023-07-26,2023-07-31,NOT_NEXT_SESSION(missed=2)
GICL.NS,2023-08-01,2023-08-03,NOT_NEXT_SESSION(missed=1)
GICL.NS,2023-08-04,2023-08-08,NOT_NEXT_SESSION(missed=1)
GICL.NS,2023-08-23,2023-08-29,NOT_NEXT_SESSION(missed=3)
GICL.NS,2023-08-29,2023-09-01,NOT_NEXT_SESSION(missed=2)
GICL.NS,2023-09-01,2023-09-05,NOT_NEXT_SESSION(missed=1)
GICL.NS,2023-09-14,2023-09-18,NOT_NEXT_SESSION(missed=1)
GICL.NS,2023-09-26,2023-09-29,NOT_NEXT_SESSION(missed=2)
GICL.NS,2023-10-03,2023-10-05,NOT_NEXT_SESSION(missed=1)
GICL.NS,2023-10-16,2023-10-25,NOT_NEXT_SESSION(missed=5)
GICL.NS,2023-10-26,2023-10-30,NOT_NEXT_SESSION(missed=1)
GICL.NS,2023-12-18,2024-01-01,NOT_NEXT_SESSION(missed=8)
GICL.NS,2024-01-31,2024-02-02,NOT_NEXT_SESSION(missed=1)
GICL.NS,2024-02-13,2024-02-15,NOT_NEXT_SESSION(missed=1)
GICL.NS,2024-02-15,2024-02-21,NOT_NEXT_SESSION(missed=3)
GICL.NS,2024-02-22,2024-02-29,NOT_NEXT_SESSION(missed=4)
GICL.NS,2024-02-29,2024-03-06,NOT_NEXT_SESSION(missed=4)
GICL.NS,2024-03-06,2024-03-11,NOT_NEXT_SESSION(missed=1)
GICL.NS,2024-05-17,2024-05-23,NOT_NEXT_SESSION(missed=3)
GICL.NS,2024-05-24,2024-05-29,NOT_NEXT_SESSION(missed=2)
GICL.NS,2024-05-30,2024-06-04,NOT_NEXT_SESSION(missed=2)
GICL.NS,2024-06-05,2024-06-07,NOT_NEXT_SESSION(missed=1)
GICL.NS,2024-06-12,2024-06-14,NOT_NEXT_SESSION(missed=1)
GICL.NS,2024-06-14,2024-06-19,NOT_NEXT_SESSION(missed=1)
GICL.NS,2024-10-01,2024-10-04,NOT_NEXT_SESSION(missed=1)
GICL.NS,2024-10-09,2024-10-11,NOT_NEXT_SESSION(missed=1)
GICL.NS,2024-11-13,2024-11-18,NOT_NEXT_SESSION(missed=1)
GICL.NS,2024-12-27,2024-12-31,NOT_NEXT_SESSION(missed=1)
GICL.NS,2025-01-20,2025-01-22,NOT_NEXT_SESSION(missed=1)
GICL.NS,2025-01-22,2025-01-24,NOT_NEXT_SESSION(missed=1)
GICL.NS,2025-01-24,2025-01-28,NOT_NEXT_SESSION(missed=1)
GICL.NS,2025-01-30,2025-02-03,NOT_NEXT_SESSION(missed=2)
GICL.NS,2025-02-06,2025-02-10,NOT_NEXT_SESSION(missed=1)
GICL.NS,2025-02-11,2025-02-17,NOT_NEXT_SESSION(missed=3)
GICL.NS,2025-02-17,2025-02-21,NOT_NEXT_SESSION(missed=3)
GICL.NS,2025-02-21,2025-02-25,NOT_NEXT_SESSION(missed=1)
GICL.NS,2025-03-07,2025-03-11,NOT_NEXT_SESSION(missed=1)
GICL.NS,2025-03-12,2025-03-17,NOT_NEXT_SESSION(missed=1)
GILLANDERS.NS,2019-09-12,2019-09-16,NOT_NEXT_SESSION(missed=1)
GILLANDERS.NS,2019-10-25,2019-10-29,NOT_NEXT_SESSION(missed=1)
GILLANDERS.NS,2020-05-05,2020-05-07,NOT_NEXT_SESSION(missed=1)
GKWLIMITED.NS,2018-11-09,2018-11-13,NOT_NEXT_SESSION(missed=1)
GKWLIMITED.NS,2019-05-30,2019-06-03,NOT_NEXT_SESSION(missed=1)
GKWLIMITED.NS,2019-06-27,2019-07-01,NOT_NEXT_SESSION(missed=1)
GKWLIMITED.NS,2019-09-09,2019-09-13,NOT_NEXT_SESSION(missed=2)
GKWLIMITED.NS,2020-03-23,2020-03-25,NOT_NEXT_SESSION(missed=1)
GKWLIMITED.NS,2020-04-20,2020-04-22,NOT_NEXT_SESSION(missed=1)
GLFL.NS,2021-05-27,2021-05-31,NOT_NEXT_SESSION(missed=1)
GLFL.NS,2021-11-03,2021-11-08,NOT_NEXT_SESSION(missed=1)
GLFL.NS,2021-12-13,2021-12-27,NOT_NEXT_SESSION(missed=9)
GLFL.NS,2021-12-27,2022-01-03,NOT_NEXT_SESSION(missed=4)
GLFL.NS,2022-01-03,2022-01-10,NOT_NEXT_SESSION(missed=4)
GLFL.NS,2022-01-10,2022-01-17,NOT_NEXT_SESSION(missed=4)
GLFL.NS,2022-01-17,2022-01-24,NOT_NEXT_SESSION(missed=4)
GLFL.NS,2022-01-24,2022-02-15,NOT_NEXT_SESSION(missed=14)
GLFL.NS,2022-02-15,2022-02-17,NOT_NEXT_SESSION(missed=1)
GLFL.NS,2022-03-07,2022-03-10,NOT_NEXT_SESSION(missed=2)
GLFL.NS,2022-04-19,2022-04-28,NOT_NEXT_SESSION(missed=6)
GLFL.NS,2022-04-28,2022-05-09,NOT_NEXT_SESSION(missed=5)
GLFL.NS,2022-05-19,2022-05-24,NOT_NEXT_SESSION(missed=2)
GLFL.NS,2022-05-24,2022-05-26,NOT_NEXT_SESSION(missed=1)
GLFL.NS,2022-09-21,2022-09-23,NOT_NEXT_SESSION(missed=1)
GLFL.NS,2022-09-29,2022-10-03,NOT_NEXT_SESSION(missed=1)
GLFL.NS,2023-02-14,2023-02-16,NOT_NEXT_SESSION(missed=1)
GLFL.NS,2023-02-23,2023-02-27,NOT_NEXT_SESSION(missed=1)
GLFL.NS,2023-03-27,2023-03-29,NOT_NEXT_SESSION(missed=1)
GLFL.NS,2023-03-29,2023-04-03,NOT_NEXT_SESSION(missed=1)
GLFL.NS,2023-04-18,2023-04-21,NOT_NEXT_SESSION(missed=2)
GLFL.NS,2023-05-04,2023-05-08,NOT_NEXT_SESSION(missed=1)
GLFL.NS,2023-05-25,2023-05-29,NOT_NEXT_SESSION(missed=1)
GLFL.NS,2023-06-12,2023-06-14,NOT_NEXT_SESSION(missed=1)
GLFL.NS,2023-08-17,2023-08-21,NOT_NEXT_SESSION(missed=1)
GLFL.NS,2025-02-05,2025-02-07,NOT_NEXT_SESSION(missed=1)
GLFL.NS,2025-02-13,2025-02-17,NOT_NEXT_SESSION(missed=1)
GLFL.NS,2025-02-17,2025-02-24,NOT_NEXT_SESSION(missed=4)
GLFL.NS,2025-02-24,2025-03-10,NOT_NEXT_SESSION(missed=8)
GLFL.NS,2025-03-10,2025-03-12,NOT_NEXT_SESSION(missed=1)
GLFL.NS,2025-04-29,2025-05-02,NOT_NEXT_SESSION(missed=1)
GLFL.NS,2025-05-14,2025-05-16,NOT_NEXT_SESSION(missed=1)
GLFL.NS,2025-06-06,2025-06-10,NOT_NEXT_SESSION(missed=1)
GLFL.NS,2025-07-09,2025-07-11,NOT_NEXT_SESSION(missed=1)
GLFL.NS,2025-10-29,2025-11-03,NOT_NEXT_SESSION(missed=2)
GLFL.NS,2025-11-03,2025-11-10,NOT_NEXT_SESSION(missed=3)
GLFL.NS,2025-11-10,2025-11-17,NOT_NEXT_SESSION(missed=4)
GLFL.NS,2025-11-17,2025-12-01,NOT_NEXT_SESSION(missed=9)
GLFL.NS,2025-12-01,2025-12-08,NOT_NEXT_SESSION(missed=4)
GLFL.NS,2025-12-08,2025-12-10,NOT_NEXT_SESSION(missed=1)
GLFL.NS,2025-12-12,2025-12-22,NOT_NEXT_SESSION(missed=5)
GLFL.NS,2025-12-22,2025-12-29,NOT_NEXT_SESSION(missed=3)
GLFL.NS,2025-12-29,2026-01-05,NOT_NEXT_SESSION(missed=4)
GLFL.NS,2026-01-05,2026-01-12,NOT_NEXT_SESSION(missed=4)
GLOBAL.NS,2022-06-20,2022-06-21,EXTREME_RETURN
GLOBE.NS,2023-06-20,2023-06-26,NOT_NEXT_SESSION(missed=3)
GLOBE.NS,2023-06-26,2023-07-03,NOT_NEXT_SESSION(missed=3)
GLOBE.NS,2023-07-03,2023-07-10,NOT_NEXT_SESSION(missed=4)
GLOBE.NS,2023-07-10,2023-07-17,NOT_NEXT_SESSION(missed=4)
GLOBE.NS,2023-07-17,2023-07-24,NOT_NEXT_SESSION(missed=4)
GOKUL.NS,2019-01-07,2019-02-21,NOT_NEXT_SESSION(missed=32)
GOKULAGRO.NS,2019-01-07,2019-02-21,NOT_NEXT_SESSION(missed=32)
GROBTEA.NS,2018-12-04,2018-12-06,NOT_NEXT_SESSION(missed=1)
GROBTEA.NS,2018-12-17,2018-12-19,NOT_NEXT_SESSION(missed=1)
GROBTEA.NS,2019-05-13,2019-05-15,NOT_NEXT_SESSION(missed=1)
GROBTEA.NS,2019-06-25,2019-06-27,NOT_NEXT_SESSION(missed=1)
GROBTEA.NS,2019-07-02,2019-07-04,NOT_NEXT_SESSION(missed=1)
GROBTEA.NS,2019-07-09,2019-07-11,NOT_NEXT_SESSION(missed=1)
GROBTEA.NS,2019-07-19,2019-07-23,NOT_NEXT_SESSION(missed=1)
GROBTEA.NS,2019-08-02,2019-08-06,NOT_NEXT_SESSION(missed=1)
GROBTEA.NS,2019-08-21,2019-08-23,NOT_NEXT_SESSION(missed=1)
GROBTEA.NS,2019-11-07,2019-11-11,NOT_NEXT_SESSION(missed=1)
GROBTEA.NS,2020-07-24,2020-07-28,NOT_NEXT_SESSION(missed=1)
GROBTEA.NS,2023-05-04,2023-05-08,NOT_NEXT_SESSION(missed=1)
GROBTEA.NS,2023-06-07,2023-06-09,NOT_NEXT_SESSION(missed=1)
GROBTEA.NS,2024-03-01,2024-03-04,NOT_NEXT_SESSION(missed=1)
GROBTEA.NS,2025-10-20,2025-10-23,NOT_NEXT_SESSION(missed=1)
GRPLTD.NS,2018-12-13,2018-12-17,NOT_NEXT_SESSION(missed=1)
GRPLTD.NS,2018-12-18,2018-12-20,NOT_NEXT_SESSION(missed=1)
GRPLTD.NS,2019-01-10,2019-01-14,NOT_NEXT_SESSION(missed=1)
GRPLTD.NS,2019-05-20,2019-05-22,NOT_NEXT_SESSION(missed=1)
GRPLTD.NS,2019-09-30,2019-10-03,NOT_NEXT_SESSION(missed=1)
GRPLTD.NS,2019-10-09,2019-10-11,NOT_NEXT_SESSION(missed=1)
GRPLTD.NS,2019-10-14,2019-10-16,NOT_NEXT_SESSION(missed=1)
GRPLTD.NS,2019-12-19,2019-12-23,NOT_NEXT_SESSION(missed=1)
GRPLTD.NS,2020-07-09,2020-07-13,NOT_NEXT_SESSION(missed=1)
GRPLTD.NS,2024-10-24,2024-10-28,NOT_NEXT_SESSION(missed=1)
GSEC10ABSL.NS,2026-03-12,2026-03-16,NOT_NEXT_SESSION(missed=1)
GSEC10ABSL.NS,2026-03-27,2026-04-01,NOT_NEXT_SESSION(missed=1)
GSEC10ABSL.NS,2026-04-07,2026-04-09,NOT_NEXT_SESSION(missed=1)
GSEC10ABSL.NS,2026-04-20,2026-04-22,NOT_NEXT_SESSION(missed=1)
GSEC10ABSL.NS,2026-04-28,2026-04-30,NOT_NEXT_SESSION(missed=1)
GSEC10ABSL.NS,2026-05-04,2026-05-07,NOT_NEXT_SESSION(missed=2)
GSEC10ABSL.NS,2026-05-07,2026-05-11,NOT_NEXT_SESSION(missed=1)
GSEC10ABSL.NS,2026-05-12,2026-05-19,NOT_NEXT_SESSION(missed=4)
GSEC10ABSL.NS,2026-05-19,2026-05-21,NOT_NEXT_SESSION(missed=1)
GSEC10ABSL.NS,2026-05-29,2026-06-02,NOT_NEXT_SESSION(missed=1)
GSEC10ABSL.NS,2026-06-02,2026-06-11,NOT_NEXT_SESSION(missed=6)
GSEC10ABSL.NS,2026-06-15,2026-06-17,NOT_NEXT_SESSION(missed=1)
GSEC10ABSL.NS,2026-06-17,2026-06-19,NOT_NEXT_SESSION(missed=1)
GSEC10ABSL.NS,2026-06-22,2026-06-25,NOT_NEXT_SESSION(missed=2)
GSEC10ABSL.NS,2026-06-25,2026-06-30,NOT_NEXT_SESSION(missed=1)
GSEC10ABSL.NS,2026-07-01,2026-07-03,NOT_NEXT_SESSION(missed=1)
GSEC10ABSL.NS,2026-07-10,2026-07-14,NOT_NEXT_SESSION(missed=1)
GSEC10ABSL.NS,2026-07-17,2026-07-21,NOT_NEXT_SESSION(missed=1)
GSEC10ABSL.NS,2026-07-22,2026-07-27,NOT_NEXT_SESSION(missed=2)
GSEC10ABSL.NS,2026-07-28,2026-07-31,NOT_NEXT_SESSION(missed=2)
GSEC10ABSL.NS,2026-08-03,2026-08-06,NOT_NEXT_SESSION(missed=2)
GSEC10ABSL.NS,2026-08-06,2026-08-10,NOT_NEXT_SESSION(missed=1)
GSEC10ABSL.NS,2026-08-10,2026-08-21,NOT_NEXT_SESSION(missed=8)
GSEC10ABSL.NS,2026-08-24,2026-08-26,NOT_NEXT_SESSION(missed=1)
GSEC10ABSL.NS,2026-08-26,2026-08-28,NOT_NEXT_SESSION(missed=1)
GSEC10YEAR.NS,2026-05-26,2026-05-29,NOT_NEXT_SESSION(missed=1)
GTL.NS,2019-01-16,2019-02-21,NOT_NEXT_SESSION(missed=25)
GTL.NS,2020-06-18,2020-06-22,NOT_NEXT_SESSION(missed=1)
GTL.NS,2020-06-22,2020-06-29,NOT_NEXT_SESSION(missed=4)
GTL.NS,2020-06-29,2020-07-06,NOT_NEXT_SESSION(missed=4)
GTL.NS,2020-07-06,2020-07-13,NOT_NEXT_SESSION(missed=4)
GTL.NS,2020-07-13,2020-07-20,NOT_NEXT_SESSION(missed=4)
GTL.NS,2020-07-20,2020-07-27,NOT_NEXT_SESSION(missed=4)
GTL.NS,2020-07-27,2020-08-03,NOT_NEXT_SESSION(missed=4)
GTL.NS,2020-08-03,2020-08-10,NOT_NEXT_SESSION(missed=4)
GTL.NS,2020-08-10,2020-08-17,NOT_NEXT_SESSION(missed=4)
GTL.NS,2020-08-17,2020-08-24,NOT_NEXT_SESSION(missed=4)
GTL.NS,2020-08-24,2020-08-31,NOT_NEXT_SESSION(missed=4)
GTL.NS,2020-08-31,2020-09-07,NOT_NEXT_SESSION(missed=4)
GTL.NS,2020-09-07,2020-09-14,NOT_NEXT_SESSION(missed=4)
GUJRAFFIA.NS,2019-09-12,2019-09-16,NOT_NEXT_SESSION(missed=1)
GUJRAFFIA.NS,2019-09-16,2019-09-18,NOT_NEXT_SESSION(missed=1)
GUJRAFFIA.NS,2019-09-25,2019-09-27,NOT_NEXT_SESSION(missed=1)
GUJRAFFIA.NS,2019-09-27,2019-10-10,NOT_NEXT_SESSION(missed=6)
GUJRAFFIA.NS,2019-10-14,2019-10-17,NOT_NEXT_SESSION(missed=2)
GUJRAFFIA.NS,2019-10-22,2019-10-31,NOT_NEXT_SESSION(missed=6)
GUJRAFFIA.NS,2019-11-05,2019-11-07,NOT_NEXT_SESSION(missed=1)
GUJRAFFIA.NS,2019-11-07,2019-11-11,NOT_NEXT_SESSION(missed=1)
GUJRAFFIA.NS,2019-11-13,2019-11-20,NOT_NEXT_SESSION(missed=4)
GUJRAFFIA.NS,2019-11-25,2019-11-27,NOT_NEXT_SESSION(missed=1)
GUJRAFFIA.NS,2019-11-29,2019-12-05,NOT_NEXT_SESSION(missed=3)
GUJRAFFIA.NS,2019-12-05,2019-12-09,NOT_NEXT_SESSION(missed=1)
GUJRAFFIA.NS,2019-12-09,2019-12-16,NOT_NEXT_SESSION(missed=4)
GUJRAFFIA.NS,2019-12-16,2019-12-20,NOT_NEXT_SESSION(missed=3)
GUJRAFFIA.NS,2019-12-23,2019-12-26,NOT_NEXT_SESSION(missed=1)
GUJRAFFIA.NS,2019-12-27,2020-01-10,NOT_NEXT_SESSION(missed=9)
GUJRAFFIA.NS,2020-01-10,2020-01-14,NOT_NEXT_SESSION(missed=1)
GUJRAFFIA.NS,2020-01-14,2020-01-16,NOT_NEXT_SESSION(missed=1)
GUJRAFFIA.NS,2020-01-16,2020-01-20,NOT_NEXT_SESSION(missed=1)
GUJRAFFIA.NS,2020-02-26,2020-02-28,NOT_NEXT_SESSION(missed=1)
GUJRAFFIA.NS,2020-03-06,2020-03-11,NOT_NEXT_SESSION(missed=1)
GUJRAFFIA.NS,2020-03-20,2020-03-26,NOT_NEXT_SESSION(missed=3)
GUJRAFFIA.NS,2020-03-26,2020-03-30,NOT_NEXT_SESSION(missed=1)
GUJRAFFIA.NS,2020-04-01,2020-04-07,NOT_NEXT_SESSION(missed=1)
GUJRAFFIA.NS,2020-04-08,2020-04-13,NOT_NEXT_SESSION(missed=1)
GUJRAFFIA.NS,2020-04-20,2020-04-22,NOT_NEXT_SESSION(missed=1)
GUJRAFFIA.NS,2020-04-22,2020-04-24,NOT_NEXT_SESSION(missed=1)
GUJRAFFIA.NS,2020-05-27,2020-05-29,NOT_NEXT_SESSION(missed=1)
GUJRAFFIA.NS,2020-06-11,2020-06-15,NOT_NEXT_SESSION(missed=1)
GUJRAFFIA.NS,2020-07-09,2020-07-13,NOT_NEXT_SESSION(missed=1)
GUJRAFFIA.NS,2020-09-07,2020-09-10,NOT_NEXT_SESSION(missed=2)
GUJRAFFIA.NS,2020-09-16,2020-09-18,NOT_NEXT_SESSION(missed=1)
GUJRAFFIA.NS,2020-09-21,2020-09-23,NOT_NEXT_SESSION(missed=1)
GUJRAFFIA.NS,2020-09-25,2020-09-29,NOT_NEXT_SESSION(missed=1)
GUJRAFFIA.NS,2020-11-25,2020-11-27,NOT_NEXT_SESSION(missed=1)
GUJRAFFIA.NS,2023-03-23,2023-03-27,NOT_NEXT_SESSION(missed=1)
HALEOSLABS.NS,2026-08-19,2026-08-21,NOT_NEXT_SESSION(missed=1)
HAVISHA.NS,2019-10-25,2019-10-29,NOT_NEXT_SESSION(missed=1)
HAVISHA.NS,2019-11-19,2019-11-21,NOT_NEXT_SESSION(missed=1)
HAVISHA.NS,2020-01-31,2020-02-03,NOT_NEXT_SESSION(missed=1)
HAVISHA.NS,2020-02-20,2020-02-25,NOT_NEXT_SESSION(missed=1)
HBSL.NS,2019-09-16,2019-09-24,NOT_NEXT_SESSION(missed=5)
HBSL.NS,2019-10-11,2019-10-15,NOT_NEXT_SESSION(missed=1)
HBSL.NS,2019-10-18,2019-10-24,NOT_NEXT_SESSION(missed=2)
HBSL.NS,2019-10-25,2019-10-29,NOT_NEXT_SESSION(missed=1)
HBSL.NS,2019-11-01,2019-11-06,NOT_NEXT_SESSION(missed=2)
HBSL.NS,2019-11-06,2019-11-14,NOT_NEXT_SESSION(missed=4)
HBSL.NS,2019-11-18,2019-11-22,NOT_NEXT_SESSION(missed=3)
HBSL.NS,2019-11-22,2019-11-26,NOT_NEXT_SESSION(missed=1)
HBSL.NS,2019-11-27,2019-11-29,NOT_NEXT_SESSION(missed=1)
HBSL.NS,2019-12-03,2019-12-06,NOT_NEXT_SESSION(missed=2)
HBSL.NS,2019-12-09,2019-12-12,NOT_NEXT_SESSION(missed=2)
HBSL.NS,2019-12-13,2019-12-20,NOT_NEXT_SESSION(missed=4)
HBSL.NS,2019-12-24,2019-12-30,NOT_NEXT_SESSION(missed=2)
HBSL.NS,2020-01-02,2020-01-16,NOT_NEXT_SESSION(missed=9)
HBSL.NS,2020-01-17,2020-01-21,NOT_NEXT_SESSION(missed=1)
HBSL.NS,2020-01-27,2020-01-30,NOT_NEXT_SESSION(missed=2)
HBSL.NS,2020-01-30,2020-02-05,NOT_NEXT_SESSION(missed=4)
HBSL.NS,2020-02-07,2020-02-12,NOT_NEXT_SESSION(missed=2)
HBSL.NS,2020-02-14,2020-02-24,NOT_NEXT_SESSION(missed=4)
HBSL.NS,2020-02-25,2020-03-02,NOT_NEXT_SESSION(missed=3)
HBSL.NS,2020-03-04,2020-03-06,NOT_NEXT_SESSION(missed=1)
HBSL.NS,2020-03-06,2020-03-11,NOT_NEXT_SESSION(missed=1)
HBSL.NS,2020-03-11,2020-03-20,NOT_NEXT_SESSION(missed=6)
HBSL.NS,2020-03-20,2020-03-24,NOT_NEXT_SESSION(missed=1)
HBSL.NS,2020-03-24,2020-03-27,NOT_NEXT_SESSION(missed=2)
HBSL.NS,2020-03-30,2020-04-09,NOT_NEXT_SESSION(missed=5)
HBSL.NS,2020-04-22,2020-04-24,NOT_NEXT_SESSION(missed=1)
HBSL.NS,2020-04-27,2020-05-05,NOT_NEXT_SESSION(missed=4)
HBSL.NS,2020-05-06,2020-05-12,NOT_NEXT_SESSION(missed=3)
HBSL.NS,2020-05-14,2020-05-18,NOT_NEXT_SESSION(missed=1)
HBSL.NS,2020-05-18,2020-05-20,NOT_NEXT_SESSION(missed=1)
HBSL.NS,2020-05-20,2020-05-27,NOT_NEXT_SESSION(missed=3)
HBSL.NS,2020-05-27,2020-06-03,NOT_NEXT_SESSION(missed=4)
HBSL.NS,2020-07-13,2020-07-16,NOT_NEXT_SESSION(missed=2)
HBSL.NS,2020-07-23,2020-07-28,NOT_NEXT_SESSION(missed=2)
HBSL.NS,2020-07-28,2020-07-31,NOT_NEXT_SESSION(missed=2)
HBSL.NS,2020-07-31,2020-08-06,NOT_NEXT_SESSION(missed=3)
HBSL.NS,2020-08-10,2020-08-13,NOT_NEXT_SESSION(missed=2)
HBSL.NS,2020-09-21,2020-09-24,NOT_NEXT_SESSION(missed=2)
HBSL.NS,2020-11-04,2020-11-06,NOT_NEXT_SESSION(missed=1)
HBSL.NS,2020-11-24,2020-11-26,NOT_NEXT_SESSION(missed=1)
HBSL.NS,2020-12-03,2020-12-07,NOT_NEXT_SESSION(missed=1)
HBSL.NS,2020-12-21,2020-12-23,NOT_NEXT_SESSION(missed=1)
HBSL.NS,2024-03-01,2024-03-04,NOT_NEXT_SESSION(missed=1)
HEALTHADD.NS,2025-10-20,2025-10-23,NOT_NEXT_SESSION(missed=1)
HEALTHX.NS,2020-05-19,2020-05-21,NOT_NEXT_SESSION(missed=1)
HECPROJECT.NS,2023-07-20,2023-07-24,NOT_NEXT_SESSION(missed=1)
HEG.NS,2026-09-04,2026-09-07,EXTREME_RETURN
HEXATRADEX.NS,2018-11-06,2018-11-07,UNRESOLVED_SESSION
HEXATRADEX.NS,2018-11-07,2018-11-09,UNRESOLVED_SESSION
HEXATRADEX.NS,2018-11-30,2019-02-21,NOT_NEXT_SESSION(missed=57)
HEXATRADEX.NS,2019-08-02,2019-08-06,NOT_NEXT_SESSION(missed=1)
HINDCON.NS,2021-04-06,2021-04-08,NOT_NEXT_SESSION(missed=1)
HINDCON.NS,2021-04-08,2021-04-15,NOT_NEXT_SESSION(missed=3)
HINDCON.NS,2021-04-15,2021-04-23,NOT_NEXT_SESSION(missed=4)
HINDCON.NS,2021-04-23,2021-04-27,NOT_NEXT_SESSION(missed=1)
HINDCON.NS,2021-04-27,2021-05-04,NOT_NEXT_SESSION(missed=4)
HINDCON.NS,2021-05-07,2021-05-11,NOT_NEXT_SESSION(missed=1)
HINDCON.NS,2021-06-09,2021-06-11,NOT_NEXT_SESSION(missed=1)
HINDCON.NS,2021-06-15,2021-06-17,NOT_NEXT_SESSION(missed=1)
HINDCON.NS,2021-06-17,2021-06-21,NOT_NEXT_SESSION(missed=1)
HINDZINC.NS,2017-10-18,2017-10-19,UNRESOLVED_SESSION
HINDZINC.NS,2017-10-19,2017-10-23,UNRESOLVED_SESSION
HINDZINC.NS,2018-11-06,2018-11-07,UNRESOLVED_SESSION
HINDZINC.NS,2018-11-07,2018-11-09,UNRESOLVED_SESSION
HISARMETAL.NS,2018-06-21,2018-06-25,NOT_NEXT_SESSION(missed=1)
HPIL.NS,2023-02-27,2023-03-01,NOT_NEXT_SESSION(missed=1)
IBULLSLTD.NS,2024-12-11,2024-12-16,NOT_NEXT_SESSION(missed=2)
IBULLSLTD.NS,2024-12-16,2024-12-23,NOT_NEXT_SESSION(missed=4)
IBULLSLTD.NS,2024-12-23,2024-12-30,NOT_NEXT_SESSION(missed=3)
IBULLSLTD.NS,2024-12-30,2025-01-06,NOT_NEXT_SESSION(missed=4)
IBULLSLTD.NS,2025-01-06,2025-01-13,NOT_NEXT_SESSION(missed=4)
IBULLSLTD.NS,2025-09-04,2025-09-08,NOT_NEXT_SESSION(missed=1)
IBULLSLTD.NS,2025-09-08,2025-09-15,NOT_NEXT_SESSION(missed=4)
IBULLSLTD.NS,2025-09-15,2025-09-22,NOT_NEXT_SESSION(missed=4)
IBULLSLTD.NS,2025-09-22,2025-09-29,NOT_NEXT_SESSION(missed=4)
IBULLSLTD.NS,2025-09-29,2025-10-06,NOT_NEXT_SESSION(missed=3)
IBULLSLTD.NS,2025-10-06,2025-10-13,NOT_NEXT_SESSION(missed=4)
IBULLSLTD.NS,2025-10-30,2025-11-03,NOT_NEXT_SESSION(missed=1)
IBULLSLTD.NS,2025-11-03,2025-11-10,NOT_NEXT_SESSION(missed=3)
IBULLSLTD.NS,2025-11-10,2025-11-17,NOT_NEXT_SESSION(missed=4)
IBULLSLTD.NS,2025-11-17,2025-11-24,NOT_NEXT_SESSION(missed=4)
IBULLSLTD.NS,2025-11-24,2025-12-01,NOT_NEXT_SESSION(missed=4)
IBULLSLTD.NS,2025-12-01,2025-12-08,NOT_NEXT_SESSION(missed=4)
ICDSLTD.NS,2023-08-03,2023-08-07,NOT_NEXT_SESSION(missed=1)
ICDSLTD.NS,2023-09-29,2023-10-04,NOT_NEXT_SESSION(missed=1)
ICDSLTD.NS,2023-11-10,2023-11-13,NOT_NEXT_SESSION(missed=1)
ICDSLTD.NS,2024-02-22,2024-02-26,NOT_NEXT_SESSION(missed=1)
ICDSLTD.NS,2024-02-28,2024-03-01,NOT_NEXT_SESSION(missed=1)
ICDSLTD.NS,2024-04-15,2024-04-18,NOT_NEXT_SESSION(missed=1)
ICDSLTD.NS,2024-04-25,2024-04-29,NOT_NEXT_SESSION(missed=1)
ICDSLTD.NS,2024-04-30,2024-05-03,NOT_NEXT_SESSION(missed=1)
ICDSLTD.NS,2024-07-24,2024-07-26,NOT_NEXT_SESSION(missed=1)
ICDSLTD.NS,2026-02-09,2026-02-11,NOT_NEXT_SESSION(missed=1)
ICDSLTD.NS,2026-06-04,2026-06-08,NOT_NEXT_SESSION(missed=1)
ICDSLTD.NS,2026-07-27,2026-07-29,NOT_NEXT_SESSION(missed=1)
ICDSLTD.NS,2026-08-13,2026-08-17,NOT_NEXT_SESSION(missed=1)
ICEMAKE.NS,2019-04-24,2019-04-30,NOT_NEXT_SESSION(missed=2)
ICEMAKE.NS,2019-05-14,2019-05-16,NOT_NEXT_SESSION(missed=1)
ICEMAKE.NS,2019-05-16,2019-05-20,NOT_NEXT_SESSION(missed=1)
ICEMAKE.NS,2019-05-24,2019-05-28,NOT_NEXT_SESSION(missed=1)
ICEMAKE.NS,2019-05-28,2019-05-31,NOT_NEXT_SESSION(missed=2)
ICEMAKE.NS,2019-06-12,2019-06-14,NOT_NEXT_SESSION(missed=1)
ICEMAKE.NS,2019-06-14,2019-06-19,NOT_NEXT_SESSION(missed=2)
ICEMAKE.NS,2019-06-20,2019-06-26,NOT_NEXT_SESSION(missed=3)
ICEMAKE.NS,2019-07-01,2019-07-03,NOT_NEXT_SESSION(missed=1)
ICEMAKE.NS,2019-07-04,2019-07-08,NOT_NEXT_SESSION(missed=1)
ICEMAKE.NS,2019-07-23,2019-07-29,NOT_NEXT_SESSION(missed=3)
ICEMAKE.NS,2019-07-29,2019-07-31,NOT_NEXT_SESSION(missed=1)
ICEMAKE.NS,2019-08-05,2019-08-07,NOT_NEXT_SESSION(missed=1)
ICEMAKE.NS,2019-08-08,2019-08-16,NOT_NEXT_SESSION(missed=3)
ICEMAKE.NS,2019-08-16,2019-08-20,NOT_NEXT_SESSION(missed=1)
ICEMAKE.NS,2019-09-04,2019-09-06,NOT_NEXT_SESSION(missed=1)
ICEMAKE.NS,2019-09-11,2019-09-13,NOT_NEXT_SESSION(missed=1)
ICEMAKE.NS,2019-10-11,2019-10-15,NOT_NEXT_SESSION(missed=1)
ICEMAKE.NS,2019-10-16,2019-10-18,NOT_NEXT_SESSION(missed=1)
ICEMAKE.NS,2019-10-24,2019-10-27,NOT_NEXT_SESSION(missed=1)
ICEMAKE.NS,2019-11-07,2019-11-11,NOT_NEXT_SESSION(missed=1)
ICEMAKE.NS,2019-11-13,2019-11-15,NOT_NEXT_SESSION(missed=1)
ICEMAKE.NS,2019-11-15,2019-11-20,NOT_NEXT_SESSION(missed=2)
ICEMAKE.NS,2019-11-20,2019-11-22,NOT_NEXT_SESSION(missed=1)
ICEMAKE.NS,2019-12-02,2019-12-04,NOT_NEXT_SESSION(missed=1)
ICEMAKE.NS,2019-12-18,2019-12-20,NOT_NEXT_SESSION(missed=1)
ICEMAKE.NS,2020-01-03,2020-01-07,NOT_NEXT_SESSION(missed=1)
ICEMAKE.NS,2020-01-07,2020-01-09,NOT_NEXT_SESSION(missed=1)
ICEMAKE.NS,2020-01-09,2020-01-13,NOT_NEXT_SESSION(missed=1)
ICEMAKE.NS,2020-01-13,2020-01-15,NOT_NEXT_SESSION(missed=1)
ICEMAKE.NS,2020-01-17,2020-01-30,NOT_NEXT_SESSION(missed=8)
ICEMAKE.NS,2020-01-31,2020-02-03,NOT_NEXT_SESSION(missed=1)
ICEMAKE.NS,2020-02-03,2020-02-06,NOT_NEXT_SESSION(missed=2)
ICEMAKE.NS,2020-02-07,2020-02-12,NOT_NEXT_SESSION(missed=2)
ICEMAKE.NS,2020-02-25,2020-02-27,NOT_NEXT_SESSION(missed=1)
ICEMAKE.NS,2020-03-30,2020-04-03,NOT_NEXT_SESSION(missed=2)
ICEMAKE.NS,2020-04-09,2020-04-15,NOT_NEXT_SESSION(missed=1)
ICEMAKE.NS,2020-04-21,2020-04-24,NOT_NEXT_SESSION(missed=2)
ICEMAKE.NS,2020-04-24,2020-04-29,NOT_NEXT_SESSION(missed=2)
ICEMAKE.NS,2020-04-30,2020-05-05,NOT_NEXT_SESSION(missed=1)
ICEMAKE.NS,2020-05-11,2020-05-13,NOT_NEXT_SESSION(missed=1)
ICEMAKE.NS,2020-05-13,2020-05-15,NOT_NEXT_SESSION(missed=1)
ICEMAKE.NS,2020-05-18,2020-05-20,NOT_NEXT_SESSION(missed=1)
ICEMAKE.NS,2020-05-21,2020-05-27,NOT_NEXT_SESSION(missed=2)
ICEMAKE.NS,2020-06-08,2020-06-10,NOT_NEXT_SESSION(missed=1)
ICEMAKE.NS,2020-06-10,2020-06-15,NOT_NEXT_SESSION(missed=2)
ICEMAKE.NS,2020-06-22,2020-06-25,NOT_NEXT_SESSION(missed=2)
ICEMAKE.NS,2020-06-29,2020-07-01,NOT_NEXT_SESSION(missed=1)
ICEMAKE.NS,2020-07-10,2020-07-21,NOT_NEXT_SESSION(missed=6)
ICEMAKE.NS,2020-07-30,2020-08-03,NOT_NEXT_SESSION(missed=1)
ICEMAKE.NS,2020-08-10,2020-08-12,NOT_NEXT_SESSION(missed=1)
ICEMAKE.NS,2020-08-17,2020-08-19,NOT_NEXT_SESSION(missed=1)
ICEMAKE.NS,2020-09-01,2020-09-03,NOT_NEXT_SESSION(missed=1)
ICEMAKE.NS,2020-09-10,2020-09-14,NOT_NEXT_SESSION(missed=1)
ICEMAKE.NS,2020-09-17,2020-09-21,NOT_NEXT_SESSION(missed=1)
ICEMAKE.NS,2020-09-22,2020-09-24,NOT_NEXT_SESSION(missed=1)
ICEMAKE.NS,2020-09-25,2020-09-30,NOT_NEXT_SESSION(missed=2)
ICEMAKE.NS,2020-10-01,2020-10-06,NOT_NEXT_SESSION(missed=1)
ICEMAKE.NS,2020-10-06,2020-10-08,NOT_NEXT_SESSION(missed=1)
IDEA.NS,2024-08-29,2024-09-02,NOT_NEXT_SESSION(missed=1)
IIFL.NS,2019-05-29,2019-05-30,EXTREME_RETURN
IITL.NS,2017-12-21,2017-12-26,NOT_NEXT_SESSION(missed=1)
IITL.NS,2018-02-06,2018-02-08,NOT_NEXT_SESSION(missed=1)
IITL.NS,2018-04-02,2018-04-04,NOT_NEXT_SESSION(missed=1)
IITL.NS,2018-05-29,2018-05-31,NOT_NEXT_SESSION(missed=1)
IITL.NS,2018-06-08,2018-06-12,NOT_NEXT_SESSION(missed=1)
IITL.NS,2018-07-05,2018-07-09,NOT_NEXT_SESSION(missed=1)
IITL.NS,2018-07-17,2018-07-20,NOT_NEXT_SESSION(missed=2)
IITL.NS,2018-07-30,2018-08-03,NOT_NEXT_SESSION(missed=3)
IITL.NS,2018-09-17,2018-09-21,NOT_NEXT_SESSION(missed=2)
IITL.NS,2018-09-28,2018-10-04,NOT_NEXT_SESSION(missed=2)
IITL.NS,2018-10-19,2018-10-29,NOT_NEXT_SESSION(missed=5)
IITL.NS,2018-11-14,2018-11-16,NOT_NEXT_SESSION(missed=1)
IITL.NS,2018-11-30,2018-12-07,NOT_NEXT_SESSION(missed=4)
IITL.NS,2018-12-14,2018-12-26,NOT_NEXT_SESSION(missed=6)
IITL.NS,2018-12-31,2019-01-02,NOT_NEXT_SESSION(missed=1)
IITL.NS,2019-01-02,2019-01-04,NOT_NEXT_SESSION(missed=1)
IITL.NS,2019-01-07,2019-01-10,NOT_NEXT_SESSION(missed=2)
IITL.NS,2019-01-10,2019-01-14,NOT_NEXT_SESSION(missed=1)
IITL.NS,2019-01-16,2019-01-18,NOT_NEXT_SESSION(missed=1)
IITL.NS,2019-01-28,2019-01-31,NOT_NEXT_SESSION(missed=2)
IITL.NS,2019-02-22,2019-02-26,NOT_NEXT_SESSION(missed=1)
IITL.NS,2019-03-07,2019-03-11,NOT_NEXT_SESSION(missed=1)
IITL.NS,2019-03-22,2019-03-26,NOT_NEXT_SESSION(missed=1)
IITL.NS,2019-05-07,2019-05-09,NOT_NEXT_SESSION(missed=1)
IITL.NS,2019-05-15,2019-05-17,NOT_NEXT_SESSION(missed=1)
IITL.NS,2019-06-13,2019-06-17,NOT_NEXT_SESSION(missed=1)
IITL.NS,2019-06-24,2019-06-26,NOT_NEXT_SESSION(missed=1)
IITL.NS,2019-06-27,2019-07-02,NOT_NEXT_SESSION(missed=2)
IITL.NS,2019-08-09,2019-08-14,NOT_NEXT_SESSION(missed=1)
IITL.NS,2019-09-20,2019-09-25,NOT_NEXT_SESSION(missed=2)
IITL.NS,2019-10-25,2019-10-29,NOT_NEXT_SESSION(missed=1)
IITL.NS,2019-11-21,2019-11-25,NOT_NEXT_SESSION(missed=1)
IITL.NS,2019-11-28,2019-12-02,NOT_NEXT_SESSION(missed=1)
IITL.NS,2020-01-21,2020-01-23,NOT_NEXT_SESSION(missed=1)
IITL.NS,2020-03-12,2020-03-17,NOT_NEXT_SESSION(missed=2)
IITL.NS,2020-03-18,2020-03-20,NOT_NEXT_SESSION(missed=1)
IITL.NS,2020-03-20,2020-03-26,NOT_NEXT_SESSION(missed=3)
IITL.NS,2020-03-26,2020-03-30,NOT_NEXT_SESSION(missed=1)
IITL.NS,2020-04-08,2020-04-13,NOT_NEXT_SESSION(missed=1)
IITL.NS,2020-04-13,2020-04-16,NOT_NEXT_SESSION(missed=1)
IITL.NS,2020-04-16,2020-04-21,NOT_NEXT_SESSION(missed=2)
IITL.NS,2020-04-21,2020-04-23,NOT_NEXT_SESSION(missed=1)
IITL.NS,2020-05-06,2020-05-08,NOT_NEXT_SESSION(missed=1)
IITL.NS,2020-05-21,2020-05-26,NOT_NEXT_SESSION(missed=1)
IITL.NS,2020-06-15,2020-06-18,NOT_NEXT_SESSION(missed=2)
IITL.NS,2020-10-12,2020-10-14,NOT_NEXT_SESSION(missed=1)
IITL.NS,2020-12-21,2020-12-23,NOT_NEXT_SESSION(missed=1)
IITL.NS,2021-10-20,2021-10-22,NOT_NEXT_SESSION(missed=1)
IITL.NS,2023-08-16,2023-08-18,NOT_NEXT_SESSION(missed=1)
INCREDIBLE.NS,2018-04-23,2018-04-25,NOT_NEXT_SESSION(missed=1)
INDIAGLYCO.NS,2026-09-01,2026-09-02,EXTREME_RETURN
INDIANCARD.NS,2019-11-04,2019-11-06,NOT_NEXT_SESSION(missed=1)
INDIANCARD.NS,2019-12-03,2019-12-05,NOT_NEXT_SESSION(missed=1)
INDIANCARD.NS,2019-12-06,2019-12-10,NOT_NEXT_SESSION(missed=1)
INDIANCARD.NS,2020-01-31,2020-02-03,NOT_NEXT_SESSION(missed=1)
INDORAMA.NS,2019-01-07,2019-02-21,NOT_NEXT_SESSION(missed=32)
INDOTECH.NS,2023-06-19,2023-06-26,NOT_NEXT_SESSION(missed=4)
INDOTECH.NS,2023-06-26,2023-07-03,NOT_NEXT_SESSION(missed=3)
INDOTECH.NS,2023-07-03,2023-07-10,NOT_NEXT_SESSION(missed=4)
INDOTECH.NS,2023-07-10,2023-07-17,NOT_NEXT_SESSION(missed=4)
INDOTECH.NS,2023-07-17,2023-07-24,NOT_NEXT_SESSION(missed=4)
INDOWIND.NS,2023-01-04,2023-01-09,NOT_NEXT_SESSION(missed=2)
INFOBEAN.NS,2018-06-12,2018-06-15,NOT_NEXT_SESSION(missed=2)
INFOBEAN.NS,2018-06-15,2018-06-21,NOT_NEXT_SESSION(missed=3)
INFOBEAN.NS,2018-06-22,2018-06-26,NOT_NEXT_SESSION(missed=1)
INFOBEAN.NS,2018-06-28,2018-07-03,NOT_NEXT_SESSION(missed=2)
INFOBEAN.NS,2018-07-12,2018-07-16,NOT_NEXT_SESSION(missed=1)
INFOBEAN.NS,2018-07-16,2018-07-18,NOT_NEXT_SESSION(missed=1)
INFOBEAN.NS,2018-07-20,2018-07-24,NOT_NEXT_SESSION(missed=1)
INFOBEAN.NS,2018-07-31,2018-08-03,NOT_NEXT_SESSION(missed=2)
INFOBEAN.NS,2018-08-03,2018-08-07,NOT_NEXT_SESSION(missed=1)
INFOBEAN.NS,2018-08-08,2018-08-13,NOT_NEXT_SESSION(missed=2)
INFOBEAN.NS,2018-08-14,2018-08-20,NOT_NEXT_SESSION(missed=2)
INFOBEAN.NS,2018-08-21,2018-08-24,NOT_NEXT_SESSION(missed=1)
INFOBEAN.NS,2018-08-27,2018-08-29,NOT_NEXT_SESSION(missed=1)
INFOBEAN.NS,2018-08-30,2018-09-04,NOT_NEXT_SESSION(missed=2)
INFOBEAN.NS,2018-09-10,2018-09-12,NOT_NEXT_SESSION(missed=1)
INFOBEAN.NS,2018-09-14,2018-09-19,NOT_NEXT_SESSION(missed=2)
INFOBEAN.NS,2018-11-15,2018-11-20,NOT_NEXT_SESSION(missed=2)
INFOBEAN.NS,2018-11-30,2019-02-21,NOT_NEXT_SESSION(missed=57)
INFOBEAN.NS,2019-02-21,2019-02-25,NOT_NEXT_SESSION(missed=1)
INFOBEAN.NS,2019-02-25,2019-02-27,NOT_NEXT_SESSION(missed=1)
INFOBEAN.NS,2019-03-01,2019-03-11,NOT_NEXT_SESSION(missed=4)
INFOBEAN.NS,2019-03-12,2019-03-14,NOT_NEXT_SESSION(missed=1)
INFOBEAN.NS,2019-03-19,2019-03-27,NOT_NEXT_SESSION(missed=4)
INFOBEAN.NS,2019-03-29,2019-04-03,NOT_NEXT_SESSION(missed=2)
INFOBEAN.NS,2019-04-05,2019-04-09,NOT_NEXT_SESSION(missed=1)
INFOBEAN.NS,2019-04-09,2019-04-11,NOT_NEXT_SESSION(missed=1)
INFOBEAN.NS,2019-04-11,2019-04-15,NOT_NEXT_SESSION(missed=1)
INFOBEAN.NS,2019-04-15,2019-04-18,NOT_NEXT_SESSION(missed=1)
INFOBEAN.NS,2019-04-22,2019-04-24,NOT_NEXT_SESSION(missed=1)
INFOBEAN.NS,2019-04-24,2019-04-26,NOT_NEXT_SESSION(missed=1)
INFOBEAN.NS,2019-05-07,2019-05-10,NOT_NEXT_SESSION(missed=2)
INFOBEAN.NS,2019-05-15,2019-05-17,NOT_NEXT_SESSION(missed=1)
INFOBEAN.NS,2019-05-17,2019-05-21,NOT_NEXT_SESSION(missed=1)
INFOBEAN.NS,2019-05-27,2019-05-30,NOT_NEXT_SESSION(missed=2)
INFOBEAN.NS,2019-06-03,2019-06-06,NOT_NEXT_SESSION(missed=1)
INFOBEAN.NS,2019-06-10,2019-06-12,NOT_NEXT_SESSION(missed=1)
INFOBEAN.NS,2019-06-12,2019-06-19,NOT_NEXT_SESSION(missed=4)
INFOBEAN.NS,2019-06-19,2019-06-25,NOT_NEXT_SESSION(missed=3)
INFOBEAN.NS,2019-06-25,2019-06-28,NOT_NEXT_SESSION(missed=2)
INFOBEAN.NS,2019-07-04,2019-07-08,NOT_NEXT_SESSION(missed=1)
INFOBEAN.NS,2019-07-08,2019-07-11,NOT_NEXT_SESSION(missed=2)
INFOMEDIA.NS,2020-05-14,2020-05-18,NOT_NEXT_SESSION(missed=1)
INFOMEDIA.NS,2020-05-18,2020-05-26,NOT_NEXT_SESSION(missed=4)
INFOMEDIA.NS,2020-05-26,2020-06-01,NOT_NEXT_SESSION(missed=3)
INFOMEDIA.NS,2020-06-01,2020-06-08,NOT_NEXT_SESSION(missed=4)
INFOMEDIA.NS,2020-06-08,2020-06-15,NOT_NEXT_SESSION(missed=4)
INFOMEDIA.NS,2020-06-15,2020-06-22,NOT_NEXT_SESSION(missed=4)
INFOMEDIA.NS,2020-06-22,2020-06-29,NOT_NEXT_SESSION(missed=4)
INFOMEDIA.NS,2020-06-29,2020-07-06,NOT_NEXT_SESSION(missed=4)
INFOMEDIA.NS,2020-07-06,2020-07-13,NOT_NEXT_SESSION(missed=4)
INFOMEDIA.NS,2020-07-13,2020-07-20,NOT_NEXT_SESSION(missed=4)
INFOMEDIA.NS,2020-07-20,2020-07-27,NOT_NEXT_SESSION(missed=4)
INFOMEDIA.NS,2020-07-27,2020-08-03,NOT_NEXT_SESSION(missed=4)
INFOMEDIA.NS,2020-08-03,2020-08-10,NOT_NEXT_SESSION(missed=4)
INFOMEDIA.NS,2020-08-10,2020-08-17,NOT_NEXT_SESSION(missed=4)
INFOMEDIA.NS,2020-08-17,2020-08-24,NOT_NEXT_SESSION(missed=4)
INFOMEDIA.NS,2020-08-24,2020-08-31,NOT_NEXT_SESSION(missed=4)
INFOMEDIA.NS,2020-08-31,2020-09-14,NOT_NEXT_SESSION(missed=9)
INFOMEDIA.NS,2020-09-14,2020-09-16,NOT_NEXT_SESSION(missed=1)
INFOMEDIA.NS,2020-10-27,2020-11-17,NOT_NEXT_SESSION(missed=14)
INFOMEDIA.NS,2020-11-17,2020-12-21,NOT_NEXT_SESSION(missed=22)
INFOMEDIA.NS,2020-12-21,2020-12-28,NOT_NEXT_SESSION(missed=3)
INFOMEDIA.NS,2020-12-28,2020-12-30,NOT_NEXT_SESSION(missed=1)
INFOMEDIA.NS,2020-12-30,2021-01-01,NOT_NEXT_SESSION(missed=1)
INFOMEDIA.NS,2021-01-04,2021-01-08,NOT_NEXT_SESSION(missed=3)
INFOMEDIA.NS,2021-03-17,2021-03-22,NOT_NEXT_SESSION(missed=2)
INFOMEDIA.NS,2021-06-07,2021-06-09,NOT_NEXT_SESSION(missed=1)
INFOMEDIA.NS,2021-07-27,2021-08-09,NOT_NEXT_SESSION(missed=8)
INFOMEDIA.NS,2021-08-09,2021-08-23,NOT_NEXT_SESSION(missed=8)
INFOMEDIA.NS,2021-08-23,2021-08-30,NOT_NEXT_SESSION(missed=4)
INFOMEDIA.NS,2021-08-30,2021-09-15,NOT_NEXT_SESSION(missed=10)
INFOMEDIA.NS,2021-12-23,2021-12-27,NOT_NEXT_SESSION(missed=1)
INFOMEDIA.NS,2021-12-27,2022-01-03,NOT_NEXT_SESSION(missed=4)
INFOMEDIA.NS,2022-01-03,2022-01-10,NOT_NEXT_SESSION(missed=4)
INFOMEDIA.NS,2022-01-10,2022-01-17,NOT_NEXT_SESSION(missed=4)
INFOMEDIA.NS,2022-01-17,2022-01-24,NOT_NEXT_SESSION(missed=4)
INFOMEDIA.NS,2022-01-24,2022-01-31,NOT_NEXT_SESSION(missed=3)
INFOMEDIA.NS,2022-01-31,2022-02-07,NOT_NEXT_SESSION(missed=4)
INFOMEDIA.NS,2022-02-07,2022-02-14,NOT_NEXT_SESSION(missed=4)
INFOMEDIA.NS,2022-06-29,2022-07-01,NOT_NEXT_SESSION(missed=1)
INFOMEDIA.NS,2022-07-08,2022-07-12,NOT_NEXT_SESSION(missed=1)
INFOMEDIA.NS,2022-07-29,2022-08-10,NOT_NEXT_SESSION(missed=6)
INFOMEDIA.NS,2022-08-10,2022-08-19,NOT_NEXT_SESSION(missed=5)
INFOMEDIA.NS,2022-08-19,2022-09-01,NOT_NEXT_SESSION(missed=7)
INFOMEDIA.NS,2022-09-01,2022-09-06,NOT_NEXT_SESSION(missed=2)
INFOMEDIA.NS,2022-09-23,2022-09-27,NOT_NEXT_SESSION(missed=1)
INFOMEDIA.NS,2022-09-28,2022-09-30,NOT_NEXT_SESSION(missed=1)
INFOMEDIA.NS,2022-11-10,2022-11-14,NOT_NEXT_SESSION(missed=1)
INFOMEDIA.NS,2023-06-01,2023-06-05,NOT_NEXT_SESSION(missed=1)
INFOMEDIA.NS,2024-03-21,2024-04-01,NOT_NEXT_SESSION(missed=4)
INFOMEDIA.NS,2024-04-01,2024-04-08,NOT_NEXT_SESSION(missed=4)
INFOMEDIA.NS,2024-04-08,2024-04-15,NOT_NEXT_SESSION(missed=3)
INFOMEDIA.NS,2024-04-15,2024-04-22,NOT_NEXT_SESSION(missed=3)
INFOMEDIA.NS,2024-04-22,2024-04-29,NOT_NEXT_SESSION(missed=4)
INFOMEDIA.NS,2024-04-29,2024-05-06,NOT_NEXT_SESSION(missed=3)
INFOMEDIA.NS,2024-05-06,2024-05-13,NOT_NEXT_SESSION(missed=4)
INFOMEDIA.NS,2024-05-17,2024-05-21,NOT_NEXT_SESSION(missed=1)
INFOMEDIA.NS,2024-06-27,2024-07-01,NOT_NEXT_SESSION(missed=1)
INFOMEDIA.NS,2024-07-01,2024-07-08,NOT_NEXT_SESSION(missed=4)
INFOMEDIA.NS,2024-07-08,2024-07-15,NOT_NEXT_SESSION(missed=4)
INFOMEDIA.NS,2024-07-15,2024-07-22,NOT_NEXT_SESSION(missed=3)
INFOMEDIA.NS,2024-07-22,2024-07-29,NOT_NEXT_SESSION(missed=4)
INFOMEDIA.NS,2024-07-29,2024-08-05,NOT_NEXT_SESSION(missed=4)
INFOMEDIA.NS,2024-08-05,2024-08-12,NOT_NEXT_SESSION(missed=4)
INFOMEDIA.NS,2024-10-03,2024-10-07,NOT_NEXT_SESSION(missed=1)
INFOMEDIA.NS,2024-10-07,2024-10-14,NOT_NEXT_SESSION(missed=4)
INFOMEDIA.NS,2024-10-14,2024-10-21,NOT_NEXT_SESSION(missed=4)
INFOMEDIA.NS,2024-10-21,2024-10-28,NOT_NEXT_SESSION(missed=4)
INFOMEDIA.NS,2024-10-28,2024-11-04,NOT_NEXT_SESSION(missed=4)
INFOMEDIA.NS,2024-11-04,2024-11-11,NOT_NEXT_SESSION(missed=4)
INFOMEDIA.NS,2024-11-25,2024-11-27,NOT_NEXT_SESSION(missed=1)
INFOMEDIA.NS,2025-06-11,2025-06-16,NOT_NEXT_SESSION(missed=2)
INFOMEDIA.NS,2025-06-16,2025-06-23,NOT_NEXT_SESSION(missed=4)
INFOMEDIA.NS,2025-06-23,2025-06-30,NOT_NEXT_SESSION(missed=4)
INFOMEDIA.NS,2025-06-30,2025-07-07,NOT_NEXT_SESSION(missed=4)
INFOMEDIA.NS,2025-07-07,2025-07-14,NOT_NEXT_SESSION(missed=4)
INFOMEDIA.NS,2025-07-14,2025-07-21,NOT_NEXT_SESSION(missed=4)
INFOMEDIA.NS,2025-07-21,2025-07-28,NOT_NEXT_SESSION(missed=4)
INFOMEDIA.NS,2025-07-28,2025-08-04,NOT_NEXT_SESSION(missed=4)
INFOMEDIA.NS,2025-08-04,2025-08-11,NOT_NEXT_SESSION(missed=4)
INFOMEDIA.NS,2025-08-11,2025-08-18,NOT_NEXT_SESSION(missed=3)
INFOMEDIA.NS,2025-08-18,2025-08-25,NOT_NEXT_SESSION(missed=4)
INFOMEDIA.NS,2025-08-25,2025-09-01,NOT_NEXT_SESSION(missed=3)
INFOMEDIA.NS,2025-09-01,2025-09-08,NOT_NEXT_SESSION(missed=4)
INFOMEDIA.NS,2025-09-08,2025-09-15,NOT_NEXT_SESSION(missed=4)
INFOMEDIA.NS,2025-09-15,2025-09-17,NOT_NEXT_SESSION(missed=1)
INFOMEDIA.NS,2025-09-30,2025-10-03,NOT_NEXT_SESSION(missed=1)
INFOMEDIA.NS,2025-10-15,2025-10-21,NOT_NEXT_SESSION(missed=3)
INNOVANA.NS,2019-08-16,2019-08-21,NOT_NEXT_SESSION(missed=2)
INNOVANA.NS,2019-08-21,2019-08-23,NOT_NEXT_SESSION(missed=1)
INNOVANA.NS,2019-08-28,2019-08-30,NOT_NEXT_SESSION(missed=1)
INNOVANA.NS,2019-08-30,2019-09-09,NOT_NEXT_SESSION(missed=4)
INNOVANA.NS,2019-10-03,2019-10-09,NOT_NEXT_SESSION(missed=2)
INNOVANA.NS,2019-10-15,2019-10-17,NOT_NEXT_SESSION(missed=1)
INNOVANA.NS,2019-10-17,2019-10-23,NOT_NEXT_SESSION(missed=2)
INNOVANA.NS,2019-10-25,2019-10-29,NOT_NEXT_SESSION(missed=1)
INNOVANA.NS,2019-10-29,2019-11-04,NOT_NEXT_SESSION(missed=3)
INNOVANA.NS,2019-11-13,2019-11-15,NOT_NEXT_SESSION(missed=1)
INNOVANA.NS,2019-11-19,2019-11-21,NOT_NEXT_SESSION(missed=1)
INNOVANA.NS,2019-11-27,2019-11-29,NOT_NEXT_SESSION(missed=1)
INNOVANA.NS,2019-12-18,2019-12-23,NOT_NEXT_SESSION(missed=2)
INNOVANA.NS,2019-12-30,2020-01-01,NOT_NEXT_SESSION(missed=1)
INNOVANA.NS,2020-01-10,2020-01-15,NOT_NEXT_SESSION(missed=2)
INNOVANA.NS,2020-01-15,2020-01-17,NOT_NEXT_SESSION(missed=1)
INNOVANA.NS,2020-01-21,2020-01-23,NOT_NEXT_SESSION(missed=1)
INNOVANA.NS,2020-01-24,2020-01-29,NOT_NEXT_SESSION(missed=2)
INNOVANA.NS,2020-02-03,2020-02-05,NOT_NEXT_SESSION(missed=1)
INNOVANA.NS,2020-02-06,2020-02-12,NOT_NEXT_SESSION(missed=3)
INNOVANA.NS,2020-02-12,2020-02-17,NOT_NEXT_SESSION(missed=2)
INNOVANA.NS,2020-02-18,2020-02-20,NOT_NEXT_SESSION(missed=1)
INNOVANA.NS,2020-02-28,2020-03-03,NOT_NEXT_SESSION(missed=1)
INNOVANA.NS,2020-03-06,2020-03-13,NOT_NEXT_SESSION(missed=3)
INNOVANA.NS,2020-03-13,2020-03-17,NOT_NEXT_SESSION(missed=1)
INNOVANA.NS,2020-03-18,2020-03-20,NOT_NEXT_SESSION(missed=1)
INNOVANA.NS,2020-03-31,2020-04-07,NOT_NEXT_SESSION(missed=2)
INNOVANA.NS,2020-04-08,2020-04-13,NOT_NEXT_SESSION(missed=1)
INNOVANA.NS,2020-04-16,2020-04-22,NOT_NEXT_SESSION(missed=3)
INNOVANA.NS,2020-04-29,2020-05-05,NOT_NEXT_SESSION(missed=2)
INNOVANA.NS,2020-05-05,2020-05-07,NOT_NEXT_SESSION(missed=1)
INNOVANA.NS,2020-06-08,2020-06-10,NOT_NEXT_SESSION(missed=1)
INNOVANA.NS,2020-06-10,2020-06-12,NOT_NEXT_SESSION(missed=1)
INNOVANA.NS,2020-06-12,2020-06-16,NOT_NEXT_SESSION(missed=1)
INNOVANA.NS,2020-06-17,2020-06-19,NOT_NEXT_SESSION(missed=1)
INNOVANA.NS,2020-06-19,2020-06-23,NOT_NEXT_SESSION(missed=1)
INNOVANA.NS,2020-06-24,2020-06-29,NOT_NEXT_SESSION(missed=2)
INNOVANA.NS,2020-06-30,2020-07-03,NOT_NEXT_SESSION(missed=2)
INNOVANA.NS,2020-07-08,2020-07-10,NOT_NEXT_SESSION(missed=1)
INNOVANA.NS,2020-07-27,2020-07-29,NOT_NEXT_SESSION(missed=1)
INNOVANA.NS,2020-07-30,2020-08-05,NOT_NEXT_SESSION(missed=3)
INNOVANA.NS,2020-08-18,2020-08-20,NOT_NEXT_SESSION(missed=1)
INNOVANA.NS,2020-08-25,2020-08-27,NOT_NEXT_SESSION(missed=1)
INNOVANA.NS,2020-09-08,2020-09-10,NOT_NEXT_SESSION(missed=1)
INNOVANA.NS,2020-09-14,2020-09-16,NOT_NEXT_SESSION(missed=1)
INNOVANA.NS,2020-09-21,2020-09-23,NOT_NEXT_SESSION(missed=1)
INNOVANA.NS,2020-09-23,2020-09-25,NOT_NEXT_SESSION(missed=1)
INNOVANA.NS,2020-09-25,2020-09-29,NOT_NEXT_SESSION(missed=1)
INNOVANA.NS,2020-09-29,2020-10-05,NOT_NEXT_SESSION(missed=2)
INNOVANA.NS,2020-10-19,2020-10-21,NOT_NEXT_SESSION(missed=1)
INNOVANA.NS,2020-10-30,2020-11-04,NOT_NEXT_SESSION(missed=2)
INNOVANA.NS,2020-11-05,2020-11-09,NOT_NEXT_SESSION(missed=1)
INNOVANA.NS,2020-11-13,2020-11-18,NOT_NEXT_SESSION(missed=2)
INNOVANA.NS,2020-11-25,2020-11-27,NOT_NEXT_SESSION(missed=1)
INNOVANA.NS,2020-12-01,2020-12-03,NOT_NEXT_SESSION(missed=1)
INNOVANA.NS,2020-12-07,2020-12-09,NOT_NEXT_SESSION(missed=1)
INNOVANA.NS,2020-12-11,2020-12-15,NOT_NEXT_SESSION(missed=1)
INNOVANA.NS,2021-01-05,2021-01-07,NOT_NEXT_SESSION(missed=1)
INNOVANA.NS,2021-01-11,2021-01-13,NOT_NEXT_SESSION(missed=1)
INNOVANA.NS,2021-01-18,2021-01-21,NOT_NEXT_SESSION(missed=2)
INNOVANA.NS,2021-01-22,2021-01-29,NOT_NEXT_SESSION(missed=3)
INNOVANA.NS,2021-02-01,2021-02-03,NOT_NEXT_SESSION(missed=1)
INNOVANA.NS,2021-02-12,2021-02-18,NOT_NEXT_SESSION(missed=3)
INNOVANA.NS,2021-02-18,2021-02-22,NOT_NEXT_SESSION(missed=1)
INNOVANA.NS,2021-02-22,2021-02-24,NOT_NEXT_SESSION(missed=1)
INNOVANA.NS,2021-02-24,2021-02-26,NOT_NEXT_SESSION(missed=1)
INNOVANA.NS,2021-03-17,2021-03-22,NOT_NEXT_SESSION(missed=2)
INNOVANA.NS,2021-04-05,2021-04-08,NOT_NEXT_SESSION(missed=2)
INNOVANA.NS,2021-05-10,2021-05-17,NOT_NEXT_SESSION(missed=3)
INNOVANA.NS,2021-05-17,2021-05-19,NOT_NEXT_SESSION(missed=1)
INNOVANA.NS,2021-05-25,2021-05-28,NOT_NEXT_SESSION(missed=2)
INNOVANA.NS,2021-06-03,2021-06-08,NOT_NEXT_SESSION(missed=2)
INNOVANA.NS,2021-06-21,2021-06-23,NOT_NEXT_SESSION(missed=1)
INNOVANA.NS,2021-07-08,2021-07-12,NOT_NEXT_SESSION(missed=1)
INNOVANA.NS,2021-07-15,2021-07-19,NOT_NEXT_SESSION(missed=1)
INNOVANA.NS,2021-07-19,2021-07-22,NOT_NEXT_SESSION(missed=1)
INNOVANA.NS,2021-08-10,2021-08-12,NOT_NEXT_SESSION(missed=1)
INNOVANA.NS,2021-09-01,2021-09-03,NOT_NEXT_SESSION(missed=1)
INNOVANA.NS,2021-09-06,2021-09-16,NOT_NEXT_SESSION(missed=6)
INNOVANA.NS,2021-09-16,2021-09-23,NOT_NEXT_SESSION(missed=4)
INNOVANA.NS,2021-09-24,2021-09-29,NOT_NEXT_SESSION(missed=2)
INNOVANA.NS,2021-10-07,2021-10-11,NOT_NEXT_SESSION(missed=1)
INNOVANA.NS,2021-10-13,2021-10-19,NOT_NEXT_SESSION(missed=2)
INNOVANA.NS,2021-10-19,2021-10-21,NOT_NEXT_SESSION(missed=1)
INNOVANA.NS,2021-10-22,2021-10-29,NOT_NEXT_SESSION(missed=4)
INNOVANA.NS,2021-10-29,2021-11-08,NOT_NEXT_SESSION(missed=4)
INNOVANA.NS,2021-11-17,2021-11-22,NOT_NEXT_SESSION(missed=1)
INNOVANA.NS,2021-12-14,2021-12-17,NOT_NEXT_SESSION(missed=2)
INNOVANA.NS,2021-12-17,2021-12-22,NOT_NEXT_SESSION(missed=2)
INNOVANA.NS,2021-12-22,2021-12-28,NOT_NEXT_SESSION(missed=3)
INNOVANA.NS,2022-01-14,2022-01-18,NOT_NEXT_SESSION(missed=1)
INNOVANA.NS,2022-01-21,2022-01-25,NOT_NEXT_SESSION(missed=1)
INNOVANA.NS,2022-02-24,2022-02-28,NOT_NEXT_SESSION(missed=1)
INNOVANA.NS,2022-02-28,2022-03-03,NOT_NEXT_SESSION(missed=1)
INNOVANA.NS,2022-03-03,2022-03-07,NOT_NEXT_SESSION(missed=1)
INNOVANA.NS,2022-03-08,2022-03-22,NOT_NEXT_SESSION(missed=8)
INNOVANA.NS,2022-03-22,2022-03-24,NOT_NEXT_SESSION(missed=1)
INNOVANA.NS,2022-03-24,2022-03-28,NOT_NEXT_SESSION(missed=1)
INNOVANA.NS,2022-03-29,2022-03-31,NOT_NEXT_SESSION(missed=1)
INNOVANA.NS,2022-04-01,2022-04-05,NOT_NEXT_SESSION(missed=1)
INNOVANA.NS,2022-04-05,2022-04-07,NOT_NEXT_SESSION(missed=1)
INNOVANA.NS,2022-04-11,2022-04-18,NOT_NEXT_SESSION(missed=2)
INNOVANA.NS,2022-04-18,2022-04-22,NOT_NEXT_SESSION(missed=3)
INNOVANA.NS,2022-04-27,2022-04-29,NOT_NEXT_SESSION(missed=1)
INNOVANA.NS,2022-05-02,2022-05-05,NOT_NEXT_SESSION(missed=1)
INNOVANA.NS,2022-05-05,2022-05-13,NOT_NEXT_SESSION(missed=5)
INNOVANA.NS,2022-05-26,2022-05-30,NOT_NEXT_SESSION(missed=1)
INNOVANA.NS,2022-05-30,2022-06-01,NOT_NEXT_SESSION(missed=1)
INNOVANA.NS,2022-06-01,2022-06-06,NOT_NEXT_SESSION(missed=2)
INNOVANA.NS,2022-06-06,2022-06-09,NOT_NEXT_SESSION(missed=2)
INNOVANA.NS,2022-06-10,2022-06-15,NOT_NEXT_SESSION(missed=2)
INNOVANA.NS,2022-06-15,2022-06-20,NOT_NEXT_SESSION(missed=2)
INNOVANA.NS,2022-06-24,2022-06-28,NOT_NEXT_SESSION(missed=1)
INNOVANA.NS,2022-06-28,2022-06-30,NOT_NEXT_SESSION(missed=1)
INNOVANA.NS,2022-07-04,2022-07-06,NOT_NEXT_SESSION(missed=1)
INNOVANA.NS,2022-07-06,2022-07-08,NOT_NEXT_SESSION(missed=1)
INNOVANA.NS,2022-07-08,2022-07-12,NOT_NEXT_SESSION(missed=1)
INNOVANA.NS,2022-07-22,2022-07-27,NOT_NEXT_SESSION(missed=2)
INNOVANA.NS,2022-07-27,2022-08-01,NOT_NEXT_SESSION(missed=2)
INNOVANA.NS,2022-08-03,2022-08-05,NOT_NEXT_SESSION(missed=1)
INNOVANA.NS,2022-08-08,2022-08-11,NOT_NEXT_SESSION(missed=1)
INNOVANA.NS,2022-08-16,2022-08-22,NOT_NEXT_SESSION(missed=3)
INNOVANA.NS,2022-08-25,2022-08-29,NOT_NEXT_SESSION(missed=1)
INNOVANA.NS,2022-08-29,2022-09-07,NOT_NEXT_SESSION(missed=5)
INNOVANA.NS,2022-09-12,2022-09-20,NOT_NEXT_SESSION(missed=5)
INNOVANA.NS,2022-10-03,2022-10-06,NOT_NEXT_SESSION(missed=1)
INNOVANA.NS,2022-10-12,2022-10-17,NOT_NEXT_SESSION(missed=2)
INNOVANA.NS,2022-10-27,2022-10-31,NOT_NEXT_SESSION(missed=1)
INNOVANA.NS,2022-11-04,2022-11-10,NOT_NEXT_SESSION(missed=2)
INNOVANA.NS,2022-11-15,2022-11-18,NOT_NEXT_SESSION(missed=2)
INNOVANA.NS,2022-12-07,2022-12-09,NOT_NEXT_SESSION(missed=1)
INNOVANA.NS,2022-12-13,2022-12-15,NOT_NEXT_SESSION(missed=1)
INNOVANA.NS,2022-12-15,2022-12-19,NOT_NEXT_SESSION(missed=1)
INNOVANA.NS,2022-12-26,2022-12-28,NOT_NEXT_SESSION(missed=1)
INNOVANA.NS,2023-01-04,2023-01-06,NOT_NEXT_SESSION(missed=1)
INNOVANA.NS,2023-01-06,2023-01-10,NOT_NEXT_SESSION(missed=1)
INNOVANA.NS,2023-01-18,2023-01-20,NOT_NEXT_SESSION(missed=1)
INNOVANA.NS,2023-01-20,2023-01-24,NOT_NEXT_SESSION(missed=1)
INNOVANA.NS,2023-02-02,2023-02-06,NOT_NEXT_SESSION(missed=1)
INNOVANA.NS,2023-02-07,2023-02-09,NOT_NEXT_SESSION(missed=1)
INNOVANA.NS,2023-02-09,2023-02-14,NOT_NEXT_SESSION(missed=2)
INNOVANA.NS,2023-03-09,2023-03-14,NOT_NEXT_SESSION(missed=2)
INNOVANA.NS,2023-03-14,2023-03-16,NOT_NEXT_SESSION(missed=1)
INNOVANA.NS,2023-03-21,2023-03-23,NOT_NEXT_SESSION(missed=1)
INNOVANA.NS,2023-04-05,2023-04-10,NOT_NEXT_SESSION(missed=1)
INNOVANA.NS,2023-04-11,2023-04-13,NOT_NEXT_SESSION(missed=1)
INNOVANA.NS,2023-04-13,2023-04-18,NOT_NEXT_SESSION(missed=1)
INNOVANA.NS,2023-04-21,2023-04-25,NOT_NEXT_SESSION(missed=1)
INNOVANA.NS,2023-04-26,2023-04-28,NOT_NEXT_SESSION(missed=1)
INNOVANA.NS,2023-05-10,2023-05-12,NOT_NEXT_SESSION(missed=1)
INNOVANA.NS,2023-05-12,2023-05-19,NOT_NEXT_SESSION(missed=4)
INNOVANA.NS,2023-06-07,2023-06-09,NOT_NEXT_SESSION(missed=1)
INNOVANA.NS,2023-07-17,2023-07-19,NOT_NEXT_SESSION(missed=1)
INNOVANA.NS,2023-09-21,2023-09-25,NOT_NEXT_SESSION(missed=1)
INNOVANA.NS,2023-09-28,2023-10-04,NOT_NEXT_SESSION(missed=2)
INNOVANA.NS,2023-10-09,2023-10-12,NOT_NEXT_SESSION(missed=2)
INNOVANA.NS,2023-11-12,2023-11-15,NOT_NEXT_SESSION(missed=1)
INNOVANA.NS,2023-11-15,2023-11-20,NOT_NEXT_SESSION(missed=2)
INNOVANA.NS,2023-11-20,2023-11-22,NOT_NEXT_SESSION(missed=1)
INNOVANA.NS,2023-11-30,2023-12-04,NOT_NEXT_SESSION(missed=1)
INNOVANA.NS,2023-12-06,2023-12-08,NOT_NEXT_SESSION(missed=1)
INNOVANA.NS,2023-12-26,2023-12-28,NOT_NEXT_SESSION(missed=1)
INNOVANA.NS,2024-01-04,2024-01-08,NOT_NEXT_SESSION(missed=1)
INNOVANA.NS,2024-03-01,2024-03-04,NOT_NEXT_SESSION(missed=1)
INNOVANA.NS,2024-04-09,2024-04-12,NOT_NEXT_SESSION(missed=1)
INNOVANA.NS,2024-05-22,2024-05-24,NOT_NEXT_SESSION(missed=1)
INNOVANA.NS,2024-10-25,2024-10-29,NOT_NEXT_SESSION(missed=1)
INNOVANA.NS,2024-11-27,2024-11-29,NOT_NEXT_SESSION(missed=1)
INSPIRISYS.NS,2017-11-13,2017-11-20,NOT_NEXT_SESSION(missed=4)
INSPIRISYS.NS,2017-11-20,2017-11-27,NOT_NEXT_SESSION(missed=4)
INSPIRISYS.NS,2017-11-27,2017-12-04,NOT_NEXT_SESSION(missed=4)
INSPIRISYS.NS,2017-12-04,2017-12-11,NOT_NEXT_SESSION(missed=4)
INSPIRISYS.NS,2017-12-11,2017-12-18,NOT_NEXT_SESSION(missed=4)
INSPIRISYS.NS,2017-12-18,2017-12-26,NOT_NEXT_SESSION(missed=4)
INSPIRISYS.NS,2017-12-26,2017-12-29,NOT_NEXT_SESSION(missed=2)
INSPIRISYS.NS,2018-11-06,2018-11-07,UNRESOLVED_SESSION
INSPIRISYS.NS,2018-11-07,2018-11-09,UNRESOLVED_SESSION
INSPIRISYS.NS,2022-01-10,2022-01-17,NOT_NEXT_SESSION(missed=4)
INSPIRISYS.NS,2022-01-17,2022-01-24,NOT_NEXT_SESSION(missed=4)
INSPIRISYS.NS,2022-01-24,2022-01-31,NOT_NEXT_SESSION(missed=3)
INSPIRISYS.NS,2022-01-31,2022-02-07,NOT_NEXT_SESSION(missed=4)
INSPIRISYS.NS,2022-02-07,2022-02-14,NOT_NEXT_SESSION(missed=4)
INSPIRISYS.NS,2022-02-14,2022-02-21,NOT_NEXT_SESSION(missed=4)
INSPIRISYS.NS,2022-02-21,2022-02-28,NOT_NEXT_SESSION(missed=4)
INSPIRISYS.NS,2022-02-28,2022-03-07,NOT_NEXT_SESSION(missed=3)
INSPIRISYS.NS,2022-03-07,2022-03-14,NOT_NEXT_SESSION(missed=4)
INSPIRISYS.NS,2022-03-14,2022-03-16,NOT_NEXT_SESSION(missed=1)
INSPIRISYS.NS,2023-06-15,2023-06-19,NOT_NEXT_SESSION(missed=1)
INSPIRISYS.NS,2023-06-19,2023-06-26,NOT_NEXT_SESSION(missed=4)
INSPIRISYS.NS,2023-06-26,2023-07-03,NOT_NEXT_SESSION(missed=3)
INSPIRISYS.NS,2023-07-03,2023-07-10,NOT_NEXT_SESSION(missed=4)
INSPIRISYS.NS,2023-07-10,2023-07-17,NOT_NEXT_SESSION(missed=4)
INSPIRISYS.NS,2023-07-17,2023-07-24,NOT_NEXT_SESSION(missed=4)
INSPIRISYS.NS,2024-02-01,2024-02-05,NOT_NEXT_SESSION(missed=1)
INSPIRISYS.NS,2024-02-05,2024-02-12,NOT_NEXT_SESSION(missed=4)
INSPIRISYS.NS,2024-02-12,2024-02-19,NOT_NEXT_SESSION(missed=4)
INSPIRISYS.NS,2024-02-19,2024-02-26,NOT_NEXT_SESSION(missed=4)
INSPIRISYS.NS,2024-02-26,2024-03-04,NOT_NEXT_SESSION(missed=5)
INSPIRISYS.NS,2024-03-04,2024-03-11,NOT_NEXT_SESSION(missed=3)
INSPIRISYS.NS,2024-03-11,2024-03-18,NOT_NEXT_SESSION(missed=4)
INSPIRISYS.NS,2024-03-18,2024-03-26,NOT_NEXT_SESSION(missed=4)
INSPIRISYS.NS,2024-03-26,2024-04-01,NOT_NEXT_SESSION(missed=2)
INSPIRISYS.NS,2024-04-01,2024-04-08,NOT_NEXT_SESSION(missed=4)
INSPIRISYS.NS,2024-04-10,2024-04-15,NOT_NEXT_SESSION(missed=1)
INSPIRISYS.NS,2024-04-15,2024-04-22,NOT_NEXT_SESSION(missed=3)
INSPIRISYS.NS,2024-04-22,2024-04-29,NOT_NEXT_SESSION(missed=4)
INSPIRISYS.NS,2024-04-29,2024-05-06,NOT_NEXT_SESSION(missed=3)
INSPIRISYS.NS,2024-05-06,2024-05-13,NOT_NEXT_SESSION(missed=4)
INSPIRISYS.NS,2024-05-13,2024-05-21,NOT_NEXT_SESSION(missed=5)
INSPIRISYS.NS,2024-05-21,2024-05-27,NOT_NEXT_SESSION(missed=3)
INSPIRISYS.NS,2024-05-27,2024-06-03,NOT_NEXT_SESSION(missed=4)
INSPIRISYS.NS,2024-06-03,2024-06-10,NOT_NEXT_SESSION(missed=4)
INSPIRISYS.NS,2024-06-10,2024-06-18,NOT_NEXT_SESSION(missed=4)
INSPIRISYS.NS,2024-06-18,2024-06-24,NOT_NEXT_SESSION(missed=3)
ISFT.NS,2018-11-30,2019-01-09,NOT_NEXT_SESSION(missed=26)
JAIBALAJI.NS,2018-11-30,2019-01-09,NOT_NEXT_SESSION(missed=26)
JAIPURKURT.NS,2018-07-09,2018-08-03,NOT_NEXT_SESSION(missed=18)
JAIPURKURT.NS,2018-08-03,2018-08-09,NOT_NEXT_SESSION(missed=3)
JAIPURKURT.NS,2018-08-09,2018-08-20,NOT_NEXT_SESSION(missed=5)
JAIPURKURT.NS,2018-08-20,2018-08-30,NOT_NEXT_SESSION(missed=6)
JAIPURKURT.NS,2018-08-30,2018-09-07,NOT_NEXT_SESSION(missed=5)
JAIPURKURT.NS,2018-09-07,2018-09-11,NOT_NEXT_SESSION(missed=1)
JAIPURKURT.NS,2018-09-11,2018-09-26,NOT_NEXT_SESSION(missed=8)
JAIPURKURT.NS,2018-10-03,2018-10-05,NOT_NEXT_SESSION(missed=1)
JAIPURKURT.NS,2018-10-09,2018-10-12,NOT_NEXT_SESSION(missed=2)
JAIPURKURT.NS,2018-10-19,2018-10-25,NOT_NEXT_SESSION(missed=3)
JAIPURKURT.NS,2018-10-29,2018-10-31,NOT_NEXT_SESSION(missed=1)
JAIPURKURT.NS,2018-11-05,2018-11-07,UNRESOLVED_SESSION
JAIPURKURT.NS,2018-11-07,2018-11-15,UNRESOLVED_SESSION
JAIPURKURT.NS,2018-11-15,2018-11-22,NOT_NEXT_SESSION(missed=4)
JAIPURKURT.NS,2018-11-26,2018-11-29,NOT_NEXT_SESSION(missed=2)
JAIPURKURT.NS,2018-11-30,2019-03-01,NOT_NEXT_SESSION(missed=63)
JAIPURKURT.NS,2019-03-01,2019-03-07,NOT_NEXT_SESSION(missed=2)
JAIPURKURT.NS,2019-03-07,2019-03-12,NOT_NEXT_SESSION(missed=2)
JAIPURKURT.NS,2019-03-12,2019-03-14,NOT_NEXT_SESSION(missed=1)
JAIPURKURT.NS,2019-03-14,2019-03-18,NOT_NEXT_SESSION(missed=1)
JAIPURKURT.NS,2019-03-27,2019-04-02,NOT_NEXT_SESSION(missed=3)
JAIPURKURT.NS,2019-04-02,2019-04-04,NOT_NEXT_SESSION(missed=1)
JAIPURKURT.NS,2019-04-15,2019-04-18,NOT_NEXT_SESSION(missed=1)
JAIPURKURT.NS,2019-04-18,2019-04-23,NOT_NEXT_SESSION(missed=1)
JAIPURKURT.NS,2019-04-23,2019-04-30,NOT_NEXT_SESSION(missed=3)
JAIPURKURT.NS,2019-05-02,2019-05-09,NOT_NEXT_SESSION(missed=4)
JAIPURKURT.NS,2019-05-10,2019-05-15,NOT_NEXT_SESSION(missed=2)
JAIPURKURT.NS,2019-05-15,2019-05-31,NOT_NEXT_SESSION(missed=11)
JAIPURKURT.NS,2019-06-04,2019-06-10,NOT_NEXT_SESSION(missed=2)
JAIPURKURT.NS,2019-06-11,2019-06-17,NOT_NEXT_SESSION(missed=3)
JAIPURKURT.NS,2019-06-19,2019-06-21,NOT_NEXT_SESSION(missed=1)
JAIPURKURT.NS,2019-06-25,2019-07-02,NOT_NEXT_SESSION(missed=4)
JAIPURKURT.NS,2019-07-02,2019-07-04,NOT_NEXT_SESSION(missed=1)
JAIPURKURT.NS,2019-07-05,2019-07-09,NOT_NEXT_SESSION(missed=1)
JAIPURKURT.NS,2019-07-09,2019-07-15,NOT_NEXT_SESSION(missed=3)
JAIPURKURT.NS,2019-07-15,2019-07-29,NOT_NEXT_SESSION(missed=9)
JAIPURKURT.NS,2019-08-05,2019-08-09,NOT_NEXT_SESSION(missed=3)
JAIPURKURT.NS,2019-08-09,2019-08-16,NOT_NEXT_SESSION(missed=2)
JAIPURKURT.NS,2019-08-16,2019-08-20,NOT_NEXT_SESSION(missed=1)
JAIPURKURT.NS,2019-08-20,2019-08-27,NOT_NEXT_SESSION(missed=4)
JAIPURKURT.NS,2019-08-27,2019-09-20,NOT_NEXT_SESSION(missed=15)
JAIPURKURT.NS,2019-09-26,2019-10-04,NOT_NEXT_SESSION(missed=4)
JAIPURKURT.NS,2019-10-16,2019-10-23,NOT_NEXT_SESSION(missed=3)
JAIPURKURT.NS,2019-10-24,2019-10-31,NOT_NEXT_SESSION(missed=4)
JAIPURKURT.NS,2019-10-31,2019-11-05,NOT_NEXT_SESSION(missed=2)
JAIPURKURT.NS,2019-11-05,2019-11-07,NOT_NEXT_SESSION(missed=1)
JAIPURKURT.NS,2019-11-08,2019-11-14,NOT_NEXT_SESSION(missed=2)
JAIPURKURT.NS,2019-11-15,2019-11-19,NOT_NEXT_SESSION(missed=1)
JAIPURKURT.NS,2019-11-19,2019-12-12,NOT_NEXT_SESSION(missed=16)
JAIPURKURT.NS,2019-12-12,2019-12-23,NOT_NEXT_SESSION(missed=6)
JAIPURKURT.NS,2020-01-16,2020-01-20,NOT_NEXT_SESSION(missed=1)
JAIPURKURT.NS,2020-01-20,2020-01-24,NOT_NEXT_SESSION(missed=3)
JAIPURKURT.NS,2020-01-24,2020-02-11,NOT_NEXT_SESSION(missed=12)
JAIPURKURT.NS,2020-02-11,2020-02-14,NOT_NEXT_SESSION(missed=2)
JAIPURKURT.NS,2020-02-17,2020-02-27,NOT_NEXT_SESSION(missed=6)
JAIPURKURT.NS,2020-03-05,2020-03-09,NOT_NEXT_SESSION(missed=1)
JAIPURKURT.NS,2020-03-11,2020-03-16,NOT_NEXT_SESSION(missed=2)
JAIPURKURT.NS,2020-03-17,2020-03-26,NOT_NEXT_SESSION(missed=6)
JAIPURKURT.NS,2020-03-27,2020-04-01,NOT_NEXT_SESSION(missed=2)
JAIPURKURT.NS,2020-04-01,2020-06-10,NOT_NEXT_SESSION(missed=43)
JAIPURKURT.NS,2020-06-10,2020-06-15,NOT_NEXT_SESSION(missed=2)
JAIPURKURT.NS,2020-06-15,2020-06-29,NOT_NEXT_SESSION(missed=9)
JAIPURKURT.NS,2020-06-29,2020-08-19,NOT_NEXT_SESSION(missed=36)
JAIPURKURT.NS,2020-08-21,2020-08-25,NOT_NEXT_SESSION(missed=1)
JAIPURKURT.NS,2020-08-25,2020-08-27,NOT_NEXT_SESSION(missed=1)
JAIPURKURT.NS,2020-08-27,2020-09-01,NOT_NEXT_SESSION(missed=2)
JAIPURKURT.NS,2020-09-02,2020-09-09,NOT_NEXT_SESSION(missed=4)
JAIPURKURT.NS,2020-09-09,2020-09-14,NOT_NEXT_SESSION(missed=2)
JAIPURKURT.NS,2020-09-16,2020-09-21,NOT_NEXT_SESSION(missed=2)
JAIPURKURT.NS,2020-09-21,2020-09-23,NOT_NEXT_SESSION(missed=1)
JAIPURKURT.NS,2020-09-23,2020-09-28,NOT_NEXT_SESSION(missed=2)
JAIPURKURT.NS,2020-09-29,2020-10-09,NOT_NEXT_SESSION(missed=6)
JAIPURKURT.NS,2020-10-09,2020-10-19,NOT_NEXT_SESSION(missed=5)
JAIPURKURT.NS,2020-10-19,2020-10-21,NOT_NEXT_SESSION(missed=1)
JAIPURKURT.NS,2020-10-22,2020-10-27,NOT_NEXT_SESSION(missed=2)
JAIPURKURT.NS,2020-10-28,2020-11-10,NOT_NEXT_SESSION(missed=8)
JAIPURKURT.NS,2020-11-10,2020-11-23,NOT_NEXT_SESSION(missed=8)
JAIPURKURT.NS,2020-11-23,2020-11-26,NOT_NEXT_SESSION(missed=2)
JAIPURKURT.NS,2020-11-26,2020-12-02,NOT_NEXT_SESSION(missed=2)
JAIPURKURT.NS,2020-12-02,2020-12-14,NOT_NEXT_SESSION(missed=7)
JAIPURKURT.NS,2020-12-18,2020-12-24,NOT_NEXT_SESSION(missed=3)
JAIPURKURT.NS,2020-12-24,2020-12-29,NOT_NEXT_SESSION(missed=1)
JAIPURKURT.NS,2020-12-29,2021-01-06,NOT_NEXT_SESSION(missed=5)
JAIPURKURT.NS,2021-01-06,2021-01-15,NOT_NEXT_SESSION(missed=6)
JAIPURKURT.NS,2021-01-20,2021-01-22,NOT_NEXT_SESSION(missed=1)
JAIPURKURT.NS,2021-02-12,2021-02-16,NOT_NEXT_SESSION(missed=1)
JAIPURKURT.NS,2021-02-19,2021-02-26,NOT_NEXT_SESSION(missed=4)
JAIPURKURT.NS,2021-03-01,2021-03-03,NOT_NEXT_SESSION(missed=1)
JAIPURKURT.NS,2021-03-04,2021-03-09,NOT_NEXT_SESSION(missed=2)
JAIPURKURT.NS,2021-03-16,2021-03-18,NOT_NEXT_SESSION(missed=1)
JAIPURKURT.NS,2021-03-18,2021-03-23,NOT_NEXT_SESSION(missed=2)
JAIPURKURT.NS,2021-03-23,2021-03-30,NOT_NEXT_SESSION(missed=3)
JAIPURKURT.NS,2021-03-30,2021-04-07,NOT_NEXT_SESSION(missed=4)
JAIPURKURT.NS,2021-04-09,2021-04-13,NOT_NEXT_SESSION(missed=1)
JAIPURKURT.NS,2021-04-16,2021-04-20,NOT_NEXT_SESSION(missed=1)
JAIPURKURT.NS,2021-04-20,2021-04-23,NOT_NEXT_SESSION(missed=1)
JAIPURKURT.NS,2021-04-23,2021-04-27,NOT_NEXT_SESSION(missed=1)
JAIPURKURT.NS,2021-04-29,2021-05-05,NOT_NEXT_SESSION(missed=3)
JAIPURKURT.NS,2021-05-05,2021-05-07,NOT_NEXT_SESSION(missed=1)
JAIPURKURT.NS,2021-05-14,2021-05-26,NOT_NEXT_SESSION(missed=7)
JAIPURKURT.NS,2021-05-26,2021-05-31,NOT_NEXT_SESSION(missed=2)
JAIPURKURT.NS,2021-06-01,2021-06-04,NOT_NEXT_SESSION(missed=2)
JAIPURKURT.NS,2021-06-10,2021-06-14,NOT_NEXT_SESSION(missed=1)
JAIPURKURT.NS,2021-06-18,2021-06-22,NOT_NEXT_SESSION(missed=1)
JAIPURKURT.NS,2021-06-25,2021-06-29,NOT_NEXT_SESSION(missed=1)
JAIPURKURT.NS,2021-06-29,2021-07-01,NOT_NEXT_SESSION(missed=1)
JAIPURKURT.NS,2021-07-06,2021-07-13,NOT_NEXT_SESSION(missed=4)
JAIPURKURT.NS,2021-07-15,2021-07-26,NOT_NEXT_SESSION(missed=5)
JAIPURKURT.NS,2021-07-26,2021-07-28,NOT_NEXT_SESSION(missed=1)
JAIPURKURT.NS,2021-08-05,2021-08-09,NOT_NEXT_SESSION(missed=1)
JAIPURKURT.NS,2021-08-30,2021-09-01,NOT_NEXT_SESSION(missed=1)
JASH.NS,2018-03-13,2018-03-15,NOT_NEXT_SESSION(missed=1)
JASH.NS,2018-03-26,2018-03-28,NOT_NEXT_SESSION(missed=1)
JASH.NS,2018-04-30,2018-05-03,NOT_NEXT_SESSION(missed=1)
JASH.NS,2018-05-08,2018-05-10,NOT_NEXT_SESSION(missed=1)
JASH.NS,2018-05-11,2018-05-15,NOT_NEXT_SESSION(missed=1)
JASH.NS,2018-05-16,2018-05-21,NOT_NEXT_SESSION(missed=2)
JASH.NS,2018-05-23,2018-05-29,NOT_NEXT_SESSION(missed=3)
JASH.NS,2018-05-30,2018-06-01,NOT_NEXT_SESSION(missed=1)
JASH.NS,2018-06-18,2018-06-21,NOT_NEXT_SESSION(missed=2)
JASH.NS,2018-06-22,2018-06-27,NOT_NEXT_SESSION(missed=2)
JASH.NS,2018-06-27,2018-06-29,NOT_NEXT_SESSION(missed=1)
JASH.NS,2018-07-12,2018-07-17,NOT_NEXT_SESSION(missed=2)
JASH.NS,2018-07-20,2018-07-24,NOT_NEXT_SESSION(missed=1)
JASH.NS,2018-07-24,2018-07-27,NOT_NEXT_SESSION(missed=2)
JASH.NS,2018-08-24,2018-08-29,NOT_NEXT_SESSION(missed=2)
JASH.NS,2018-09-12,2018-09-18,NOT_NEXT_SESSION(missed=2)
JASH.NS,2018-09-25,2018-09-27,NOT_NEXT_SESSION(missed=1)
JASH.NS,2018-10-01,2018-10-04,NOT_NEXT_SESSION(missed=1)
JASH.NS,2018-10-12,2018-10-16,NOT_NEXT_SESSION(missed=1)
JASH.NS,2018-10-17,2018-10-22,NOT_NEXT_SESSION(missed=1)
JASH.NS,2018-10-29,2018-10-31,NOT_NEXT_SESSION(missed=1)
JASH.NS,2018-11-01,2018-11-05,NOT_NEXT_SESSION(missed=1)
JASH.NS,2018-11-06,2018-11-12,NOT_NEXT_SESSION(missed=1)
JASH.NS,2018-11-20,2018-11-22,NOT_NEXT_SESSION(missed=1)
JASH.NS,2018-11-29,2019-02-21,NOT_NEXT_SESSION(missed=58)
JASH.NS,2019-02-21,2019-02-25,NOT_NEXT_SESSION(missed=1)
JASH.NS,2019-03-18,2019-03-20,NOT_NEXT_SESSION(missed=1)
JASH.NS,2019-04-01,2019-04-04,NOT_NEXT_SESSION(missed=2)
JASH.NS,2019-04-30,2019-05-03,NOT_NEXT_SESSION(missed=1)
JASH.NS,2019-05-13,2019-05-15,NOT_NEXT_SESSION(missed=1)
JASH.NS,2019-05-16,2019-05-20,NOT_NEXT_SESSION(missed=1)
JASH.NS,2019-05-21,2019-05-23,NOT_NEXT_SESSION(missed=1)
JASH.NS,2019-06-03,2019-06-06,NOT_NEXT_SESSION(missed=1)
JASH.NS,2019-06-06,2019-06-10,NOT_NEXT_SESSION(missed=1)
JASH.NS,2019-06-26,2019-06-28,NOT_NEXT_SESSION(missed=1)
JASH.NS,2019-07-04,2019-07-08,NOT_NEXT_SESSION(missed=1)
JASH.NS,2019-07-16,2019-07-18,NOT_NEXT_SESSION(missed=1)
JASH.NS,2019-08-06,2019-08-13,NOT_NEXT_SESSION(missed=3)
JASH.NS,2019-08-26,2019-08-28,NOT_NEXT_SESSION(missed=1)
JASH.NS,2019-08-30,2019-09-05,NOT_NEXT_SESSION(missed=2)
JASH.NS,2019-09-05,2019-09-09,NOT_NEXT_SESSION(missed=1)
JASH.NS,2019-09-11,2019-09-16,NOT_NEXT_SESSION(missed=2)
JASH.NS,2019-09-23,2019-09-25,NOT_NEXT_SESSION(missed=1)
JASH.NS,2019-09-30,2019-10-04,NOT_NEXT_SESSION(missed=2)
JASH.NS,2019-10-04,2019-10-10,NOT_NEXT_SESSION(missed=2)
JASH.NS,2019-10-11,2019-10-15,NOT_NEXT_SESSION(missed=1)
JASH.NS,2019-10-16,2019-10-18,NOT_NEXT_SESSION(missed=1)
JASH.NS,2019-10-22,2019-10-29,NOT_NEXT_SESSION(missed=4)
JASH.NS,2020-03-31,2020-04-03,NOT_NEXT_SESSION(missed=1)
JAYNECOIND.NS,2018-12-19,2019-02-21,NOT_NEXT_SESSION(missed=44)
JINDALPHOT.NS,2019-09-30,2019-10-03,NOT_NEXT_SESSION(missed=1)
JITFINFRA.NS,2018-11-30,2019-02-21,NOT_NEXT_SESSION(missed=57)
JITFINFRA.NS,2021-06-11,2021-06-21,NOT_NEXT_SESSION(missed=5)
JMA.NS,2019-01-02,2019-01-04,NOT_NEXT_SESSION(missed=1)
JMA.NS,2019-12-10,2019-12-12,NOT_NEXT_SESSION(missed=1)
JMA.NS,2020-02-20,2020-02-25,NOT_NEXT_SESSION(missed=1)
JOCIL.NS,2018-12-07,2018-12-11,NOT_NEXT_SESSION(missed=1)
JOCIL.NS,2019-01-29,2019-01-31,NOT_NEXT_SESSION(missed=1)
JPOLYINVST.NS,2019-04-16,2019-04-22,NOT_NEXT_SESSION(missed=1)
JPOLYINVST.NS,2019-10-24,2019-10-29,NOT_NEXT_SESSION(missed=2)
JPOLYINVST.NS,2019-12-18,2019-12-20,NOT_NEXT_SESSION(missed=1)
JPOLYINVST.NS,2019-12-26,2019-12-30,NOT_NEXT_SESSION(missed=1)
JPOLYINVST.NS,2020-01-29,2020-01-31,NOT_NEXT_SESSION(missed=1)
JPOLYINVST.NS,2020-03-05,2020-03-09,NOT_NEXT_SESSION(missed=1)
JPOLYINVST.NS,2020-03-12,2020-03-16,NOT_NEXT_SESSION(missed=1)
JPOLYINVST.NS,2020-03-18,2020-03-20,NOT_NEXT_SESSION(missed=1)
JPOLYINVST.NS,2020-05-15,2020-05-19,NOT_NEXT_SESSION(missed=1)
JPOLYINVST.NS,2020-09-28,2020-09-30,NOT_NEXT_SESSION(missed=1)
JPOLYINVST.NS,2021-01-25,2021-02-01,NOT_NEXT_SESSION(missed=3)
JPOLYINVST.NS,2021-02-01,2021-02-08,NOT_NEXT_SESSION(missed=4)
JPOLYINVST.NS,2021-02-08,2021-02-15,NOT_NEXT_SESSION(missed=4)
JPOLYINVST.NS,2021-02-15,2021-02-22,NOT_NEXT_SESSION(missed=4)
JPOLYINVST.NS,2021-02-22,2021-03-01,NOT_NEXT_SESSION(missed=4)
JPOLYINVST.NS,2021-03-01,2021-03-08,NOT_NEXT_SESSION(missed=4)
JPOLYINVST.NS,2021-03-08,2021-03-15,NOT_NEXT_SESSION(missed=3)
JPOLYINVST.NS,2021-03-15,2021-03-22,NOT_NEXT_SESSION(missed=4)
JPOLYINVST.NS,2021-03-22,2021-03-30,NOT_NEXT_SESSION(missed=4)
JPOLYINVST.NS,2021-03-30,2021-04-05,NOT_NEXT_SESSION(missed=2)
JPOLYINVST.NS,2021-04-05,2021-04-12,NOT_NEXT_SESSION(missed=4)
JPOLYINVST.NS,2021-04-12,2021-04-19,NOT_NEXT_SESSION(missed=3)
JPOLYINVST.NS,2021-04-19,2021-04-26,NOT_NEXT_SESSION(missed=3)
JPOLYINVST.NS,2021-04-26,2021-05-03,NOT_NEXT_SESSION(missed=4)
JPOLYINVST.NS,2021-05-03,2021-05-10,NOT_NEXT_SESSION(missed=4)
JPOLYINVST.NS,2021-05-10,2021-05-17,NOT_NEXT_SESSION(missed=3)
JPOLYINVST.NS,2021-05-17,2021-05-24,NOT_NEXT_SESSION(missed=4)
JPOLYINVST.NS,2021-05-24,2021-05-31,NOT_NEXT_SESSION(missed=4)
JPOLYINVST.NS,2021-05-31,2021-06-07,NOT_NEXT_SESSION(missed=4)
JPOLYINVST.NS,2021-06-07,2021-06-14,NOT_NEXT_SESSION(missed=4)
JPOLYINVST.NS,2021-06-14,2021-06-21,NOT_NEXT_SESSION(missed=4)
JPOLYINVST.NS,2021-06-21,2021-06-28,NOT_NEXT_SESSION(missed=4)
JPOLYINVST.NS,2021-06-28,2021-07-05,NOT_NEXT_SESSION(missed=4)
JPOLYINVST.NS,2021-07-05,2021-07-12,NOT_NEXT_SESSION(missed=4)
JPOLYINVST.NS,2021-07-12,2021-07-19,NOT_NEXT_SESSION(missed=4)
JPOLYINVST.NS,2021-07-19,2021-07-26,NOT_NEXT_SESSION(missed=3)
JPOLYINVST.NS,2021-07-26,2021-08-02,NOT_NEXT_SESSION(missed=4)
JPOLYINVST.NS,2021-08-02,2021-08-09,NOT_NEXT_SESSION(missed=4)
JPOLYINVST.NS,2021-08-09,2021-08-16,NOT_NEXT_SESSION(missed=4)
JPOLYINVST.NS,2021-08-16,2021-08-23,NOT_NEXT_SESSION(missed=3)
JPOLYINVST.NS,2021-08-23,2021-08-30,NOT_NEXT_SESSION(missed=4)
JPOLYINVST.NS,2021-08-30,2021-09-06,NOT_NEXT_SESSION(missed=4)
JPOLYINVST.NS,2021-09-06,2021-09-13,NOT_NEXT_SESSION(missed=3)
JWL.NS,2018-11-30,2019-02-21,NOT_NEXT_SESSION(missed=57)
JYOTISTRUC.NS,2018-11-30,2019-02-21,NOT_NEXT_SESSION(missed=57)
JYOTISTRUC.NS,2019-04-23,2019-04-30,NOT_NEXT_SESSION(missed=3)
JYOTISTRUC.NS,2019-04-30,2019-05-06,NOT_NEXT_SESSION(missed=2)
JYOTISTRUC.NS,2019-05-06,2019-05-13,NOT_NEXT_SESSION(missed=4)
JYOTISTRUC.NS,2019-05-13,2019-05-20,NOT_NEXT_SESSION(missed=4)
JYOTISTRUC.NS,2019-05-20,2019-06-03,NOT_NEXT_SESSION(missed=9)
JYOTISTRUC.NS,2019-06-03,2019-07-01,NOT_NEXT_SESSION(missed=18)
JYOTISTRUC.NS,2019-07-01,2019-08-05,NOT_NEXT_SESSION(missed=24)
JYOTISTRUC.NS,2019-08-05,2019-09-03,NOT_NEXT_SESSION(missed=17)
JYOTISTRUC.NS,2019-09-03,2019-10-07,NOT_NEXT_SESSION(missed=21)
JYOTISTRUC.NS,2019-10-07,2019-12-02,NOT_NEXT_SESSION(missed=36)
JYOTISTRUC.NS,2019-12-02,2019-12-23,NOT_NEXT_SESSION(missed=14)
JYOTISTRUC.NS,2019-12-23,2020-01-13,NOT_NEXT_SESSION(missed=13)
JYOTISTRUC.NS,2020-01-13,2020-01-20,NOT_NEXT_SESSION(missed=4)
JYOTISTRUC.NS,2020-01-20,2020-01-27,NOT_NEXT_SESSION(missed=4)
JYOTISTRUC.NS,2020-01-27,2020-02-03,NOT_NEXT_SESSION(missed=5)
JYOTISTRUC.NS,2020-02-03,2020-02-10,NOT_NEXT_SESSION(missed=4)
JYOTISTRUC.NS,2020-02-10,2020-02-17,NOT_NEXT_SESSION(missed=4)
JYOTISTRUC.NS,2020-02-17,2020-02-24,NOT_NEXT_SESSION(missed=3)
JYOTISTRUC.NS,2020-02-24,2020-03-02,NOT_NEXT_SESSION(missed=4)
JYOTISTRUC.NS,2020-03-02,2020-03-09,NOT_NEXT_SESSION(missed=4)
JYOTISTRUC.NS,2020-06-10,2020-06-15,NOT_NEXT_SESSION(missed=2)
JYOTISTRUC.NS,2020-06-15,2020-06-22,NOT_NEXT_SESSION(missed=4)
JYOTISTRUC.NS,2020-06-22,2020-06-29,NOT_NEXT_SESSION(missed=4)
JYOTISTRUC.NS,2020-06-29,2020-07-06,NOT_NEXT_SESSION(missed=4)
JYOTISTRUC.NS,2020-07-06,2020-07-13,NOT_NEXT_SESSION(missed=4)
JYOTISTRUC.NS,2020-07-13,2020-07-20,NOT_NEXT_SESSION(missed=4)
JYOTISTRUC.NS,2020-07-20,2020-07-27,NOT_NEXT_SESSION(missed=4)
JYOTISTRUC.NS,2020-07-27,2020-08-10,NOT_NEXT_SESSION(missed=9)
JYOTISTRUC.NS,2020-08-10,2020-08-17,NOT_NEXT_SESSION(missed=4)
JYOTISTRUC.NS,2020-08-17,2020-08-24,NOT_NEXT_SESSION(missed=4)
JYOTISTRUC.NS,2020-08-24,2020-08-31,NOT_NEXT_SESSION(missed=4)
JYOTISTRUC.NS,2020-08-31,2020-09-07,NOT_NEXT_SESSION(missed=4)
JYOTISTRUC.NS,2020-09-07,2020-09-14,NOT_NEXT_SESSION(missed=4)
JYOTISTRUC.NS,2021-01-08,2021-01-18,NOT_NEXT_SESSION(missed=5)
JYOTISTRUC.NS,2021-01-18,2021-01-25,NOT_NEXT_SESSION(missed=4)
JYOTISTRUC.NS,2021-01-25,2021-02-01,NOT_NEXT_SESSION(missed=3)
JYOTISTRUC.NS,2021-02-01,2021-02-08,NOT_NEXT_SESSION(missed=4)
JYOTISTRUC.NS,2021-02-09,2021-02-11,NOT_NEXT_SESSION(missed=1)
JYOTISTRUC.NS,2021-02-11,2021-02-15,NOT_NEXT_SESSION(missed=1)
JYOTISTRUC.NS,2021-02-15,2021-02-18,NOT_NEXT_SESSION(missed=2)
JYOTISTRUC.NS,2021-02-18,2021-02-23,NOT_NEXT_SESSION(missed=2)
JYOTISTRUC.NS,2021-02-23,2021-02-25,NOT_NEXT_SESSION(missed=1)
KALYANIFRG.NS,2017-09-28,2017-10-03,NOT_NEXT_SESSION(missed=1)
KALYANIFRG.NS,2018-11-30,2019-02-21,NOT_NEXT_SESSION(missed=57)
KALYANIFRG.NS,2019-02-21,2019-02-25,NOT_NEXT_SESSION(missed=1)
KALYANIFRG.NS,2019-04-03,2019-04-05,NOT_NEXT_SESSION(missed=1)
KALYANIFRG.NS,2019-04-22,2019-04-24,NOT_NEXT_SESSION(missed=1)
KALYANIFRG.NS,2019-04-25,2019-04-30,NOT_NEXT_SESSION(missed=1)
KALYANIFRG.NS,2019-10-14,2019-10-16,NOT_NEXT_SESSION(missed=1)
KALYANIFRG.NS,2019-10-25,2019-10-29,NOT_NEXT_SESSION(missed=1)
KALYANIFRG.NS,2022-07-19,2022-07-21,NOT_NEXT_SESSION(missed=1)
KANANIIND.NS,2019-07-22,2019-07-24,NOT_NEXT_SESSION(missed=1)
KANANIIND.NS,2019-10-25,2019-10-29,NOT_NEXT_SESSION(missed=1)
KANANIIND.NS,2020-03-26,2020-03-30,NOT_NEXT_SESSION(missed=1)
KAPSTON.NS,2021-02-16,2021-02-18,NOT_NEXT_SESSION(missed=1)
KAPSTON.NS,2021-02-23,2021-02-25,NOT_NEXT_SESSION(missed=1)
KAPSTON.NS,2021-03-25,2021-03-30,NOT_NEXT_SESSION(missed=1)
KARMAENG.NS,2018-03-28,2018-04-03,NOT_NEXT_SESSION(missed=1)
KARMAENG.NS,2018-11-20,2018-11-22,NOT_NEXT_SESSION(missed=1)
KARMAENG.NS,2020-01-24,2020-01-28,NOT_NEXT_SESSION(missed=1)
KARMAENG.NS,2020-02-12,2020-02-14,NOT_NEXT_SESSION(missed=1)
KARMAENG.NS,2020-02-20,2020-02-25,NOT_NEXT_SESSION(missed=1)
KARMAENG.NS,2020-02-25,2020-03-02,NOT_NEXT_SESSION(missed=3)
KARMAENG.NS,2020-03-02,2020-03-04,NOT_NEXT_SESSION(missed=1)
KARMAENG.NS,2020-03-04,2020-03-09,NOT_NEXT_SESSION(missed=2)
KARMAENG.NS,2020-03-09,2020-03-12,NOT_NEXT_SESSION(missed=1)
KARMAENG.NS,2020-03-12,2020-03-19,NOT_NEXT_SESSION(missed=4)
KARMAENG.NS,2020-03-20,2020-03-25,NOT_NEXT_SESSION(missed=2)
KARMAENG.NS,2024-05-17,2024-05-21,NOT_NEXT_SESSION(missed=1)
KARMAENG.NS,2024-10-24,2024-10-28,NOT_NEXT_SESSION(missed=1)
KAVDEFENCE.NS,2019-05-23,2019-05-27,NOT_NEXT_SESSION(missed=1)
KAVDEFENCE.NS,2019-07-31,2019-08-02,NOT_NEXT_SESSION(missed=1)
KAVDEFENCE.NS,2019-08-29,2019-09-03,NOT_NEXT_SESSION(missed=1)
KAVDEFENCE.NS,2019-09-13,2019-09-17,NOT_NEXT_SESSION(missed=1)
KAVDEFENCE.NS,2019-09-25,2019-09-30,NOT_NEXT_SESSION(missed=2)
KAVDEFENCE.NS,2019-10-23,2019-10-29,NOT_NEXT_SESSION(missed=3)
KAVDEFENCE.NS,2019-11-01,2019-11-07,NOT_NEXT_SESSION(missed=3)
KAVDEFENCE.NS,2019-11-11,2019-11-14,NOT_NEXT_SESSION(missed=1)
KAVDEFENCE.NS,2019-11-19,2019-11-21,NOT_NEXT_SESSION(missed=1)
KAVDEFENCE.NS,2019-12-02,2019-12-04,NOT_NEXT_SESSION(missed=1)
KAVDEFENCE.NS,2020-01-16,2020-01-21,NOT_NEXT_SESSION(missed=2)
KAVDEFENCE.NS,2020-01-21,2020-01-23,NOT_NEXT_SESSION(missed=1)
KAVDEFENCE.NS,2020-01-24,2020-01-29,NOT_NEXT_SESSION(missed=2)
KAVDEFENCE.NS,2020-01-30,2020-02-03,NOT_NEXT_SESSION(missed=2)
KAVDEFENCE.NS,2020-02-03,2020-02-05,NOT_NEXT_SESSION(missed=1)
KAVDEFENCE.NS,2020-02-10,2020-02-13,NOT_NEXT_SESSION(missed=2)
KAVDEFENCE.NS,2020-02-14,2020-02-18,NOT_NEXT_SESSION(missed=1)
KAVDEFENCE.NS,2020-02-18,2020-02-20,NOT_NEXT_SESSION(missed=1)
KAVDEFENCE.NS,2020-02-25,2020-02-27,NOT_NEXT_SESSION(missed=1)
KAVDEFENCE.NS,2020-02-27,2020-03-02,NOT_NEXT_SESSION(missed=1)
KAVDEFENCE.NS,2020-03-03,2020-03-05,NOT_NEXT_SESSION(missed=1)
KAVDEFENCE.NS,2020-03-11,2021-03-01,NOT_NEXT_SESSION(missed=242)
KAVDEFENCE.NS,2021-03-01,2021-03-08,NOT_NEXT_SESSION(missed=4)
KAVDEFENCE.NS,2021-03-08,2021-03-15,NOT_NEXT_SESSION(missed=3)
KAVDEFENCE.NS,2021-03-15,2021-03-22,NOT_NEXT_SESSION(missed=4)
KAVDEFENCE.NS,2021-03-22,2021-03-30,NOT_NEXT_SESSION(missed=4)
KAVDEFENCE.NS,2021-03-30,2021-04-05,NOT_NEXT_SESSION(missed=2)
KAVDEFENCE.NS,2021-04-05,2021-04-12,NOT_NEXT_SESSION(missed=4)
KAVDEFENCE.NS,2021-04-12,2021-04-19,NOT_NEXT_SESSION(missed=3)
KAVDEFENCE.NS,2021-04-19,2021-04-26,NOT_NEXT_SESSION(missed=3)
KAVDEFENCE.NS,2021-04-26,2021-05-03,NOT_NEXT_SESSION(missed=4)
KAVDEFENCE.NS,2021-05-03,2021-05-10,NOT_NEXT_SESSION(missed=4)
KAVDEFENCE.NS,2021-05-10,2021-05-17,NOT_NEXT_SESSION(missed=3)
KAVDEFENCE.NS,2021-05-17,2021-05-24,NOT_NEXT_SESSION(missed=4)
KAVDEFENCE.NS,2021-05-24,2021-05-31,NOT_NEXT_SESSION(missed=4)
KAVDEFENCE.NS,2021-05-31,2021-06-07,NOT_NEXT_SESSION(missed=4)
KAVDEFENCE.NS,2021-06-07,2021-06-14,NOT_NEXT_SESSION(missed=4)
KAVDEFENCE.NS,2021-06-14,2021-06-21,NOT_NEXT_SESSION(missed=4)
KAVDEFENCE.NS,2021-06-21,2021-06-28,NOT_NEXT_SESSION(missed=4)
KAVDEFENCE.NS,2021-06-28,2021-07-05,NOT_NEXT_SESSION(missed=4)
KAVDEFENCE.NS,2021-07-05,2021-07-12,NOT_NEXT_SESSION(missed=4)
KAVDEFENCE.NS,2021-07-12,2021-07-19,NOT_NEXT_SESSION(missed=4)
KAVDEFENCE.NS,2023-05-16,2023-05-22,NOT_NEXT_SESSION(missed=3)
KAVDEFENCE.NS,2023-05-22,2023-05-29,NOT_NEXT_SESSION(missed=4)
KAVDEFENCE.NS,2023-05-29,2023-06-01,NOT_NEXT_SESSION(missed=2)
KEEPLEARN.NS,2023-07-07,2023-07-17,NOT_NEXT_SESSION(missed=5)
KEEPLEARN.NS,2023-07-17,2023-07-24,NOT_NEXT_SESSION(missed=4)
KEEPLEARN.NS,2023-07-26,2023-07-28,NOT_NEXT_SESSION(missed=1)
KEEPLEARN.NS,2024-05-13,2024-05-15,NOT_NEXT_SESSION(missed=1)
KELLTONTEC.NS,2017-11-13,2017-11-14,EXTREME_RETURN
KELLTONTEC.NS,2019-01-16,2019-02-21,NOT_NEXT_SESSION(missed=25)
KERNEX.NS,2018-05-21,2018-05-23,NOT_NEXT_SESSION(missed=1)
KERNEX.NS,2018-11-30,2019-02-21,NOT_NEXT_SESSION(missed=57)
KEYFINSERV.NS,2018-06-19,2018-06-26,NOT_NEXT_SESSION(missed=4)
KEYFINSERV.NS,2018-06-26,2018-07-02,NOT_NEXT_SESSION(missed=3)
KEYFINSERV.NS,2018-07-02,2018-07-06,NOT_NEXT_SESSION(missed=3)
KEYFINSERV.NS,2018-07-10,2018-07-13,NOT_NEXT_SESSION(missed=2)
KEYFINSERV.NS,2018-07-13,2018-07-19,NOT_NEXT_SESSION(missed=3)
KEYFINSERV.NS,2018-07-19,2018-07-24,NOT_NEXT_SESSION(missed=2)
KEYFINSERV.NS,2018-07-24,2018-07-26,NOT_NEXT_SESSION(missed=1)
KEYFINSERV.NS,2018-07-31,2018-08-02,NOT_NEXT_SESSION(missed=1)
KEYFINSERV.NS,2018-08-03,2018-08-07,NOT_NEXT_SESSION(missed=1)
KEYFINSERV.NS,2018-08-08,2018-08-10,NOT_NEXT_SESSION(missed=1)
KEYFINSERV.NS,2018-08-16,2018-08-20,NOT_NEXT_SESSION(missed=1)
KEYFINSERV.NS,2018-08-23,2018-08-27,NOT_NEXT_SESSION(missed=1)
KEYFINSERV.NS,2018-08-28,2018-08-30,NOT_NEXT_SESSION(missed=1)
KEYFINSERV.NS,2018-09-18,2018-09-21,NOT_NEXT_SESSION(missed=1)
KEYFINSERV.NS,2018-09-24,2018-09-26,NOT_NEXT_SESSION(missed=1)
KEYFINSERV.NS,2018-09-26,2018-09-28,NOT_NEXT_SESSION(missed=1)
KEYFINSERV.NS,2018-09-28,2018-10-03,NOT_NEXT_SESSION(missed=1)
KEYFINSERV.NS,2018-10-03,2018-10-05,NOT_NEXT_SESSION(missed=1)
KEYFINSERV.NS,2018-10-08,2018-10-12,NOT_NEXT_SESSION(missed=3)
KEYFINSERV.NS,2018-10-12,2018-10-16,NOT_NEXT_SESSION(missed=1)
KEYFINSERV.NS,2018-10-22,2018-10-30,NOT_NEXT_SESSION(missed=5)
KEYFINSERV.NS,2018-10-30,2018-11-01,NOT_NEXT_SESSION(missed=1)
KEYFINSERV.NS,2018-11-06,2018-11-12,NOT_NEXT_SESSION(missed=1)
KEYFINSERV.NS,2018-11-21,2018-11-26,NOT_NEXT_SESSION(missed=1)
KEYFINSERV.NS,2018-11-28,2018-11-30,NOT_NEXT_SESSION(missed=1)
KEYFINSERV.NS,2018-12-05,2018-12-07,NOT_NEXT_SESSION(missed=1)
KEYFINSERV.NS,2018-12-10,2018-12-21,NOT_NEXT_SESSION(missed=8)
KEYFINSERV.NS,2018-12-21,2018-12-31,NOT_NEXT_SESSION(missed=4)
KEYFINSERV.NS,2019-01-04,2019-01-08,NOT_NEXT_SESSION(missed=1)
KEYFINSERV.NS,2019-01-14,2019-01-17,NOT_NEXT_SESSION(missed=2)
KEYFINSERV.NS,2019-01-17,2019-01-21,NOT_NEXT_SESSION(missed=1)
KEYFINSERV.NS,2019-01-24,2019-02-04,NOT_NEXT_SESSION(missed=6)
KEYFINSERV.NS,2019-02-05,2019-02-20,NOT_NEXT_SESSION(missed=10)
KEYFINSERV.NS,2019-02-22,2019-02-26,NOT_NEXT_SESSION(missed=1)
KEYFINSERV.NS,2019-02-27,2019-03-01,NOT_NEXT_SESSION(missed=1)
KEYFINSERV.NS,2019-03-05,2019-03-08,NOT_NEXT_SESSION(missed=2)
KEYFINSERV.NS,2019-03-25,2019-03-27,NOT_NEXT_SESSION(missed=1)
KEYFINSERV.NS,2019-03-27,2019-04-10,NOT_NEXT_SESSION(missed=9)
KEYFINSERV.NS,2019-04-10,2019-04-15,NOT_NEXT_SESSION(missed=2)
KEYFINSERV.NS,2019-04-16,2019-04-22,NOT_NEXT_SESSION(missed=1)
KEYFINSERV.NS,2019-04-30,2019-05-03,NOT_NEXT_SESSION(missed=1)
KEYFINSERV.NS,2019-05-03,2019-05-17,NOT_NEXT_SESSION(missed=9)
KEYFINSERV.NS,2019-05-17,2019-05-24,NOT_NEXT_SESSION(missed=4)
KEYFINSERV.NS,2019-05-29,2019-05-31,NOT_NEXT_SESSION(missed=1)
KEYFINSERV.NS,2019-05-31,2019-06-04,NOT_NEXT_SESSION(missed=1)
KEYFINSERV.NS,2019-06-10,2019-06-13,NOT_NEXT_SESSION(missed=2)
KEYFINSERV.NS,2019-06-17,2019-06-19,NOT_NEXT_SESSION(missed=1)
KEYFINSERV.NS,2019-06-19,2019-06-21,NOT_NEXT_SESSION(missed=1)
KEYFINSERV.NS,2019-07-01,2019-07-04,NOT_NEXT_SESSION(missed=2)
KEYFINSERV.NS,2019-07-04,2019-07-08,NOT_NEXT_SESSION(missed=1)
KEYFINSERV.NS,2019-07-09,2019-07-11,NOT_NEXT_SESSION(missed=1)
KEYFINSERV.NS,2019-07-12,2019-07-16,NOT_NEXT_SESSION(missed=1)
KEYFINSERV.NS,2019-07-18,2019-07-23,NOT_NEXT_SESSION(missed=2)
KEYFINSERV.NS,2019-07-26,2019-07-30,NOT_NEXT_SESSION(missed=1)
KEYFINSERV.NS,2019-08-06,2019-08-13,NOT_NEXT_SESSION(missed=3)
KEYFINSERV.NS,2019-08-13,2019-08-16,NOT_NEXT_SESSION(missed=1)
KEYFINSERV.NS,2019-08-19,2019-08-22,NOT_NEXT_SESSION(missed=2)
KEYFINSERV.NS,2019-08-23,2019-08-28,NOT_NEXT_SESSION(missed=2)
KEYFINSERV.NS,2019-08-30,2019-09-04,NOT_NEXT_SESSION(missed=1)
KEYFINSERV.NS,2019-09-05,2019-09-17,NOT_NEXT_SESSION(missed=6)
KEYFINSERV.NS,2019-09-17,2019-09-19,NOT_NEXT_SESSION(missed=1)
KEYFINSERV.NS,2019-09-19,2019-09-30,NOT_NEXT_SESSION(missed=6)
KEYFINSERV.NS,2019-09-30,2019-10-04,NOT_NEXT_SESSION(missed=2)
KEYFINSERV.NS,2019-10-04,2019-10-22,NOT_NEXT_SESSION(missed=9)
KEYFINSERV.NS,2019-10-22,2019-11-04,NOT_NEXT_SESSION(missed=8)
KEYFINSERV.NS,2019-11-04,2019-11-06,NOT_NEXT_SESSION(missed=1)
KEYFINSERV.NS,2019-11-06,2019-11-18,NOT_NEXT_SESSION(missed=6)
KEYFINSERV.NS,2019-11-18,2019-11-25,NOT_NEXT_SESSION(missed=4)
KEYFINSERV.NS,2019-11-26,2019-12-06,NOT_NEXT_SESSION(missed=7)
KEYFINSERV.NS,2019-12-09,2019-12-17,NOT_NEXT_SESSION(missed=5)
KEYFINSERV.NS,2019-12-17,2020-01-03,NOT_NEXT_SESSION(missed=11)
KEYFINSERV.NS,2020-01-03,2020-01-09,NOT_NEXT_SESSION(missed=3)
KEYFINSERV.NS,2020-01-15,2020-01-22,NOT_NEXT_SESSION(missed=4)
KEYFINSERV.NS,2020-02-06,2020-02-13,NOT_NEXT_SESSION(missed=4)
KEYFINSERV.NS,2020-02-13,2020-02-18,NOT_NEXT_SESSION(missed=2)
KEYFINSERV.NS,2020-02-18,2020-02-24,NOT_NEXT_SESSION(missed=2)
KEYFINSERV.NS,2020-02-26,2020-03-16,NOT_NEXT_SESSION(missed=11)
KEYFINSERV.NS,2020-03-16,2020-03-20,NOT_NEXT_SESSION(missed=3)
KEYFINSERV.NS,2020-03-20,2020-03-25,NOT_NEXT_SESSION(missed=2)
KEYFINSERV.NS,2020-03-25,2020-03-27,NOT_NEXT_SESSION(missed=1)
KEYFINSERV.NS,2020-03-30,2020-04-01,NOT_NEXT_SESSION(missed=1)
KEYFINSERV.NS,2020-04-01,2020-04-21,NOT_NEXT_SESSION(missed=9)
KEYFINSERV.NS,2020-04-21,2020-04-23,NOT_NEXT_SESSION(missed=1)
KEYFINSERV.NS,2020-06-18,2020-06-22,NOT_NEXT_SESSION(missed=1)
KEYFINSERV.NS,2020-07-21,2020-07-23,NOT_NEXT_SESSION(missed=1)
KHAITANLTD.NS,2018-12-21,2019-02-21,NOT_NEXT_SESSION(missed=42)
KHAITANLTD.NS,2019-02-28,2019-03-06,NOT_NEXT_SESSION(missed=2)
KHAITANLTD.NS,2019-09-09,2019-09-12,NOT_NEXT_SESSION(missed=1)
KHAITANLTD.NS,2019-09-25,2019-09-27,NOT_NEXT_SESSION(missed=1)
KHAITANLTD.NS,2019-09-27,2019-10-04,NOT_NEXT_SESSION(missed=3)
KHAITANLTD.NS,2019-10-04,2019-10-10,NOT_NEXT_SESSION(missed=2)
KHAITANLTD.NS,2019-10-10,2019-10-15,NOT_NEXT_SESSION(missed=2)
KHAITANLTD.NS,2019-10-18,2019-10-23,NOT_NEXT_SESSION(missed=1)
KHAITANLTD.NS,2019-11-08,2019-11-13,NOT_NEXT_SESSION(missed=1)
KHAITANLTD.NS,2019-12-03,2019-12-05,NOT_NEXT_SESSION(missed=1)
KHAITANLTD.NS,2019-12-12,2019-12-16,NOT_NEXT_SESSION(missed=1)
KHAITANLTD.NS,2020-02-13,2020-02-17,NOT_NEXT_SESSION(missed=1)
KHAITANLTD.NS,2020-02-19,2020-02-24,NOT_NEXT_SESSION(missed=1)
KHAITANLTD.NS,2020-02-27,2020-03-02,NOT_NEXT_SESSION(missed=1)
KHAITANLTD.NS,2020-03-02,2020-03-04,NOT_NEXT_SESSION(missed=1)
KHAITANLTD.NS,2020-03-11,2021-03-01,NOT_NEXT_SESSION(missed=242)
KHAITANLTD.NS,2021-03-01,2021-03-08,NOT_NEXT_SESSION(missed=4)
KHAITANLTD.NS,2021-03-08,2021-03-15,NOT_NEXT_SESSION(missed=3)
KHAITANLTD.NS,2021-03-15,2021-03-22,NOT_NEXT_SESSION(missed=4)
KHAITANLTD.NS,2021-03-22,2021-03-30,NOT_NEXT_SESSION(missed=4)
KHAITANLTD.NS,2021-03-30,2021-04-05,NOT_NEXT_SESSION(missed=2)
KHAITANLTD.NS,2021-04-05,2021-04-12,NOT_NEXT_SESSION(missed=4)
KHAITANLTD.NS,2021-04-12,2021-04-19,NOT_NEXT_SESSION(missed=3)
KHAITANLTD.NS,2021-04-19,2021-04-26,NOT_NEXT_SESSION(missed=3)
KHAITANLTD.NS,2021-04-26,2021-05-03,NOT_NEXT_SESSION(missed=4)
KHAITANLTD.NS,2021-05-03,2021-05-10,NOT_NEXT_SESSION(missed=4)
KHAITANLTD.NS,2021-05-10,2021-05-17,NOT_NEXT_SESSION(missed=3)
KHAITANLTD.NS,2021-05-17,2021-05-24,NOT_NEXT_SESSION(missed=4)
KHAITANLTD.NS,2021-05-24,2021-05-31,NOT_NEXT_SESSION(missed=4)
KHAITANLTD.NS,2021-05-31,2021-06-07,NOT_NEXT_SESSION(missed=4)
KHAITANLTD.NS,2021-06-07,2021-06-14,NOT_NEXT_SESSION(missed=4)
KHAITANLTD.NS,2021-06-14,2021-06-21,NOT_NEXT_SESSION(missed=4)
KHAITANLTD.NS,2021-06-21,2021-06-28,NOT_NEXT_SESSION(missed=4)
KHAITANLTD.NS,2021-06-28,2021-07-05,NOT_NEXT_SESSION(missed=4)
KHAITANLTD.NS,2021-07-05,2021-07-12,NOT_NEXT_SESSION(missed=4)
KHAITANLTD.NS,2021-07-12,2021-07-19,NOT_NEXT_SESSION(missed=4)
KHAITANLTD.NS,2021-07-19,2021-07-26,NOT_NEXT_SESSION(missed=3)
KHAITANLTD.NS,2021-07-26,2021-08-02,NOT_NEXT_SESSION(missed=4)
KHAITANLTD.NS,2021-08-02,2021-08-09,NOT_NEXT_SESSION(missed=4)
KHAITANLTD.NS,2021-08-09,2021-08-16,NOT_NEXT_SESSION(missed=4)
KHAITANLTD.NS,2021-08-16,2021-08-23,NOT_NEXT_SESSION(missed=3)
KHAITANLTD.NS,2021-08-23,2021-08-25,NOT_NEXT_SESSION(missed=1)
KHANDSE.NS,2018-07-04,2018-07-06,NOT_NEXT_SESSION(missed=1)
KHANDSE.NS,2018-07-10,2018-07-12,NOT_NEXT_SESSION(missed=1)
KHANDSE.NS,2018-07-16,2018-07-18,NOT_NEXT_SESSION(missed=1)
KHANDSE.NS,2018-08-23,2018-08-27,NOT_NEXT_SESSION(missed=1)
KHANDSE.NS,2018-09-18,2018-09-21,NOT_NEXT_SESSION(missed=1)
KHANDSE.NS,2018-09-26,2018-09-28,NOT_NEXT_SESSION(missed=1)
KHANDSE.NS,2018-09-28,2018-10-03,NOT_NEXT_SESSION(missed=1)
KHANDSE.NS,2018-10-05,2018-10-09,NOT_NEXT_SESSION(missed=1)
KHANDSE.NS,2018-10-23,2018-10-25,NOT_NEXT_SESSION(missed=1)
KHANDSE.NS,2018-10-25,2018-11-01,NOT_NEXT_SESSION(missed=4)
KHANDSE.NS,2018-11-02,2018-11-13,NOT_NEXT_SESSION(missed=4)
KHANDSE.NS,2018-11-15,2018-11-19,NOT_NEXT_SESSION(missed=1)
KHANDSE.NS,2018-11-27,2018-11-29,NOT_NEXT_SESSION(missed=1)
KHANDSE.NS,2018-12-21,2019-02-21,NOT_NEXT_SESSION(missed=42)
KHANDSE.NS,2019-02-21,2019-02-26,NOT_NEXT_SESSION(missed=2)
KHANDSE.NS,2019-02-26,2019-02-28,NOT_NEXT_SESSION(missed=1)
KHANDSE.NS,2019-02-28,2019-03-05,NOT_NEXT_SESSION(missed=1)
KHANDSE.NS,2019-03-13,2019-03-18,NOT_NEXT_SESSION(missed=2)
KHANDSE.NS,2019-03-26,2019-03-28,NOT_NEXT_SESSION(missed=1)
KHANDSE.NS,2019-04-01,2019-04-08,NOT_NEXT_SESSION(missed=4)
KHANDSE.NS,2019-04-09,2019-04-12,NOT_NEXT_SESSION(missed=2)
KHANDSE.NS,2019-04-12,2019-04-16,NOT_NEXT_SESSION(missed=1)
KHANDSE.NS,2019-04-24,2019-04-26,NOT_NEXT_SESSION(missed=1)
KHANDSE.NS,2019-04-26,2019-05-02,NOT_NEXT_SESSION(missed=1)
KHANDSE.NS,2019-05-16,2019-05-20,NOT_NEXT_SESSION(missed=1)
KHANDSE.NS,2019-05-27,2019-05-29,NOT_NEXT_SESSION(missed=1)
KHANDSE.NS,2019-06-04,2019-07-02,NOT_NEXT_SESSION(missed=18)
KHANDSE.NS,2019-07-03,2019-07-16,NOT_NEXT_SESSION(missed=8)
KHANDSE.NS,2019-07-16,2019-07-25,NOT_NEXT_SESSION(missed=6)
KHANDSE.NS,2019-07-26,2019-08-13,NOT_NEXT_SESSION(missed=10)
KHANDSE.NS,2019-08-22,2019-08-27,NOT_NEXT_SESSION(missed=2)
KHANDSE.NS,2019-08-30,2019-09-05,NOT_NEXT_SESSION(missed=2)
KHANDSE.NS,2019-09-05,2019-09-12,NOT_NEXT_SESSION(missed=3)
KHANDSE.NS,2019-09-16,2019-09-18,NOT_NEXT_SESSION(missed=1)
KHANDSE.NS,2019-09-18,2019-09-20,NOT_NEXT_SESSION(missed=1)
KHANDSE.NS,2019-09-20,2019-09-25,NOT_NEXT_SESSION(missed=2)
KHANDSE.NS,2019-09-25,2019-09-30,NOT_NEXT_SESSION(missed=2)
KHANDSE.NS,2019-09-30,2019-10-10,NOT_NEXT_SESSION(missed=5)
KHANDSE.NS,2019-10-11,2019-11-11,NOT_NEXT_SESSION(missed=19)
KHANDSE.NS,2019-11-11,2019-11-14,NOT_NEXT_SESSION(missed=1)
KHANDSE.NS,2019-11-15,2019-11-19,NOT_NEXT_SESSION(missed=1)
KHANDSE.NS,2019-11-19,2019-11-25,NOT_NEXT_SESSION(missed=3)
KHANDSE.NS,2019-11-25,2019-12-02,NOT_NEXT_SESSION(missed=4)
KHANDSE.NS,2019-12-02,2019-12-04,NOT_NEXT_SESSION(missed=1)
KHANDSE.NS,2019-12-04,2019-12-16,NOT_NEXT_SESSION(missed=7)
KHANDSE.NS,2019-12-16,2019-12-24,NOT_NEXT_SESSION(missed=5)
KHANDSE.NS,2019-12-24,2019-12-31,NOT_NEXT_SESSION(missed=3)
KHANDSE.NS,2019-12-31,2020-01-08,NOT_NEXT_SESSION(missed=5)
KHANDSE.NS,2020-01-08,2020-01-13,NOT_NEXT_SESSION(missed=2)
KHANDSE.NS,2020-01-13,2020-01-20,NOT_NEXT_SESSION(missed=4)
KHANDSE.NS,2020-01-20,2020-01-28,NOT_NEXT_SESSION(missed=5)
KHANDSE.NS,2020-01-28,2020-02-01,NOT_NEXT_SESSION(missed=3)
KHANDSE.NS,2020-02-03,2020-02-18,NOT_NEXT_SESSION(missed=10)
KHANDSE.NS,2020-02-18,2020-03-11,NOT_NEXT_SESSION(missed=13)
KHANDSE.NS,2020-03-11,2020-03-26,NOT_NEXT_SESSION(missed=10)
KHANDSE.NS,2020-03-26,2020-04-01,NOT_NEXT_SESSION(missed=3)
KHANDSE.NS,2020-04-27,2020-05-06,NOT_NEXT_SESSION(missed=5)
KHANDSE.NS,2020-05-07,2020-05-11,NOT_NEXT_SESSION(missed=1)
KHANDSE.NS,2020-05-11,2020-05-15,NOT_NEXT_SESSION(missed=3)
KHANDSE.NS,2020-05-18,2020-05-20,NOT_NEXT_SESSION(missed=1)
KHANDSE.NS,2020-05-20,2020-05-22,NOT_NEXT_SESSION(missed=1)
KHANDSE.NS,2020-05-26,2020-06-01,NOT_NEXT_SESSION(missed=3)
KHANDSE.NS,2020-08-27,2020-08-31,NOT_NEXT_SESSION(missed=1)
KHANDSE.NS,2020-10-05,2020-10-07,NOT_NEXT_SESSION(missed=1)
KHANDSE.NS,2020-10-15,2020-10-19,NOT_NEXT_SESSION(missed=1)
KICL.NS,2024-10-24,2024-10-28,NOT_NEXT_SESSION(missed=1)
KKCL.NS,2017-12-15,2017-12-19,NOT_NEXT_SESSION(missed=1)
KNAGRI.NS,2023-09-13,2023-09-15,NOT_NEXT_SESSION(missed=1)
KNAGRI.NS,2024-04-08,2024-04-10,NOT_NEXT_SESSION(missed=1)
KNAGRI.NS,2025-08-20,2025-08-22,NOT_NEXT_SESSION(missed=1)
KOHINOOR.NS,2020-10-20,2020-11-09,NOT_NEXT_SESSION(missed=13)
KOHINOOR.NS,2020-11-09,2020-11-17,NOT_NEXT_SESSION(missed=5)
KOHINOOR.NS,2020-11-17,2020-11-23,NOT_NEXT_SESSION(missed=3)
KOHINOOR.NS,2020-11-23,2020-12-01,NOT_NEXT_SESSION(missed=4)
KOHINOOR.NS,2020-12-01,2020-12-07,NOT_NEXT_SESSION(missed=3)
KOHINOOR.NS,2020-12-07,2020-12-14,NOT_NEXT_SESSION(missed=4)
KOHINOOR.NS,2020-12-14,2020-12-21,NOT_NEXT_SESSION(missed=4)
KOHINOOR.NS,2020-12-21,2020-12-28,NOT_NEXT_SESSION(missed=3)
KOHINOOR.NS,2020-12-28,2021-01-04,NOT_NEXT_SESSION(missed=4)
KOHINOOR.NS,2021-01-04,2021-01-11,NOT_NEXT_SESSION(missed=4)
KOHINOOR.NS,2021-01-11,2021-01-18,NOT_NEXT_SESSION(missed=4)
KOHINOOR.NS,2021-01-18,2021-01-25,NOT_NEXT_SESSION(missed=4)
KOHINOOR.NS,2021-01-25,2021-02-01,NOT_NEXT_SESSION(missed=3)
KOHINOOR.NS,2021-02-01,2021-02-08,NOT_NEXT_SESSION(missed=4)
KOHINOOR.NS,2021-02-08,2021-02-15,NOT_NEXT_SESSION(missed=4)
KOHINOOR.NS,2021-02-15,2021-02-22,NOT_NEXT_SESSION(missed=4)
KOHINOOR.NS,2021-02-22,2021-03-01,NOT_NEXT_SESSION(missed=4)
KOHINOOR.NS,2021-03-01,2021-03-08,NOT_NEXT_SESSION(missed=4)
KOHINOOR.NS,2021-03-08,2021-03-15,NOT_NEXT_SESSION(missed=3)
KOHINOOR.NS,2021-03-15,2021-03-22,NOT_NEXT_SESSION(missed=4)
KOHINOOR.NS,2021-03-22,2021-03-30,NOT_NEXT_SESSION(missed=4)
KOHINOOR.NS,2021-03-30,2021-04-05,NOT_NEXT_SESSION(missed=2)
KOHINOOR.NS,2021-04-05,2021-04-12,NOT_NEXT_SESSION(missed=4)
KOHINOOR.NS,2021-04-12,2021-04-19,NOT_NEXT_SESSION(missed=3)
KOHINOOR.NS,2021-04-19,2021-04-26,NOT_NEXT_SESSION(missed=3)
KOHINOOR.NS,2021-04-26,2021-05-03,NOT_NEXT_SESSION(missed=4)
KOHINOOR.NS,2021-05-03,2022-04-06,NOT_NEXT_SESSION(missed=231)
KOHINOOR.NS,2023-05-04,2023-05-08,NOT_NEXT_SESSION(missed=1)
KOTARISUG.NS,2018-11-30,2019-01-09,NOT_NEXT_SESSION(missed=26)
KPIGREEN.NS,2024-10-24,2024-10-28,NOT_NEXT_SESSION(missed=1)
KREBSBIO.NS,2018-05-03,2018-05-07,NOT_NEXT_SESSION(missed=1)
KREBSBIO.NS,2018-06-20,2018-06-22,NOT_NEXT_SESSION(missed=1)
KREBSBIO.NS,2018-06-25,2018-06-29,NOT_NEXT_SESSION(missed=3)
KREBSBIO.NS,2018-06-29,2018-07-03,NOT_NEXT_SESSION(missed=1)
KREBSBIO.NS,2018-10-24,2018-10-26,NOT_NEXT_SESSION(missed=1)
KREBSBIO.NS,2018-11-12,2018-11-14,NOT_NEXT_SESSION(missed=1)
KREBSBIO.NS,2018-12-21,2018-12-26,NOT_NEXT_SESSION(missed=1)
KREBSBIO.NS,2019-05-14,2019-05-16,NOT_NEXT_SESSION(missed=1)
KREBSBIO.NS,2019-07-26,2019-07-30,NOT_NEXT_SESSION(missed=1)
KREBSBIO.NS,2019-11-08,2019-11-13,NOT_NEXT_SESSION(missed=1)
KRISHANA.NS,2018-07-05,2018-07-09,NOT_NEXT_SESSION(missed=1)
KRISHANA.NS,2018-07-09,2018-07-11,NOT_NEXT_SESSION(missed=1)
KRISHANA.NS,2018-07-11,2018-07-20,NOT_NEXT_SESSION(missed=6)
KRISHANA.NS,2018-07-20,2018-07-25,NOT_NEXT_SESSION(missed=2)
KRISHANA.NS,2018-07-25,2018-08-01,NOT_NEXT_SESSION(missed=4)
KRISHANA.NS,2018-08-01,2018-08-03,NOT_NEXT_SESSION(missed=1)
KRISHANA.NS,2018-08-03,2018-08-07,NOT_NEXT_SESSION(missed=1)
KRISHANA.NS,2018-08-08,2018-08-16,NOT_NEXT_SESSION(missed=4)
KRISHANA.NS,2018-08-24,2018-09-05,NOT_NEXT_SESSION(missed=7)
KRISHANA.NS,2018-09-05,2018-09-07,NOT_NEXT_SESSION(missed=1)
KRISHANA.NS,2018-09-11,2018-09-14,NOT_NEXT_SESSION(missed=1)
KRISHANA.NS,2018-09-14,2018-09-18,NOT_NEXT_SESSION(missed=1)
KRISHANA.NS,2018-09-26,2018-09-28,NOT_NEXT_SESSION(missed=1)
KRISHANA.NS,2018-09-28,2018-10-03,NOT_NEXT_SESSION(missed=1)
KRISHANA.NS,2018-10-04,2018-10-09,NOT_NEXT_SESSION(missed=2)
KRISHANA.NS,2018-10-12,2018-10-17,NOT_NEXT_SESSION(missed=2)
KRISHANA.NS,2018-10-22,2018-10-25,NOT_NEXT_SESSION(missed=2)
KRISHANA.NS,2018-10-26,2018-10-30,NOT_NEXT_SESSION(missed=1)
KRISHANA.NS,2018-10-31,2018-11-02,NOT_NEXT_SESSION(missed=1)
KRISHANA.NS,2018-11-06,2018-11-13,NOT_NEXT_SESSION(missed=2)
KRISHANA.NS,2018-11-22,2018-11-28,NOT_NEXT_SESSION(missed=2)
KRISHANA.NS,2018-11-29,2019-02-21,NOT_NEXT_SESSION(missed=58)
KRISHANA.NS,2019-02-22,2019-02-26,NOT_NEXT_SESSION(missed=1)
KRISHANA.NS,2019-02-27,2019-03-05,NOT_NEXT_SESSION(missed=2)
KRISHANA.NS,2019-03-05,2019-03-11,NOT_NEXT_SESSION(missed=3)
KRISHANA.NS,2019-03-19,2019-03-26,NOT_NEXT_SESSION(missed=3)
KRISHANA.NS,2019-03-26,2019-03-29,NOT_NEXT_SESSION(missed=2)
KRISHANA.NS,2019-04-01,2019-04-04,NOT_NEXT_SESSION(missed=2)
KRISHANA.NS,2019-04-04,2019-05-17,NOT_NEXT_SESSION(missed=26)
KRISHANA.NS,2019-05-17,2019-05-21,NOT_NEXT_SESSION(missed=1)
KRISHANA.NS,2019-05-23,2019-05-27,NOT_NEXT_SESSION(missed=1)
KRISHANA.NS,2019-05-31,2019-06-07,NOT_NEXT_SESSION(missed=3)
KRISHANA.NS,2019-06-11,2019-06-19,NOT_NEXT_SESSION(missed=5)
KRISHANA.NS,2019-06-19,2019-06-21,NOT_NEXT_SESSION(missed=1)
KRISHANA.NS,2019-06-21,2019-06-28,NOT_NEXT_SESSION(missed=4)
KRISHANA.NS,2019-07-02,2019-07-05,NOT_NEXT_SESSION(missed=2)
KRISHANA.NS,2019-07-08,2019-07-16,NOT_NEXT_SESSION(missed=5)
KRISHANA.NS,2019-07-18,2019-07-25,NOT_NEXT_SESSION(missed=4)
KRISHANA.NS,2019-07-30,2019-08-05,NOT_NEXT_SESSION(missed=3)
KRISHANA.NS,2019-08-05,2019-08-07,NOT_NEXT_SESSION(missed=1)
KRISHANA.NS,2019-08-07,2019-08-22,NOT_NEXT_SESSION(missed=8)
KRISHANA.NS,2019-08-28,2019-09-03,NOT_NEXT_SESSION(missed=2)
KRISHANA.NS,2019-09-04,2019-09-09,NOT_NEXT_SESSION(missed=2)
KRISHANA.NS,2019-10-24,2019-10-27,NOT_NEXT_SESSION(missed=1)
KRISHANA.NS,2019-11-01,2019-11-05,NOT_NEXT_SESSION(missed=1)
KRISHANA.NS,2019-11-08,2019-11-13,NOT_NEXT_SESSION(missed=1)
KRISHANA.NS,2019-11-22,2019-11-26,NOT_NEXT_SESSION(missed=1)
KRISHANA.NS,2019-12-03,2019-12-05,NOT_NEXT_SESSION(missed=1)
KRISHANA.NS,2019-12-17,2019-12-19,NOT_NEXT_SESSION(missed=1)
KRISHANA.NS,2019-12-24,2019-12-27,NOT_NEXT_SESSION(missed=1)
KRISHANA.NS,2020-01-06,2020-01-08,NOT_NEXT_SESSION(missed=1)
KRISHANA.NS,2020-01-08,2020-01-13,NOT_NEXT_SESSION(missed=2)
KRISHANA.NS,2020-01-15,2020-01-17,NOT_NEXT_SESSION(missed=1)
KRISHANA.NS,2020-01-20,2020-01-22,NOT_NEXT_SESSION(missed=1)
KRISHANA.NS,2020-01-24,2020-01-29,NOT_NEXT_SESSION(missed=2)
KRISHANA.NS,2020-01-29,2020-01-31,NOT_NEXT_SESSION(missed=1)
KRISHANA.NS,2020-01-31,2020-02-03,NOT_NEXT_SESSION(missed=1)
KRISHANA.NS,2020-02-06,2020-02-10,NOT_NEXT_SESSION(missed=1)
KRISHANA.NS,2020-02-24,2020-02-26,NOT_NEXT_SESSION(missed=1)
KRISHANA.NS,2020-02-27,2020-03-03,NOT_NEXT_SESSION(missed=2)
KRISHANA.NS,2020-03-04,2020-03-06,NOT_NEXT_SESSION(missed=1)
KRISHANA.NS,2020-03-13,2020-03-17,NOT_NEXT_SESSION(missed=1)
KRISHANA.NS,2020-03-18,2020-03-20,NOT_NEXT_SESSION(missed=1)
KRISHANA.NS,2020-03-20,2020-03-24,NOT_NEXT_SESSION(missed=1)
KRISHANA.NS,2020-03-30,2020-04-08,NOT_NEXT_SESSION(missed=4)
KRISHANA.NS,2020-04-08,2020-04-13,NOT_NEXT_SESSION(missed=1)
KRISHANA.NS,2020-04-16,2020-04-20,NOT_NEXT_SESSION(missed=1)
KRISHANA.NS,2020-04-20,2020-05-07,NOT_NEXT_SESSION(missed=11)
KRISHANA.NS,2020-07-29,2020-07-31,NOT_NEXT_SESSION(missed=1)
KRISHANA.NS,2020-08-03,2020-08-05,NOT_NEXT_SESSION(missed=1)
KRISHANA.NS,2020-09-17,2020-09-21,NOT_NEXT_SESSION(missed=1)
KRISHANA.NS,2020-09-21,2020-09-25,NOT_NEXT_SESSION(missed=3)
KRISHANA.NS,2020-09-29,2020-10-01,NOT_NEXT_SESSION(missed=1)
KRISHIVAL.NS,2023-08-23,2023-08-25,NOT_NEXT_SESSION(missed=1)
KRISHIVAL.NS,2023-08-28,2023-09-01,NOT_NEXT_SESSION(missed=3)
KRISHIVAL.NS,2023-09-01,2023-09-05,NOT_NEXT_SESSION(missed=1)
KRISHIVAL.NS,2023-09-07,2023-09-11,NOT_NEXT_SESSION(missed=1)
KRISHIVAL.NS,2023-09-11,2023-09-14,NOT_NEXT_SESSION(missed=2)
KRISHIVAL.NS,2023-09-15,2023-09-21,NOT_NEXT_SESSION(missed=2)
KRISHIVAL.NS,2023-09-21,2023-09-25,NOT_NEXT_SESSION(missed=1)
KRISHIVAL.NS,2023-09-26,2023-09-29,NOT_NEXT_SESSION(missed=2)
KRISHIVAL.NS,2023-09-29,2023-10-10,NOT_NEXT_SESSION(missed=5)
KRISHIVAL.NS,2023-10-11,2023-10-13,NOT_NEXT_SESSION(missed=1)
KRISHIVAL.NS,2023-10-16,2023-10-23,NOT_NEXT_SESSION(missed=4)
KRISHIVAL.NS,2023-11-01,2023-11-03,NOT_NEXT_SESSION(missed=1)
KRISHIVAL.NS,2023-11-06,2023-11-08,NOT_NEXT_SESSION(missed=1)
KRISHIVAL.NS,2023-11-20,2023-11-22,NOT_NEXT_SESSION(missed=1)
KRISHIVAL.NS,2023-11-22,2023-11-24,NOT_NEXT_SESSION(missed=1)
KRISHIVAL.NS,2023-12-05,2023-12-07,NOT_NEXT_SESSION(missed=1)
KRISHIVAL.NS,2023-12-07,2023-12-11,NOT_NEXT_SESSION(missed=1)
KRISHIVAL.NS,2023-12-26,2024-01-02,NOT_NEXT_SESSION(missed=4)
KRISHIVAL.NS,2024-01-02,2024-01-04,NOT_NEXT_SESSION(missed=1)
KRISHIVAL.NS,2024-01-09,2024-01-11,NOT_NEXT_SESSION(missed=1)
KRISHIVAL.NS,2024-01-11,2024-01-15,NOT_NEXT_SESSION(missed=1)
KRISHIVAL.NS,2024-01-15,2024-01-17,NOT_NEXT_SESSION(missed=1)
KRISHIVAL.NS,2024-01-17,2024-01-20,NOT_NEXT_SESSION(missed=2)
KRISHIVAL.NS,2024-01-30,2024-02-01,NOT_NEXT_SESSION(missed=1)
KRISHIVAL.NS,2024-02-06,2024-02-12,NOT_NEXT_SESSION(missed=3)
KRISHIVAL.NS,2024-02-14,2024-02-16,NOT_NEXT_SESSION(missed=1)
KRISHIVAL.NS,2024-02-19,2024-02-28,NOT_NEXT_SESSION(missed=6)
KRISHIVAL.NS,2024-02-29,2024-03-04,NOT_NEXT_SESSION(missed=2)
KRISHIVAL.NS,2024-03-04,2024-03-06,NOT_NEXT_SESSION(missed=1)
KRISHIVAL.NS,2024-03-15,2024-03-20,NOT_NEXT_SESSION(missed=2)
KRISHIVAL.NS,2024-03-20,2024-04-02,NOT_NEXT_SESSION(missed=6)
KRISHIVAL.NS,2024-04-02,2024-04-05,NOT_NEXT_SESSION(missed=2)
KRISHIVAL.NS,2024-04-12,2024-04-16,NOT_NEXT_SESSION(missed=1)
KRISHIVAL.NS,2024-04-18,2024-04-24,NOT_NEXT_SESSION(missed=3)
KRISHIVAL.NS,2024-04-29,2024-05-02,NOT_NEXT_SESSION(missed=1)
KRISHIVAL.NS,2024-05-08,2024-05-10,NOT_NEXT_SESSION(missed=1)
KRISHIVAL.NS,2024-05-13,2024-05-15,NOT_NEXT_SESSION(missed=1)
KRISHIVAL.NS,2024-05-17,2024-05-27,NOT_NEXT_SESSION(missed=5)
KRISHIVAL.NS,2024-06-04,2024-06-06,NOT_NEXT_SESSION(missed=1)
KRISHIVAL.NS,2024-06-12,2024-06-19,NOT_NEXT_SESSION(missed=3)
KRISHIVAL.NS,2024-06-19,2024-06-21,NOT_NEXT_SESSION(missed=1)
KRISHIVAL.NS,2024-06-24,2024-06-26,NOT_NEXT_SESSION(missed=1)
KRISHIVAL.NS,2024-07-01,2024-07-03,NOT_NEXT_SESSION(missed=1)
KRISHIVAL.NS,2024-07-08,2024-07-15,NOT_NEXT_SESSION(missed=4)
KRISHIVAL.NS,2024-07-15,2024-07-18,NOT_NEXT_SESSION(missed=1)
KRISHIVAL.NS,2024-07-23,2024-07-25,NOT_NEXT_SESSION(missed=1)
KRISHIVAL.NS,2024-07-29,2024-08-01,NOT_NEXT_SESSION(missed=2)
KRISHIVAL.NS,2024-08-06,2024-08-08,NOT_NEXT_SESSION(missed=1)
KRISHIVAL.NS,2024-08-12,2024-08-16,NOT_NEXT_SESSION(missed=2)
KRISHIVAL.NS,2024-08-22,2024-08-26,NOT_NEXT_SESSION(missed=1)
KRISHIVAL.NS,2024-08-27,2024-09-02,NOT_NEXT_SESSION(missed=3)
KRISHIVAL.NS,2024-09-20,2024-09-24,NOT_NEXT_SESSION(missed=1)
KRISHIVAL.NS,2024-10-01,2024-10-04,NOT_NEXT_SESSION(missed=1)
KRISHIVAL.NS,2024-10-14,2024-10-16,NOT_NEXT_SESSION(missed=1)
KRISHIVAL.NS,2024-10-16,2024-10-18,NOT_NEXT_SESSION(missed=1)
KRISHIVAL.NS,2024-10-29,2024-10-31,NOT_NEXT_SESSION(missed=1)
KRISHIVAL.NS,2024-11-11,2024-11-13,NOT_NEXT_SESSION(missed=1)
KRISHIVAL.NS,2024-11-13,2024-11-18,NOT_NEXT_SESSION(missed=1)
KRISHIVAL.NS,2024-11-21,2024-11-25,NOT_NEXT_SESSION(missed=1)
KRISHIVAL.NS,2024-11-26,2024-11-28,NOT_NEXT_SESSION(missed=1)
KRISHIVAL.NS,2024-11-28,2024-12-06,NOT_NEXT_SESSION(missed=5)
KRISHIVAL.NS,2024-12-09,2024-12-13,NOT_NEXT_SESSION(missed=3)
KRISHIVAL.NS,2024-12-13,2024-12-17,NOT_NEXT_SESSION(missed=1)
KRISHIVAL.NS,2024-12-17,2024-12-24,NOT_NEXT_SESSION(missed=4)
KRISHIVAL.NS,2024-12-24,2024-12-27,NOT_NEXT_SESSION(missed=1)
KRISHIVAL.NS,2024-12-27,2024-12-31,NOT_NEXT_SESSION(missed=1)
KRISHIVAL.NS,2024-12-31,2025-01-03,NOT_NEXT_SESSION(missed=2)
KRISHIVAL.NS,2025-01-08,2025-01-14,NOT_NEXT_SESSION(missed=3)
KRISHIVAL.NS,2025-01-16,2025-01-21,NOT_NEXT_SESSION(missed=2)
KRISHIVAL.NS,2025-01-21,2025-01-24,NOT_NEXT_SESSION(missed=2)
KRISHIVAL.NS,2025-01-30,2025-02-04,NOT_NEXT_SESSION(missed=3)
KRISHIVAL.NS,2025-02-04,2025-02-10,NOT_NEXT_SESSION(missed=3)
KRISHIVAL.NS,2025-02-11,2025-02-14,NOT_NEXT_SESSION(missed=2)
KRISHIVAL.NS,2025-02-17,2025-02-19,NOT_NEXT_SESSION(missed=1)
KRISHIVAL.NS,2025-02-21,2025-03-03,NOT_NEXT_SESSION(missed=4)
KRISHIVAL.NS,2025-03-05,2025-03-07,NOT_NEXT_SESSION(missed=1)
KRISHIVAL.NS,2025-03-11,2025-03-17,NOT_NEXT_SESSION(missed=2)
KRISHIVAL.NS,2025-03-19,2025-03-21,NOT_NEXT_SESSION(missed=1)
KRISHIVAL.NS,2025-03-24,2025-03-26,NOT_NEXT_SESSION(missed=1)
KRISHIVAL.NS,2025-03-28,2025-04-03,NOT_NEXT_SESSION(missed=2)
KRISHIVAL.NS,2025-04-03,2025-04-08,NOT_NEXT_SESSION(missed=2)
KRISHIVAL.NS,2025-04-09,2025-04-16,NOT_NEXT_SESSION(missed=2)
KRISHIVAL.NS,2025-04-21,2025-04-25,NOT_NEXT_SESSION(missed=3)
KRISHIVAL.NS,2025-04-28,2025-04-30,NOT_NEXT_SESSION(missed=1)
KRISHIVAL.NS,2025-05-02,2025-05-06,NOT_NEXT_SESSION(missed=1)
KRISHIVAL.NS,2025-05-06,2025-05-08,NOT_NEXT_SESSION(missed=1)
KRISHIVAL.NS,2025-05-15,2025-05-20,NOT_NEXT_SESSION(missed=2)
KRISHIVAL.NS,2025-05-28,2025-05-30,NOT_NEXT_SESSION(missed=1)
LAGNAM.NS,2020-11-27,2020-12-07,NOT_NEXT_SESSION(missed=4)
LAGNAM.NS,2020-12-10,2020-12-14,NOT_NEXT_SESSION(missed=1)
LAGNAM.NS,2020-12-14,2020-12-18,NOT_NEXT_SESSION(missed=3)
LAGNAM.NS,2020-12-21,2020-12-23,NOT_NEXT_SESSION(missed=1)
LAGNAM.NS,2021-02-02,2021-02-11,NOT_NEXT_SESSION(missed=6)
LAGNAM.NS,2021-02-11,2021-02-22,NOT_NEXT_SESSION(missed=6)
LAGNAM.NS,2021-02-22,2021-02-25,NOT_NEXT_SESSION(missed=2)
LAGNAM.NS,2021-02-26,2021-03-03,NOT_NEXT_SESSION(missed=2)
LAGNAM.NS,2021-03-08,2021-03-10,NOT_NEXT_SESSION(missed=1)
LAGNAM.NS,2021-03-12,2021-03-16,NOT_NEXT_SESSION(missed=1)
LAGNAM.NS,2021-03-22,2021-03-25,NOT_NEXT_SESSION(missed=2)
LAGNAM.NS,2021-04-01,2021-04-13,NOT_NEXT_SESSION(missed=6)
LAGNAM.NS,2021-04-13,2021-04-16,NOT_NEXT_SESSION(missed=1)
LAGNAM.NS,2021-05-03,2021-05-05,NOT_NEXT_SESSION(missed=1)
LAGNAM.NS,2021-05-05,2021-05-07,NOT_NEXT_SESSION(missed=1)
LAGNAM.NS,2021-05-12,2021-05-17,NOT_NEXT_SESSION(missed=1)
LAGNAM.NS,2021-05-18,2021-05-24,NOT_NEXT_SESSION(missed=3)
LAGNAM.NS,2021-05-31,2021-06-03,NOT_NEXT_SESSION(missed=2)
LAGNAM.NS,2021-06-25,2021-06-29,NOT_NEXT_SESSION(missed=1)
LAGNAM.NS,2021-07-01,2021-07-05,NOT_NEXT_SESSION(missed=1)
LAGNAM.NS,2021-08-25,2021-08-27,NOT_NEXT_SESSION(missed=1)
LAGNAM.NS,2021-09-16,2021-09-20,NOT_NEXT_SESSION(missed=1)
LANDSMILL.NS,2017-12-06,2017-12-07,EXTREME_RETURN
LANDSMILL.NS,2018-01-22,2018-01-23,EXTREME_RETURN
LANDSMILL.NS,2018-02-06,2018-02-07,EXTREME_RETURN
LANDSMILL.NS,2019-04-24,2019-04-25,EXTREME_RETURN
LANDSMILL.NS,2019-06-24,2019-06-25,EXTREME_RETURN
LANDSMILL.NS,2019-07-17,2019-07-18,EXTREME_RETURN
LANDSMILL.NS,2019-12-16,2019-12-17,EXTREME_RETURN
LANDSMILL.NS,2020-01-01,2020-01-02,EXTREME_RETURN
LANDSMILL.NS,2020-03-03,2020-03-04,EXTREME_RETURN
LANDSMILL.NS,2020-05-06,2020-05-08,NOT_NEXT_SESSION(missed=1)
LANDSMILL.NS,2020-05-11,2020-05-13,NOT_NEXT_SESSION(missed=1)
LANDSMILL.NS,2020-06-04,2020-06-05,EXTREME_RETURN
LANDSMILL.NS,2020-06-23,2020-06-24,EXTREME_RETURN
LANDSMILL.NS,2020-08-20,2020-08-21,EXTREME_RETURN
LANDSMILL.NS,2020-09-16,2020-09-17,EXTREME_RETURN
LANDSMILL.NS,2020-10-01,2020-10-05,EXTREME_RETURN
LANDSMILL.NS,2020-10-14,2020-10-15,EXTREME_RETURN
LANDSMILL.NS,2020-11-19,2020-11-20,EXTREME_RETURN
LANDSMILL.NS,2020-12-03,2020-12-04,EXTREME_RETURN
LANDSMILL.NS,2021-02-01,2021-02-02,EXTREME_RETURN
LANDSMILL.NS,2021-05-19,2021-05-20,EXTREME_RETURN
LANDSMILL.NS,2021-10-11,2021-10-12,EXTREME_RETURN
LANDSMILL.NS,2021-12-01,2021-12-02,EXTREME_RETURN
LANDSMILL.NS,2022-03-28,2022-03-29,EXTREME_RETURN
LANDSMILL.NS,2022-04-20,2022-04-21,EXTREME_RETURN
LANDSMILL.NS,2022-06-20,2022-06-21,EXTREME_RETURN
LASA.NS,2019-01-07,2019-02-21,NOT_NEXT_SESSION(missed=32)
LATTEYS.NS,2023-02-28,2023-03-02,NOT_NEXT_SESSION(missed=1)
LATTEYS.NS,2023-03-06,2023-03-14,NOT_NEXT_SESSION(missed=4)
LATTEYS.NS,2023-03-15,2023-03-24,NOT_NEXT_SESSION(missed=6)
LATTEYS.NS,2023-03-24,2023-03-28,NOT_NEXT_SESSION(missed=1)
LATTEYS.NS,2023-04-21,2023-04-25,NOT_NEXT_SESSION(missed=1)
LATTEYS.NS,2023-04-26,2023-05-02,NOT_NEXT_SESSION(missed=2)
LATTEYS.NS,2023-05-02,2023-05-04,NOT_NEXT_SESSION(missed=1)
LATTEYS.NS,2023-05-04,2023-05-08,NOT_NEXT_SESSION(missed=1)
LAXMICOT.NS,2019-09-16,2019-09-18,NOT_NEXT_SESSION(missed=1)
LAXMICOT.NS,2019-09-18,2019-09-20,NOT_NEXT_SESSION(missed=1)
LAXMICOT.NS,2019-09-20,2019-09-25,NOT_NEXT_SESSION(missed=2)
LAXMICOT.NS,2019-09-26,2019-10-07,NOT_NEXT_SESSION(missed=5)
LAXMICOT.NS,2019-10-09,2019-10-11,NOT_NEXT_SESSION(missed=1)
LAXMICOT.NS,2019-10-11,2019-11-08,NOT_NEXT_SESSION(missed=18)
LAXMICOT.NS,2019-11-08,2019-11-13,NOT_NEXT_SESSION(missed=1)
LAXMICOT.NS,2019-11-13,2019-11-15,NOT_NEXT_SESSION(missed=1)
LAXMICOT.NS,2019-11-18,2019-11-20,NOT_NEXT_SESSION(missed=1)
LAXMICOT.NS,2019-11-20,2019-11-27,NOT_NEXT_SESSION(missed=4)
LAXMICOT.NS,2019-11-27,2020-01-17,NOT_NEXT_SESSION(missed=35)
LAXMICOT.NS,2020-01-17,2020-02-05,NOT_NEXT_SESSION(missed=13)
LAXMICOT.NS,2020-02-05,2020-02-11,NOT_NEXT_SESSION(missed=3)
LAXMICOT.NS,2020-02-11,2020-03-12,NOT_NEXT_SESSION(missed=19)
LAXMICOT.NS,2020-03-13,2020-03-17,NOT_NEXT_SESSION(missed=1)
LAXMICOT.NS,2020-03-18,2020-03-23,NOT_NEXT_SESSION(missed=2)
LAXMICOT.NS,2020-03-25,2020-04-13,NOT_NEXT_SESSION(missed=9)
LAXMICOT.NS,2020-04-13,2020-05-08,NOT_NEXT_SESSION(missed=16)
LAXMICOT.NS,2020-05-08,2020-05-14,NOT_NEXT_SESSION(missed=3)
LAXMICOT.NS,2020-05-14,2020-05-28,NOT_NEXT_SESSION(missed=8)
LAXMICOT.NS,2020-05-29,2020-06-03,NOT_NEXT_SESSION(missed=2)
LAXMICOT.NS,2020-06-03,2020-06-11,NOT_NEXT_SESSION(missed=5)
LAXMICOT.NS,2020-06-11,2020-06-15,NOT_NEXT_SESSION(missed=1)
LAXMICOT.NS,2020-06-16,2020-07-29,NOT_NEXT_SESSION(missed=30)
LAXMICOT.NS,2020-07-30,2020-08-06,NOT_NEXT_SESSION(missed=4)
LAXMICOT.NS,2020-08-07,2020-08-14,NOT_NEXT_SESSION(missed=4)
LAXMICOT.NS,2020-08-14,2020-08-18,NOT_NEXT_SESSION(missed=1)
LAXMICOT.NS,2020-08-18,2020-08-25,NOT_NEXT_SESSION(missed=4)
LAXMICOT.NS,2020-08-25,2020-09-01,NOT_NEXT_SESSION(missed=4)
LAXMICOT.NS,2020-09-01,2020-10-06,NOT_NEXT_SESSION(missed=23)
LAXMICOT.NS,2020-10-06,2020-11-03,NOT_NEXT_SESSION(missed=19)
LAXMICOT.NS,2020-11-03,2020-11-05,NOT_NEXT_SESSION(missed=1)
LAXMICOT.NS,2020-11-05,2020-11-11,NOT_NEXT_SESSION(missed=3)
LAXMICOT.NS,2020-11-11,2020-11-18,NOT_NEXT_SESSION(missed=4)
LAXMICOT.NS,2020-11-24,2020-11-26,NOT_NEXT_SESSION(missed=1)
LAXMICOT.NS,2020-11-27,2020-12-02,NOT_NEXT_SESSION(missed=1)
LAXMICOT.NS,2020-12-02,2020-12-21,NOT_NEXT_SESSION(missed=12)
LAXMICOT.NS,2020-12-21,2021-01-04,NOT_NEXT_SESSION(missed=8)
LAXMICOT.NS,2021-01-04,2021-01-06,NOT_NEXT_SESSION(missed=1)
LAXMICOT.NS,2021-01-07,2021-01-11,NOT_NEXT_SESSION(missed=1)
LAXMICOT.NS,2021-01-15,2021-01-22,NOT_NEXT_SESSION(missed=4)
LAXMICOT.NS,2021-01-22,2021-02-02,NOT_NEXT_SESSION(missed=5)
LAXMICOT.NS,2021-02-02,2021-02-05,NOT_NEXT_SESSION(missed=2)
LAXMICOT.NS,2021-02-05,2021-02-15,NOT_NEXT_SESSION(missed=5)
LAXMICOT.NS,2021-02-16,2021-02-22,NOT_NEXT_SESSION(missed=3)
LAXMICOT.NS,2021-02-22,2021-02-24,NOT_NEXT_SESSION(missed=1)
LAXMICOT.NS,2021-02-24,2021-03-05,NOT_NEXT_SESSION(missed=6)
LAXMICOT.NS,2021-03-10,2021-03-15,NOT_NEXT_SESSION(missed=1)
LAXMICOT.NS,2021-03-18,2021-03-22,NOT_NEXT_SESSION(missed=1)
LAXMICOT.NS,2021-03-22,2021-03-25,NOT_NEXT_SESSION(missed=2)
LAXMICOT.NS,2021-03-26,2021-03-31,NOT_NEXT_SESSION(missed=1)
LAXMICOT.NS,2021-03-31,2021-04-20,NOT_NEXT_SESSION(missed=11)
LAXMICOT.NS,2021-04-20,2021-04-23,NOT_NEXT_SESSION(missed=1)
LAXMICOT.NS,2021-04-26,2021-04-29,NOT_NEXT_SESSION(missed=2)
LAXMICOT.NS,2021-04-29,2021-05-06,NOT_NEXT_SESSION(missed=4)
LAXMICOT.NS,2021-05-17,2021-05-20,NOT_NEXT_SESSION(missed=2)
LAXMICOT.NS,2021-06-01,2021-06-03,NOT_NEXT_SESSION(missed=1)
LAXMICOT.NS,2021-06-03,2021-06-07,NOT_NEXT_SESSION(missed=1)
LAXMICOT.NS,2021-06-10,2021-06-15,NOT_NEXT_SESSION(missed=2)
LAXMICOT.NS,2021-06-18,2021-06-22,NOT_NEXT_SESSION(missed=1)
LAXMICOT.NS,2021-06-22,2021-06-25,NOT_NEXT_SESSION(missed=2)
LAXMICOT.NS,2021-06-29,2021-07-01,NOT_NEXT_SESSION(missed=1)
LAXMICOT.NS,2021-07-01,2021-07-05,NOT_NEXT_SESSION(missed=1)
LAXMICOT.NS,2021-07-07,2021-07-14,NOT_NEXT_SESSION(missed=4)
LAXMICOT.NS,2021-08-27,2021-08-31,NOT_NEXT_SESSION(missed=1)
LAXMICOT.NS,2021-09-22,2021-09-24,NOT_NEXT_SESSION(missed=1)
LAXMICOT.NS,2021-11-01,2021-11-03,NOT_NEXT_SESSION(missed=1)
LAXMICOT.NS,2021-11-03,2021-11-08,NOT_NEXT_SESSION(missed=1)
LCCINFOTEC.NS,2018-05-02,2018-05-21,NOT_NEXT_SESSION(missed=12)
LCCINFOTEC.NS,2018-05-21,2018-05-28,NOT_NEXT_SESSION(missed=4)
LCCINFOTEC.NS,2018-05-28,2018-06-04,NOT_NEXT_SESSION(missed=4)
LCCINFOTEC.NS,2018-06-04,2018-06-11,NOT_NEXT_SESSION(missed=4)
LCCINFOTEC.NS,2018-06-11,2018-06-18,NOT_NEXT_SESSION(missed=4)
LCCINFOTEC.NS,2018-06-18,2018-06-25,NOT_NEXT_SESSION(missed=4)
LCCINFOTEC.NS,2018-06-25,2018-07-02,NOT_NEXT_SESSION(missed=4)
LCCINFOTEC.NS,2018-07-02,2021-03-31,NOT_NEXT_SESSION(missed=677)
LCCINFOTEC.NS,2023-07-07,2023-07-17,NOT_NEXT_SESSION(missed=5)
LCCINFOTEC.NS,2023-07-17,2023-07-24,NOT_NEXT_SESSION(missed=4)
LCCINFOTEC.NS,2025-06-11,2025-06-16,NOT_NEXT_SESSION(missed=2)
LCCINFOTEC.NS,2025-06-16,2025-06-23,NOT_NEXT_SESSION(missed=4)
LCCINFOTEC.NS,2025-06-23,2025-06-30,NOT_NEXT_SESSION(missed=4)
LCCINFOTEC.NS,2025-06-30,2025-07-07,NOT_NEXT_SESSION(missed=4)
LCCINFOTEC.NS,2025-07-07,2025-07-14,NOT_NEXT_SESSION(missed=4)
LEMERITE.NS,2023-06-16,2023-06-21,NOT_NEXT_SESSION(missed=2)
LEMERITE.NS,2023-07-18,2023-07-21,NOT_NEXT_SESSION(missed=2)
LEMERITE.NS,2023-08-11,2023-08-16,NOT_NEXT_SESSION(missed=1)
LEMERITE.NS,2023-10-16,2023-10-18,NOT_NEXT_SESSION(missed=1)
LEMERITE.NS,2023-11-01,2023-11-03,NOT_NEXT_SESSION(missed=1)
LEMERITE.NS,2023-11-17,2023-11-21,NOT_NEXT_SESSION(missed=1)
LEMERITE.NS,2023-12-21,2023-12-26,NOT_NEXT_SESSION(missed=1)
LEXUS.NS,2018-10-10,2018-10-12,NOT_NEXT_SESSION(missed=1)
LEXUS.NS,2018-10-15,2018-10-17,NOT_NEXT_SESSION(missed=1)
LEXUS.NS,2018-10-19,2018-10-24,NOT_NEXT_SESSION(missed=2)
LEXUS.NS,2018-10-26,2018-10-31,NOT_NEXT_SESSION(missed=2)
LEXUS.NS,2018-11-15,2018-11-19,NOT_NEXT_SESSION(missed=1)
LEXUS.NS,2018-11-26,2018-11-29,NOT_NEXT_SESSION(missed=2)
LEXUS.NS,2018-11-30,2019-02-21,NOT_NEXT_SESSION(missed=57)
LEXUS.NS,2019-02-28,2019-03-05,NOT_NEXT_SESSION(missed=1)
LEXUS.NS,2019-03-28,2019-04-02,NOT_NEXT_SESSION(missed=2)
LEXUS.NS,2019-04-04,2019-04-15,NOT_NEXT_SESSION(missed=6)
LEXUS.NS,2019-04-26,2019-05-02,NOT_NEXT_SESSION(missed=1)
LEXUS.NS,2019-05-16,2019-05-20,NOT_NEXT_SESSION(missed=1)
LEXUS.NS,2019-05-20,2019-05-23,NOT_NEXT_SESSION(missed=2)
LEXUS.NS,2019-05-23,2019-05-27,NOT_NEXT_SESSION(missed=1)
LEXUS.NS,2019-06-04,2019-06-07,NOT_NEXT_SESSION(missed=1)
LEXUS.NS,2019-06-19,2019-06-21,NOT_NEXT_SESSION(missed=1)
LEXUS.NS,2019-06-26,2019-06-28,NOT_NEXT_SESSION(missed=1)
LEXUS.NS,2019-07-01,2019-07-04,NOT_NEXT_SESSION(missed=2)
LEXUS.NS,2019-07-04,2019-07-08,NOT_NEXT_SESSION(missed=1)
LEXUS.NS,2019-07-10,2019-07-15,NOT_NEXT_SESSION(missed=2)
LEXUS.NS,2019-07-15,2019-07-17,NOT_NEXT_SESSION(missed=1)
LEXUS.NS,2019-07-17,2019-07-22,NOT_NEXT_SESSION(missed=2)
LEXUS.NS,2019-07-23,2019-07-26,NOT_NEXT_SESSION(missed=2)
LEXUS.NS,2019-08-07,2019-08-09,NOT_NEXT_SESSION(missed=1)
LEXUS.NS,2019-08-16,2019-08-20,NOT_NEXT_SESSION(missed=1)
LEXUS.NS,2019-08-23,2019-08-28,NOT_NEXT_SESSION(missed=2)
LEXUS.NS,2019-08-28,2019-09-06,NOT_NEXT_SESSION(missed=5)
LEXUS.NS,2019-09-06,2019-09-11,NOT_NEXT_SESSION(missed=1)
LEXUS.NS,2019-09-19,2019-09-23,NOT_NEXT_SESSION(missed=1)
LEXUS.NS,2019-10-01,2019-10-04,NOT_NEXT_SESSION(missed=1)
LEXUS.NS,2019-10-10,2019-10-15,NOT_NEXT_SESSION(missed=2)
LEXUS.NS,2019-10-22,2019-11-05,NOT_NEXT_SESSION(missed=9)
LEXUS.NS,2019-11-11,2019-11-15,NOT_NEXT_SESSION(missed=2)
LEXUS.NS,2019-11-15,2019-11-19,NOT_NEXT_SESSION(missed=1)
LEXUS.NS,2019-11-21,2019-11-25,NOT_NEXT_SESSION(missed=1)
LEXUS.NS,2019-11-25,2019-11-27,NOT_NEXT_SESSION(missed=1)
LEXUS.NS,2019-12-05,2019-12-10,NOT_NEXT_SESSION(missed=2)
LEXUS.NS,2019-12-10,2019-12-16,NOT_NEXT_SESSION(missed=3)
LEXUS.NS,2019-12-17,2019-12-19,NOT_NEXT_SESSION(missed=1)
LEXUS.NS,2019-12-19,2019-12-23,NOT_NEXT_SESSION(missed=1)
LEXUS.NS,2019-12-24,2020-01-06,NOT_NEXT_SESSION(missed=7)
LEXUS.NS,2020-01-13,2020-01-16,NOT_NEXT_SESSION(missed=2)
LEXUS.NS,2020-01-16,2020-01-24,NOT_NEXT_SESSION(missed=5)
LEXUS.NS,2020-01-27,2020-02-01,NOT_NEXT_SESSION(missed=4)
LEXUS.NS,2020-02-01,2020-02-04,NOT_NEXT_SESSION(missed=1)
LEXUS.NS,2020-02-04,2020-02-06,NOT_NEXT_SESSION(missed=1)
LEXUS.NS,2020-02-10,2020-02-12,NOT_NEXT_SESSION(missed=1)
LEXUS.NS,2020-02-18,2020-02-26,NOT_NEXT_SESSION(missed=4)
LEXUS.NS,2020-02-26,2020-03-02,NOT_NEXT_SESSION(missed=2)
LEXUS.NS,2020-03-12,2020-03-25,NOT_NEXT_SESSION(missed=8)
LEXUS.NS,2020-03-25,2020-03-31,NOT_NEXT_SESSION(missed=3)
LEXUS.NS,2020-03-31,2020-04-03,NOT_NEXT_SESSION(missed=1)
LEXUS.NS,2020-04-07,2020-04-09,NOT_NEXT_SESSION(missed=1)
LEXUS.NS,2020-05-05,2020-05-07,NOT_NEXT_SESSION(missed=1)
LEXUS.NS,2020-05-08,2020-05-14,NOT_NEXT_SESSION(missed=3)
LEXUS.NS,2020-05-14,2020-05-20,NOT_NEXT_SESSION(missed=3)
LEXUS.NS,2020-05-21,2020-05-28,NOT_NEXT_SESSION(missed=3)
LEXUS.NS,2020-05-28,2020-06-01,NOT_NEXT_SESSION(missed=1)
LEXUS.NS,2020-06-02,2020-06-05,NOT_NEXT_SESSION(missed=2)
LEXUS.NS,2020-08-06,2020-08-10,NOT_NEXT_SESSION(missed=1)
LEXUS.NS,2020-08-25,2020-08-27,NOT_NEXT_SESSION(missed=1)
LEXUS.NS,2020-09-10,2020-09-14,NOT_NEXT_SESSION(missed=1)
LEXUS.NS,2020-09-14,2020-09-18,NOT_NEXT_SESSION(missed=3)
LEXUS.NS,2020-09-18,2020-09-22,NOT_NEXT_SESSION(missed=1)
LEXUS.NS,2020-09-24,2020-09-28,NOT_NEXT_SESSION(missed=1)
LEXUS.NS,2020-10-08,2020-10-12,NOT_NEXT_SESSION(missed=1)
LEXUS.NS,2020-10-13,2020-10-15,NOT_NEXT_SESSION(missed=1)
LEXUS.NS,2020-10-15,2020-10-20,NOT_NEXT_SESSION(missed=2)
LEXUS.NS,2020-10-21,2020-10-23,NOT_NEXT_SESSION(missed=1)
LEXUS.NS,2020-10-26,2020-10-29,NOT_NEXT_SESSION(missed=2)
LEXUS.NS,2020-10-29,2020-11-06,NOT_NEXT_SESSION(missed=5)
LEXUS.NS,2020-12-04,2020-12-08,NOT_NEXT_SESSION(missed=1)
LEXUS.NS,2020-12-23,2020-12-28,NOT_NEXT_SESSION(missed=1)
LEXUS.NS,2021-01-18,2021-01-20,NOT_NEXT_SESSION(missed=1)
LEXUS.NS,2021-01-25,2021-01-28,NOT_NEXT_SESSION(missed=1)
LEXUS.NS,2021-01-28,2021-02-01,NOT_NEXT_SESSION(missed=1)
LEXUS.NS,2021-02-01,2021-02-03,NOT_NEXT_SESSION(missed=1)
LEXUS.NS,2021-02-03,2021-02-08,NOT_NEXT_SESSION(missed=2)
LEXUS.NS,2021-02-17,2021-02-19,NOT_NEXT_SESSION(missed=1)
LEXUS.NS,2021-02-22,2021-02-24,NOT_NEXT_SESSION(missed=1)
LEXUS.NS,2021-03-02,2021-03-04,NOT_NEXT_SESSION(missed=1)
LEXUS.NS,2021-03-04,2021-03-08,NOT_NEXT_SESSION(missed=1)
LEXUS.NS,2021-03-08,2021-03-10,NOT_NEXT_SESSION(missed=1)
LEXUS.NS,2021-03-10,2021-03-15,NOT_NEXT_SESSION(missed=1)
LEXUS.NS,2021-03-15,2021-03-18,NOT_NEXT_SESSION(missed=2)
LEXUS.NS,2021-03-18,2021-03-22,NOT_NEXT_SESSION(missed=1)
LEXUS.NS,2021-03-24,2021-03-26,NOT_NEXT_SESSION(missed=1)
LEXUS.NS,2021-03-31,2021-04-05,NOT_NEXT_SESSION(missed=1)
LEXUS.NS,2021-04-05,2021-04-07,NOT_NEXT_SESSION(missed=1)
LEXUS.NS,2021-04-07,2021-04-16,NOT_NEXT_SESSION(missed=5)
LEXUS.NS,2021-04-16,2021-04-22,NOT_NEXT_SESSION(missed=2)
LEXUS.NS,2021-04-22,2021-04-27,NOT_NEXT_SESSION(missed=2)
LEXUS.NS,2021-05-04,2021-05-07,NOT_NEXT_SESSION(missed=2)
LEXUS.NS,2021-05-10,2021-05-12,NOT_NEXT_SESSION(missed=1)
LEXUS.NS,2021-05-17,2021-05-19,NOT_NEXT_SESSION(missed=1)
LEXUS.NS,2021-05-21,2021-05-25,NOT_NEXT_SESSION(missed=1)
LEXUS.NS,2021-05-26,2021-05-28,NOT_NEXT_SESSION(missed=1)
LEXUS.NS,2021-06-01,2021-06-03,NOT_NEXT_SESSION(missed=1)
LEXUS.NS,2021-06-24,2021-06-28,NOT_NEXT_SESSION(missed=1)
LEXUS.NS,2021-07-02,2021-07-08,NOT_NEXT_SESSION(missed=3)
LEXUS.NS,2021-07-19,2021-07-22,NOT_NEXT_SESSION(missed=1)
LEXUS.NS,2021-07-27,2021-07-30,NOT_NEXT_SESSION(missed=2)
LEXUS.NS,2021-07-30,2021-08-04,NOT_NEXT_SESSION(missed=2)
LEXUS.NS,2021-08-10,2021-08-12,NOT_NEXT_SESSION(missed=1)
LEXUS.NS,2021-08-23,2021-08-27,NOT_NEXT_SESSION(missed=3)
LEXUS.NS,2021-09-01,2021-09-03,NOT_NEXT_SESSION(missed=1)
LEXUS.NS,2021-09-07,2021-09-09,NOT_NEXT_SESSION(missed=1)
LEXUS.NS,2021-09-13,2021-09-15,NOT_NEXT_SESSION(missed=1)
LEXUS.NS,2021-09-23,2021-09-27,NOT_NEXT_SESSION(missed=1)
LEXUS.NS,2021-09-27,2021-09-29,NOT_NEXT_SESSION(missed=1)
LEXUS.NS,2021-10-04,2021-10-06,NOT_NEXT_SESSION(missed=1)
LEXUS.NS,2021-10-29,2021-11-02,NOT_NEXT_SESSION(missed=1)
LEXUS.NS,2021-11-02,2021-11-09,NOT_NEXT_SESSION(missed=3)
LEXUS.NS,2021-11-10,2021-11-15,NOT_NEXT_SESSION(missed=2)
LEXUS.NS,2021-11-16,2021-11-26,NOT_NEXT_SESSION(missed=6)
LEXUS.NS,2021-11-29,2021-12-01,NOT_NEXT_SESSION(missed=1)
LEXUS.NS,2021-12-01,2021-12-08,NOT_NEXT_SESSION(missed=4)
LEXUS.NS,2021-12-08,2021-12-10,NOT_NEXT_SESSION(missed=1)
LEXUS.NS,2021-12-15,2021-12-21,NOT_NEXT_SESSION(missed=3)
LEXUS.NS,2022-03-07,2022-03-09,NOT_NEXT_SESSION(missed=1)
LEXUS.NS,2022-03-21,2022-03-23,NOT_NEXT_SESSION(missed=1)
LEXUS.NS,2022-03-30,2022-04-01,NOT_NEXT_SESSION(missed=1)
LEXUS.NS,2022-04-01,2022-04-07,NOT_NEXT_SESSION(missed=3)
LEXUS.NS,2022-06-27,2022-06-29,NOT_NEXT_SESSION(missed=1)
LEXUS.NS,2022-06-29,2022-07-01,NOT_NEXT_SESSION(missed=1)
LEXUS.NS,2022-07-01,2022-07-07,NOT_NEXT_SESSION(missed=3)
LEXUS.NS,2022-07-07,2022-07-12,NOT_NEXT_SESSION(missed=2)
LEXUS.NS,2022-08-03,2022-08-17,NOT_NEXT_SESSION(missed=7)
LEXUS.NS,2022-08-17,2022-08-26,NOT_NEXT_SESSION(missed=6)
LEXUS.NS,2022-08-29,2022-09-01,NOT_NEXT_SESSION(missed=1)
LEXUS.NS,2022-10-20,2022-10-24,NOT_NEXT_SESSION(missed=1)
LEXUS.NS,2022-10-24,2022-10-27,NOT_NEXT_SESSION(missed=1)
LEXUS.NS,2022-10-28,2022-11-02,NOT_NEXT_SESSION(missed=2)
LEXUS.NS,2022-11-02,2022-11-07,NOT_NEXT_SESSION(missed=2)
LEXUS.NS,2022-11-09,2022-11-14,NOT_NEXT_SESSION(missed=2)
LEXUS.NS,2022-11-17,2022-11-21,NOT_NEXT_SESSION(missed=1)
LEXUS.NS,2022-12-16,2022-12-20,NOT_NEXT_SESSION(missed=1)
LEXUS.NS,2023-01-03,2023-01-05,NOT_NEXT_SESSION(missed=1)
LEXUS.NS,2023-01-05,2023-01-09,NOT_NEXT_SESSION(missed=1)
LEXUS.NS,2023-01-10,2023-01-12,NOT_NEXT_SESSION(missed=1)
LEXUS.NS,2023-01-12,2023-01-16,NOT_NEXT_SESSION(missed=1)
LEXUS.NS,2023-01-17,2023-01-19,NOT_NEXT_SESSION(missed=1)
LEXUS.NS,2023-01-24,2023-02-02,NOT_NEXT_SESSION(missed=5)
LEXUS.NS,2023-02-03,2023-02-14,NOT_NEXT_SESSION(missed=6)
LEXUS.NS,2023-02-22,2023-02-24,NOT_NEXT_SESSION(missed=1)
LEXUS.NS,2023-03-01,2023-03-03,NOT_NEXT_SESSION(missed=1)
LEXUS.NS,2025-07-21,2025-07-28,NOT_NEXT_SESSION(missed=4)
LEXUS.NS,2025-07-28,2025-07-31,NOT_NEXT_SESSION(missed=2)
LFIC.NS,2017-11-28,2017-11-30,NOT_NEXT_SESSION(missed=1)
LFIC.NS,2017-12-13,2017-12-15,NOT_NEXT_SESSION(missed=1)
LFIC.NS,2018-01-31,2018-02-02,NOT_NEXT_SESSION(missed=1)
LFIC.NS,2018-02-21,2018-02-23,NOT_NEXT_SESSION(missed=1)
LFIC.NS,2018-03-07,2018-03-09,NOT_NEXT_SESSION(missed=1)
LFIC.NS,2018-03-23,2018-03-27,NOT_NEXT_SESSION(missed=1)
LFIC.NS,2018-03-28,2018-04-03,NOT_NEXT_SESSION(missed=1)
LFIC.NS,2018-04-27,2018-05-02,NOT_NEXT_SESSION(missed=1)
LFIC.NS,2018-06-07,2018-06-11,NOT_NEXT_SESSION(missed=1)
LFIC.NS,2018-06-14,2018-06-18,NOT_NEXT_SESSION(missed=1)
LFIC.NS,2018-06-21,2018-06-26,NOT_NEXT_SESSION(missed=2)
LFIC.NS,2018-07-05,2018-07-09,NOT_NEXT_SESSION(missed=1)
LFIC.NS,2018-08-06,2018-08-08,NOT_NEXT_SESSION(missed=1)
LFIC.NS,2018-08-27,2018-08-29,NOT_NEXT_SESSION(missed=1)
LFIC.NS,2018-09-06,2018-09-10,NOT_NEXT_SESSION(missed=1)
LFIC.NS,2018-09-24,2018-09-26,NOT_NEXT_SESSION(missed=1)
LFIC.NS,2018-09-26,2018-09-28,NOT_NEXT_SESSION(missed=1)
LFIC.NS,2018-09-28,2018-10-03,NOT_NEXT_SESSION(missed=1)
LFIC.NS,2018-10-04,2018-10-08,NOT_NEXT_SESSION(missed=1)
LFIC.NS,2018-10-17,2018-10-22,NOT_NEXT_SESSION(missed=1)
LFIC.NS,2018-10-24,2018-10-29,NOT_NEXT_SESSION(missed=2)
LFIC.NS,2018-10-29,2018-10-31,NOT_NEXT_SESSION(missed=1)
LFIC.NS,2018-11-05,2018-11-09,NOT_NEXT_SESSION(missed=1)
LFIC.NS,2018-11-21,2018-11-26,NOT_NEXT_SESSION(missed=1)
LFIC.NS,2018-11-27,2018-11-30,NOT_NEXT_SESSION(missed=2)
LFIC.NS,2018-11-30,2019-02-22,NOT_NEXT_SESSION(missed=58)
LFIC.NS,2019-02-25,2019-03-01,NOT_NEXT_SESSION(missed=3)
LFIC.NS,2019-03-11,2019-03-13,NOT_NEXT_SESSION(missed=1)
LFIC.NS,2019-03-18,2019-03-20,NOT_NEXT_SESSION(missed=1)
LFIC.NS,2019-03-27,2019-03-29,NOT_NEXT_SESSION(missed=1)
LFIC.NS,2019-03-29,2019-04-03,NOT_NEXT_SESSION(missed=2)
LFIC.NS,2019-04-16,2019-04-22,NOT_NEXT_SESSION(missed=1)
LFIC.NS,2019-04-22,2019-04-24,NOT_NEXT_SESSION(missed=1)
LFIC.NS,2019-04-25,2019-04-30,NOT_NEXT_SESSION(missed=1)
LFIC.NS,2019-05-02,2019-05-14,NOT_NEXT_SESSION(missed=7)
LFIC.NS,2019-05-15,2019-05-17,NOT_NEXT_SESSION(missed=1)
LFIC.NS,2019-05-24,2019-05-28,NOT_NEXT_SESSION(missed=1)
LFIC.NS,2019-05-28,2019-05-30,NOT_NEXT_SESSION(missed=1)
LFIC.NS,2019-06-03,2019-06-06,NOT_NEXT_SESSION(missed=1)
LFIC.NS,2019-06-06,2019-06-10,NOT_NEXT_SESSION(missed=1)
LFIC.NS,2019-07-08,2019-07-15,NOT_NEXT_SESSION(missed=4)
LFIC.NS,2019-07-18,2019-07-22,NOT_NEXT_SESSION(missed=1)
LFIC.NS,2019-07-24,2019-07-26,NOT_NEXT_SESSION(missed=1)
LFIC.NS,2019-07-29,2019-07-31,NOT_NEXT_SESSION(missed=1)
LFIC.NS,2019-09-12,2019-09-16,NOT_NEXT_SESSION(missed=1)
LFIC.NS,2019-09-26,2019-09-30,NOT_NEXT_SESSION(missed=1)
LFIC.NS,2019-10-04,2019-10-09,NOT_NEXT_SESSION(missed=1)
LFIC.NS,2019-10-09,2019-10-14,NOT_NEXT_SESSION(missed=2)
LFIC.NS,2019-10-15,2019-10-17,NOT_NEXT_SESSION(missed=1)
LFIC.NS,2019-10-27,2019-10-30,NOT_NEXT_SESSION(missed=1)
LFIC.NS,2019-11-07,2019-11-11,NOT_NEXT_SESSION(missed=1)
LFIC.NS,2019-11-18,2019-11-20,NOT_NEXT_SESSION(missed=1)
LFIC.NS,2019-11-27,2019-11-29,NOT_NEXT_SESSION(missed=1)
LFIC.NS,2019-12-09,2019-12-11,NOT_NEXT_SESSION(missed=1)
LFIC.NS,2019-12-31,2020-01-02,NOT_NEXT_SESSION(missed=1)
LFIC.NS,2020-01-14,2020-01-16,NOT_NEXT_SESSION(missed=1)
LFIC.NS,2020-01-16,2020-01-20,NOT_NEXT_SESSION(missed=1)
LFIC.NS,2020-03-24,2020-03-26,NOT_NEXT_SESSION(missed=1)
LFIC.NS,2020-03-30,2020-04-01,NOT_NEXT_SESSION(missed=1)
LFIC.NS,2020-04-01,2020-04-07,NOT_NEXT_SESSION(missed=1)
LFIC.NS,2020-04-21,2020-04-23,NOT_NEXT_SESSION(missed=1)
LFIC.NS,2020-04-23,2020-04-27,NOT_NEXT_SESSION(missed=1)
LFIC.NS,2020-06-30,2020-07-02,NOT_NEXT_SESSION(missed=1)
LFIC.NS,2020-10-16,2020-10-20,NOT_NEXT_SESSION(missed=1)
LFIC.NS,2020-11-03,2020-11-05,NOT_NEXT_SESSION(missed=1)
LFIC.NS,2020-11-05,2020-11-09,NOT_NEXT_SESSION(missed=1)
LFIC.NS,2026-06-29,2026-07-01,NOT_NEXT_SESSION(missed=1)
LIBAS.NS,2018-06-07,2018-06-11,NOT_NEXT_SESSION(missed=1)
LIBAS.NS,2018-06-19,2018-06-21,NOT_NEXT_SESSION(missed=1)
LIBAS.NS,2018-07-13,2018-07-18,NOT_NEXT_SESSION(missed=2)
LIBAS.NS,2018-08-23,2018-08-27,NOT_NEXT_SESSION(missed=1)
LIBAS.NS,2018-08-27,2018-08-30,NOT_NEXT_SESSION(missed=2)
LIBAS.NS,2018-09-03,2018-09-06,NOT_NEXT_SESSION(missed=2)
LIBAS.NS,2018-09-10,2018-09-21,NOT_NEXT_SESSION(missed=6)
LIBAS.NS,2018-09-24,2018-09-27,NOT_NEXT_SESSION(missed=2)
LIBAS.NS,2018-10-01,2018-10-04,NOT_NEXT_SESSION(missed=1)
LIBAS.NS,2018-10-08,2018-10-11,NOT_NEXT_SESSION(missed=2)
LIBAS.NS,2018-10-17,2018-10-22,NOT_NEXT_SESSION(missed=1)
LIBAS.NS,2018-10-24,2018-10-26,NOT_NEXT_SESSION(missed=1)
LIBAS.NS,2018-11-05,2018-11-15,NOT_NEXT_SESSION(missed=5)
LIBAS.NS,2018-11-16,2018-11-22,NOT_NEXT_SESSION(missed=3)
LIBAS.NS,2018-11-22,2018-11-27,NOT_NEXT_SESSION(missed=1)
LIBAS.NS,2018-11-27,2018-11-29,NOT_NEXT_SESSION(missed=1)
LIBAS.NS,2018-11-30,2019-02-22,NOT_NEXT_SESSION(missed=58)
LIBAS.NS,2019-02-22,2019-02-28,NOT_NEXT_SESSION(missed=3)
LIBAS.NS,2019-02-28,2019-03-07,NOT_NEXT_SESSION(missed=3)
LIBAS.NS,2019-03-08,2019-03-15,NOT_NEXT_SESSION(missed=4)
LIBAS.NS,2019-03-18,2019-03-22,NOT_NEXT_SESSION(missed=2)
LIBAS.NS,2019-03-22,2019-03-27,NOT_NEXT_SESSION(missed=2)
LIBAS.NS,2019-03-27,2019-03-29,NOT_NEXT_SESSION(missed=1)
LIBAS.NS,2019-04-01,2019-04-03,NOT_NEXT_SESSION(missed=1)
LIBAS.NS,2019-04-03,2019-04-08,NOT_NEXT_SESSION(missed=2)
LIBAS.NS,2019-04-10,2019-04-15,NOT_NEXT_SESSION(missed=2)
LIBAS.NS,2019-04-15,2019-04-18,NOT_NEXT_SESSION(missed=1)
LIBAS.NS,2019-04-23,2019-04-25,NOT_NEXT_SESSION(missed=1)
LIBAS.NS,2019-05-06,2019-05-08,NOT_NEXT_SESSION(missed=1)
LIBAS.NS,2019-05-08,2019-05-10,NOT_NEXT_SESSION(missed=1)
LIBAS.NS,2019-05-10,2019-05-28,NOT_NEXT_SESSION(missed=11)
LIBAS.NS,2019-05-28,2019-05-31,NOT_NEXT_SESSION(missed=2)
LIBAS.NS,2019-06-11,2019-06-14,NOT_NEXT_SESSION(missed=2)
LIBAS.NS,2019-06-17,2019-06-19,NOT_NEXT_SESSION(missed=1)
LIBAS.NS,2019-06-20,2019-06-24,NOT_NEXT_SESSION(missed=1)
LIBAS.NS,2019-07-12,2019-07-16,NOT_NEXT_SESSION(missed=1)
LIBAS.NS,2019-07-16,2019-07-18,NOT_NEXT_SESSION(missed=1)
LIBAS.NS,2019-08-09,2019-08-14,NOT_NEXT_SESSION(missed=1)
LIBAS.NS,2019-09-23,2019-09-25,NOT_NEXT_SESSION(missed=1)
LIBAS.NS,2019-10-14,2019-10-18,NOT_NEXT_SESSION(missed=3)
LIBAS.NS,2019-11-15,2019-11-20,NOT_NEXT_SESSION(missed=2)
LIBAS.NS,2019-12-02,2019-12-04,NOT_NEXT_SESSION(missed=1)
LIBAS.NS,2020-01-10,2020-01-14,NOT_NEXT_SESSION(missed=1)
LIBAS.NS,2020-01-15,2020-01-17,NOT_NEXT_SESSION(missed=1)
LIBAS.NS,2020-01-20,2020-01-22,NOT_NEXT_SESSION(missed=1)
LIBAS.NS,2020-01-22,2020-01-24,NOT_NEXT_SESSION(missed=1)
LIBAS.NS,2020-01-31,2020-02-03,NOT_NEXT_SESSION(missed=1)
LIBAS.NS,2020-02-06,2020-02-10,NOT_NEXT_SESSION(missed=1)
LIBAS.NS,2020-02-11,2020-02-14,NOT_NEXT_SESSION(missed=2)
LIBAS.NS,2020-03-06,2020-03-11,NOT_NEXT_SESSION(missed=1)
LIBAS.NS,2020-03-16,2020-03-18,NOT_NEXT_SESSION(missed=1)
LIBAS.NS,2020-03-20,2020-03-24,NOT_NEXT_SESSION(missed=1)
LIBAS.NS,2020-04-09,2020-04-15,NOT_NEXT_SESSION(missed=1)
LICNFNHGP.NS,2018-09-11,2018-09-14,NOT_NEXT_SESSION(missed=1)
LICNFNHGP.NS,2018-09-14,2018-09-24,NOT_NEXT_SESSION(missed=4)
LICNFNHGP.NS,2018-09-26,2018-09-28,NOT_NEXT_SESSION(missed=1)
LICNFNHGP.NS,2018-10-08,2018-10-10,NOT_NEXT_SESSION(missed=1)
LICNFNHGP.NS,2018-10-10,2018-10-12,NOT_NEXT_SESSION(missed=1)
LICNFNHGP.NS,2018-10-16,2018-10-19,NOT_NEXT_SESSION(missed=1)
LICNFNHGP.NS,2018-11-02,2018-11-07,UNRESOLVED_SESSION
LICNFNHGP.NS,2018-11-07,2018-11-09,UNRESOLVED_SESSION
LICNFNHGP.NS,2018-11-12,2018-11-19,NOT_NEXT_SESSION(missed=4)
LICNFNHGP.NS,2018-11-21,2018-11-26,NOT_NEXT_SESSION(missed=1)
LICNFNHGP.NS,2018-11-26,2018-11-29,NOT_NEXT_SESSION(missed=2)
LICNFNHGP.NS,2018-12-03,2018-12-05,NOT_NEXT_SESSION(missed=1)
LICNFNHGP.NS,2018-12-11,2018-12-14,NOT_NEXT_SESSION(missed=2)
LICNFNHGP.NS,2018-12-14,2018-12-19,NOT_NEXT_SESSION(missed=2)
LICNFNHGP.NS,2018-12-28,2019-01-01,NOT_NEXT_SESSION(missed=1)
LICNFNHGP.NS,2019-01-07,2019-01-09,NOT_NEXT_SESSION(missed=1)
LICNFNHGP.NS,2019-01-09,2019-01-14,NOT_NEXT_SESSION(missed=2)
LICNFNHGP.NS,2019-01-15,2019-01-17,NOT_NEXT_SESSION(missed=1)
LICNFNHGP.NS,2019-01-17,2019-01-21,NOT_NEXT_SESSION(missed=1)
LICNFNHGP.NS,2019-01-22,2019-01-24,NOT_NEXT_SESSION(missed=1)
LICNFNHGP.NS,2019-01-24,2019-01-29,NOT_NEXT_SESSION(missed=2)
LICNFNHGP.NS,2019-01-30,2019-02-04,NOT_NEXT_SESSION(missed=2)
LICNFNHGP.NS,2019-02-04,2019-02-07,NOT_NEXT_SESSION(missed=2)
LICNFNHGP.NS,2019-02-11,2019-02-20,NOT_NEXT_SESSION(missed=6)
LICNFNHGP.NS,2019-02-20,2019-02-22,NOT_NEXT_SESSION(missed=1)
LICNFNHGP.NS,2019-02-22,2019-02-26,NOT_NEXT_SESSION(missed=1)
LICNFNHGP.NS,2019-02-27,2019-03-11,NOT_NEXT_SESSION(missed=6)
LICNFNHGP.NS,2019-03-13,2019-03-15,NOT_NEXT_SESSION(missed=1)
LICNFNHGP.NS,2019-04-08,2019-04-10,NOT_NEXT_SESSION(missed=1)
LICNFNHGP.NS,2019-05-02,2019-05-06,NOT_NEXT_SESSION(missed=1)
LICNFNHGP.NS,2019-05-06,2019-05-08,NOT_NEXT_SESSION(missed=1)
LICNFNHGP.NS,2019-05-08,2019-05-10,NOT_NEXT_SESSION(missed=1)
LICNFNHGP.NS,2019-05-10,2019-05-15,NOT_NEXT_SESSION(missed=2)
LICNFNHGP.NS,2019-05-20,2019-05-23,NOT_NEXT_SESSION(missed=2)
LICNFNHGP.NS,2019-05-23,2019-05-27,NOT_NEXT_SESSION(missed=1)
LICNFNHGP.NS,2019-05-28,2019-05-30,NOT_NEXT_SESSION(missed=1)
LICNFNHGP.NS,2019-05-30,2019-06-04,NOT_NEXT_SESSION(missed=2)
LICNFNHGP.NS,2019-06-04,2019-06-07,NOT_NEXT_SESSION(missed=1)
LICNFNHGP.NS,2019-06-07,2019-06-13,NOT_NEXT_SESSION(missed=3)
LICNFNHGP.NS,2019-06-13,2019-06-17,NOT_NEXT_SESSION(missed=1)
LICNFNHGP.NS,2019-06-18,2019-06-20,NOT_NEXT_SESSION(missed=1)
LICNFNHGP.NS,2019-06-20,2019-06-24,NOT_NEXT_SESSION(missed=1)
LICNFNHGP.NS,2019-06-24,2019-06-27,NOT_NEXT_SESSION(missed=2)
LICNFNHGP.NS,2019-07-03,2019-07-08,NOT_NEXT_SESSION(missed=2)
LICNFNHGP.NS,2019-07-09,2019-07-15,NOT_NEXT_SESSION(missed=3)
LICNFNHGP.NS,2019-07-24,2019-07-29,NOT_NEXT_SESSION(missed=2)
LICNFNHGP.NS,2019-07-29,2019-07-31,NOT_NEXT_SESSION(missed=1)
LICNFNHGP.NS,2019-07-31,2019-08-02,NOT_NEXT_SESSION(missed=1)
LICNFNHGP.NS,2019-08-06,2019-08-16,NOT_NEXT_SESSION(missed=5)
LICNFNHGP.NS,2019-08-20,2019-08-22,NOT_NEXT_SESSION(missed=1)
LICNFNHGP.NS,2019-08-22,2019-08-26,NOT_NEXT_SESSION(missed=1)
LICNFNHGP.NS,2019-09-09,2019-09-12,NOT_NEXT_SESSION(missed=1)
LICNFNHGP.NS,2019-09-26,2019-09-30,NOT_NEXT_SESSION(missed=1)
LICNFNHGP.NS,2019-10-01,2019-10-04,NOT_NEXT_SESSION(missed=1)
LICNFNHGP.NS,2019-10-24,2019-10-29,NOT_NEXT_SESSION(missed=2)
LICNFNHGP.NS,2019-11-15,2019-11-20,NOT_NEXT_SESSION(missed=2)
LICNFNHGP.NS,2019-12-03,2019-12-05,NOT_NEXT_SESSION(missed=1)
LICNFNHGP.NS,2019-12-05,2019-12-09,NOT_NEXT_SESSION(missed=1)
LICNFNHGP.NS,2019-12-09,2019-12-11,NOT_NEXT_SESSION(missed=1)
LICNFNHGP.NS,2019-12-16,2019-12-18,NOT_NEXT_SESSION(missed=1)
LICNFNHGP.NS,2019-12-18,2019-12-20,NOT_NEXT_SESSION(missed=1)
LICNFNHGP.NS,2020-01-13,2020-01-15,NOT_NEXT_SESSION(missed=1)
LICNFNHGP.NS,2020-01-20,2020-01-22,NOT_NEXT_SESSION(missed=1)
LICNFNHGP.NS,2020-03-20,2020-03-24,NOT_NEXT_SESSION(missed=1)
LICNFNHGP.NS,2020-03-24,2020-03-26,NOT_NEXT_SESSION(missed=1)
LICNFNHGP.NS,2020-09-07,2020-09-09,NOT_NEXT_SESSION(missed=1)
LICNFNHGP.NS,2026-04-24,2026-04-28,NOT_NEXT_SESSION(missed=1)
LICNFNHGP.NS,2026-07-28,2026-07-30,NOT_NEXT_SESSION(missed=1)
LINC.NS,2018-07-03,2018-07-05,NOT_NEXT_SESSION(missed=1)
LOYALTEX.NS,2026-05-11,2026-05-13,NOT_NEXT_SESSION(missed=1)
LOYALTEX.NS,2026-05-20,2026-05-25,NOT_NEXT_SESSION(missed=2)
LOYALTEX.NS,2026-06-08,2026-06-10,NOT_NEXT_SESSION(missed=1)
LOYALTEX.NS,2026-06-18,2026-06-22,NOT_NEXT_SESSION(missed=1)
LOYALTEX.NS,2026-07-29,2026-07-31,NOT_NEXT_SESSION(missed=1)
LOYALTEX.NS,2026-08-24,2026-08-26,NOT_NEXT_SESSION(missed=1)
LPDC.NS,2019-12-05,2019-12-09,NOT_NEXT_SESSION(missed=1)
LPDC.NS,2020-02-17,2020-02-19,NOT_NEXT_SESSION(missed=1)
LPDC.NS,2020-03-19,2020-03-24,NOT_NEXT_SESSION(missed=2)
LPDC.NS,2020-05-06,2020-05-08,NOT_NEXT_SESSION(missed=1)
MACPOWER.NS,2019-08-20,2019-08-22,NOT_NEXT_SESSION(missed=1)
MACPOWER.NS,2019-08-22,2019-08-26,NOT_NEXT_SESSION(missed=1)
MACPOWER.NS,2019-08-30,2019-09-04,NOT_NEXT_SESSION(missed=1)
MACPOWER.NS,2019-09-04,2019-09-09,NOT_NEXT_SESSION(missed=2)
MACPOWER.NS,2019-09-09,2019-09-16,NOT_NEXT_SESSION(missed=3)
MACPOWER.NS,2019-09-18,2019-09-20,NOT_NEXT_SESSION(missed=1)
MACPOWER.NS,2019-09-25,2019-09-27,NOT_NEXT_SESSION(missed=1)
MACPOWER.NS,2019-09-30,2019-10-07,NOT_NEXT_SESSION(missed=3)
MACPOWER.NS,2019-10-09,2019-10-11,NOT_NEXT_SESSION(missed=1)
MACPOWER.NS,2019-10-14,2019-10-16,NOT_NEXT_SESSION(missed=1)
MACPOWER.NS,2019-10-16,2019-10-22,NOT_NEXT_SESSION(missed=2)
MACPOWER.NS,2019-10-22,2019-10-24,NOT_NEXT_SESSION(missed=1)
MACPOWER.NS,2019-10-25,2019-10-29,NOT_NEXT_SESSION(missed=1)
MACPOWER.NS,2019-11-05,2019-11-08,NOT_NEXT_SESSION(missed=2)
MACPOWER.NS,2019-11-08,2019-11-13,NOT_NEXT_SESSION(missed=1)
MACPOWER.NS,2019-12-13,2019-12-17,NOT_NEXT_SESSION(missed=1)
MACPOWER.NS,2019-12-18,2019-12-20,NOT_NEXT_SESSION(missed=1)
MACPOWER.NS,2019-12-23,2019-12-27,NOT_NEXT_SESSION(missed=2)
MACPOWER.NS,2020-01-01,2020-01-06,NOT_NEXT_SESSION(missed=2)
MACPOWER.NS,2020-01-07,2020-01-09,NOT_NEXT_SESSION(missed=1)
MACPOWER.NS,2020-01-09,2020-01-13,NOT_NEXT_SESSION(missed=1)
MACPOWER.NS,2020-01-14,2020-01-20,NOT_NEXT_SESSION(missed=3)
MACPOWER.NS,2020-01-27,2020-01-29,NOT_NEXT_SESSION(missed=1)
MACPOWER.NS,2020-01-31,2020-02-07,NOT_NEXT_SESSION(missed=5)
MACPOWER.NS,2020-02-12,2020-02-25,NOT_NEXT_SESSION(missed=7)
MACPOWER.NS,2020-02-26,2020-02-28,NOT_NEXT_SESSION(missed=1)
MACPOWER.NS,2020-03-06,2020-03-11,NOT_NEXT_SESSION(missed=1)
MACPOWER.NS,2020-03-24,2020-03-26,NOT_NEXT_SESSION(missed=1)
MACPOWER.NS,2020-04-01,2020-04-07,NOT_NEXT_SESSION(missed=1)
MACPOWER.NS,2020-04-23,2020-04-27,NOT_NEXT_SESSION(missed=1)
MACPOWER.NS,2020-04-27,2020-04-29,NOT_NEXT_SESSION(missed=1)
MACPOWER.NS,2020-05-07,2020-05-12,NOT_NEXT_SESSION(missed=2)
MACPOWER.NS,2020-06-30,2020-07-03,NOT_NEXT_SESSION(missed=2)
MACPOWER.NS,2020-07-09,2020-07-13,NOT_NEXT_SESSION(missed=1)
MACPOWER.NS,2020-07-13,2020-07-15,NOT_NEXT_SESSION(missed=1)
MACPOWER.NS,2020-07-15,2020-07-17,NOT_NEXT_SESSION(missed=1)
MACPOWER.NS,2020-07-23,2020-07-27,NOT_NEXT_SESSION(missed=1)
MACPOWER.NS,2020-07-27,2020-07-30,NOT_NEXT_SESSION(missed=2)
MACPOWER.NS,2020-07-30,2020-08-04,NOT_NEXT_SESSION(missed=2)
MACPOWER.NS,2024-10-24,2024-10-28,NOT_NEXT_SESSION(missed=1)
MAGADSUGAR.NS,2018-11-30,2019-01-09,NOT_NEXT_SESSION(missed=26)
MAGNUM.NS,2020-01-17,2020-01-21,NOT_NEXT_SESSION(missed=1)
MAGNUM.NS,2020-01-21,2020-01-23,NOT_NEXT_SESSION(missed=1)
MAGNUM.NS,2020-01-31,2020-02-03,NOT_NEXT_SESSION(missed=1)
MAGNUM.NS,2020-03-04,2020-03-06,NOT_NEXT_SESSION(missed=1)
MAGNUM.NS,2020-03-20,2020-03-24,NOT_NEXT_SESSION(missed=1)
MAGNUM.NS,2020-03-27,2020-04-03,NOT_NEXT_SESSION(missed=3)
MAGNUM.NS,2020-04-03,2020-04-08,NOT_NEXT_SESSION(missed=1)
MAGNUM.NS,2020-04-17,2020-04-21,NOT_NEXT_SESSION(missed=1)
MAGNUM.NS,2020-04-28,2020-04-30,NOT_NEXT_SESSION(missed=1)
MAGNUM.NS,2020-07-27,2020-07-29,NOT_NEXT_SESSION(missed=1)
MAGNUM.NS,2021-07-16,2021-07-26,NOT_NEXT_SESSION(missed=4)
MAGNUM.NS,2023-07-20,2023-07-24,NOT_NEXT_SESSION(missed=1)
MAHAPEXLTD.NS,2019-07-19,2019-07-23,NOT_NEXT_SESSION(missed=1)
MAHAPEXLTD.NS,2019-07-24,2019-07-31,NOT_NEXT_SESSION(missed=4)
MAHAPEXLTD.NS,2019-08-06,2019-08-09,NOT_NEXT_SESSION(missed=2)
MAHAPEXLTD.NS,2019-10-14,2019-10-16,NOT_NEXT_SESSION(missed=1)
MAHAPEXLTD.NS,2019-10-23,2019-10-25,NOT_NEXT_SESSION(missed=1)
MAHAPEXLTD.NS,2019-10-29,2019-10-31,NOT_NEXT_SESSION(missed=1)
MAHAPEXLTD.NS,2019-10-31,2019-11-05,NOT_NEXT_SESSION(missed=2)
MAHAPEXLTD.NS,2019-11-19,2019-11-21,NOT_NEXT_SESSION(missed=1)
MAHAPEXLTD.NS,2020-01-10,2020-01-14,NOT_NEXT_SESSION(missed=1)
MAHAPEXLTD.NS,2020-01-14,2020-01-16,NOT_NEXT_SESSION(missed=1)
MAHAPEXLTD.NS,2020-01-21,2020-01-23,NOT_NEXT_SESSION(missed=1)
MAHAPEXLTD.NS,2020-02-12,2020-02-14,NOT_NEXT_SESSION(missed=1)
MAHAPEXLTD.NS,2020-03-03,2020-03-05,NOT_NEXT_SESSION(missed=1)
MAHAPEXLTD.NS,2020-03-11,2020-03-13,NOT_NEXT_SESSION(missed=1)
MAHAPEXLTD.NS,2020-03-17,2020-03-19,NOT_NEXT_SESSION(missed=1)
MAHAPEXLTD.NS,2020-05-21,2020-05-27,NOT_NEXT_SESSION(missed=2)
MAHAPEXLTD.NS,2020-07-08,2020-07-13,NOT_NEXT_SESSION(missed=2)
MAHAPEXLTD.NS,2020-08-13,2020-08-17,NOT_NEXT_SESSION(missed=1)
MAHAPEXLTD.NS,2021-02-23,2021-02-25,NOT_NEXT_SESSION(missed=1)
MAHAPEXLTD.NS,2023-07-05,2023-07-10,NOT_NEXT_SESSION(missed=2)
MAHAPEXLTD.NS,2023-07-10,2023-07-17,NOT_NEXT_SESSION(missed=4)
MAHAPEXLTD.NS,2023-07-17,2023-07-24,NOT_NEXT_SESSION(missed=4)
MAHAPEXLTD.NS,2026-03-19,2026-03-20,EXTREME_RETURN
MAHSCOOTER.NS,2024-10-24,2024-10-29,NOT_NEXT_SESSION(missed=2)
MAHSCOOTER.NS,2025-10-28,2025-10-31,NOT_NEXT_SESSION(missed=2)
MANAKCOAT.NS,2019-10-25,2019-10-29,NOT_NEXT_SESSION(missed=1)
MANAKCOAT.NS,2020-03-19,2020-03-23,NOT_NEXT_SESSION(missed=1)
MANAKCOAT.NS,2020-03-30,2020-04-01,NOT_NEXT_SESSION(missed=1)
MANAKCOAT.NS,2020-04-20,2020-04-22,NOT_NEXT_SESSION(missed=1)
MANAKCOAT.NS,2020-05-18,2020-05-21,NOT_NEXT_SESSION(missed=2)
MANAKCOAT.NS,2024-10-24,2024-10-28,NOT_NEXT_SESSION(missed=1)
MARALOVER.NS,2019-04-03,2019-04-05,NOT_NEXT_SESSION(missed=1)
MASKINVEST.NS,2020-08-06,2020-08-10,NOT_NEXT_SESSION(missed=1)
MASKINVEST.NS,2020-08-19,2020-08-21,NOT_NEXT_SESSION(missed=1)
MASKINVEST.NS,2020-08-24,2020-08-26,NOT_NEXT_SESSION(missed=1)
MASKINVEST.NS,2020-08-28,2020-09-11,NOT_NEXT_SESSION(missed=9)
MASKINVEST.NS,2020-09-11,2020-09-15,NOT_NEXT_SESSION(missed=1)
MASKINVEST.NS,2020-09-15,2020-09-17,NOT_NEXT_SESSION(missed=1)
MASKINVEST.NS,2020-09-17,2020-10-01,NOT_NEXT_SESSION(missed=9)
MASKINVEST.NS,2020-10-01,2020-10-07,NOT_NEXT_SESSION(missed=2)
MASKINVEST.NS,2020-10-09,2020-10-13,NOT_NEXT_SESSION(missed=1)
MASKINVEST.NS,2020-10-26,2020-10-30,NOT_NEXT_SESSION(missed=3)
MASKINVEST.NS,2020-11-02,2020-11-09,NOT_NEXT_SESSION(missed=4)
MASKINVEST.NS,2020-11-09,2020-11-11,NOT_NEXT_SESSION(missed=1)
MASKINVEST.NS,2020-12-01,2020-12-03,NOT_NEXT_SESSION(missed=1)
MASKINVEST.NS,2020-12-08,2020-12-10,NOT_NEXT_SESSION(missed=1)
MASKINVEST.NS,2020-12-22,2020-12-31,NOT_NEXT_SESSION(missed=5)
MASKINVEST.NS,2021-01-05,2021-01-07,NOT_NEXT_SESSION(missed=1)
MASKINVEST.NS,2021-01-07,2021-01-11,NOT_NEXT_SESSION(missed=1)
MASKINVEST.NS,2021-01-11,2021-01-15,NOT_NEXT_SESSION(missed=3)
MASKINVEST.NS,2021-01-15,2021-01-21,NOT_NEXT_SESSION(missed=3)
MASKINVEST.NS,2021-01-25,2021-01-29,NOT_NEXT_SESSION(missed=2)
MASKINVEST.NS,2021-02-01,2021-02-04,NOT_NEXT_SESSION(missed=2)
MASKINVEST.NS,2021-02-08,2021-02-10,NOT_NEXT_SESSION(missed=1)
MASKINVEST.NS,2021-02-15,2021-02-18,NOT_NEXT_SESSION(missed=2)
MASKINVEST.NS,2021-02-18,2021-02-22,NOT_NEXT_SESSION(missed=1)
MASKINVEST.NS,2021-02-22,2021-02-25,NOT_NEXT_SESSION(missed=2)
MASKINVEST.NS,2021-02-26,2021-03-02,NOT_NEXT_SESSION(missed=1)
MASKINVEST.NS,2021-03-15,2021-03-17,NOT_NEXT_SESSION(missed=1)
MASKINVEST.NS,2021-03-18,2021-03-23,NOT_NEXT_SESSION(missed=2)
MASKINVEST.NS,2021-03-23,2021-03-31,NOT_NEXT_SESSION(missed=4)
MASKINVEST.NS,2021-03-31,2021-04-05,NOT_NEXT_SESSION(missed=1)
MASKINVEST.NS,2021-04-05,2021-04-12,NOT_NEXT_SESSION(missed=4)
MASKINVEST.NS,2021-04-19,2021-04-22,NOT_NEXT_SESSION(missed=1)
MASKINVEST.NS,2021-04-22,2021-04-26,NOT_NEXT_SESSION(missed=1)
MASKINVEST.NS,2021-04-30,2021-05-04,NOT_NEXT_SESSION(missed=1)
MASKINVEST.NS,2021-05-17,2021-05-19,NOT_NEXT_SESSION(missed=1)
MASKINVEST.NS,2021-11-23,2021-11-25,NOT_NEXT_SESSION(missed=1)
MASKINVEST.NS,2022-05-10,2022-05-12,NOT_NEXT_SESSION(missed=1)
MASKINVEST.NS,2022-05-13,2022-05-17,NOT_NEXT_SESSION(missed=1)
MASKINVEST.NS,2022-05-26,2022-05-30,NOT_NEXT_SESSION(missed=1)
MASKINVEST.NS,2022-06-10,2022-06-14,NOT_NEXT_SESSION(missed=1)
MASKINVEST.NS,2022-06-20,2022-06-22,NOT_NEXT_SESSION(missed=1)
MASKINVEST.NS,2022-06-29,2022-07-01,NOT_NEXT_SESSION(missed=1)
MASKINVEST.NS,2022-07-25,2022-09-07,NOT_NEXT_SESSION(missed=28)
MASKINVEST.NS,2022-09-07,2022-09-14,NOT_NEXT_SESSION(missed=4)
MASKINVEST.NS,2023-03-08,2023-03-10,NOT_NEXT_SESSION(missed=1)
MASKINVEST.NS,2023-04-27,2023-05-02,NOT_NEXT_SESSION(missed=1)
MASKINVEST.NS,2023-05-02,2023-05-15,NOT_NEXT_SESSION(missed=8)
MASKINVEST.NS,2023-05-15,2023-05-18,NOT_NEXT_SESSION(missed=2)
MASKINVEST.NS,2023-05-18,2023-06-07,NOT_NEXT_SESSION(missed=13)
MASKINVEST.NS,2023-06-07,2023-06-12,NOT_NEXT_SESSION(missed=2)
MASKINVEST.NS,2023-07-06,2023-07-10,NOT_NEXT_SESSION(missed=1)
MASKINVEST.NS,2023-07-12,2023-07-14,NOT_NEXT_SESSION(missed=1)
MASKINVEST.NS,2023-07-21,2023-07-25,NOT_NEXT_SESSION(missed=1)
MASKINVEST.NS,2023-08-07,2023-08-09,NOT_NEXT_SESSION(missed=1)
MASKINVEST.NS,2023-08-10,2023-08-17,NOT_NEXT_SESSION(missed=3)
MASKINVEST.NS,2023-08-23,2023-08-29,NOT_NEXT_SESSION(missed=3)
MASKINVEST.NS,2023-08-29,2023-08-31,NOT_NEXT_SESSION(missed=1)
MASKINVEST.NS,2023-09-21,2023-09-25,NOT_NEXT_SESSION(missed=1)
MASKINVEST.NS,2023-09-25,2023-09-27,NOT_NEXT_SESSION(missed=1)
MASKINVEST.NS,2023-10-03,2023-10-05,NOT_NEXT_SESSION(missed=1)
MASKINVEST.NS,2023-10-05,2023-10-09,NOT_NEXT_SESSION(missed=1)
MASKINVEST.NS,2023-10-09,2023-10-11,NOT_NEXT_SESSION(missed=1)
MASKINVEST.NS,2023-10-25,2023-10-27,NOT_NEXT_SESSION(missed=1)
MASKINVEST.NS,2023-11-02,2023-11-06,NOT_NEXT_SESSION(missed=1)
MASKINVEST.NS,2023-11-06,2023-11-09,NOT_NEXT_SESSION(missed=2)
MASKINVEST.NS,2023-11-09,2023-11-16,NOT_NEXT_SESSION(missed=4)
MASKINVEST.NS,2023-11-23,2023-11-28,NOT_NEXT_SESSION(missed=1)
MASKINVEST.NS,2023-11-29,2023-12-01,NOT_NEXT_SESSION(missed=1)
MASKINVEST.NS,2024-01-30,2024-02-05,NOT_NEXT_SESSION(missed=3)
MASKINVEST.NS,2024-02-05,2024-02-26,NOT_NEXT_SESSION(missed=14)
MASKINVEST.NS,2024-02-26,2024-03-04,NOT_NEXT_SESSION(missed=5)
MASKINVEST.NS,2024-03-04,2024-03-14,NOT_NEXT_SESSION(missed=6)
MASKINVEST.NS,2024-03-14,2024-04-04,NOT_NEXT_SESSION(missed=12)
MASKINVEST.NS,2024-05-07,2024-05-09,NOT_NEXT_SESSION(missed=1)
MASKINVEST.NS,2024-05-10,2024-05-17,NOT_NEXT_SESSION(missed=4)
MASKINVEST.NS,2024-05-23,2024-05-27,NOT_NEXT_SESSION(missed=1)
MASKINVEST.NS,2024-05-29,2024-06-06,NOT_NEXT_SESSION(missed=5)
MASKINVEST.NS,2024-07-08,2024-07-15,NOT_NEXT_SESSION(missed=4)
MASKINVEST.NS,2024-07-15,2024-07-22,NOT_NEXT_SESSION(missed=3)
MASKINVEST.NS,2024-07-22,2024-07-29,NOT_NEXT_SESSION(missed=4)
MASKINVEST.NS,2024-07-29,2024-08-05,NOT_NEXT_SESSION(missed=4)
MASKINVEST.NS,2024-08-05,2024-08-12,NOT_NEXT_SESSION(missed=4)
MASKINVEST.NS,2025-03-26,2025-03-28,NOT_NEXT_SESSION(missed=1)
MASKINVEST.NS,2025-04-07,2025-04-11,NOT_NEXT_SESSION(missed=2)
MASKINVEST.NS,2025-07-11,2025-07-15,NOT_NEXT_SESSION(missed=1)
MASKINVEST.NS,2025-08-28,2025-09-01,NOT_NEXT_SESSION(missed=1)
MASKINVEST.NS,2025-12-04,2025-12-08,NOT_NEXT_SESSION(missed=1)
MASKINVEST.NS,2026-01-09,2026-01-13,NOT_NEXT_SESSION(missed=1)
MASKINVEST.NS,2026-02-23,2026-02-25,NOT_NEXT_SESSION(missed=1)
MASKINVEST.NS,2026-04-17,2026-04-21,NOT_NEXT_SESSION(missed=1)
MASKINVEST.NS,2026-06-23,2026-06-25,NOT_NEXT_SESSION(missed=1)
MASKINVEST.NS,2026-07-06,2026-07-08,NOT_NEXT_SESSION(missed=1)
MASKINVEST.NS,2026-07-08,2026-07-10,NOT_NEXT_SESSION(missed=1)
MASKINVEST.NS,2026-07-17,2026-07-21,NOT_NEXT_SESSION(missed=1)
MASKINVEST.NS,2026-08-11,2026-08-13,NOT_NEXT_SESSION(missed=1)
MASKINVEST.NS,2026-08-14,2026-08-18,NOT_NEXT_SESSION(missed=1)
MAWANASUG.NS,2018-11-30,2019-01-09,NOT_NEXT_SESSION(missed=26)
MBAPL.NS,2018-03-08,2018-03-13,NOT_NEXT_SESSION(missed=2)
MBAPL.NS,2018-03-13,2018-03-20,NOT_NEXT_SESSION(missed=4)
MBAPL.NS,2018-03-26,2018-03-28,NOT_NEXT_SESSION(missed=1)
MBAPL.NS,2018-04-02,2018-04-04,NOT_NEXT_SESSION(missed=1)
MBAPL.NS,2018-04-05,2018-04-09,NOT_NEXT_SESSION(missed=1)
MBAPL.NS,2018-04-13,2018-04-19,NOT_NEXT_SESSION(missed=3)
MBAPL.NS,2018-04-19,2018-04-23,NOT_NEXT_SESSION(missed=1)
MBAPL.NS,2018-04-23,2018-04-26,NOT_NEXT_SESSION(missed=2)
MBAPL.NS,2018-04-26,2018-04-30,NOT_NEXT_SESSION(missed=1)
MBAPL.NS,2018-04-30,2018-05-30,NOT_NEXT_SESSION(missed=20)
MBAPL.NS,2018-05-30,2018-06-11,NOT_NEXT_SESSION(missed=7)
MBAPL.NS,2018-07-12,2018-07-18,NOT_NEXT_SESSION(missed=3)
MBAPL.NS,2018-07-18,2018-07-24,NOT_NEXT_SESSION(missed=3)
MBAPL.NS,2018-07-24,2018-07-26,NOT_NEXT_SESSION(missed=1)
MBAPL.NS,2018-07-26,2018-08-01,NOT_NEXT_SESSION(missed=3)
MBAPL.NS,2018-08-01,2018-08-07,NOT_NEXT_SESSION(missed=3)
MBAPL.NS,2018-08-07,2018-08-09,NOT_NEXT_SESSION(missed=1)
MBAPL.NS,2018-08-09,2018-08-13,NOT_NEXT_SESSION(missed=1)
MBAPL.NS,2018-08-13,2018-08-17,NOT_NEXT_SESSION(missed=2)
MBAPL.NS,2018-08-17,2018-08-21,NOT_NEXT_SESSION(missed=1)
MBAPL.NS,2018-08-28,2018-09-04,NOT_NEXT_SESSION(missed=4)
MBAPL.NS,2018-09-07,2018-09-11,NOT_NEXT_SESSION(missed=1)
MBAPL.NS,2018-09-11,2018-09-14,NOT_NEXT_SESSION(missed=1)
MBAPL.NS,2018-09-17,2018-09-19,NOT_NEXT_SESSION(missed=1)
MBAPL.NS,2018-10-05,2018-10-09,NOT_NEXT_SESSION(missed=1)
MBAPL.NS,2018-10-12,2018-10-22,NOT_NEXT_SESSION(missed=4)
MBAPL.NS,2018-10-22,2018-10-25,NOT_NEXT_SESSION(missed=2)
MBAPL.NS,2018-10-30,2018-11-05,NOT_NEXT_SESSION(missed=3)
MBAPL.NS,2018-11-05,2018-11-09,NOT_NEXT_SESSION(missed=1)
MBAPL.NS,2018-11-09,2018-11-14,NOT_NEXT_SESSION(missed=2)
MBAPL.NS,2018-11-14,2018-11-22,NOT_NEXT_SESSION(missed=5)
MBAPL.NS,2018-11-22,2019-02-22,NOT_NEXT_SESSION(missed=63)
MBAPL.NS,2019-02-25,2019-02-27,NOT_NEXT_SESSION(missed=1)
MBAPL.NS,2019-02-28,2019-03-05,NOT_NEXT_SESSION(missed=1)
MBAPL.NS,2019-03-05,2019-03-07,NOT_NEXT_SESSION(missed=1)
MBAPL.NS,2019-03-07,2019-03-11,NOT_NEXT_SESSION(missed=1)
MBAPL.NS,2019-03-12,2019-03-15,NOT_NEXT_SESSION(missed=2)
MBAPL.NS,2019-03-20,2019-03-25,NOT_NEXT_SESSION(missed=1)
MBAPL.NS,2019-03-25,2019-03-28,NOT_NEXT_SESSION(missed=2)
MBAPL.NS,2019-03-28,2019-04-03,NOT_NEXT_SESSION(missed=3)
MBAPL.NS,2019-04-04,2019-04-09,NOT_NEXT_SESSION(missed=2)
MBAPL.NS,2019-04-12,2019-04-23,NOT_NEXT_SESSION(missed=4)
MBAPL.NS,2019-04-23,2019-04-30,NOT_NEXT_SESSION(missed=3)
MBAPL.NS,2019-05-03,2019-05-23,NOT_NEXT_SESSION(missed=13)
MBAPL.NS,2019-05-30,2019-06-06,NOT_NEXT_SESSION(missed=3)
MBAPL.NS,2019-06-10,2019-06-13,NOT_NEXT_SESSION(missed=2)
MBAPL.NS,2019-06-13,2019-06-17,NOT_NEXT_SESSION(missed=1)
MBAPL.NS,2019-06-18,2019-06-25,NOT_NEXT_SESSION(missed=4)
MBAPL.NS,2019-07-03,2019-07-05,NOT_NEXT_SESSION(missed=1)
MBAPL.NS,2019-07-09,2019-07-11,NOT_NEXT_SESSION(missed=1)
MBAPL.NS,2019-07-11,2019-07-15,NOT_NEXT_SESSION(missed=1)
MBAPL.NS,2019-07-16,2019-07-19,NOT_NEXT_SESSION(missed=2)
MBAPL.NS,2019-07-23,2019-07-29,NOT_NEXT_SESSION(missed=3)
MBAPL.NS,2019-07-31,2019-08-02,NOT_NEXT_SESSION(missed=1)
MBAPL.NS,2019-08-05,2019-08-07,NOT_NEXT_SESSION(missed=1)
MBAPL.NS,2019-08-14,2019-08-19,NOT_NEXT_SESSION(missed=1)
MBAPL.NS,2019-09-06,2019-09-11,NOT_NEXT_SESSION(missed=1)
MBAPL.NS,2019-09-24,2019-09-26,NOT_NEXT_SESSION(missed=1)
MBAPL.NS,2019-10-04,2019-10-09,NOT_NEXT_SESSION(missed=1)
MBAPL.NS,2019-10-09,2019-10-11,NOT_NEXT_SESSION(missed=1)
MBAPL.NS,2019-12-02,2019-12-04,NOT_NEXT_SESSION(missed=1)
MBAPL.NS,2019-12-24,2019-12-27,NOT_NEXT_SESSION(missed=1)
MBAPL.NS,2020-01-03,2020-01-07,NOT_NEXT_SESSION(missed=1)
MBAPL.NS,2020-01-07,2020-01-09,NOT_NEXT_SESSION(missed=1)
MBAPL.NS,2020-01-09,2020-01-13,NOT_NEXT_SESSION(missed=1)
MBAPL.NS,2020-01-13,2020-01-20,NOT_NEXT_SESSION(missed=4)
MBAPL.NS,2020-01-22,2020-01-27,NOT_NEXT_SESSION(missed=2)
MBAPL.NS,2020-01-27,2020-01-30,NOT_NEXT_SESSION(missed=2)
MBAPL.NS,2020-01-31,2020-02-03,NOT_NEXT_SESSION(missed=1)
MBAPL.NS,2020-02-04,2020-02-11,NOT_NEXT_SESSION(missed=4)
MBAPL.NS,2020-02-12,2020-02-14,NOT_NEXT_SESSION(missed=1)
MBAPL.NS,2020-02-14,2020-02-18,NOT_NEXT_SESSION(missed=1)
MBAPL.NS,2020-02-18,2020-02-20,NOT_NEXT_SESSION(missed=1)
MBAPL.NS,2020-02-27,2020-03-03,NOT_NEXT_SESSION(missed=2)
MBAPL.NS,2020-03-04,2020-03-06,NOT_NEXT_SESSION(missed=1)
MBAPL.NS,2020-03-09,2020-03-12,NOT_NEXT_SESSION(missed=1)
MBAPL.NS,2020-03-12,2020-03-17,NOT_NEXT_SESSION(missed=2)
MBAPL.NS,2020-03-30,2020-04-09,NOT_NEXT_SESSION(missed=5)
MBAPL.NS,2020-04-13,2020-04-17,NOT_NEXT_SESSION(missed=2)
MBAPL.NS,2020-04-17,2020-05-11,NOT_NEXT_SESSION(missed=14)
MBAPL.NS,2020-05-11,2020-05-21,NOT_NEXT_SESSION(missed=7)
MBAPL.NS,2020-05-21,2020-05-26,NOT_NEXT_SESSION(missed=1)
MBAPL.NS,2020-05-26,2020-06-04,NOT_NEXT_SESSION(missed=6)
MBAPL.NS,2020-06-09,2020-06-11,NOT_NEXT_SESSION(missed=1)
MBAPL.NS,2020-07-30,2020-08-03,NOT_NEXT_SESSION(missed=1)
MBAPL.NS,2020-10-20,2020-10-23,NOT_NEXT_SESSION(missed=2)
MBAPL.NS,2020-12-02,2020-12-04,NOT_NEXT_SESSION(missed=1)
MCL.NS,2018-07-17,2018-07-19,NOT_NEXT_SESSION(missed=1)
MCL.NS,2018-07-19,2018-07-24,NOT_NEXT_SESSION(missed=2)
MCL.NS,2018-07-24,2018-07-27,NOT_NEXT_SESSION(missed=2)
MCL.NS,2018-07-30,2018-08-02,NOT_NEXT_SESSION(missed=2)
MCL.NS,2018-08-07,2018-08-09,NOT_NEXT_SESSION(missed=1)
MCL.NS,2018-08-10,2018-08-16,NOT_NEXT_SESSION(missed=2)
MCL.NS,2018-08-23,2018-08-27,NOT_NEXT_SESSION(missed=1)
MCL.NS,2018-09-04,2018-09-05,EXTREME_RETURN
MCL.NS,2018-09-17,2018-09-19,NOT_NEXT_SESSION(missed=1)
MCL.NS,2018-10-03,2018-10-08,NOT_NEXT_SESSION(missed=2)
MCL.NS,2018-10-08,2018-10-10,NOT_NEXT_SESSION(missed=1)
MCL.NS,2018-10-23,2018-10-25,NOT_NEXT_SESSION(missed=1)
MCL.NS,2018-10-25,2018-11-02,NOT_NEXT_SESSION(missed=5)
MCL.NS,2018-11-13,2018-11-15,NOT_NEXT_SESSION(missed=1)
MCL.NS,2018-11-16,2018-11-29,NOT_NEXT_SESSION(missed=7)
MCL.NS,2018-11-29,2019-02-21,NOT_NEXT_SESSION(missed=58)
MCL.NS,2019-03-11,2019-03-13,NOT_NEXT_SESSION(missed=1)
MCL.NS,2019-03-19,2019-03-25,NOT_NEXT_SESSION(missed=2)
MCL.NS,2019-04-02,2019-04-05,NOT_NEXT_SESSION(missed=2)
MCL.NS,2019-04-10,2019-04-12,NOT_NEXT_SESSION(missed=1)
MCL.NS,2019-04-16,2019-04-22,NOT_NEXT_SESSION(missed=1)
MCL.NS,2019-05-03,2019-05-06,EXTREME_RETURN
MCL.NS,2019-09-13,2019-09-17,NOT_NEXT_SESSION(missed=1)
MCL.NS,2020-01-15,2020-01-17,NOT_NEXT_SESSION(missed=1)
MCL.NS,2020-02-18,2020-02-20,NOT_NEXT_SESSION(missed=1)
MCL.NS,2020-04-15,2020-04-17,NOT_NEXT_SESSION(missed=1)
MCL.NS,2020-04-20,2020-04-22,NOT_NEXT_SESSION(missed=1)
MCL.NS,2020-04-24,2020-04-28,NOT_NEXT_SESSION(missed=1)
MCL.NS,2020-04-29,2020-05-06,NOT_NEXT_SESSION(missed=3)
MCL.NS,2020-05-07,2020-05-11,NOT_NEXT_SESSION(missed=1)
MCL.NS,2020-05-11,2020-05-18,NOT_NEXT_SESSION(missed=4)
MCL.NS,2020-05-19,2020-05-21,NOT_NEXT_SESSION(missed=1)
MCL.NS,2020-05-26,2020-05-28,NOT_NEXT_SESSION(missed=1)
MCL.NS,2020-05-28,2020-06-01,NOT_NEXT_SESSION(missed=1)
MCL.NS,2020-06-03,2020-06-05,NOT_NEXT_SESSION(missed=1)
MCL.NS,2020-06-12,2020-06-16,NOT_NEXT_SESSION(missed=1)
MCL.NS,2020-06-17,2020-06-23,NOT_NEXT_SESSION(missed=3)
MCL.NS,2020-06-23,2020-06-26,NOT_NEXT_SESSION(missed=2)
MCL.NS,2020-06-29,2020-07-02,NOT_NEXT_SESSION(missed=2)
MCL.NS,2020-07-07,2020-07-09,NOT_NEXT_SESSION(missed=1)
MCL.NS,2020-07-13,2020-07-16,NOT_NEXT_SESSION(missed=2)
MCL.NS,2020-07-20,2020-07-22,NOT_NEXT_SESSION(missed=1)
MCL.NS,2020-07-27,2020-07-30,NOT_NEXT_SESSION(missed=2)
MCL.NS,2020-08-11,2020-08-14,NOT_NEXT_SESSION(missed=2)
MEDICO.NS,2024-10-24,2024-10-28,NOT_NEXT_SESSION(missed=1)
MEDPLUS.NS,2019-09-26,2021-12-23,NOT_NEXT_SESSION(missed=556)
MGEL.NS,2023-05-04,2023-05-08,NOT_NEXT_SESSION(missed=1)
MINDTECK.NS,2018-11-30,2019-01-09,NOT_NEXT_SESSION(missed=26)
MINDTECK.NS,2023-07-20,2023-07-24,NOT_NEXT_SESSION(missed=1)
MIRZAINT.NS,2023-03-28,2023-03-29,EXTREME_RETURN
MITCON.NS,2019-03-15,2019-03-19,NOT_NEXT_SESSION(missed=1)
MITCON.NS,2019-03-19,2019-03-26,NOT_NEXT_SESSION(missed=3)
MITCON.NS,2019-03-27,2019-04-18,NOT_NEXT_SESSION(missed=14)
MITCON.NS,2019-04-18,2019-05-06,NOT_NEXT_SESSION(missed=8)
MITCON.NS,2019-05-06,2019-05-20,NOT_NEXT_SESSION(missed=9)
MITCON.NS,2019-05-20,2019-06-21,NOT_NEXT_SESSION(missed=22)
MITCON.NS,2019-06-21,2019-07-03,NOT_NEXT_SESSION(missed=7)
MITCON.NS,2019-07-05,2019-07-10,NOT_NEXT_SESSION(missed=2)
MITCON.NS,2019-07-15,2019-07-19,NOT_NEXT_SESSION(missed=3)
MITCON.NS,2019-07-26,2019-07-30,NOT_NEXT_SESSION(missed=1)
MITCON.NS,2019-07-30,2019-08-02,NOT_NEXT_SESSION(missed=2)
MITCON.NS,2019-08-06,2019-08-22,NOT_NEXT_SESSION(missed=9)
MITCON.NS,2019-08-22,2019-08-26,NOT_NEXT_SESSION(missed=1)
MITCON.NS,2019-08-29,2019-09-03,NOT_NEXT_SESSION(missed=1)
MITCON.NS,2019-09-05,2019-09-13,NOT_NEXT_SESSION(missed=4)
MITCON.NS,2019-09-16,2019-09-24,NOT_NEXT_SESSION(missed=5)
MITCON.NS,2019-09-24,2019-09-30,NOT_NEXT_SESSION(missed=3)
MITCON.NS,2019-09-30,2019-10-10,NOT_NEXT_SESSION(missed=5)
MITCON.NS,2019-10-10,2019-11-15,NOT_NEXT_SESSION(missed=23)
MITCON.NS,2019-11-15,2019-11-21,NOT_NEXT_SESSION(missed=3)
MITCON.NS,2019-11-21,2019-11-28,NOT_NEXT_SESSION(missed=4)
MITCON.NS,2019-11-28,2019-12-09,NOT_NEXT_SESSION(missed=6)
MITCON.NS,2019-12-09,2019-12-20,NOT_NEXT_SESSION(missed=8)
MITCON.NS,2019-12-20,2019-12-31,NOT_NEXT_SESSION(missed=5)
MITCON.NS,2019-12-31,2020-01-03,NOT_NEXT_SESSION(missed=2)
MITCON.NS,2020-01-03,2020-01-16,NOT_NEXT_SESSION(missed=8)
MITCON.NS,2020-01-16,2020-01-20,NOT_NEXT_SESSION(missed=1)
MITCON.NS,2020-01-20,2020-02-11,NOT_NEXT_SESSION(missed=16)
MITCON.NS,2020-02-11,2020-02-14,NOT_NEXT_SESSION(missed=2)
MITCON.NS,2020-02-17,2020-03-24,NOT_NEXT_SESSION(missed=23)
MITCON.NS,2020-03-24,2020-06-15,NOT_NEXT_SESSION(missed=52)
MITCON.NS,2020-06-15,2020-07-24,NOT_NEXT_SESSION(missed=28)
MITCON.NS,2020-07-24,2020-08-19,NOT_NEXT_SESSION(missed=17)
MITCON.NS,2020-08-19,2020-11-25,NOT_NEXT_SESSION(missed=68)
MITCON.NS,2020-11-25,2020-12-02,NOT_NEXT_SESSION(missed=3)
MITCON.NS,2020-12-02,2020-12-08,NOT_NEXT_SESSION(missed=3)
MITCON.NS,2020-12-09,2020-12-11,NOT_NEXT_SESSION(missed=1)
MITCON.NS,2020-12-11,2020-12-15,NOT_NEXT_SESSION(missed=1)
MITCON.NS,2020-12-15,2020-12-18,NOT_NEXT_SESSION(missed=2)
MITCON.NS,2020-12-18,2020-12-22,NOT_NEXT_SESSION(missed=1)
MITCON.NS,2020-12-22,2020-12-31,NOT_NEXT_SESSION(missed=5)
MITCON.NS,2021-01-01,2021-01-08,NOT_NEXT_SESSION(missed=4)
MITCON.NS,2021-01-08,2021-02-03,NOT_NEXT_SESSION(missed=16)
MITCON.NS,2021-02-03,2021-02-05,NOT_NEXT_SESSION(missed=1)
MITCON.NS,2021-02-16,2021-02-26,NOT_NEXT_SESSION(missed=7)
MITCON.NS,2021-02-26,2021-03-02,NOT_NEXT_SESSION(missed=1)
MITCON.NS,2021-03-10,2021-03-16,NOT_NEXT_SESSION(missed=2)
MITCON.NS,2021-03-19,2021-03-23,NOT_NEXT_SESSION(missed=1)
MITCON.NS,2021-04-01,2021-04-06,NOT_NEXT_SESSION(missed=1)
MITCON.NS,2021-04-06,2021-04-08,NOT_NEXT_SESSION(missed=1)
MITCON.NS,2021-04-08,2021-04-16,NOT_NEXT_SESSION(missed=4)
MITCON.NS,2021-04-16,2021-05-18,NOT_NEXT_SESSION(missed=19)
MITCON.NS,2021-05-18,2021-05-28,NOT_NEXT_SESSION(missed=7)
MITCON.NS,2021-05-28,2021-06-01,NOT_NEXT_SESSION(missed=1)
MITCON.NS,2021-06-01,2021-06-04,NOT_NEXT_SESSION(missed=2)
MITCON.NS,2021-06-08,2021-06-14,NOT_NEXT_SESSION(missed=3)
MITCON.NS,2021-06-16,2021-06-18,NOT_NEXT_SESSION(missed=1)
MITCON.NS,2021-06-18,2021-06-22,NOT_NEXT_SESSION(missed=1)
MITCON.NS,2021-06-22,2021-06-29,NOT_NEXT_SESSION(missed=4)
MITCON.NS,2021-06-29,2021-07-02,NOT_NEXT_SESSION(missed=2)
MITCON.NS,2021-07-12,2021-07-15,NOT_NEXT_SESSION(missed=2)
MITCON.NS,2021-08-12,2021-08-16,NOT_NEXT_SESSION(missed=1)
MITCON.NS,2021-08-16,2021-08-20,NOT_NEXT_SESSION(missed=2)
MITCON.NS,2021-08-24,2021-08-27,NOT_NEXT_SESSION(missed=2)
MITCON.NS,2021-09-01,2021-09-03,NOT_NEXT_SESSION(missed=1)
MITCON.NS,2021-09-03,2021-09-07,NOT_NEXT_SESSION(missed=1)
MITCON.NS,2021-09-16,2021-09-20,NOT_NEXT_SESSION(missed=1)
MITCON.NS,2021-09-22,2021-09-27,NOT_NEXT_SESSION(missed=2)
MITCON.NS,2021-09-29,2021-10-04,NOT_NEXT_SESSION(missed=2)
MITCON.NS,2021-10-05,2021-10-07,NOT_NEXT_SESSION(missed=1)
MITCON.NS,2021-10-11,2021-10-19,NOT_NEXT_SESSION(missed=4)
MITCON.NS,2021-10-20,2021-10-22,NOT_NEXT_SESSION(missed=1)
MITCON.NS,2021-10-22,2021-10-28,NOT_NEXT_SESSION(missed=3)
MITCON.NS,2021-10-29,2021-11-02,NOT_NEXT_SESSION(missed=1)
MITCON.NS,2021-11-02,2021-11-15,NOT_NEXT_SESSION(missed=7)
MITCON.NS,2021-11-24,2021-11-26,NOT_NEXT_SESSION(missed=1)
MITCON.NS,2021-11-26,2021-12-03,NOT_NEXT_SESSION(missed=4)
MITCON.NS,2021-12-03,2021-12-09,NOT_NEXT_SESSION(missed=3)
MITCON.NS,2021-12-13,2021-12-15,NOT_NEXT_SESSION(missed=1)
MITCON.NS,2021-12-17,2021-12-21,NOT_NEXT_SESSION(missed=1)
MITCON.NS,2021-12-22,2021-12-27,NOT_NEXT_SESSION(missed=2)
MKPL.NS,2018-11-28,2019-02-28,NOT_NEXT_SESSION(missed=64)
MKPL.NS,2019-03-01,2019-03-14,NOT_NEXT_SESSION(missed=7)
MKPL.NS,2019-03-19,2019-03-26,NOT_NEXT_SESSION(missed=3)
MKPL.NS,2019-03-27,2019-04-22,NOT_NEXT_SESSION(missed=15)
MKPL.NS,2019-04-23,2019-04-30,NOT_NEXT_SESSION(missed=3)
MKPL.NS,2019-05-07,2019-05-20,NOT_NEXT_SESSION(missed=8)
MKPL.NS,2019-05-20,2019-05-22,NOT_NEXT_SESSION(missed=1)
MKPL.NS,2019-05-22,2019-06-03,NOT_NEXT_SESSION(missed=7)
MKPL.NS,2019-06-03,2019-06-06,NOT_NEXT_SESSION(missed=1)
MKPL.NS,2019-06-06,2019-06-14,NOT_NEXT_SESSION(missed=5)
MKPL.NS,2019-06-14,2019-06-20,NOT_NEXT_SESSION(missed=3)
MKPL.NS,2019-06-20,2019-07-01,NOT_NEXT_SESSION(missed=6)
MKPL.NS,2019-07-02,2019-07-05,NOT_NEXT_SESSION(missed=2)
MKPL.NS,2019-07-08,2019-07-11,NOT_NEXT_SESSION(missed=2)
MKPL.NS,2019-07-15,2019-07-17,NOT_NEXT_SESSION(missed=1)
MKPL.NS,2019-07-19,2019-07-23,NOT_NEXT_SESSION(missed=1)
MKPL.NS,2019-07-23,2019-07-25,NOT_NEXT_SESSION(missed=1)
MKPL.NS,2019-07-25,2019-07-31,NOT_NEXT_SESSION(missed=3)
MKPL.NS,2019-07-31,2019-08-02,NOT_NEXT_SESSION(missed=1)
MKPL.NS,2019-08-02,2019-08-06,NOT_NEXT_SESSION(missed=1)
MKPL.NS,2019-08-06,2019-08-09,NOT_NEXT_SESSION(missed=2)
MKPL.NS,2019-08-09,2019-08-14,NOT_NEXT_SESSION(missed=1)
MKPL.NS,2019-08-16,2019-12-05,NOT_NEXT_SESSION(missed=72)
MKPL.NS,2019-12-05,2020-01-07,NOT_NEXT_SESSION(missed=21)
MKPL.NS,2020-01-07,2020-01-22,NOT_NEXT_SESSION(missed=10)
MKPL.NS,2020-01-23,2020-02-11,NOT_NEXT_SESSION(missed=13)
MKPL.NS,2020-02-11,2020-02-14,NOT_NEXT_SESSION(missed=2)
MKPL.NS,2020-02-14,2020-03-03,NOT_NEXT_SESSION(missed=10)
MKPL.NS,2020-03-04,2020-03-06,NOT_NEXT_SESSION(missed=1)
MKPL.NS,2020-03-11,2020-03-17,NOT_NEXT_SESSION(missed=3)
MKPL.NS,2020-03-18,2020-03-20,NOT_NEXT_SESSION(missed=1)
MKPL.NS,2020-03-20,2020-03-25,NOT_NEXT_SESSION(missed=2)
MKPL.NS,2020-03-25,2020-03-31,NOT_NEXT_SESSION(missed=3)
MKPL.NS,2020-03-31,2020-06-12,NOT_NEXT_SESSION(missed=46)
MKPL.NS,2020-06-12,2020-06-18,NOT_NEXT_SESSION(missed=3)
MKPL.NS,2020-06-22,2020-06-29,NOT_NEXT_SESSION(missed=4)
MKPL.NS,2020-06-29,2020-07-08,NOT_NEXT_SESSION(missed=6)
MKPL.NS,2020-07-13,2020-07-17,NOT_NEXT_SESSION(missed=3)
MKPL.NS,2020-07-20,2020-08-05,NOT_NEXT_SESSION(missed=11)
MKPL.NS,2020-08-06,2020-08-18,NOT_NEXT_SESSION(missed=7)
MKPL.NS,2020-08-18,2020-08-20,NOT_NEXT_SESSION(missed=1)
MKPL.NS,2020-08-20,2020-09-08,NOT_NEXT_SESSION(missed=12)
MKPL.NS,2020-09-08,2020-09-25,NOT_NEXT_SESSION(missed=12)
MKPL.NS,2020-09-30,2020-10-15,NOT_NEXT_SESSION(missed=9)
MKPL.NS,2020-10-15,2021-01-12,NOT_NEXT_SESSION(missed=60)
MKPL.NS,2021-01-12,2021-01-27,NOT_NEXT_SESSION(missed=9)
MKPL.NS,2021-01-28,2021-03-16,NOT_NEXT_SESSION(missed=31)
MKPL.NS,2021-03-16,2021-03-23,NOT_NEXT_SESSION(missed=4)
MKPL.NS,2021-03-23,2021-06-09,NOT_NEXT_SESSION(missed=50)
MKPL.NS,2021-06-09,2021-09-22,NOT_NEXT_SESSION(missed=71)
MKPL.NS,2021-10-18,2021-10-20,NOT_NEXT_SESSION(missed=1)
MKPL.NS,2021-10-20,2021-11-02,NOT_NEXT_SESSION(missed=8)
MKPL.NS,2021-11-03,2021-11-08,NOT_NEXT_SESSION(missed=1)
MKPL.NS,2021-11-08,2021-11-18,NOT_NEXT_SESSION(missed=7)
MKPL.NS,2021-11-18,2021-12-01,NOT_NEXT_SESSION(missed=7)
MKPL.NS,2021-12-01,2021-12-23,NOT_NEXT_SESSION(missed=15)
MKPL.NS,2021-12-23,2021-12-27,NOT_NEXT_SESSION(missed=1)
MKPL.NS,2021-12-28,2022-01-07,NOT_NEXT_SESSION(missed=7)
MKPL.NS,2022-01-07,2022-01-11,NOT_NEXT_SESSION(missed=1)
MKPL.NS,2022-01-11,2022-01-17,NOT_NEXT_SESSION(missed=3)
MKPL.NS,2022-01-19,2022-01-21,NOT_NEXT_SESSION(missed=1)
MKPL.NS,2022-01-25,2022-02-04,NOT_NEXT_SESSION(missed=6)
MKPL.NS,2022-02-04,2022-03-10,NOT_NEXT_SESSION(missed=22)
MKPL.NS,2022-03-10,2022-03-15,NOT_NEXT_SESSION(missed=2)
MKPL.NS,2022-03-24,2022-03-28,NOT_NEXT_SESSION(missed=1)
MKPL.NS,2022-03-29,2022-04-01,NOT_NEXT_SESSION(missed=2)
MKPL.NS,2022-04-04,2022-04-13,NOT_NEXT_SESSION(missed=6)
MKPL.NS,2022-04-13,2022-05-09,NOT_NEXT_SESSION(missed=14)
MKPL.NS,2022-05-11,2022-05-13,NOT_NEXT_SESSION(missed=1)
MKPL.NS,2022-05-27,2022-06-03,NOT_NEXT_SESSION(missed=4)
MKPL.NS,2022-06-03,2022-06-08,NOT_NEXT_SESSION(missed=2)
MKPL.NS,2022-06-08,2022-06-10,NOT_NEXT_SESSION(missed=1)
MKPL.NS,2022-06-13,2022-06-16,NOT_NEXT_SESSION(missed=2)
MKPL.NS,2022-06-17,2022-06-21,NOT_NEXT_SESSION(missed=1)
MKPL.NS,2022-06-24,2022-06-28,NOT_NEXT_SESSION(missed=1)
MKPL.NS,2022-07-07,2022-07-13,NOT_NEXT_SESSION(missed=3)
MKPL.NS,2022-07-15,2022-07-21,NOT_NEXT_SESSION(missed=3)
MKPL.NS,2022-07-21,2022-07-26,NOT_NEXT_SESSION(missed=2)
MKPL.NS,2022-07-26,2022-08-01,NOT_NEXT_SESSION(missed=3)
MKPL.NS,2022-08-08,2022-08-17,NOT_NEXT_SESSION(missed=4)
MKPL.NS,2022-08-19,2022-08-23,NOT_NEXT_SESSION(missed=1)
MKPL.NS,2022-08-23,2022-08-30,NOT_NEXT_SESSION(missed=4)
MKPL.NS,2022-08-30,2022-09-05,NOT_NEXT_SESSION(missed=2)
MKPL.NS,2022-09-05,2022-09-08,NOT_NEXT_SESSION(missed=2)
MKPL.NS,2022-09-08,2022-09-12,NOT_NEXT_SESSION(missed=1)
MKPL.NS,2022-09-12,2022-09-14,NOT_NEXT_SESSION(missed=1)
MKPL.NS,2022-11-03,2022-11-07,NOT_NEXT_SESSION(missed=1)
MKPL.NS,2022-12-15,2022-12-19,NOT_NEXT_SESSION(missed=1)
MKPL.NS,2022-12-19,2022-12-21,NOT_NEXT_SESSION(missed=1)
MKPL.NS,2023-01-02,2023-01-04,NOT_NEXT_SESSION(missed=1)
MKPL.NS,2023-01-05,2023-01-09,NOT_NEXT_SESSION(missed=1)
MKPL.NS,2023-01-09,2023-01-11,NOT_NEXT_SESSION(missed=1)
MKPL.NS,2023-01-20,2023-01-24,NOT_NEXT_SESSION(missed=1)
MKPL.NS,2023-02-06,2023-02-10,NOT_NEXT_SESSION(missed=3)
MKPL.NS,2023-02-14,2023-02-17,NOT_NEXT_SESSION(missed=2)
MKPL.NS,2023-02-17,2023-04-05,NOT_NEXT_SESSION(missed=29)
MKPL.NS,2023-04-13,2023-04-18,NOT_NEXT_SESSION(missed=1)
MKPL.NS,2023-04-18,2023-04-20,NOT_NEXT_SESSION(missed=1)
MKPL.NS,2023-04-26,2023-04-28,NOT_NEXT_SESSION(missed=1)
MKPL.NS,2023-05-05,2023-05-09,NOT_NEXT_SESSION(missed=1)
MKPL.NS,2023-05-11,2023-05-15,NOT_NEXT_SESSION(missed=1)
MKPL.NS,2023-05-17,2023-05-19,NOT_NEXT_SESSION(missed=1)
MKPL.NS,2023-05-19,2023-05-23,NOT_NEXT_SESSION(missed=1)
MKPL.NS,2023-05-23,2023-05-25,NOT_NEXT_SESSION(missed=1)
MKPL.NS,2023-05-29,2023-06-01,NOT_NEXT_SESSION(missed=2)
MKPL.NS,2023-06-01,2023-06-05,NOT_NEXT_SESSION(missed=1)
MKPL.NS,2023-06-05,2023-06-08,NOT_NEXT_SESSION(missed=2)
MMP.NS,2019-12-09,2019-12-12,NOT_NEXT_SESSION(missed=2)
MMP.NS,2020-01-02,2020-01-06,NOT_NEXT_SESSION(missed=1)
MMP.NS,2020-01-06,2020-01-08,NOT_NEXT_SESSION(missed=1)
MMP.NS,2023-06-22,2023-06-26,NOT_NEXT_SESSION(missed=1)
MMP.NS,2023-06-26,2023-07-03,NOT_NEXT_SESSION(missed=3)
MMP.NS,2023-07-03,2023-07-10,NOT_NEXT_SESSION(missed=4)
MMP.NS,2023-07-10,2023-07-17,NOT_NEXT_SESSION(missed=4)
MMP.NS,2023-07-17,2023-07-24,NOT_NEXT_SESSION(missed=4)
MODIRUBBER.NS,2020-02-07,2020-02-11,NOT_NEXT_SESSION(missed=1)
MODIRUBBER.NS,2020-02-11,2020-02-14,NOT_NEXT_SESSION(missed=2)
MODIRUBBER.NS,2020-02-27,2020-03-02,NOT_NEXT_SESSION(missed=1)
MODIRUBBER.NS,2020-03-03,2020-03-05,NOT_NEXT_SESSION(missed=1)
MODIRUBBER.NS,2020-03-05,2020-03-09,NOT_NEXT_SESSION(missed=1)
MODIRUBBER.NS,2020-03-27,2020-03-31,NOT_NEXT_SESSION(missed=1)
MODIRUBBER.NS,2020-03-31,2020-04-03,NOT_NEXT_SESSION(missed=1)
MODIRUBBER.NS,2020-04-03,2020-04-08,NOT_NEXT_SESSION(missed=1)
MODIRUBBER.NS,2020-04-15,2020-04-17,NOT_NEXT_SESSION(missed=1)
MODIRUBBER.NS,2020-04-27,2020-04-29,NOT_NEXT_SESSION(missed=1)
MODIRUBBER.NS,2020-05-04,2020-05-06,NOT_NEXT_SESSION(missed=1)
MODIRUBBER.NS,2020-05-11,2020-05-18,NOT_NEXT_SESSION(missed=4)
MODIRUBBER.NS,2020-09-08,2020-09-10,NOT_NEXT_SESSION(missed=1)
MODIRUBBER.NS,2020-10-27,2020-10-29,NOT_NEXT_SESSION(missed=1)
MODIRUBBER.NS,2020-10-29,2020-11-02,NOT_NEXT_SESSION(missed=1)
MODIRUBBER.NS,2020-11-12,2020-11-14,NOT_NEXT_SESSION(missed=1)
MODIRUBBER.NS,2020-11-18,2020-11-20,NOT_NEXT_SESSION(missed=1)
MODIRUBBER.NS,2023-03-14,2023-03-16,NOT_NEXT_SESSION(missed=1)
MODTHREAD.NS,2026-04-07,2026-04-09,NOT_NEXT_SESSION(missed=1)
MODTHREAD.NS,2026-06-11,2026-06-15,NOT_NEXT_SESSION(missed=1)
MOHITIND.NS,2019-10-16,2019-10-18,NOT_NEXT_SESSION(missed=1)
MOHITIND.NS,2019-10-23,2019-10-25,NOT_NEXT_SESSION(missed=1)
MOHITIND.NS,2019-11-14,2019-11-18,NOT_NEXT_SESSION(missed=1)
MOHITIND.NS,2019-11-26,2019-11-28,NOT_NEXT_SESSION(missed=1)
MOHITIND.NS,2019-12-02,2019-12-04,NOT_NEXT_SESSION(missed=1)
MOHITIND.NS,2019-12-18,2019-12-20,NOT_NEXT_SESSION(missed=1)
MOHITIND.NS,2019-12-20,2019-12-24,NOT_NEXT_SESSION(missed=1)
MOHITIND.NS,2020-02-17,2020-02-24,NOT_NEXT_SESSION(missed=3)
MOHITIND.NS,2020-03-05,2020-03-09,NOT_NEXT_SESSION(missed=1)
MOHITIND.NS,2020-03-09,2020-03-12,NOT_NEXT_SESSION(missed=1)
MOHITIND.NS,2020-03-12,2020-03-16,NOT_NEXT_SESSION(missed=1)
MOHITIND.NS,2020-03-16,2020-03-25,NOT_NEXT_SESSION(missed=6)
MOHITIND.NS,2020-03-25,2020-04-08,NOT_NEXT_SESSION(missed=7)
MOHITIND.NS,2020-04-09,2020-04-16,NOT_NEXT_SESSION(missed=2)
MOHITIND.NS,2020-04-16,2020-04-20,NOT_NEXT_SESSION(missed=1)
MOHITIND.NS,2020-04-27,2020-04-29,NOT_NEXT_SESSION(missed=1)
MOHITIND.NS,2020-05-04,2020-05-06,NOT_NEXT_SESSION(missed=1)
MOHITIND.NS,2020-05-20,2020-05-22,NOT_NEXT_SESSION(missed=1)
MOHITIND.NS,2020-05-22,2020-05-27,NOT_NEXT_SESSION(missed=1)
MOHITIND.NS,2020-05-27,2020-06-01,NOT_NEXT_SESSION(missed=2)
MOHITIND.NS,2020-06-09,2020-06-12,NOT_NEXT_SESSION(missed=2)
MOHITIND.NS,2020-06-24,2020-06-29,NOT_NEXT_SESSION(missed=2)
MOHITIND.NS,2020-06-30,2020-07-07,NOT_NEXT_SESSION(missed=4)
MOHITIND.NS,2020-07-08,2020-07-10,NOT_NEXT_SESSION(missed=1)
MOHITIND.NS,2020-07-10,2020-07-14,NOT_NEXT_SESSION(missed=1)
MOHITIND.NS,2020-07-14,2020-07-16,NOT_NEXT_SESSION(missed=1)
MOHITIND.NS,2020-07-17,2020-07-24,NOT_NEXT_SESSION(missed=4)
MOHITIND.NS,2020-07-28,2020-08-03,NOT_NEXT_SESSION(missed=3)
MOHITIND.NS,2020-08-03,2020-08-12,NOT_NEXT_SESSION(missed=6)
MOHITIND.NS,2020-08-13,2020-08-18,NOT_NEXT_SESSION(missed=2)
MOHITIND.NS,2020-08-18,2020-08-28,NOT_NEXT_SESSION(missed=7)
MOHITIND.NS,2020-08-28,2020-09-04,NOT_NEXT_SESSION(missed=4)
MOHITIND.NS,2020-09-07,2020-09-09,NOT_NEXT_SESSION(missed=1)
MOHITIND.NS,2020-09-11,2020-09-15,NOT_NEXT_SESSION(missed=1)
MOHITIND.NS,2020-09-21,2020-09-23,NOT_NEXT_SESSION(missed=1)
MOHITIND.NS,2020-10-15,2020-10-19,NOT_NEXT_SESSION(missed=1)
MOHITIND.NS,2020-10-23,2020-11-05,NOT_NEXT_SESSION(missed=8)
MOHITIND.NS,2020-11-05,2020-11-10,NOT_NEXT_SESSION(missed=2)
MOHITIND.NS,2020-11-10,2020-11-17,NOT_NEXT_SESSION(missed=4)
MOHITIND.NS,2020-12-18,2020-12-23,NOT_NEXT_SESSION(missed=2)
MOHITIND.NS,2020-12-28,2020-12-30,NOT_NEXT_SESSION(missed=1)
MOHITIND.NS,2020-12-31,2021-01-05,NOT_NEXT_SESSION(missed=2)
MON100.NS,2018-08-01,2018-08-03,NOT_NEXT_SESSION(missed=1)
MOTOGENFIN.NS,2019-02-14,2019-02-18,NOT_NEXT_SESSION(missed=1)
MOTOGENFIN.NS,2019-07-09,2019-07-11,NOT_NEXT_SESSION(missed=1)
MOTOGENFIN.NS,2019-07-18,2019-07-23,NOT_NEXT_SESSION(missed=2)
MOTOGENFIN.NS,2019-07-24,2019-07-30,NOT_NEXT_SESSION(missed=3)
MOTOGENFIN.NS,2019-08-07,2019-08-14,NOT_NEXT_SESSION(missed=3)
MOTOGENFIN.NS,2019-08-21,2019-08-26,NOT_NEXT_SESSION(missed=2)
MOTOGENFIN.NS,2019-09-05,2019-09-09,NOT_NEXT_SESSION(missed=1)
MWL.NS,2023-09-20,2023-09-27,NOT_NEXT_SESSION(missed=4)
MWL.NS,2023-09-27,2023-09-29,NOT_NEXT_SESSION(missed=1)
MWL.NS,2023-10-05,2023-10-10,NOT_NEXT_SESSION(missed=2)
MWL.NS,2023-10-25,2023-10-27,NOT_NEXT_SESSION(missed=1)
MWL.NS,2023-11-08,2023-11-10,NOT_NEXT_SESSION(missed=1)
MWL.NS,2023-11-12,2023-11-16,NOT_NEXT_SESSION(missed=2)
MWL.NS,2023-11-20,2023-11-22,NOT_NEXT_SESSION(missed=1)
MWL.NS,2025-01-23,2025-01-27,NOT_NEXT_SESSION(missed=1)
MWL.NS,2025-02-21,2025-02-25,NOT_NEXT_SESSION(missed=1)
MWL.NS,2025-04-08,2025-04-11,NOT_NEXT_SESSION(missed=1)
MWL.NS,2025-05-06,2025-05-08,NOT_NEXT_SESSION(missed=1)
MWL.NS,2025-07-14,2025-07-16,NOT_NEXT_SESSION(missed=1)
MWL.NS,2025-08-04,2025-08-06,NOT_NEXT_SESSION(missed=1)
MWL.NS,2025-08-14,2025-08-19,NOT_NEXT_SESSION(missed=1)
NAGREEKCAP.NS,2019-10-27,2019-10-30,NOT_NEXT_SESSION(missed=1)
NAGREEKCAP.NS,2019-11-07,2019-11-11,NOT_NEXT_SESSION(missed=1)
NAGREEKCAP.NS,2019-12-13,2019-12-17,NOT_NEXT_SESSION(missed=1)
NAGREEKCAP.NS,2020-01-24,2020-01-28,NOT_NEXT_SESSION(missed=1)
NAGREEKCAP.NS,2020-04-09,2020-04-15,NOT_NEXT_SESSION(missed=1)
NAGREEKCAP.NS,2020-04-20,2020-04-22,NOT_NEXT_SESSION(missed=1)
NAGREEKCAP.NS,2020-05-06,2020-05-08,NOT_NEXT_SESSION(missed=1)
NAGREEKCAP.NS,2020-05-08,2020-05-13,NOT_NEXT_SESSION(missed=2)
NAGREEKCAP.NS,2020-05-13,2020-05-21,NOT_NEXT_SESSION(missed=5)
NAGREEKCAP.NS,2020-05-27,2020-05-29,NOT_NEXT_SESSION(missed=1)
NAGREEKCAP.NS,2020-06-01,2020-06-03,NOT_NEXT_SESSION(missed=1)
NAGREEKCAP.NS,2020-06-03,2020-06-05,NOT_NEXT_SESSION(missed=1)
NAGREEKCAP.NS,2020-06-05,2020-06-09,NOT_NEXT_SESSION(missed=1)
NAGREEKCAP.NS,2020-06-11,2020-06-18,NOT_NEXT_SESSION(missed=4)
NAGREEKCAP.NS,2020-06-18,2020-06-22,NOT_NEXT_SESSION(missed=1)
NAGREEKCAP.NS,2020-06-26,2020-06-30,NOT_NEXT_SESSION(missed=1)
NAGREEKCAP.NS,2020-07-09,2020-07-13,NOT_NEXT_SESSION(missed=1)
NAGREEKCAP.NS,2020-07-22,2020-07-29,NOT_NEXT_SESSION(missed=4)
NAGREEKCAP.NS,2020-07-30,2020-08-03,NOT_NEXT_SESSION(missed=1)
NAGREEKCAP.NS,2020-08-05,2020-08-07,NOT_NEXT_SESSION(missed=1)
NAGREEKCAP.NS,2020-08-11,2020-08-13,NOT_NEXT_SESSION(missed=1)
NAGREEKCAP.NS,2020-08-13,2020-08-17,NOT_NEXT_SESSION(missed=1)
NAGREEKCAP.NS,2020-08-17,2020-08-19,NOT_NEXT_SESSION(missed=1)
NAGREEKCAP.NS,2020-08-19,2020-08-21,NOT_NEXT_SESSION(missed=1)
NAGREEKCAP.NS,2020-08-21,2020-08-26,NOT_NEXT_SESSION(missed=2)
NAGREEKCAP.NS,2020-08-26,2020-08-28,NOT_NEXT_SESSION(missed=1)
NAGREEKCAP.NS,2020-08-31,2020-09-03,NOT_NEXT_SESSION(missed=2)
NAGREEKCAP.NS,2020-09-03,2020-09-07,NOT_NEXT_SESSION(missed=1)
NAGREEKCAP.NS,2020-09-08,2020-09-10,NOT_NEXT_SESSION(missed=1)
NAGREEKCAP.NS,2020-09-16,2020-09-22,NOT_NEXT_SESSION(missed=3)
NAGREEKCAP.NS,2020-09-22,2020-09-28,NOT_NEXT_SESSION(missed=3)
NAGREEKCAP.NS,2020-09-28,2020-10-01,NOT_NEXT_SESSION(missed=2)
NAGREEKCAP.NS,2020-10-01,2020-10-06,NOT_NEXT_SESSION(missed=1)
NAGREEKCAP.NS,2020-10-21,2020-10-26,NOT_NEXT_SESSION(missed=2)
NAGREEKCAP.NS,2020-10-26,2020-10-28,NOT_NEXT_SESSION(missed=1)
NAGREEKCAP.NS,2020-10-30,2020-11-04,NOT_NEXT_SESSION(missed=2)
NAGREEKCAP.NS,2020-11-04,2020-11-10,NOT_NEXT_SESSION(missed=3)
NAGREEKCAP.NS,2020-11-11,2020-11-17,NOT_NEXT_SESSION(missed=3)
NAGREEKCAP.NS,2020-11-19,2020-11-23,NOT_NEXT_SESSION(missed=1)
NAGREEKCAP.NS,2020-11-23,2020-11-25,NOT_NEXT_SESSION(missed=1)
NAGREEKCAP.NS,2020-11-25,2020-12-01,NOT_NEXT_SESSION(missed=2)
NAGREEKCAP.NS,2020-12-04,2020-12-08,NOT_NEXT_SESSION(missed=1)
NAGREEKCAP.NS,2020-12-09,2020-12-11,NOT_NEXT_SESSION(missed=1)
NAGREEKCAP.NS,2020-12-14,2020-12-16,NOT_NEXT_SESSION(missed=1)
NAGREEKCAP.NS,2020-12-31,2021-01-04,NOT_NEXT_SESSION(missed=1)
NAGREEKCAP.NS,2021-02-15,2021-02-18,NOT_NEXT_SESSION(missed=2)
NAGREEKCAP.NS,2021-04-08,2021-04-12,NOT_NEXT_SESSION(missed=1)
NAGREEKCAP.NS,2021-04-16,2021-04-20,NOT_NEXT_SESSION(missed=1)
NAGREEKCAP.NS,2021-04-23,2021-04-27,NOT_NEXT_SESSION(missed=1)
NAGREEKCAP.NS,2021-05-04,2021-05-06,NOT_NEXT_SESSION(missed=1)
NAGREEKCAP.NS,2021-05-31,2021-06-02,NOT_NEXT_SESSION(missed=1)
NAGREEKCAP.NS,2021-06-18,2021-06-22,NOT_NEXT_SESSION(missed=1)
NAGREEKCAP.NS,2021-06-29,2021-07-01,NOT_NEXT_SESSION(missed=1)
NAGREEKCAP.NS,2021-07-12,2021-07-14,NOT_NEXT_SESSION(missed=1)
NAGREEKCAP.NS,2021-08-16,2021-08-18,NOT_NEXT_SESSION(missed=1)
NAGREEKCAP.NS,2021-09-15,2021-09-17,NOT_NEXT_SESSION(missed=1)
NAGREEKCAP.NS,2021-09-20,2021-09-22,NOT_NEXT_SESSION(missed=1)
NAGREEKCAP.NS,2021-10-05,2021-10-07,NOT_NEXT_SESSION(missed=1)
NAGREEKCAP.NS,2021-10-19,2021-10-21,NOT_NEXT_SESSION(missed=1)
NAGREEKCAP.NS,2021-10-21,2021-10-26,NOT_NEXT_SESSION(missed=2)
NAGREEKCAP.NS,2021-10-27,2021-11-01,NOT_NEXT_SESSION(missed=2)
NAGREEKCAP.NS,2021-11-03,2021-11-08,NOT_NEXT_SESSION(missed=1)
NAGREEKCAP.NS,2021-11-18,2021-11-23,NOT_NEXT_SESSION(missed=1)
NAGREEKCAP.NS,2022-06-27,2022-06-29,NOT_NEXT_SESSION(missed=1)
NAGREEKCAP.NS,2023-09-12,2023-09-14,NOT_NEXT_SESSION(missed=1)
NAGREEKCAP.NS,2023-11-10,2023-11-13,NOT_NEXT_SESSION(missed=1)
NAGREEKCAP.NS,2024-03-11,2024-03-14,NOT_NEXT_SESSION(missed=2)
NAGREEKCAP.NS,2024-04-03,2024-04-05,NOT_NEXT_SESSION(missed=1)
NARMADA.NS,2020-04-15,2020-04-20,NOT_NEXT_SESSION(missed=2)
NARMADA.NS,2020-04-20,2020-04-30,NOT_NEXT_SESSION(missed=7)
NARMADA.NS,2020-05-04,2020-05-13,NOT_NEXT_SESSION(missed=6)
NARMADA.NS,2020-05-18,2020-06-17,NOT_NEXT_SESSION(missed=20)
NARMADA.NS,2020-06-23,2020-06-26,NOT_NEXT_SESSION(missed=2)
NARMADA.NS,2020-06-29,2020-07-02,NOT_NEXT_SESSION(missed=2)
NARMADA.NS,2020-07-06,2020-07-09,NOT_NEXT_SESSION(missed=2)
NARMADA.NS,2020-07-10,2020-07-15,NOT_NEXT_SESSION(missed=2)
NARMADA.NS,2020-07-15,2020-07-17,NOT_NEXT_SESSION(missed=1)
NARMADA.NS,2020-07-17,2020-08-06,NOT_NEXT_SESSION(missed=13)
NARMADA.NS,2020-08-07,2020-08-18,NOT_NEXT_SESSION(missed=6)
NARMADA.NS,2020-08-18,2020-08-20,NOT_NEXT_SESSION(missed=1)
NARMADA.NS,2020-08-20,2020-09-15,NOT_NEXT_SESSION(missed=17)
NARMADA.NS,2020-09-17,2020-09-22,NOT_NEXT_SESSION(missed=2)
NARMADA.NS,2020-09-22,2020-09-25,NOT_NEXT_SESSION(missed=2)
NARMADA.NS,2020-09-25,2020-10-06,NOT_NEXT_SESSION(missed=5)
NARMADA.NS,2020-10-06,2020-10-12,NOT_NEXT_SESSION(missed=3)
NARMADA.NS,2020-10-12,2020-10-22,NOT_NEXT_SESSION(missed=7)
NARMADA.NS,2020-10-22,2020-10-30,NOT_NEXT_SESSION(missed=5)
NARMADA.NS,2020-10-30,2020-12-01,NOT_NEXT_SESSION(missed=20)
NARMADA.NS,2020-12-01,2021-01-07,NOT_NEXT_SESSION(missed=25)
NARMADA.NS,2021-01-08,2021-01-27,NOT_NEXT_SESSION(missed=11)
NARMADA.NS,2021-01-27,2021-02-19,NOT_NEXT_SESSION(missed=16)
NARMADA.NS,2021-02-19,2021-02-26,NOT_NEXT_SESSION(missed=4)
NARMADA.NS,2021-02-26,2021-03-04,NOT_NEXT_SESSION(missed=3)
NARMADA.NS,2021-03-04,2021-03-19,NOT_NEXT_SESSION(missed=9)
NARMADA.NS,2021-03-19,2021-04-12,NOT_NEXT_SESSION(missed=13)
NARMADA.NS,2021-04-15,2021-04-27,NOT_NEXT_SESSION(missed=6)
NARMADA.NS,2021-04-28,2021-05-14,NOT_NEXT_SESSION(missed=10)
NARMADA.NS,2021-05-14,2021-06-11,NOT_NEXT_SESSION(missed=19)
NARMADA.NS,2021-06-11,2021-06-16,NOT_NEXT_SESSION(missed=2)
NARMADA.NS,2021-06-28,2021-06-30,NOT_NEXT_SESSION(missed=1)
NARMADA.NS,2021-06-30,2021-07-02,NOT_NEXT_SESSION(missed=1)
NARMADA.NS,2021-07-07,2021-07-12,NOT_NEXT_SESSION(missed=2)
NARMADA.NS,2021-07-13,2021-08-17,NOT_NEXT_SESSION(missed=23)
NARMADA.NS,2021-08-17,2021-08-27,NOT_NEXT_SESSION(missed=6)
NARMADA.NS,2021-08-27,2021-10-29,NOT_NEXT_SESSION(missed=42)
NARMADA.NS,2021-11-01,2021-11-26,NOT_NEXT_SESSION(missed=16)
NARMADA.NS,2021-11-29,2021-12-13,NOT_NEXT_SESSION(missed=9)
NARMADA.NS,2021-12-13,2022-01-04,NOT_NEXT_SESSION(missed=15)
NARMADA.NS,2022-01-05,2022-01-12,NOT_NEXT_SESSION(missed=4)
NARMADA.NS,2022-01-12,2022-01-14,NOT_NEXT_SESSION(missed=1)
NARMADA.NS,2022-01-18,2022-01-20,NOT_NEXT_SESSION(missed=1)
NARMADA.NS,2022-01-20,2022-01-27,NOT_NEXT_SESSION(missed=3)
NARMADA.NS,2022-01-28,2022-02-14,NOT_NEXT_SESSION(missed=10)
NARMADA.NS,2022-02-14,2022-02-18,NOT_NEXT_SESSION(missed=3)
NARMADA.NS,2022-02-18,2022-02-25,NOT_NEXT_SESSION(missed=4)
NARMADA.NS,2022-02-25,2022-03-02,NOT_NEXT_SESSION(missed=1)
NARMADA.NS,2022-03-11,2022-03-15,NOT_NEXT_SESSION(missed=1)
NARMADA.NS,2022-03-17,2022-03-22,NOT_NEXT_SESSION(missed=1)
NARMADA.NS,2022-03-28,2022-03-30,NOT_NEXT_SESSION(missed=1)
NARMADA.NS,2022-03-30,2022-04-01,NOT_NEXT_SESSION(missed=1)
NARMADA.NS,2022-04-01,2022-04-19,NOT_NEXT_SESSION(missed=9)
NARMADA.NS,2022-04-21,2022-04-26,NOT_NEXT_SESSION(missed=2)
NARMADA.NS,2022-04-29,2022-05-04,NOT_NEXT_SESSION(missed=1)
NARMADA.NS,2022-05-04,2022-05-06,NOT_NEXT_SESSION(missed=1)
NARMADA.NS,2022-05-06,2022-05-19,NOT_NEXT_SESSION(missed=8)
NARMADA.NS,2022-05-19,2022-05-24,NOT_NEXT_SESSION(missed=2)
NARMADA.NS,2022-05-26,2022-06-10,NOT_NEXT_SESSION(missed=10)
NARMADA.NS,2022-06-10,2022-06-15,NOT_NEXT_SESSION(missed=2)
NARMADA.NS,2022-06-15,2022-06-17,NOT_NEXT_SESSION(missed=1)
NARMADA.NS,2022-06-17,2022-06-22,NOT_NEXT_SESSION(missed=2)
NARMADA.NS,2022-06-22,2022-07-25,NOT_NEXT_SESSION(missed=22)
NARMADA.NS,2022-07-25,2022-08-01,NOT_NEXT_SESSION(missed=4)
NARMADA.NS,2022-08-01,2022-08-04,NOT_NEXT_SESSION(missed=2)
NARMADA.NS,2022-08-05,2022-08-16,NOT_NEXT_SESSION(missed=4)
NARMADA.NS,2022-08-16,2022-09-19,NOT_NEXT_SESSION(missed=22)
NARMADA.NS,2022-09-19,2022-10-06,NOT_NEXT_SESSION(missed=11)
NARMADA.NS,2022-10-06,2022-10-11,NOT_NEXT_SESSION(missed=2)
NARMADA.NS,2022-10-11,2022-10-24,NOT_NEXT_SESSION(missed=8)
NBIFIN.NS,2018-06-27,2018-06-29,NOT_NEXT_SESSION(missed=1)
NBIFIN.NS,2018-11-06,2018-11-07,UNRESOLVED_SESSION
NBIFIN.NS,2018-11-07,2018-11-09,UNRESOLVED_SESSION
NBIFIN.NS,2020-01-31,2020-02-03,NOT_NEXT_SESSION(missed=1)
NBIFIN.NS,2020-07-16,2020-07-20,NOT_NEXT_SESSION(missed=1)
NBIFIN.NS,2020-09-03,2020-09-07,NOT_NEXT_SESSION(missed=1)
NBIFIN.NS,2020-09-14,2020-09-16,NOT_NEXT_SESSION(missed=1)
NBIFIN.NS,2020-11-03,2020-11-06,NOT_NEXT_SESSION(missed=2)
NBIFIN.NS,2021-05-05,2021-05-07,NOT_NEXT_SESSION(missed=1)
NBIFIN.NS,2022-07-21,2022-07-25,NOT_NEXT_SESSION(missed=1)
NBIFIN.NS,2022-10-17,2022-10-19,NOT_NEXT_SESSION(missed=1)
NBIFIN.NS,2023-01-19,2023-01-23,NOT_NEXT_SESSION(missed=1)
NDGL.NS,2018-11-16,2018-11-20,NOT_NEXT_SESSION(missed=1)
NDGL.NS,2019-05-31,2019-06-06,NOT_NEXT_SESSION(missed=2)
NDGL.NS,2019-07-29,2019-07-31,NOT_NEXT_SESSION(missed=1)
NDGL.NS,2019-08-07,2019-08-09,NOT_NEXT_SESSION(missed=1)
NDGL.NS,2019-08-27,2019-08-29,NOT_NEXT_SESSION(missed=1)
NDGL.NS,2019-09-04,2019-09-06,NOT_NEXT_SESSION(missed=1)
NDGL.NS,2019-09-06,2019-09-11,NOT_NEXT_SESSION(missed=1)
NDGL.NS,2019-10-04,2019-10-09,NOT_NEXT_SESSION(missed=1)
NDGL.NS,2019-10-25,2019-10-29,NOT_NEXT_SESSION(missed=1)
NDGL.NS,2019-10-31,2019-11-04,NOT_NEXT_SESSION(missed=1)
NDGL.NS,2019-11-07,2019-11-11,NOT_NEXT_SESSION(missed=1)
NDGL.NS,2019-11-20,2019-11-22,NOT_NEXT_SESSION(missed=1)
NDGL.NS,2019-11-22,2019-11-26,NOT_NEXT_SESSION(missed=1)
NDGL.NS,2019-11-28,2019-12-02,NOT_NEXT_SESSION(missed=1)
NDGL.NS,2019-12-12,2019-12-16,NOT_NEXT_SESSION(missed=1)
NDGL.NS,2019-12-20,2019-12-26,NOT_NEXT_SESSION(missed=2)
NDGL.NS,2020-01-08,2020-01-10,NOT_NEXT_SESSION(missed=1)
NDGL.NS,2020-01-22,2020-01-24,NOT_NEXT_SESSION(missed=1)
NDGL.NS,2020-02-05,2020-02-07,NOT_NEXT_SESSION(missed=1)
NDGL.NS,2020-04-22,2020-04-24,NOT_NEXT_SESSION(missed=1)
NDGL.NS,2020-06-04,2020-06-08,NOT_NEXT_SESSION(missed=1)
NDGL.NS,2020-10-05,2020-10-07,NOT_NEXT_SESSION(missed=1)
NDLVENTURE.NS,2022-11-21,2022-11-22,EXTREME_RETURN
NDRAUTO.NS,2023-07-13,2023-07-17,NOT_NEXT_SESSION(missed=1)
NDRAUTO.NS,2023-07-17,2023-07-24,NOT_NEXT_SESSION(missed=4)
NEXTMEDIA.NS,2018-12-19,2019-02-21,NOT_NEXT_SESSION(missed=44)
NEXTMEDIA.NS,2020-09-07,2020-09-10,NOT_NEXT_SESSION(missed=2)
NEXTMEDIA.NS,2020-09-10,2020-09-14,NOT_NEXT_SESSION(missed=1)
NEXTMEDIA.NS,2020-09-14,2020-09-16,NOT_NEXT_SESSION(missed=1)
NEXTMEDIA.NS,2020-09-17,2020-09-21,NOT_NEXT_SESSION(missed=1)
NEXTMEDIA.NS,2020-09-21,2020-09-25,NOT_NEXT_SESSION(missed=3)
NEXTMEDIA.NS,2021-12-16,2021-12-27,NOT_NEXT_SESSION(missed=6)
NEXTMEDIA.NS,2021-12-27,2022-01-03,NOT_NEXT_SESSION(missed=4)
NEXTMEDIA.NS,2022-01-03,2022-01-10,NOT_NEXT_SESSION(missed=4)
NEXTMEDIA.NS,2022-01-10,2022-01-17,NOT_NEXT_SESSION(missed=4)
NEXTMEDIA.NS,2022-01-17,2022-01-24,NOT_NEXT_SESSION(missed=4)
NEXTMEDIA.NS,2022-01-24,2022-01-31,NOT_NEXT_SESSION(missed=3)
NEXTMEDIA.NS,2022-01-31,2022-02-07,NOT_NEXT_SESSION(missed=4)
NEXTMEDIA.NS,2022-02-07,2022-02-14,NOT_NEXT_SESSION(missed=4)
NEXTMEDIA.NS,2022-02-14,2022-02-17,NOT_NEXT_SESSION(missed=2)
NEXTMEDIA.NS,2022-02-23,2022-02-25,NOT_NEXT_SESSION(missed=1)
NIBL.NS,2018-12-24,2018-12-27,NOT_NEXT_SESSION(missed=1)
NIBL.NS,2019-05-09,2019-05-13,NOT_NEXT_SESSION(missed=1)
NIBL.NS,2020-01-31,2020-02-03,NOT_NEXT_SESSION(missed=1)
NIBL.NS,2020-07-08,2020-07-10,NOT_NEXT_SESSION(missed=1)
NIBL.NS,2020-07-13,2020-07-15,NOT_NEXT_SESSION(missed=1)
NIBL.NS,2020-07-17,2020-07-21,NOT_NEXT_SESSION(missed=1)
NIBL.NS,2020-07-27,2020-07-29,NOT_NEXT_SESSION(missed=1)
NIBL.NS,2020-07-29,2020-07-31,NOT_NEXT_SESSION(missed=1)
NIBL.NS,2020-07-31,2020-08-10,NOT_NEXT_SESSION(missed=5)
NIBL.NS,2020-10-29,2020-11-02,NOT_NEXT_SESSION(missed=1)
NIBL.NS,2020-12-30,2021-01-04,NOT_NEXT_SESSION(missed=2)
NIBL.NS,2021-01-04,2021-02-01,NOT_NEXT_SESSION(missed=18)
NIBL.NS,2021-02-01,2021-02-08,NOT_NEXT_SESSION(missed=4)
NIBL.NS,2021-02-09,2021-02-12,NOT_NEXT_SESSION(missed=2)
NIBL.NS,2021-02-12,2021-02-17,NOT_NEXT_SESSION(missed=2)
NIBL.NS,2021-02-17,2021-02-19,NOT_NEXT_SESSION(missed=1)
NIBL.NS,2021-02-19,2021-02-23,NOT_NEXT_SESSION(missed=1)
NIITLTD.NS,2023-06-07,2023-06-08,EXTREME_RETURN
NILAINFRA.NS,2018-06-13,2018-06-14,EXTREME_RETURN
NIRAJISPAT.NS,2026-06-10,2026-06-12,NOT_NEXT_SESSION(missed=1)
NIRAJISPAT.NS,2026-06-25,2026-07-01,NOT_NEXT_SESSION(missed=2)
NIRAJISPAT.NS,2026-07-01,2026-07-03,NOT_NEXT_SESSION(missed=1)
NIRAJISPAT.NS,2026-07-17,2026-07-21,NOT_NEXT_SESSION(missed=1)
NIRAJISPAT.NS,2026-07-21,2026-07-24,NOT_NEXT_SESSION(missed=2)
NIRAJISPAT.NS,2026-07-24,2026-07-28,NOT_NEXT_SESSION(missed=1)
NIRAJISPAT.NS,2026-08-05,2026-08-07,NOT_NEXT_SESSION(missed=1)
NIRAJISPAT.NS,2026-08-11,2026-08-13,NOT_NEXT_SESSION(missed=1)
NIRAJISPAT.NS,2026-08-13,2026-08-18,NOT_NEXT_SESSION(missed=2)
NIRAJISPAT.NS,2026-08-20,2026-08-24,NOT_NEXT_SESSION(missed=1)
NITIRAJ.NS,2019-06-13,2019-06-17,NOT_NEXT_SESSION(missed=1)
NITIRAJ.NS,2019-07-11,2019-07-15,NOT_NEXT_SESSION(missed=1)
NITIRAJ.NS,2019-07-19,2019-07-23,NOT_NEXT_SESSION(missed=1)
NITIRAJ.NS,2019-08-07,2019-08-09,NOT_NEXT_SESSION(missed=1)
NITIRAJ.NS,2019-08-29,2019-09-06,NOT_NEXT_SESSION(missed=4)
NITIRAJ.NS,2019-09-06,2019-09-12,NOT_NEXT_SESSION(missed=2)
NITIRAJ.NS,2019-09-12,2019-09-17,NOT_NEXT_SESSION(missed=2)
NITIRAJ.NS,2019-09-17,2019-09-23,NOT_NEXT_SESSION(missed=3)
NITIRAJ.NS,2019-09-25,2019-09-27,NOT_NEXT_SESSION(missed=1)
NITIRAJ.NS,2019-09-27,2019-10-09,NOT_NEXT_SESSION(missed=5)
NITIRAJ.NS,2019-10-15,2019-10-22,NOT_NEXT_SESSION(missed=3)
NITIRAJ.NS,2019-10-22,2019-10-27,NOT_NEXT_SESSION(missed=3)
NITIRAJ.NS,2019-10-27,2019-10-30,NOT_NEXT_SESSION(missed=1)
NITIRAJ.NS,2019-10-30,2019-11-01,NOT_NEXT_SESSION(missed=1)
NITIRAJ.NS,2019-11-01,2019-11-06,NOT_NEXT_SESSION(missed=2)
NITIRAJ.NS,2019-11-06,2019-11-13,NOT_NEXT_SESSION(missed=3)
NITIRAJ.NS,2019-11-15,2020-01-08,NOT_NEXT_SESSION(missed=36)
NITIRAJ.NS,2020-01-13,2020-02-04,NOT_NEXT_SESSION(missed=16)
NITIRAJ.NS,2020-02-04,2020-02-06,NOT_NEXT_SESSION(missed=1)
NITIRAJ.NS,2020-02-07,2020-02-14,NOT_NEXT_SESSION(missed=4)
NITIRAJ.NS,2020-02-14,2020-02-18,NOT_NEXT_SESSION(missed=1)
NITIRAJ.NS,2020-02-18,2020-02-24,NOT_NEXT_SESSION(missed=2)
NITIRAJ.NS,2020-02-24,2020-02-28,NOT_NEXT_SESSION(missed=3)
NITIRAJ.NS,2020-03-02,2020-03-04,NOT_NEXT_SESSION(missed=1)
NITIRAJ.NS,2020-03-16,2020-03-25,NOT_NEXT_SESSION(missed=6)
NITIRAJ.NS,2020-03-25,2020-04-24,NOT_NEXT_SESSION(missed=17)
NITIRAJ.NS,2020-04-24,2020-04-29,NOT_NEXT_SESSION(missed=2)
NITIRAJ.NS,2020-04-29,2020-07-13,NOT_NEXT_SESSION(missed=50)
NITIRAJ.NS,2020-07-13,2020-08-03,NOT_NEXT_SESSION(missed=14)
NITIRAJ.NS,2020-08-03,2020-09-10,NOT_NEXT_SESSION(missed=27)
NITIRAJ.NS,2020-09-11,2020-11-24,NOT_NEXT_SESSION(missed=50)
NITIRAJ.NS,2020-11-26,2020-12-04,NOT_NEXT_SESSION(missed=4)
NITIRAJ.NS,2020-12-04,2020-12-08,NOT_NEXT_SESSION(missed=1)
NITIRAJ.NS,2020-12-09,2020-12-11,NOT_NEXT_SESSION(missed=1)
NITIRAJ.NS,2020-12-14,2020-12-16,NOT_NEXT_SESSION(missed=1)
NITIRAJ.NS,2020-12-16,2020-12-21,NOT_NEXT_SESSION(missed=2)
NITIRAJ.NS,2020-12-24,2020-12-30,NOT_NEXT_SESSION(missed=2)
NITIRAJ.NS,2020-12-30,2021-01-13,NOT_NEXT_SESSION(missed=9)
NITIRAJ.NS,2021-01-13,2021-01-27,NOT_NEXT_SESSION(missed=8)
NITIRAJ.NS,2021-01-27,2021-02-05,NOT_NEXT_SESSION(missed=6)
NITIRAJ.NS,2021-02-05,2021-02-18,NOT_NEXT_SESSION(missed=8)
NITIRAJ.NS,2021-02-18,2021-03-30,NOT_NEXT_SESSION(missed=25)
NITIRAJ.NS,2021-03-30,2021-04-05,NOT_NEXT_SESSION(missed=2)
NITIRAJ.NS,2021-04-05,2021-04-20,NOT_NEXT_SESSION(missed=9)
NKIND.NS,2018-02-27,2018-03-01,NOT_NEXT_SESSION(missed=1)
NKIND.NS,2018-05-28,2018-05-30,NOT_NEXT_SESSION(missed=1)
NKIND.NS,2018-06-19,2018-06-21,NOT_NEXT_SESSION(missed=1)
NKIND.NS,2018-07-09,2018-07-11,NOT_NEXT_SESSION(missed=1)
NKIND.NS,2019-01-02,2019-01-04,NOT_NEXT_SESSION(missed=1)
NKIND.NS,2019-03-13,2019-03-15,NOT_NEXT_SESSION(missed=1)
NKIND.NS,2019-07-04,2019-07-08,NOT_NEXT_SESSION(missed=1)
NKIND.NS,2019-07-09,2019-07-11,NOT_NEXT_SESSION(missed=1)
NKIND.NS,2019-07-11,2019-07-15,NOT_NEXT_SESSION(missed=1)
NKIND.NS,2019-07-22,2019-07-26,NOT_NEXT_SESSION(missed=3)
NKIND.NS,2019-07-30,2019-08-01,NOT_NEXT_SESSION(missed=1)
NKIND.NS,2019-08-01,2019-08-05,NOT_NEXT_SESSION(missed=1)
NKIND.NS,2019-08-13,2019-08-16,NOT_NEXT_SESSION(missed=1)
NKIND.NS,2019-08-16,2019-08-20,NOT_NEXT_SESSION(missed=1)
NKIND.NS,2019-09-18,2019-09-20,NOT_NEXT_SESSION(missed=1)
NKIND.NS,2019-09-27,2019-10-07,NOT_NEXT_SESSION(missed=4)
NKIND.NS,2019-10-22,2019-10-25,NOT_NEXT_SESSION(missed=2)
NKIND.NS,2019-10-25,2019-10-29,NOT_NEXT_SESSION(missed=1)
NKIND.NS,2019-11-20,2019-11-22,NOT_NEXT_SESSION(missed=1)
NKIND.NS,2019-12-03,2019-12-06,NOT_NEXT_SESSION(missed=2)
NKIND.NS,2019-12-09,2019-12-11,NOT_NEXT_SESSION(missed=1)
NKIND.NS,2019-12-11,2019-12-13,NOT_NEXT_SESSION(missed=1)
NKIND.NS,2019-12-16,2019-12-18,NOT_NEXT_SESSION(missed=1)
NKIND.NS,2019-12-18,2019-12-23,NOT_NEXT_SESSION(missed=2)
NKIND.NS,2019-12-30,2020-01-02,NOT_NEXT_SESSION(missed=2)
NKIND.NS,2020-02-04,2020-02-06,NOT_NEXT_SESSION(missed=1)
NKIND.NS,2020-02-19,2020-02-24,NOT_NEXT_SESSION(missed=1)
NKIND.NS,2020-02-28,2020-03-03,NOT_NEXT_SESSION(missed=1)
NKIND.NS,2020-03-03,2020-03-05,NOT_NEXT_SESSION(missed=1)
NKIND.NS,2020-03-06,2020-03-11,NOT_NEXT_SESSION(missed=1)
NKIND.NS,2020-03-16,2020-03-18,NOT_NEXT_SESSION(missed=1)
NKIND.NS,2020-03-19,2020-03-24,NOT_NEXT_SESSION(missed=2)
NKIND.NS,2020-07-09,2020-07-14,NOT_NEXT_SESSION(missed=2)
NKIND.NS,2020-07-14,2020-07-16,NOT_NEXT_SESSION(missed=1)
NKIND.NS,2020-07-29,2020-08-04,NOT_NEXT_SESSION(missed=3)
NKIND.NS,2020-08-04,2020-08-07,NOT_NEXT_SESSION(missed=2)
NKIND.NS,2021-05-24,2021-05-26,NOT_NEXT_SESSION(missed=1)
NKIND.NS,2021-06-01,2021-06-03,NOT_NEXT_SESSION(missed=1)
NKIND.NS,2021-06-22,2021-06-24,NOT_NEXT_SESSION(missed=1)
NKIND.NS,2021-09-02,2021-09-06,NOT_NEXT_SESSION(missed=1)
NKIND.NS,2021-09-06,2021-09-09,NOT_NEXT_SESSION(missed=2)
NKIND.NS,2022-02-16,2022-02-21,NOT_NEXT_SESSION(missed=2)
NKIND.NS,2022-06-21,2022-06-23,NOT_NEXT_SESSION(missed=1)
NKIND.NS,2022-09-16,2022-09-20,NOT_NEXT_SESSION(missed=1)
NKIND.NS,2022-10-04,2022-10-10,NOT_NEXT_SESSION(missed=2)
NKIND.NS,2022-10-11,2022-10-14,NOT_NEXT_SESSION(missed=2)
NKIND.NS,2022-10-24,2022-10-27,NOT_NEXT_SESSION(missed=1)
NKIND.NS,2022-11-02,2022-11-04,NOT_NEXT_SESSION(missed=1)
NKIND.NS,2022-12-08,2022-12-12,NOT_NEXT_SESSION(missed=1)
NKIND.NS,2022-12-12,2022-12-14,NOT_NEXT_SESSION(missed=1)
NKIND.NS,2023-01-16,2023-01-18,NOT_NEXT_SESSION(missed=1)
NKIND.NS,2023-01-20,2023-01-24,NOT_NEXT_SESSION(missed=1)
NKIND.NS,2023-01-27,2023-01-31,NOT_NEXT_SESSION(missed=1)
NKIND.NS,2023-02-07,2023-02-09,NOT_NEXT_SESSION(missed=1)
NKIND.NS,2023-02-16,2023-02-20,NOT_NEXT_SESSION(missed=1)
NKIND.NS,2023-02-27,2023-03-01,NOT_NEXT_SESSION(missed=1)
NKIND.NS,2023-03-17,2023-03-21,NOT_NEXT_SESSION(missed=1)
NKIND.NS,2023-06-21,2023-06-23,NOT_NEXT_SESSION(missed=1)
NKIND.NS,2023-07-05,2023-07-07,NOT_NEXT_SESSION(missed=1)
NKIND.NS,2023-07-07,2023-07-11,NOT_NEXT_SESSION(missed=1)
NKIND.NS,2023-08-14,2023-08-17,NOT_NEXT_SESSION(missed=1)
NKIND.NS,2023-09-12,2023-09-14,NOT_NEXT_SESSION(missed=1)
NKIND.NS,2023-10-27,2023-10-31,NOT_NEXT_SESSION(missed=1)
NKIND.NS,2023-11-10,2023-11-13,NOT_NEXT_SESSION(missed=1)
NKIND.NS,2023-11-21,2023-11-23,NOT_NEXT_SESSION(missed=1)
NKIND.NS,2023-11-28,2023-11-30,NOT_NEXT_SESSION(missed=1)
NKIND.NS,2024-02-15,2024-02-20,NOT_NEXT_SESSION(missed=2)
NKIND.NS,2024-03-28,2024-04-02,NOT_NEXT_SESSION(missed=1)
NKIND.NS,2024-10-31,2024-11-04,NOT_NEXT_SESSION(missed=1)
NKIND.NS,2025-03-06,2025-03-11,NOT_NEXT_SESSION(missed=2)
NKIND.NS,2025-03-21,2025-03-25,NOT_NEXT_SESSION(missed=1)
NKIND.NS,2025-04-01,2025-04-03,NOT_NEXT_SESSION(missed=1)
NKIND.NS,2025-04-03,2025-04-07,NOT_NEXT_SESSION(missed=1)
NKIND.NS,2025-05-22,2025-05-26,NOT_NEXT_SESSION(missed=1)
NKIND.NS,2025-07-22,2025-07-24,NOT_NEXT_SESSION(missed=1)
NKIND.NS,2025-11-21,2025-11-25,NOT_NEXT_SESSION(missed=1)
NKIND.NS,2026-02-17,2026-02-19,NOT_NEXT_SESSION(missed=1)
NKIND.NS,2026-03-30,2026-04-02,NOT_NEXT_SESSION(missed=1)
NKIND.NS,2026-07-07,2026-07-09,NOT_NEXT_SESSION(missed=1)
NKIND.NS,2026-08-13,2026-08-17,NOT_NEXT_SESSION(missed=1)
NMDC.NS,2022-10-25,2022-10-27,EXTREME_RETURN
NORBTEAEXP.NS,2021-04-12,2021-04-15,NOT_NEXT_SESSION(missed=1)
NORBTEAEXP.NS,2021-04-15,2021-04-19,NOT_NEXT_SESSION(missed=1)
NORBTEAEXP.NS,2021-05-03,2021-05-05,NOT_NEXT_SESSION(missed=1)
NORBTEAEXP.NS,2021-05-05,2021-05-07,NOT_NEXT_SESSION(missed=1)
NORBTEAEXP.NS,2021-11-03,2021-11-08,NOT_NEXT_SESSION(missed=1)
NORBTEAEXP.NS,2022-02-16,2022-02-18,NOT_NEXT_SESSION(missed=1)
NORBTEAEXP.NS,2022-02-18,2022-02-22,NOT_NEXT_SESSION(missed=1)
NORBTEAEXP.NS,2022-02-23,2022-02-25,NOT_NEXT_SESSION(missed=1)
NORBTEAEXP.NS,2022-03-03,2022-03-07,NOT_NEXT_SESSION(missed=1)
NORBTEAEXP.NS,2022-03-10,2022-03-14,NOT_NEXT_SESSION(missed=1)
NORBTEAEXP.NS,2022-03-14,2022-03-16,NOT_NEXT_SESSION(missed=1)
NORBTEAEXP.NS,2022-03-24,2022-03-28,NOT_NEXT_SESSION(missed=1)
NORBTEAEXP.NS,2022-04-13,2022-04-19,NOT_NEXT_SESSION(missed=1)
NORBTEAEXP.NS,2022-05-18,2022-05-20,NOT_NEXT_SESSION(missed=1)
NORBTEAEXP.NS,2022-05-30,2022-06-01,NOT_NEXT_SESSION(missed=1)
NORBTEAEXP.NS,2022-06-01,2022-06-07,NOT_NEXT_SESSION(missed=3)
NORBTEAEXP.NS,2022-06-08,2022-06-10,NOT_NEXT_SESSION(missed=1)
NORBTEAEXP.NS,2022-06-13,2022-06-16,NOT_NEXT_SESSION(missed=2)
NORBTEAEXP.NS,2022-06-23,2022-06-28,NOT_NEXT_SESSION(missed=2)
NORBTEAEXP.NS,2022-06-28,2022-07-01,NOT_NEXT_SESSION(missed=2)
NORBTEAEXP.NS,2022-07-01,2022-07-06,NOT_NEXT_SESSION(missed=2)
NORBTEAEXP.NS,2022-07-07,2022-07-12,NOT_NEXT_SESSION(missed=2)
NORBTEAEXP.NS,2022-07-12,2022-07-15,NOT_NEXT_SESSION(missed=2)
NORBTEAEXP.NS,2022-07-15,2022-07-19,NOT_NEXT_SESSION(missed=1)
NORBTEAEXP.NS,2022-07-21,2022-07-25,NOT_NEXT_SESSION(missed=1)
NORBTEAEXP.NS,2022-07-25,2022-07-27,NOT_NEXT_SESSION(missed=1)
NORBTEAEXP.NS,2022-08-01,2022-08-04,NOT_NEXT_SESSION(missed=2)
NORBTEAEXP.NS,2022-09-19,2022-09-21,NOT_NEXT_SESSION(missed=1)
NORBTEAEXP.NS,2022-09-27,2022-09-30,NOT_NEXT_SESSION(missed=2)
NORBTEAEXP.NS,2022-10-21,2022-10-25,NOT_NEXT_SESSION(missed=1)
NORBTEAEXP.NS,2022-10-27,2022-10-31,NOT_NEXT_SESSION(missed=1)
NORBTEAEXP.NS,2022-11-07,2022-11-10,NOT_NEXT_SESSION(missed=1)
NORBTEAEXP.NS,2022-11-11,2022-11-15,NOT_NEXT_SESSION(missed=1)
NORBTEAEXP.NS,2022-12-12,2022-12-14,NOT_NEXT_SESSION(missed=1)
NORBTEAEXP.NS,2023-02-08,2023-02-10,NOT_NEXT_SESSION(missed=1)
NORBTEAEXP.NS,2023-02-13,2023-02-15,NOT_NEXT_SESSION(missed=1)
NORBTEAEXP.NS,2023-02-24,2023-02-28,NOT_NEXT_SESSION(missed=1)
NORBTEAEXP.NS,2023-04-20,2023-04-24,NOT_NEXT_SESSION(missed=1)
NORBTEAEXP.NS,2023-04-27,2023-05-02,NOT_NEXT_SESSION(missed=1)
NORBTEAEXP.NS,2023-06-15,2023-06-19,NOT_NEXT_SESSION(missed=1)
NORBTEAEXP.NS,2023-06-20,2023-06-23,NOT_NEXT_SESSION(missed=2)
NORBTEAEXP.NS,2023-06-28,2023-07-03,NOT_NEXT_SESSION(missed=1)
NORBTEAEXP.NS,2023-07-03,2023-07-05,NOT_NEXT_SESSION(missed=1)
NORBTEAEXP.NS,2023-11-10,2023-11-13,NOT_NEXT_SESSION(missed=1)
NORBTEAEXP.NS,2025-01-13,2025-01-15,NOT_NEXT_SESSION(missed=1)
NORBTEAEXP.NS,2026-07-23,2026-07-27,NOT_NEXT_SESSION(missed=1)
NPST.NS,2023-02-08,2023-02-10,NOT_NEXT_SESSION(missed=1)
NPST.NS,2023-02-10,2023-02-14,NOT_NEXT_SESSION(missed=1)
NPST.NS,2023-04-12,2023-04-17,NOT_NEXT_SESSION(missed=1)
NPST.NS,2023-05-08,2023-05-10,NOT_NEXT_SESSION(missed=1)
NPST.NS,2023-05-22,2023-05-24,NOT_NEXT_SESSION(missed=1)
NPST.NS,2023-06-30,2023-07-04,NOT_NEXT_SESSION(missed=1)
NPST.NS,2023-07-07,2023-07-12,NOT_NEXT_SESSION(missed=2)
NPST.NS,2023-08-21,2023-08-23,NOT_NEXT_SESSION(missed=1)
NPST.NS,2023-08-29,2023-08-31,NOT_NEXT_SESSION(missed=1)
NSIL.NS,2018-12-21,2018-12-26,NOT_NEXT_SESSION(missed=1)
NSIL.NS,2019-06-21,2019-06-25,NOT_NEXT_SESSION(missed=1)
NSIL.NS,2024-10-24,2024-10-28,NOT_NEXT_SESSION(missed=1)
OPTIEMUS.NS,2018-10-15,2018-10-17,NOT_NEXT_SESSION(missed=1)
OSWALSEEDS.NS,2020-07-21,2020-07-23,NOT_NEXT_SESSION(missed=1)
OSWALSEEDS.NS,2020-08-11,2020-08-18,NOT_NEXT_SESSION(missed=4)
OSWALSEEDS.NS,2020-08-19,2020-08-26,NOT_NEXT_SESSION(missed=4)
OSWALSEEDS.NS,2020-08-26,2020-08-28,NOT_NEXT_SESSION(missed=1)
OSWALSEEDS.NS,2020-09-01,2020-09-04,NOT_NEXT_SESSION(missed=2)
OSWALSEEDS.NS,2020-09-24,2020-10-01,NOT_NEXT_SESSION(missed=4)
OSWALSEEDS.NS,2020-10-06,2020-10-15,NOT_NEXT_SESSION(missed=6)
OSWALSEEDS.NS,2020-10-16,2020-10-20,NOT_NEXT_SESSION(missed=1)
OSWALSEEDS.NS,2020-10-20,2020-10-22,NOT_NEXT_SESSION(missed=1)
OSWALSEEDS.NS,2020-10-23,2020-10-29,NOT_NEXT_SESSION(missed=3)
OSWALSEEDS.NS,2020-10-29,2020-11-02,NOT_NEXT_SESSION(missed=1)
OSWALSEEDS.NS,2020-11-02,2020-11-17,NOT_NEXT_SESSION(missed=10)
OSWALSEEDS.NS,2020-11-17,2020-11-23,NOT_NEXT_SESSION(missed=3)
OSWALSEEDS.NS,2020-11-23,2020-12-09,NOT_NEXT_SESSION(missed=10)
OSWALSEEDS.NS,2020-12-09,2020-12-11,NOT_NEXT_SESSION(missed=1)
OSWALSEEDS.NS,2020-12-14,2020-12-31,NOT_NEXT_SESSION(missed=11)
OSWALSEEDS.NS,2020-12-31,2021-01-07,NOT_NEXT_SESSION(missed=4)
OSWALSEEDS.NS,2021-01-08,2021-01-14,NOT_NEXT_SESSION(missed=3)
OSWALSEEDS.NS,2021-01-15,2021-01-19,NOT_NEXT_SESSION(missed=1)
OSWALSEEDS.NS,2021-01-20,2021-02-01,NOT_NEXT_SESSION(missed=6)
OSWALSEEDS.NS,2021-02-23,2021-03-09,NOT_NEXT_SESSION(missed=9)
OSWALSEEDS.NS,2021-03-10,2021-03-15,NOT_NEXT_SESSION(missed=1)
OSWALSEEDS.NS,2021-03-15,2021-03-19,NOT_NEXT_SESSION(missed=3)
OSWALSEEDS.NS,2021-03-19,2021-03-25,NOT_NEXT_SESSION(missed=3)
OSWALSEEDS.NS,2021-03-25,2021-03-30,NOT_NEXT_SESSION(missed=1)
OSWALSEEDS.NS,2021-04-23,2021-04-27,NOT_NEXT_SESSION(missed=1)
OSWALSEEDS.NS,2021-04-27,2021-05-05,NOT_NEXT_SESSION(missed=5)
OSWALSEEDS.NS,2021-05-05,2021-05-12,NOT_NEXT_SESSION(missed=4)
OSWALSEEDS.NS,2021-05-19,2021-05-21,NOT_NEXT_SESSION(missed=1)
OSWALSEEDS.NS,2021-05-28,2021-06-01,NOT_NEXT_SESSION(missed=1)
OSWALSEEDS.NS,2021-06-01,2021-06-03,NOT_NEXT_SESSION(missed=1)
OSWALSEEDS.NS,2021-06-09,2021-06-11,NOT_NEXT_SESSION(missed=1)
OSWALSEEDS.NS,2021-06-11,2021-06-17,NOT_NEXT_SESSION(missed=3)
OSWALSEEDS.NS,2021-06-24,2021-06-28,NOT_NEXT_SESSION(missed=1)
OSWALSEEDS.NS,2021-06-28,2021-06-30,NOT_NEXT_SESSION(missed=1)
OSWALSEEDS.NS,2021-07-02,2021-07-06,NOT_NEXT_SESSION(missed=1)
OSWALSEEDS.NS,2021-07-07,2021-07-12,NOT_NEXT_SESSION(missed=2)
OSWALSEEDS.NS,2021-07-14,2021-07-23,NOT_NEXT_SESSION(missed=5)
OSWALSEEDS.NS,2021-07-23,2021-07-27,NOT_NEXT_SESSION(missed=1)
OSWALSEEDS.NS,2021-07-27,2021-07-30,NOT_NEXT_SESSION(missed=2)
OSWALSEEDS.NS,2021-07-30,2021-08-03,NOT_NEXT_SESSION(missed=1)
OSWALSEEDS.NS,2021-08-04,2021-08-06,NOT_NEXT_SESSION(missed=1)
OSWALSEEDS.NS,2021-08-06,2021-08-13,NOT_NEXT_SESSION(missed=4)
OSWALSEEDS.NS,2021-08-16,2021-08-20,NOT_NEXT_SESSION(missed=2)
OSWALSEEDS.NS,2021-08-20,2021-08-24,NOT_NEXT_SESSION(missed=1)
OSWALSEEDS.NS,2021-08-24,2021-08-26,NOT_NEXT_SESSION(missed=1)
OSWALSEEDS.NS,2021-08-26,2021-08-30,NOT_NEXT_SESSION(missed=1)
OSWALSEEDS.NS,2021-08-31,2021-09-03,NOT_NEXT_SESSION(missed=2)
OSWALSEEDS.NS,2021-09-03,2021-09-08,NOT_NEXT_SESSION(missed=2)
OSWALSEEDS.NS,2021-09-08,2021-09-14,NOT_NEXT_SESSION(missed=2)
OSWALSEEDS.NS,2021-09-15,2021-09-21,NOT_NEXT_SESSION(missed=3)
OSWALSEEDS.NS,2021-09-22,2021-09-24,NOT_NEXT_SESSION(missed=1)
OSWALSEEDS.NS,2021-09-24,2021-09-30,NOT_NEXT_SESSION(missed=3)
OSWALSEEDS.NS,2021-09-30,2021-10-05,NOT_NEXT_SESSION(missed=2)
OSWALSEEDS.NS,2021-10-06,2021-10-13,NOT_NEXT_SESSION(missed=4)
OSWALSEEDS.NS,2021-10-13,2021-10-18,NOT_NEXT_SESSION(missed=1)
OSWALSEEDS.NS,2021-10-19,2021-10-25,NOT_NEXT_SESSION(missed=3)
OSWALSEEDS.NS,2021-10-27,2021-10-29,NOT_NEXT_SESSION(missed=1)
OSWALSEEDS.NS,2021-11-11,2021-11-15,NOT_NEXT_SESSION(missed=1)
OSWALSEEDS.NS,2021-11-15,2021-11-17,NOT_NEXT_SESSION(missed=1)
OSWALSEEDS.NS,2021-11-17,2021-11-22,NOT_NEXT_SESSION(missed=1)
OSWALSEEDS.NS,2021-11-23,2021-11-25,NOT_NEXT_SESSION(missed=1)
OSWALSEEDS.NS,2021-11-30,2021-12-02,NOT_NEXT_SESSION(missed=1)
OSWALSEEDS.NS,2021-12-02,2021-12-06,NOT_NEXT_SESSION(missed=1)
OSWALSEEDS.NS,2021-12-08,2021-12-10,NOT_NEXT_SESSION(missed=1)
OSWALSEEDS.NS,2021-12-10,2021-12-23,NOT_NEXT_SESSION(missed=8)
OSWALSEEDS.NS,2021-12-27,2021-12-29,NOT_NEXT_SESSION(missed=1)
OSWALSEEDS.NS,2021-12-30,2022-01-04,NOT_NEXT_SESSION(missed=2)
OSWALSEEDS.NS,2022-01-04,2022-01-12,NOT_NEXT_SESSION(missed=5)
OSWALSEEDS.NS,2022-02-08,2022-02-10,NOT_NEXT_SESSION(missed=1)
OSWALSEEDS.NS,2022-02-18,2022-02-25,NOT_NEXT_SESSION(missed=4)
OSWALSEEDS.NS,2022-03-02,2022-03-07,NOT_NEXT_SESSION(missed=2)
OSWALSEEDS.NS,2022-03-09,2022-03-14,NOT_NEXT_SESSION(missed=2)
OSWALSEEDS.NS,2022-03-16,2022-03-21,NOT_NEXT_SESSION(missed=1)
OSWALSEEDS.NS,2022-03-23,2022-03-28,NOT_NEXT_SESSION(missed=2)
OSWALSEEDS.NS,2022-03-28,2022-04-04,NOT_NEXT_SESSION(missed=4)
OSWALSEEDS.NS,2022-04-05,2022-04-07,NOT_NEXT_SESSION(missed=1)
OSWALSEEDS.NS,2022-04-07,2022-04-11,NOT_NEXT_SESSION(missed=1)
OSWALSEEDS.NS,2022-04-12,2022-04-18,NOT_NEXT_SESSION(missed=1)
OSWALSEEDS.NS,2022-04-21,2022-04-25,NOT_NEXT_SESSION(missed=1)
OSWALSEEDS.NS,2022-04-28,2022-05-02,NOT_NEXT_SESSION(missed=1)
OSWALSEEDS.NS,2022-05-04,2022-05-09,NOT_NEXT_SESSION(missed=2)
OSWALSEEDS.NS,2022-05-13,2022-05-18,NOT_NEXT_SESSION(missed=2)
OSWALSEEDS.NS,2022-05-20,2022-05-24,NOT_NEXT_SESSION(missed=1)
OSWALSEEDS.NS,2022-05-27,2022-05-31,NOT_NEXT_SESSION(missed=1)
OSWALSEEDS.NS,2022-06-01,2022-06-07,NOT_NEXT_SESSION(missed=3)
OSWALSEEDS.NS,2022-06-07,2022-06-10,NOT_NEXT_SESSION(missed=2)
OSWALSEEDS.NS,2022-06-10,2022-06-14,NOT_NEXT_SESSION(missed=1)
OSWALSEEDS.NS,2022-06-28,2022-06-30,NOT_NEXT_SESSION(missed=1)
OSWALSEEDS.NS,2022-06-30,2022-07-04,NOT_NEXT_SESSION(missed=1)
OSWALSEEDS.NS,2022-07-04,2022-07-07,NOT_NEXT_SESSION(missed=2)
OSWALSEEDS.NS,2022-07-07,2022-07-18,NOT_NEXT_SESSION(missed=6)
OSWALSEEDS.NS,2022-07-18,2022-07-25,NOT_NEXT_SESSION(missed=4)
OSWALSEEDS.NS,2022-07-25,2022-07-27,NOT_NEXT_SESSION(missed=1)
OSWALSEEDS.NS,2022-08-11,2022-08-16,NOT_NEXT_SESSION(missed=1)
OSWALSEEDS.NS,2022-08-24,2022-08-26,NOT_NEXT_SESSION(missed=1)
PALASHSECU.NS,2018-10-15,2018-10-22,NOT_NEXT_SESSION(missed=3)
PALASHSECU.NS,2018-11-06,2018-11-07,UNRESOLVED_SESSION
PALASHSECU.NS,2018-11-07,2018-11-09,UNRESOLVED_SESSION
PALASHSECU.NS,2018-11-14,2018-11-16,NOT_NEXT_SESSION(missed=1)
PALASHSECU.NS,2018-11-30,2019-01-09,NOT_NEXT_SESSION(missed=26)
PALASHSECU.NS,2019-01-10,2019-01-14,NOT_NEXT_SESSION(missed=1)
PALASHSECU.NS,2019-01-23,2019-01-25,NOT_NEXT_SESSION(missed=1)
PALASHSECU.NS,2019-02-04,2019-02-06,NOT_NEXT_SESSION(missed=1)
PALASHSECU.NS,2019-05-03,2019-05-07,NOT_NEXT_SESSION(missed=1)
PALASHSECU.NS,2019-08-14,2019-08-19,NOT_NEXT_SESSION(missed=1)
PALASHSECU.NS,2019-09-13,2019-09-17,NOT_NEXT_SESSION(missed=1)
PALASHSECU.NS,2020-01-30,2020-02-01,NOT_NEXT_SESSION(missed=1)
PALASHSECU.NS,2020-02-10,2020-02-12,NOT_NEXT_SESSION(missed=1)
PALASHSECU.NS,2020-02-20,2020-02-27,NOT_NEXT_SESSION(missed=3)
PALASHSECU.NS,2020-03-02,2020-03-04,NOT_NEXT_SESSION(missed=1)
PALASHSECU.NS,2020-03-20,2020-03-24,NOT_NEXT_SESSION(missed=1)
PALASHSECU.NS,2020-10-26,2020-10-28,NOT_NEXT_SESSION(missed=1)
PALASHSECU.NS,2021-01-05,2021-01-07,NOT_NEXT_SESSION(missed=1)
PALASHSECU.NS,2021-03-30,2021-04-01,NOT_NEXT_SESSION(missed=1)
PALASHSECU.NS,2023-01-31,2023-02-02,NOT_NEXT_SESSION(missed=1)
PALREDTEC.NS,2025-05-08,2025-05-12,NOT_NEXT_SESSION(missed=1)
PANSARI.NS,2023-04-03,2023-04-06,NOT_NEXT_SESSION(missed=1)
PANSARI.NS,2023-06-13,2023-06-15,NOT_NEXT_SESSION(missed=1)
PANSARI.NS,2024-10-17,2024-10-21,NOT_NEXT_SESSION(missed=1)
PANSARI.NS,2025-03-24,2025-03-26,NOT_NEXT_SESSION(missed=1)
PANSARI.NS,2025-05-07,2025-05-09,NOT_NEXT_SESSION(missed=1)
PANSARI.NS,2025-08-05,2025-08-08,NOT_NEXT_SESSION(missed=2)
PANSARI.NS,2026-03-05,2026-03-09,NOT_NEXT_SESSION(missed=1)
PANSARI.NS,2026-03-11,2026-03-13,NOT_NEXT_SESSION(missed=1)
PANSARI.NS,2026-04-17,2026-04-21,NOT_NEXT_SESSION(missed=1)
PAR.NS,2021-01-29,2021-02-02,NOT_NEXT_SESSION(missed=1)
PAR.NS,2021-02-03,2021-02-05,NOT_NEXT_SESSION(missed=1)
PAR.NS,2021-02-05,2021-02-09,NOT_NEXT_SESSION(missed=1)
PAR.NS,2021-02-18,2021-02-22,NOT_NEXT_SESSION(missed=1)
PAR.NS,2021-02-26,2021-03-02,NOT_NEXT_SESSION(missed=1)
PAR.NS,2021-03-03,2021-03-05,NOT_NEXT_SESSION(missed=1)
PAR.NS,2021-03-15,2021-03-17,NOT_NEXT_SESSION(missed=1)
PAR.NS,2021-03-17,2021-03-23,NOT_NEXT_SESSION(missed=3)
PAR.NS,2021-03-26,2021-04-01,NOT_NEXT_SESSION(missed=2)
PAR.NS,2021-04-09,2021-04-13,NOT_NEXT_SESSION(missed=1)
PAR.NS,2021-04-15,2021-04-19,NOT_NEXT_SESSION(missed=1)
PAR.NS,2021-05-06,2021-05-10,NOT_NEXT_SESSION(missed=1)
PAR.NS,2021-05-10,2021-05-12,NOT_NEXT_SESSION(missed=1)
PAR.NS,2021-05-17,2021-05-20,NOT_NEXT_SESSION(missed=2)
PAR.NS,2021-05-21,2021-05-27,NOT_NEXT_SESSION(missed=3)
PAR.NS,2021-06-07,2021-06-09,NOT_NEXT_SESSION(missed=1)
PAR.NS,2021-08-04,2021-08-06,NOT_NEXT_SESSION(missed=1)
PAR.NS,2021-08-06,2021-08-10,NOT_NEXT_SESSION(missed=1)
PAR.NS,2021-08-11,2021-08-13,NOT_NEXT_SESSION(missed=1)
PAR.NS,2021-08-25,2021-08-27,NOT_NEXT_SESSION(missed=1)
PASHUPATI.NS,2021-04-12,2021-04-16,NOT_NEXT_SESSION(missed=2)
PASHUPATI.NS,2021-04-23,2021-04-29,NOT_NEXT_SESSION(missed=3)
PASHUPATI.NS,2021-04-29,2021-05-04,NOT_NEXT_SESSION(missed=2)
PASHUPATI.NS,2021-05-04,2021-05-06,NOT_NEXT_SESSION(missed=1)
PASHUPATI.NS,2021-05-06,2021-05-10,NOT_NEXT_SESSION(missed=1)
PASHUPATI.NS,2021-05-10,2021-05-14,NOT_NEXT_SESSION(missed=2)
PASHUPATI.NS,2021-05-14,2021-06-04,NOT_NEXT_SESSION(missed=14)
PASHUPATI.NS,2021-06-04,2021-06-11,NOT_NEXT_SESSION(missed=4)
PASHUPATI.NS,2021-06-11,2021-06-15,NOT_NEXT_SESSION(missed=1)
PASHUPATI.NS,2021-06-15,2021-06-22,NOT_NEXT_SESSION(missed=4)
PASHUPATI.NS,2021-06-22,2021-06-29,NOT_NEXT_SESSION(missed=4)
PASHUPATI.NS,2021-06-29,2021-07-23,NOT_NEXT_SESSION(missed=16)
PASHUPATI.NS,2021-07-27,2021-07-29,NOT_NEXT_SESSION(missed=1)
PASHUPATI.NS,2021-08-05,2021-08-09,NOT_NEXT_SESSION(missed=1)
PASHUPATI.NS,2021-08-11,2021-08-26,NOT_NEXT_SESSION(missed=9)
PASHUPATI.NS,2021-08-26,2021-09-02,NOT_NEXT_SESSION(missed=4)
PASHUPATI.NS,2021-09-06,2021-09-08,NOT_NEXT_SESSION(missed=1)
PASHUPATI.NS,2021-09-09,2021-09-15,NOT_NEXT_SESSION(missed=2)
PASHUPATI.NS,2021-09-15,2021-09-29,NOT_NEXT_SESSION(missed=9)
PASHUPATI.NS,2021-10-01,2021-10-07,NOT_NEXT_SESSION(missed=3)
PASHUPATI.NS,2021-10-07,2021-10-19,NOT_NEXT_SESSION(missed=6)
PASHUPATI.NS,2021-10-20,2021-10-26,NOT_NEXT_SESSION(missed=3)
PASHUPATI.NS,2021-11-03,2021-11-08,NOT_NEXT_SESSION(missed=1)
PASHUPATI.NS,2021-11-08,2021-11-10,NOT_NEXT_SESSION(missed=1)
PASHUPATI.NS,2021-11-18,2021-11-23,NOT_NEXT_SESSION(missed=1)
PASHUPATI.NS,2021-11-24,2021-11-26,NOT_NEXT_SESSION(missed=1)
PASHUPATI.NS,2021-11-30,2021-12-02,NOT_NEXT_SESSION(missed=1)
PASHUPATI.NS,2021-12-03,2021-12-07,NOT_NEXT_SESSION(missed=1)
PASHUPATI.NS,2021-12-31,2022-01-04,NOT_NEXT_SESSION(missed=1)
PASHUPATI.NS,2022-01-06,2022-01-10,NOT_NEXT_SESSION(missed=1)
PASHUPATI.NS,2022-01-28,2022-02-03,NOT_NEXT_SESSION(missed=3)
PASHUPATI.NS,2022-02-04,2022-02-08,NOT_NEXT_SESSION(missed=1)
PASHUPATI.NS,2022-02-11,2022-02-15,NOT_NEXT_SESSION(missed=1)
PASHUPATI.NS,2022-02-16,2022-02-18,NOT_NEXT_SESSION(missed=1)
PASHUPATI.NS,2022-02-25,2022-03-04,NOT_NEXT_SESSION(missed=3)
PASHUPATI.NS,2022-03-15,2022-03-17,NOT_NEXT_SESSION(missed=1)
PASHUPATI.NS,2022-03-17,2022-03-22,NOT_NEXT_SESSION(missed=1)
PASHUPATI.NS,2022-03-25,2022-03-29,NOT_NEXT_SESSION(missed=1)
PASHUPATI.NS,2022-03-29,2022-03-31,NOT_NEXT_SESSION(missed=1)
PASHUPATI.NS,2022-04-01,2022-04-05,NOT_NEXT_SESSION(missed=1)
PASHUPATI.NS,2022-04-08,2022-04-12,NOT_NEXT_SESSION(missed=1)
PASHUPATI.NS,2022-04-12,2022-04-19,NOT_NEXT_SESSION(missed=2)
PASHUPATI.NS,2022-04-22,2022-04-26,NOT_NEXT_SESSION(missed=1)
PASHUPATI.NS,2022-04-26,2022-05-05,NOT_NEXT_SESSION(missed=5)
PASHUPATI.NS,2022-05-05,2022-05-10,NOT_NEXT_SESSION(missed=2)
PASHUPATI.NS,2022-05-11,2022-05-16,NOT_NEXT_SESSION(missed=2)
PASHUPATI.NS,2022-05-17,2022-05-31,NOT_NEXT_SESSION(missed=9)
PASHUPATI.NS,2022-06-16,2022-06-21,NOT_NEXT_SESSION(missed=2)
PASHUPATI.NS,2022-06-21,2022-06-24,NOT_NEXT_SESSION(missed=2)
PASHUPATI.NS,2022-06-24,2022-06-28,NOT_NEXT_SESSION(missed=1)
PASHUPATI.NS,2022-06-29,2022-07-04,NOT_NEXT_SESSION(missed=2)
PASHUPATI.NS,2022-07-04,2022-07-08,NOT_NEXT_SESSION(missed=3)
PASHUPATI.NS,2022-07-08,2022-07-14,NOT_NEXT_SESSION(missed=3)
PASHUPATI.NS,2022-07-14,2022-07-20,NOT_NEXT_SESSION(missed=3)
PASHUPATI.NS,2022-07-20,2022-07-25,NOT_NEXT_SESSION(missed=2)
PASHUPATI.NS,2022-07-25,2022-07-27,NOT_NEXT_SESSION(missed=1)
PASHUPATI.NS,2022-07-27,2022-08-01,NOT_NEXT_SESSION(missed=2)
PASHUPATI.NS,2022-08-11,2022-08-16,NOT_NEXT_SESSION(missed=1)
PASHUPATI.NS,2022-08-19,2022-08-23,NOT_NEXT_SESSION(missed=1)
PASHUPATI.NS,2022-08-26,2022-09-02,NOT_NEXT_SESSION(missed=3)
PASHUPATI.NS,2022-09-02,2022-09-08,NOT_NEXT_SESSION(missed=3)
PASHUPATI.NS,2022-09-08,2022-09-12,NOT_NEXT_SESSION(missed=1)
PASHUPATI.NS,2022-09-12,2022-09-14,NOT_NEXT_SESSION(missed=1)
PASHUPATI.NS,2022-09-14,2022-09-19,NOT_NEXT_SESSION(missed=2)
PASHUPATI.NS,2022-09-19,2022-09-22,NOT_NEXT_SESSION(missed=2)
PASHUPATI.NS,2022-09-22,2022-09-26,NOT_NEXT_SESSION(missed=1)
PASHUPATI.NS,2022-09-26,2022-09-28,NOT_NEXT_SESSION(missed=1)
PASHUPATI.NS,2022-09-28,2022-10-04,NOT_NEXT_SESSION(missed=3)
PASHUPATI.NS,2022-10-04,2022-10-12,NOT_NEXT_SESSION(missed=4)
PASHUPATI.NS,2022-10-12,2022-10-14,NOT_NEXT_SESSION(missed=1)
PASHUPATI.NS,2022-10-18,2022-10-21,NOT_NEXT_SESSION(missed=2)
PASHUPATI.NS,2022-10-21,2022-10-25,NOT_NEXT_SESSION(missed=1)
PASHUPATI.NS,2022-10-28,2022-11-02,NOT_NEXT_SESSION(missed=2)
PASHUPATI.NS,2022-11-02,2022-11-07,NOT_NEXT_SESSION(missed=2)
PASHUPATI.NS,2022-11-07,2022-11-10,NOT_NEXT_SESSION(missed=1)
PASHUPATI.NS,2022-11-10,2022-11-15,NOT_NEXT_SESSION(missed=2)
PASHUPATI.NS,2022-11-16,2022-11-18,NOT_NEXT_SESSION(missed=1)
PASHUPATI.NS,2022-11-22,2022-11-25,NOT_NEXT_SESSION(missed=2)
PASHUPATI.NS,2022-11-28,2022-12-02,NOT_NEXT_SESSION(missed=3)
PASHUPATI.NS,2022-12-02,2022-12-06,NOT_NEXT_SESSION(missed=1)
PASHUPATI.NS,2022-12-09,2022-12-14,NOT_NEXT_SESSION(missed=2)
PASHUPATI.NS,2022-12-14,2023-01-09,NOT_NEXT_SESSION(missed=17)
PASHUPATI.NS,2023-01-09,2023-01-16,NOT_NEXT_SESSION(missed=4)
PASHUPATI.NS,2023-01-17,2023-01-23,NOT_NEXT_SESSION(missed=3)
PASHUPATI.NS,2023-01-23,2023-01-31,NOT_NEXT_SESSION(missed=4)
PASHUPATI.NS,2023-02-01,2023-02-08,NOT_NEXT_SESSION(missed=4)
PASHUPATI.NS,2023-02-08,2023-02-15,NOT_NEXT_SESSION(missed=4)
PASHUPATI.NS,2023-02-17,2023-02-24,NOT_NEXT_SESSION(missed=4)
PASHUPATI.NS,2023-02-24,2023-03-01,NOT_NEXT_SESSION(missed=2)
PASHUPATI.NS,2023-03-02,2023-03-13,NOT_NEXT_SESSION(missed=5)
PASHUPATI.NS,2023-03-13,2023-03-20,NOT_NEXT_SESSION(missed=4)
PASHUPATI.NS,2023-03-20,2023-03-22,NOT_NEXT_SESSION(missed=1)
PASHUPATI.NS,2023-03-22,2023-03-24,NOT_NEXT_SESSION(missed=1)
PASHUPATI.NS,2023-03-24,2023-04-06,NOT_NEXT_SESSION(missed=6)
PASHUPATI.NS,2023-04-06,2023-04-24,NOT_NEXT_SESSION(missed=9)
PASHUPATI.NS,2023-04-24,2023-04-27,NOT_NEXT_SESSION(missed=2)
PASHUPATI.NS,2023-04-27,2023-05-02,NOT_NEXT_SESSION(missed=1)
PASHUPATI.NS,2023-05-02,2023-05-05,NOT_NEXT_SESSION(missed=2)
PASHUPATI.NS,2023-05-05,2023-05-09,NOT_NEXT_SESSION(missed=1)
PASHUPATI.NS,2023-05-09,2023-05-11,NOT_NEXT_SESSION(missed=1)
PASHUPATI.NS,2023-05-11,2023-05-17,NOT_NEXT_SESSION(missed=3)
PASHUPATI.NS,2023-05-17,2023-05-24,NOT_NEXT_SESSION(missed=4)
PASHUPATI.NS,2023-05-24,2023-05-30,NOT_NEXT_SESSION(missed=3)
PASHUPATI.NS,2023-05-31,2023-06-05,NOT_NEXT_SESSION(missed=2)
PASHUPATI.NS,2023-06-05,2023-06-07,NOT_NEXT_SESSION(missed=1)
PASHUPATI.NS,2023-06-08,2023-08-08,NOT_NEXT_SESSION(missed=41)
PASHUPATI.NS,2023-08-09,2023-08-22,NOT_NEXT_SESSION(missed=7)
PASHUPATI.NS,2023-08-22,2023-11-07,NOT_NEXT_SESSION(missed=51)
PASHUPATI.NS,2023-11-07,2023-12-19,NOT_NEXT_SESSION(missed=28)
PASHUPATI.NS,2023-12-19,2024-01-23,NOT_NEXT_SESSION(missed=23)
PASHUPATI.NS,2024-01-23,2024-02-07,NOT_NEXT_SESSION(missed=9)
PASHUPATI.NS,2024-02-07,2024-02-09,NOT_NEXT_SESSION(missed=1)
PASHUPATI.NS,2024-02-12,2024-02-14,NOT_NEXT_SESSION(missed=1)
PASHUPATI.NS,2024-02-15,2024-02-20,NOT_NEXT_SESSION(missed=2)
PASHUPATI.NS,2024-02-23,2024-03-04,NOT_NEXT_SESSION(missed=6)
PASHUPATI.NS,2024-03-04,2024-03-07,NOT_NEXT_SESSION(missed=2)
PASHUPATI.NS,2024-03-07,2024-03-21,NOT_NEXT_SESSION(missed=8)
PASHUPATI.NS,2024-03-21,2024-04-01,NOT_NEXT_SESSION(missed=4)
PASHUPATI.NS,2024-04-03,2024-04-09,NOT_NEXT_SESSION(missed=3)
PASHUPATI.NS,2024-07-08,2024-07-10,NOT_NEXT_SESSION(missed=1)
PASHUPATI.NS,2024-07-23,2024-07-25,NOT_NEXT_SESSION(missed=1)
PASHUPATI.NS,2024-07-25,2024-07-29,NOT_NEXT_SESSION(missed=1)
PASHUPATI.NS,2024-08-14,2024-08-22,NOT_NEXT_SESSION(missed=4)
PASHUPATI.NS,2024-08-27,2024-09-02,NOT_NEXT_SESSION(missed=3)
PASHUPATI.NS,2024-09-03,2024-09-05,NOT_NEXT_SESSION(missed=1)
PASHUPATI.NS,2024-09-11,2024-09-16,NOT_NEXT_SESSION(missed=2)
PASHUPATI.NS,2024-09-18,2024-09-23,NOT_NEXT_SESSION(missed=2)
PASHUPATI.NS,2024-09-26,2024-10-03,NOT_NEXT_SESSION(missed=3)
PASHUPATI.NS,2024-10-04,2024-10-08,NOT_NEXT_SESSION(missed=1)
PASHUPATI.NS,2024-10-15,2024-10-18,NOT_NEXT_SESSION(missed=2)
PASHUPATI.NS,2024-10-18,2024-10-22,NOT_NEXT_SESSION(missed=1)
PASHUPATI.NS,2024-10-22,2024-10-24,NOT_NEXT_SESSION(missed=1)
PASHUPATI.NS,2024-10-28,2024-10-31,NOT_NEXT_SESSION(missed=2)
PASHUPATI.NS,2024-11-12,2024-11-18,NOT_NEXT_SESSION(missed=2)
PASHUPATI.NS,2024-11-18,2024-11-22,NOT_NEXT_SESSION(missed=2)
PASHUPATI.NS,2024-11-27,2024-11-29,NOT_NEXT_SESSION(missed=1)
PASHUPATI.NS,2024-12-24,2024-12-27,NOT_NEXT_SESSION(missed=1)
PASHUPATI.NS,2025-01-06,2025-01-08,NOT_NEXT_SESSION(missed=1)
PASHUPATI.NS,2025-01-13,2025-01-15,NOT_NEXT_SESSION(missed=1)
PASHUPATI.NS,2025-01-22,2025-01-24,NOT_NEXT_SESSION(missed=1)
PASHUPATI.NS,2025-02-03,2025-02-05,NOT_NEXT_SESSION(missed=1)
PASHUPATI.NS,2025-02-10,2025-02-12,NOT_NEXT_SESSION(missed=1)
PASHUPATI.NS,2025-02-13,2025-02-17,NOT_NEXT_SESSION(missed=1)
PASHUPATI.NS,2025-02-17,2025-02-19,NOT_NEXT_SESSION(missed=1)
PASHUPATI.NS,2025-04-23,2025-04-25,NOT_NEXT_SESSION(missed=1)
PASHUPATI.NS,2025-04-30,2025-05-05,NOT_NEXT_SESSION(missed=1)
PASHUPATI.NS,2025-05-12,2025-05-14,NOT_NEXT_SESSION(missed=1)
PASHUPATI.NS,2025-06-12,2025-06-16,NOT_NEXT_SESSION(missed=1)
PASHUPATI.NS,2025-07-08,2025-07-10,NOT_NEXT_SESSION(missed=1)
PDSL.NS,2018-09-12,2018-09-17,NOT_NEXT_SESSION(missed=1)
PDSL.NS,2018-12-04,2018-12-06,NOT_NEXT_SESSION(missed=1)
PEARLPOLY.NS,2019-07-04,2019-07-08,NOT_NEXT_SESSION(missed=1)
PEARLPOLY.NS,2019-07-10,2019-07-12,NOT_NEXT_SESSION(missed=1)
PEARLPOLY.NS,2019-07-29,2019-07-31,NOT_NEXT_SESSION(missed=1)
PEARLPOLY.NS,2019-08-13,2019-08-16,NOT_NEXT_SESSION(missed=1)
PEARLPOLY.NS,2019-08-26,2019-08-28,NOT_NEXT_SESSION(missed=1)
PEARLPOLY.NS,2019-09-06,2019-09-11,NOT_NEXT_SESSION(missed=1)
PEARLPOLY.NS,2019-10-17,2019-10-22,NOT_NEXT_SESSION(missed=1)
PEARLPOLY.NS,2020-01-03,2020-01-07,NOT_NEXT_SESSION(missed=1)
PEARLPOLY.NS,2020-02-05,2020-02-07,NOT_NEXT_SESSION(missed=1)
PEARLPOLY.NS,2020-03-23,2020-03-25,NOT_NEXT_SESSION(missed=1)
PEARLPOLY.NS,2020-11-18,2020-11-20,NOT_NEXT_SESSION(missed=1)
PENINLAND.NS,2023-06-14,2023-06-19,NOT_NEXT_SESSION(missed=2)
PIGL.NS,2022-01-04,2022-01-06,NOT_NEXT_SESSION(missed=1)
PIGL.NS,2022-01-24,2022-02-02,NOT_NEXT_SESSION(missed=5)
PIGL.NS,2022-02-02,2022-02-28,NOT_NEXT_SESSION(missed=17)
PIGL.NS,2022-02-28,2022-03-04,NOT_NEXT_SESSION(missed=2)
PIGL.NS,2022-03-07,2022-03-10,NOT_NEXT_SESSION(missed=2)
PIGL.NS,2022-03-23,2022-03-25,NOT_NEXT_SESSION(missed=1)
PIGL.NS,2022-03-28,2022-04-04,NOT_NEXT_SESSION(missed=4)
PIGL.NS,2022-04-04,2022-04-06,NOT_NEXT_SESSION(missed=1)
PIGL.NS,2022-04-07,2022-04-18,NOT_NEXT_SESSION(missed=4)
PIGL.NS,2022-04-18,2022-04-22,NOT_NEXT_SESSION(missed=3)
PIGL.NS,2022-04-26,2022-05-09,NOT_NEXT_SESSION(missed=7)
PIGL.NS,2022-05-11,2022-05-16,NOT_NEXT_SESSION(missed=2)
PIGL.NS,2022-05-16,2022-05-23,NOT_NEXT_SESSION(missed=4)
PIGL.NS,2022-05-25,2022-05-27,NOT_NEXT_SESSION(missed=1)
PIGL.NS,2022-06-01,2022-06-16,NOT_NEXT_SESSION(missed=10)
PIGL.NS,2022-06-20,2022-06-22,NOT_NEXT_SESSION(missed=1)
PIGL.NS,2022-07-07,2022-07-11,NOT_NEXT_SESSION(missed=1)
PIGL.NS,2022-07-12,2022-07-14,NOT_NEXT_SESSION(missed=1)
PIGL.NS,2022-07-20,2022-07-25,NOT_NEXT_SESSION(missed=2)
PIGL.NS,2022-07-26,2022-07-29,NOT_NEXT_SESSION(missed=2)
PIGL.NS,2022-08-04,2022-08-08,NOT_NEXT_SESSION(missed=1)
PIGL.NS,2022-08-08,2022-08-12,NOT_NEXT_SESSION(missed=2)
PIGL.NS,2022-08-24,2022-08-26,NOT_NEXT_SESSION(missed=1)
PIGL.NS,2022-09-19,2022-10-04,NOT_NEXT_SESSION(missed=10)
PIGL.NS,2022-10-07,2022-10-18,NOT_NEXT_SESSION(missed=6)
PIGL.NS,2022-10-18,2022-10-20,NOT_NEXT_SESSION(missed=1)
PIGL.NS,2022-10-20,2022-10-24,NOT_NEXT_SESSION(missed=1)
PIGL.NS,2022-10-25,2022-10-28,NOT_NEXT_SESSION(missed=1)
PIGL.NS,2022-10-31,2022-11-09,NOT_NEXT_SESSION(missed=5)
PIGL.NS,2022-11-09,2022-11-15,NOT_NEXT_SESSION(missed=3)
PIGL.NS,2022-12-08,2022-12-12,NOT_NEXT_SESSION(missed=1)
PIGL.NS,2022-12-14,2022-12-19,NOT_NEXT_SESSION(missed=2)
PIGL.NS,2022-12-21,2022-12-23,NOT_NEXT_SESSION(missed=1)
PIGL.NS,2022-12-26,2023-01-02,NOT_NEXT_SESSION(missed=4)
PIGL.NS,2023-01-18,2023-01-20,NOT_NEXT_SESSION(missed=1)
PIGL.NS,2023-01-25,2023-01-30,NOT_NEXT_SESSION(missed=1)
PIGL.NS,2023-02-01,2023-02-07,NOT_NEXT_SESSION(missed=3)
PIGL.NS,2023-02-13,2023-02-16,NOT_NEXT_SESSION(missed=2)
PIGL.NS,2023-02-16,2023-02-22,NOT_NEXT_SESSION(missed=3)
PIGL.NS,2023-02-23,2023-02-27,NOT_NEXT_SESSION(missed=1)
PIGL.NS,2023-02-28,2023-03-03,NOT_NEXT_SESSION(missed=2)
PIGL.NS,2023-03-08,2023-03-13,NOT_NEXT_SESSION(missed=2)
PIGL.NS,2023-03-20,2023-03-22,NOT_NEXT_SESSION(missed=1)
PIGL.NS,2023-03-24,2023-03-28,NOT_NEXT_SESSION(missed=1)
PIGL.NS,2023-03-28,2023-03-31,NOT_NEXT_SESSION(missed=1)
PIGL.NS,2023-03-31,2023-04-06,NOT_NEXT_SESSION(missed=2)
PIGL.NS,2023-04-10,2023-04-13,NOT_NEXT_SESSION(missed=2)
PIGL.NS,2023-04-18,2023-04-20,NOT_NEXT_SESSION(missed=1)
PIGL.NS,2023-04-25,2023-04-27,NOT_NEXT_SESSION(missed=1)
PIGL.NS,2023-04-27,2023-05-02,NOT_NEXT_SESSION(missed=1)
PIGL.NS,2023-05-08,2023-05-11,NOT_NEXT_SESSION(missed=2)
PILANIINVS.NS,2018-07-03,2018-07-05,NOT_NEXT_SESSION(missed=1)
PILANIINVS.NS,2018-11-30,2019-02-21,NOT_NEXT_SESSION(missed=57)
PILANIINVS.NS,2024-10-24,2024-10-29,NOT_NEXT_SESSION(missed=2)
PILITA.NS,2019-01-07,2019-02-21,NOT_NEXT_SESSION(missed=32)
PIONEEREMB.NS,2019-06-04,2019-06-10,NOT_NEXT_SESSION(missed=2)
PIONEEREMB.NS,2019-07-09,2019-07-11,NOT_NEXT_SESSION(missed=1)
PKTEA.NS,2018-11-27,2018-11-29,NOT_NEXT_SESSION(missed=1)
PKTEA.NS,2018-11-30,2019-02-21,NOT_NEXT_SESSION(missed=57)
PKTEA.NS,2019-07-05,2019-07-09,NOT_NEXT_SESSION(missed=1)
PKTEA.NS,2019-10-18,2019-10-23,NOT_NEXT_SESSION(missed=1)
PKTEA.NS,2019-11-07,2019-11-11,NOT_NEXT_SESSION(missed=1)
PKTEA.NS,2019-11-15,2019-11-20,NOT_NEXT_SESSION(missed=2)
PKTEA.NS,2020-01-20,2020-01-22,NOT_NEXT_SESSION(missed=1)
PKTEA.NS,2020-02-01,2020-02-04,NOT_NEXT_SESSION(missed=1)
PKTEA.NS,2020-02-19,2020-02-24,NOT_NEXT_SESSION(missed=1)
PKTEA.NS,2020-07-23,2020-07-27,NOT_NEXT_SESSION(missed=1)
PKTEA.NS,2021-11-29,2021-12-01,NOT_NEXT_SESSION(missed=1)
PKTEA.NS,2021-12-16,2021-12-20,NOT_NEXT_SESSION(missed=1)
PKTEA.NS,2022-05-31,2022-06-02,NOT_NEXT_SESSION(missed=1)
PKTEA.NS,2022-07-13,2022-07-15,NOT_NEXT_SESSION(missed=1)
PKTEA.NS,2022-09-27,2022-09-29,NOT_NEXT_SESSION(missed=1)
PKTEA.NS,2023-02-13,2023-02-15,NOT_NEXT_SESSION(missed=1)
PKTEA.NS,2023-02-16,2023-02-20,NOT_NEXT_SESSION(missed=1)
PKTEA.NS,2023-02-27,2023-03-01,NOT_NEXT_SESSION(missed=1)
PKTEA.NS,2023-03-17,2023-03-21,NOT_NEXT_SESSION(missed=1)
PKTEA.NS,2023-03-24,2023-03-28,NOT_NEXT_SESSION(missed=1)
PKTEA.NS,2023-03-31,2023-04-05,NOT_NEXT_SESSION(missed=1)
PKTEA.NS,2023-04-19,2023-04-24,NOT_NEXT_SESSION(missed=2)
PKTEA.NS,2023-05-02,2023-05-04,NOT_NEXT_SESSION(missed=1)
PKTEA.NS,2023-05-04,2023-05-08,NOT_NEXT_SESSION(missed=1)
PKTEA.NS,2023-05-11,2023-05-15,NOT_NEXT_SESSION(missed=1)
PKTEA.NS,2023-07-13,2023-07-17,NOT_NEXT_SESSION(missed=1)
PKTEA.NS,2023-08-10,2023-08-14,NOT_NEXT_SESSION(missed=1)
PKTEA.NS,2023-09-18,2023-09-21,NOT_NEXT_SESSION(missed=1)
PKTEA.NS,2023-11-07,2023-11-09,NOT_NEXT_SESSION(missed=1)
PKTEA.NS,2026-03-12,2026-03-16,NOT_NEXT_SESSION(missed=1)
PKTEA.NS,2026-04-09,2026-04-13,NOT_NEXT_SESSION(missed=1)
PKTEA.NS,2026-04-16,2026-04-20,NOT_NEXT_SESSION(missed=1)
PKTEA.NS,2026-05-12,2026-05-14,NOT_NEXT_SESSION(missed=1)
PKTEA.NS,2026-07-06,2026-07-08,NOT_NEXT_SESSION(missed=1)
PKTEA.NS,2026-07-22,2026-07-24,NOT_NEXT_SESSION(missed=1)
PKTEA.NS,2026-08-05,2026-08-07,NOT_NEXT_SESSION(missed=1)
PNC.NS,2018-10-22,2018-10-24,NOT_NEXT_SESSION(missed=1)
PONNIERODE.NS,2019-10-25,2019-10-29,NOT_NEXT_SESSION(missed=1)
PRAENG.NS,2019-10-10,2019-10-14,NOT_NEXT_SESSION(missed=1)
PRAKASHSTL.NS,2017-09-19,2017-09-25,NOT_NEXT_SESSION(missed=3)
PRAKASHSTL.NS,2017-09-25,2017-10-03,NOT_NEXT_SESSION(missed=4)
PRAKASHSTL.NS,2017-10-03,2017-10-09,NOT_NEXT_SESSION(missed=3)
PRAKASHSTL.NS,2017-10-09,2017-10-16,NOT_NEXT_SESSION(missed=4)
PRAKASHSTL.NS,2017-10-16,2017-10-23,NOT_NEXT_SESSION(missed=2)
PRAKASHSTL.NS,2017-10-23,2017-11-06,NOT_NEXT_SESSION(missed=9)
PRAKASHSTL.NS,2017-11-06,2017-12-04,NOT_NEXT_SESSION(missed=19)
PRAKASHSTL.NS,2017-12-04,2018-01-01,NOT_NEXT_SESSION(missed=18)
PRAKASHSTL.NS,2018-01-01,2018-02-05,NOT_NEXT_SESSION(missed=23)
PRAKASHSTL.NS,2018-02-05,2018-03-05,NOT_NEXT_SESSION(missed=17)
PRAKASHSTL.NS,2018-03-05,2018-04-02,NOT_NEXT_SESSION(missed=17)
PRAKASHSTL.NS,2018-04-02,2018-04-09,NOT_NEXT_SESSION(missed=4)
PRAKASHSTL.NS,2018-04-09,2018-04-16,NOT_NEXT_SESSION(missed=4)
PRAKASHSTL.NS,2018-04-16,2018-04-23,NOT_NEXT_SESSION(missed=4)
PRAKASHSTL.NS,2018-04-23,2018-04-30,NOT_NEXT_SESSION(missed=4)
PRAKASHSTL.NS,2018-04-30,2018-05-07,NOT_NEXT_SESSION(missed=3)
PRAKASHSTL.NS,2018-05-07,2018-05-14,NOT_NEXT_SESSION(missed=4)
PRAKASHSTL.NS,2018-05-14,2018-05-21,NOT_NEXT_SESSION(missed=4)
PRAKASHSTL.NS,2018-05-21,2018-05-28,NOT_NEXT_SESSION(missed=4)
PRAKASHSTL.NS,2018-05-28,2018-06-04,NOT_NEXT_SESSION(missed=4)
PRAKASHSTL.NS,2018-06-04,2018-06-11,NOT_NEXT_SESSION(missed=4)
PRAKASHSTL.NS,2018-06-11,2018-06-18,NOT_NEXT_SESSION(missed=4)
PRAKASHSTL.NS,2018-06-18,2018-06-25,NOT_NEXT_SESSION(missed=4)
PRAKASHSTL.NS,2018-06-25,2018-07-02,NOT_NEXT_SESSION(missed=4)
PRAKASHSTL.NS,2018-07-02,2018-07-09,NOT_NEXT_SESSION(missed=4)
PRAKASHSTL.NS,2018-07-09,2018-07-16,NOT_NEXT_SESSION(missed=4)
PRAKASHSTL.NS,2018-07-16,2018-07-23,NOT_NEXT_SESSION(missed=4)
PRAKASHSTL.NS,2018-07-23,2018-07-30,NOT_NEXT_SESSION(missed=4)
PRAKASHSTL.NS,2018-07-30,2018-08-06,NOT_NEXT_SESSION(missed=4)
PRAKASHSTL.NS,2018-08-06,2018-08-13,NOT_NEXT_SESSION(missed=4)
PRAKASHSTL.NS,2018-08-13,2018-08-20,NOT_NEXT_SESSION(missed=3)
PRAKASHSTL.NS,2018-08-20,2018-08-27,NOT_NEXT_SESSION(missed=3)
PRAKASHSTL.NS,2018-08-27,2018-09-03,NOT_NEXT_SESSION(missed=4)
PRAKASHSTL.NS,2018-09-03,2018-09-10,NOT_NEXT_SESSION(missed=4)
PRAKASHSTL.NS,2018-09-10,2018-09-17,NOT_NEXT_SESSION(missed=3)
PRAKASHSTL.NS,2018-11-30,2019-01-09,NOT_NEXT_SESSION(missed=26)
PRAKASHSTL.NS,2019-06-20,2019-06-24,NOT_NEXT_SESSION(missed=1)
PRAKASHSTL.NS,2019-06-24,2019-06-26,NOT_NEXT_SESSION(missed=1)
PRAKASHSTL.NS,2019-07-03,2019-07-05,NOT_NEXT_SESSION(missed=1)
PRAKASHSTL.NS,2019-07-25,2019-07-29,NOT_NEXT_SESSION(missed=1)
PRAKASHSTL.NS,2019-07-29,2019-07-31,NOT_NEXT_SESSION(missed=1)
PRAKASHSTL.NS,2019-10-25,2019-10-29,NOT_NEXT_SESSION(missed=1)
PRAKASHSTL.NS,2020-01-29,2020-02-01,NOT_NEXT_SESSION(missed=2)
PRAKASHSTL.NS,2020-03-20,2020-03-24,NOT_NEXT_SESSION(missed=1)
PRAKASHSTL.NS,2020-03-31,2020-04-03,NOT_NEXT_SESSION(missed=1)
PRAXIS.NS,2020-01-27,2020-02-03,NOT_NEXT_SESSION(missed=5)
PRAXIS.NS,2020-02-03,2020-02-10,NOT_NEXT_SESSION(missed=4)
PRAXIS.NS,2020-02-10,2020-02-17,NOT_NEXT_SESSION(missed=4)
PRAXIS.NS,2020-02-17,2020-02-24,NOT_NEXT_SESSION(missed=3)
PRAXIS.NS,2020-02-24,2020-03-02,NOT_NEXT_SESSION(missed=4)
PRAXIS.NS,2020-03-02,2020-03-12,NOT_NEXT_SESSION(missed=6)
PRAXIS.NS,2020-03-12,2020-03-16,NOT_NEXT_SESSION(missed=1)
PRAXIS.NS,2020-03-17,2020-03-20,NOT_NEXT_SESSION(missed=2)
PRAXIS.NS,2020-03-20,2020-03-26,NOT_NEXT_SESSION(missed=3)
PRAXIS.NS,2020-03-30,2020-04-01,NOT_NEXT_SESSION(missed=1)
PRAXIS.NS,2023-06-16,2023-06-26,NOT_NEXT_SESSION(missed=5)
PRAXIS.NS,2023-06-26,2023-07-03,NOT_NEXT_SESSION(missed=3)
PRAXIS.NS,2023-07-03,2023-07-10,NOT_NEXT_SESSION(missed=4)
PRAXIS.NS,2023-07-10,2023-07-17,NOT_NEXT_SESSION(missed=4)
PRAXIS.NS,2023-07-17,2023-07-24,NOT_NEXT_SESSION(missed=4)
PRECOT.NS,2018-04-23,2018-04-25,NOT_NEXT_SESSION(missed=1)
PRECOT.NS,2018-05-08,2018-05-10,NOT_NEXT_SESSION(missed=1)
PRECOT.NS,2018-06-08,2018-06-12,NOT_NEXT_SESSION(missed=1)
PRECOT.NS,2018-07-26,2018-07-30,NOT_NEXT_SESSION(missed=1)
PRECOT.NS,2018-10-15,2018-10-17,NOT_NEXT_SESSION(missed=1)
PRECOT.NS,2018-11-02,2018-11-06,NOT_NEXT_SESSION(missed=1)
PRECOT.NS,2018-11-30,2019-01-09,NOT_NEXT_SESSION(missed=26)
PRECOT.NS,2019-02-25,2019-02-27,NOT_NEXT_SESSION(missed=1)
PRECOT.NS,2019-03-07,2019-03-11,NOT_NEXT_SESSION(missed=1)
PRECOT.NS,2019-03-29,2019-04-02,NOT_NEXT_SESSION(missed=1)
PRECOT.NS,2019-04-24,2019-04-26,NOT_NEXT_SESSION(missed=1)
PRECOT.NS,2020-03-31,2020-04-03,NOT_NEXT_SESSION(missed=1)
PRECOT.NS,2020-09-23,2020-09-25,NOT_NEXT_SESSION(missed=1)
PREMIERPOL.NS,2018-05-17,2018-05-21,NOT_NEXT_SESSION(missed=1)
PREMIERPOL.NS,2018-10-26,2018-10-30,NOT_NEXT_SESSION(missed=1)
PREMIERPOL.NS,2019-06-13,2019-06-17,NOT_NEXT_SESSION(missed=1)
PREMIERPOL.NS,2019-11-15,2019-11-19,NOT_NEXT_SESSION(missed=1)
PREMIERPOL.NS,2019-11-27,2019-11-29,NOT_NEXT_SESSION(missed=1)
PREMIERPOL.NS,2019-12-03,2019-12-05,NOT_NEXT_SESSION(missed=1)
PREMIERPOL.NS,2019-12-31,2020-01-02,NOT_NEXT_SESSION(missed=1)
PREMIERPOL.NS,2020-05-22,2020-05-27,NOT_NEXT_SESSION(missed=1)
PRIVISCL.NS,2018-03-28,2018-04-02,EXTREME_RETURN
PRIVISCL.NS,2018-07-02,2018-07-03,EXTREME_RETURN
PRIVISCL.NS,2018-07-06,2018-07-09,EXTREME_RETURN
PRIVISCL.NS,2018-07-20,2018-07-23,EXTREME_RETURN
PRIVISCL.NS,2018-09-06,2018-09-07,EXTREME_RETURN
PRIVISCL.NS,2018-09-28,2018-10-01,EXTREME_RETURN
PRIVISCL.NS,2018-10-09,2018-10-10,EXTREME_RETURN
PRIVISCL.NS,2018-10-12,2018-10-15,EXTREME_RETURN
PRIVISCL.NS,2018-10-26,2018-10-29,EXTREME_RETURN
PRIVISCL.NS,2019-02-05,2019-02-06,EXTREME_RETURN
PRIVISCL.NS,2019-02-15,2019-02-18,EXTREME_RETURN
PRIVISCL.NS,2020-03-23,2020-03-24,EXTREME_RETURN
PRIVISCL.NS,2020-08-20,2020-08-21,EXTREME_RETURN
PVP.NS,2018-11-30,2019-01-09,NOT_NEXT_SESSION(missed=26)
PVP.NS,2019-04-08,2019-04-30,NOT_NEXT_SESSION(missed=12)
PVP.NS,2019-04-30,2019-05-06,NOT_NEXT_SESSION(missed=2)
PVP.NS,2019-05-06,2019-05-13,NOT_NEXT_SESSION(missed=4)
PVP.NS,2019-05-13,2019-05-20,NOT_NEXT_SESSION(missed=4)
PVP.NS,2019-05-20,2019-05-27,NOT_NEXT_SESSION(missed=4)
PVP.NS,2019-05-27,2019-06-03,NOT_NEXT_SESSION(missed=4)
PVP.NS,2019-06-03,2019-06-10,NOT_NEXT_SESSION(missed=3)
PVP.NS,2019-06-10,2019-06-17,NOT_NEXT_SESSION(missed=4)
PVP.NS,2019-06-17,2019-06-24,NOT_NEXT_SESSION(missed=4)
PVP.NS,2019-06-24,2019-07-01,NOT_NEXT_SESSION(missed=4)
PVP.NS,2019-07-01,2019-07-08,NOT_NEXT_SESSION(missed=4)
PVP.NS,2019-07-08,2019-07-15,NOT_NEXT_SESSION(missed=4)
PVP.NS,2019-07-15,2019-07-22,NOT_NEXT_SESSION(missed=4)
PVP.NS,2019-07-22,2019-07-29,NOT_NEXT_SESSION(missed=4)
PVP.NS,2019-07-29,2019-08-05,NOT_NEXT_SESSION(missed=4)
PVP.NS,2019-08-05,2019-08-13,NOT_NEXT_SESSION(missed=4)
PVP.NS,2019-08-13,2019-08-19,NOT_NEXT_SESSION(missed=2)
PVP.NS,2019-08-19,2019-08-26,NOT_NEXT_SESSION(missed=4)
PVP.NS,2019-08-26,2019-09-03,NOT_NEXT_SESSION(missed=4)
PVP.NS,2019-09-03,2019-09-09,NOT_NEXT_SESSION(missed=3)
PVP.NS,2019-09-09,2019-09-16,NOT_NEXT_SESSION(missed=3)
PVP.NS,2019-09-16,2019-09-23,NOT_NEXT_SESSION(missed=4)
PVP.NS,2019-09-23,2019-09-30,NOT_NEXT_SESSION(missed=4)
PVP.NS,2019-09-30,2019-10-07,NOT_NEXT_SESSION(missed=3)
PVP.NS,2019-10-07,2019-10-14,NOT_NEXT_SESSION(missed=3)
PVP.NS,2019-10-14,2019-10-22,NOT_NEXT_SESSION(missed=4)
PVP.NS,2019-10-22,2019-10-29,NOT_NEXT_SESSION(missed=4)
PVP.NS,2019-10-29,2021-07-22,NOT_NEXT_SESSION(missed=431)
QUESS.NS,2025-04-11,2025-04-15,EXTREME_RETURN
RADAAN.NS,2020-02-20,2020-02-25,NOT_NEXT_SESSION(missed=1)
RADAAN.NS,2020-03-11,2020-03-13,NOT_NEXT_SESSION(missed=1)
RADAAN.NS,2020-03-16,2020-03-19,NOT_NEXT_SESSION(missed=2)
RADAAN.NS,2020-03-20,2020-03-27,NOT_NEXT_SESSION(missed=4)
RADAAN.NS,2020-04-28,2020-04-30,NOT_NEXT_SESSION(missed=1)
RADAAN.NS,2020-05-07,2020-05-12,NOT_NEXT_SESSION(missed=2)
RADAAN.NS,2020-06-12,2020-06-16,NOT_NEXT_SESSION(missed=1)
RADAAN.NS,2020-07-15,2020-07-20,NOT_NEXT_SESSION(missed=2)
RADAAN.NS,2020-07-20,2020-07-22,NOT_NEXT_SESSION(missed=1)
RADAAN.NS,2020-07-22,2020-07-29,NOT_NEXT_SESSION(missed=4)
RADAAN.NS,2020-07-31,2020-08-25,NOT_NEXT_SESSION(missed=16)
RADAAN.NS,2020-08-25,2020-09-04,NOT_NEXT_SESSION(missed=7)
RADAAN.NS,2020-09-04,2020-10-12,NOT_NEXT_SESSION(missed=24)
RADAAN.NS,2020-10-12,2020-11-02,NOT_NEXT_SESSION(missed=14)
RADAAN.NS,2020-11-02,2020-11-09,NOT_NEXT_SESSION(missed=4)
RADAAN.NS,2021-03-15,2021-03-17,NOT_NEXT_SESSION(missed=1)
RADAAN.NS,2021-06-30,2021-07-02,NOT_NEXT_SESSION(missed=1)
RADAAN.NS,2021-12-20,2021-12-22,NOT_NEXT_SESSION(missed=1)
RADAAN.NS,2022-05-05,2022-05-09,NOT_NEXT_SESSION(missed=1)
RADAAN.NS,2022-05-18,2022-05-20,NOT_NEXT_SESSION(missed=1)
RADAAN.NS,2022-05-23,2022-05-26,NOT_NEXT_SESSION(missed=2)
RADAAN.NS,2022-05-31,2022-06-02,NOT_NEXT_SESSION(missed=1)
RADAAN.NS,2022-06-08,2022-06-14,NOT_NEXT_SESSION(missed=3)
RADAAN.NS,2022-10-21,2022-10-25,NOT_NEXT_SESSION(missed=1)
RADAAN.NS,2022-12-02,2022-12-09,NOT_NEXT_SESSION(missed=4)
RADAAN.NS,2022-12-13,2022-12-15,NOT_NEXT_SESSION(missed=1)
RADAAN.NS,2022-12-15,2022-12-19,NOT_NEXT_SESSION(missed=1)
RADAAN.NS,2022-12-26,2022-12-28,NOT_NEXT_SESSION(missed=1)
RADAAN.NS,2023-01-12,2023-01-23,NOT_NEXT_SESSION(missed=6)
RADAAN.NS,2023-01-23,2023-01-30,NOT_NEXT_SESSION(missed=3)
RADAAN.NS,2023-01-30,2023-03-16,NOT_NEXT_SESSION(missed=31)
RADAAN.NS,2023-03-16,2023-05-30,NOT_NEXT_SESSION(missed=47)
RADAAN.NS,2023-05-31,2023-06-02,NOT_NEXT_SESSION(missed=1)
RADAAN.NS,2023-06-23,2023-06-28,NOT_NEXT_SESSION(missed=2)
RADAAN.NS,2023-06-30,2023-07-06,NOT_NEXT_SESSION(missed=3)
RADAAN.NS,2023-07-06,2023-07-13,NOT_NEXT_SESSION(missed=4)
RADAAN.NS,2023-07-13,2023-07-24,NOT_NEXT_SESSION(missed=6)
RADAAN.NS,2023-07-24,2023-08-02,NOT_NEXT_SESSION(missed=6)
RADAAN.NS,2023-08-02,2023-08-07,NOT_NEXT_SESSION(missed=2)
RADAAN.NS,2023-08-08,2023-08-10,NOT_NEXT_SESSION(missed=1)
RADAAN.NS,2023-09-22,2023-10-03,NOT_NEXT_SESSION(missed=5)
RADAAN.NS,2023-10-03,2023-10-30,NOT_NEXT_SESSION(missed=17)
RADAAN.NS,2023-10-30,2023-11-06,NOT_NEXT_SESSION(missed=4)
RADAAN.NS,2023-11-06,2023-11-13,NOT_NEXT_SESSION(missed=5)
RADAAN.NS,2024-01-30,2024-02-01,NOT_NEXT_SESSION(missed=1)
RADAAN.NS,2024-02-22,2024-03-04,NOT_NEXT_SESSION(missed=7)
RADAAN.NS,2024-03-04,2024-03-11,NOT_NEXT_SESSION(missed=3)
RADAAN.NS,2024-03-11,2024-03-26,NOT_NEXT_SESSION(missed=9)
RADAAN.NS,2024-03-26,2024-04-01,NOT_NEXT_SESSION(missed=2)
RADAAN.NS,2024-04-01,2024-04-08,NOT_NEXT_SESSION(missed=4)
RADAAN.NS,2024-07-12,2024-07-22,NOT_NEXT_SESSION(missed=4)
RADAAN.NS,2024-07-22,2024-08-05,NOT_NEXT_SESSION(missed=9)
RADAAN.NS,2024-08-05,2024-08-12,NOT_NEXT_SESSION(missed=4)
RADAAN.NS,2024-08-12,2024-08-19,NOT_NEXT_SESSION(missed=3)
RADAAN.NS,2024-08-19,2024-08-26,NOT_NEXT_SESSION(missed=4)
RADAAN.NS,2024-08-26,2024-09-02,NOT_NEXT_SESSION(missed=4)
RADAAN.NS,2024-09-02,2024-09-09,NOT_NEXT_SESSION(missed=4)
RADIOCITY.NS,2023-07-10,2023-07-17,NOT_NEXT_SESSION(missed=4)
RADIOCITY.NS,2023-07-17,2023-07-24,NOT_NEXT_SESSION(missed=4)
RAJSREESUG.NS,2018-11-30,2019-01-09,NOT_NEXT_SESSION(missed=26)
RAJTV.NS,2018-11-30,2019-01-09,NOT_NEXT_SESSION(missed=26)
RAJTV.NS,2019-04-08,2019-04-10,NOT_NEXT_SESSION(missed=1)
RAJTV.NS,2019-07-12,2019-07-16,NOT_NEXT_SESSION(missed=1)
RAJTV.NS,2019-07-19,2019-07-23,NOT_NEXT_SESSION(missed=1)
RAJTV.NS,2019-07-26,2019-07-31,NOT_NEXT_SESSION(missed=2)
RAJTV.NS,2019-09-05,2019-09-09,NOT_NEXT_SESSION(missed=1)
RAMANEWS.NS,2018-11-30,2019-01-09,NOT_NEXT_SESSION(missed=26)
RAMAPHO.NS,2019-06-06,2022-08-05,NOT_NEXT_SESSION(missed=787)
RANASUG.NS,2018-11-30,2019-01-09,NOT_NEXT_SESSION(missed=26)
RAYMOND.NS,2025-05-13,2025-05-14,EXTREME_RETURN
REFEX.NS,2018-11-30,2019-01-09,NOT_NEXT_SESSION(missed=26)
REGENCERAM.NS,2017-10-18,2017-10-19,UNRESOLVED_SESSION
REGENCERAM.NS,2017-10-19,2017-10-23,UNRESOLVED_SESSION
REGENCERAM.NS,2017-11-06,2017-11-08,NOT_NEXT_SESSION(missed=1)
REGENCERAM.NS,2017-11-20,2017-11-22,NOT_NEXT_SESSION(missed=1)
REGENCERAM.NS,2017-11-28,2017-12-01,NOT_NEXT_SESSION(missed=2)
REGENCERAM.NS,2017-12-01,2017-12-05,NOT_NEXT_SESSION(missed=1)
REGENCERAM.NS,2018-02-19,2018-02-22,NOT_NEXT_SESSION(missed=2)
REGENCERAM.NS,2018-03-08,2018-03-12,NOT_NEXT_SESSION(missed=1)
REGENCERAM.NS,2018-06-20,2018-06-22,NOT_NEXT_SESSION(missed=1)
REGENCERAM.NS,2018-07-13,2018-07-17,NOT_NEXT_SESSION(missed=1)
REGENCERAM.NS,2018-07-23,2018-07-25,NOT_NEXT_SESSION(missed=1)
REGENCERAM.NS,2018-07-27,2018-08-01,NOT_NEXT_SESSION(missed=2)
REGENCERAM.NS,2018-08-01,2018-08-07,NOT_NEXT_SESSION(missed=3)
REGENCERAM.NS,2018-08-20,2018-08-23,NOT_NEXT_SESSION(missed=1)
REGENCERAM.NS,2018-10-31,2018-11-02,NOT_NEXT_SESSION(missed=1)
REGENCERAM.NS,2018-11-20,2018-11-22,NOT_NEXT_SESSION(missed=1)
REGENCERAM.NS,2018-11-27,2018-11-29,NOT_NEXT_SESSION(missed=1)
REGENCERAM.NS,2018-11-30,2019-02-21,NOT_NEXT_SESSION(missed=57)
REGENCERAM.NS,2019-02-27,2019-03-05,NOT_NEXT_SESSION(missed=2)
REGENCERAM.NS,2019-03-12,2019-03-14,NOT_NEXT_SESSION(missed=1)
REGENCERAM.NS,2019-03-19,2019-03-22,NOT_NEXT_SESSION(missed=1)
REGENCERAM.NS,2019-04-01,2019-04-03,NOT_NEXT_SESSION(missed=1)
REGENCERAM.NS,2019-04-08,2019-04-10,NOT_NEXT_SESSION(missed=1)
REGENCERAM.NS,2019-04-16,2019-04-22,NOT_NEXT_SESSION(missed=1)
REGENCERAM.NS,2019-04-26,2019-05-02,NOT_NEXT_SESSION(missed=1)
REGENCERAM.NS,2019-05-02,2019-05-08,NOT_NEXT_SESSION(missed=3)
REGENCERAM.NS,2019-05-10,2019-05-14,NOT_NEXT_SESSION(missed=1)
REGENCERAM.NS,2019-05-28,2019-05-31,NOT_NEXT_SESSION(missed=2)
REGENCERAM.NS,2019-06-11,2019-06-13,NOT_NEXT_SESSION(missed=1)
REGENCERAM.NS,2019-06-19,2019-06-21,NOT_NEXT_SESSION(missed=1)
REGENCERAM.NS,2019-06-21,2019-06-25,NOT_NEXT_SESSION(missed=1)
REGENCERAM.NS,2019-06-25,2019-07-01,NOT_NEXT_SESSION(missed=3)
REGENCERAM.NS,2019-07-01,2019-07-05,NOT_NEXT_SESSION(missed=3)
REGENCERAM.NS,2019-07-08,2019-07-12,NOT_NEXT_SESSION(missed=3)
REGENCERAM.NS,2019-07-12,2019-07-17,NOT_NEXT_SESSION(missed=2)
REGENCERAM.NS,2019-07-29,2019-07-31,NOT_NEXT_SESSION(missed=1)
REGENCERAM.NS,2019-08-01,2019-08-06,NOT_NEXT_SESSION(missed=2)
REGENCERAM.NS,2019-08-07,2019-08-16,NOT_NEXT_SESSION(missed=4)
REGENCERAM.NS,2019-08-19,2019-08-23,NOT_NEXT_SESSION(missed=3)
REGENCERAM.NS,2019-08-23,2019-08-27,NOT_NEXT_SESSION(missed=1)
REGENCERAM.NS,2019-09-03,2019-09-05,NOT_NEXT_SESSION(missed=1)
REGENCERAM.NS,2019-09-12,2019-09-18,NOT_NEXT_SESSION(missed=3)
REGENCERAM.NS,2019-09-18,2019-09-20,NOT_NEXT_SESSION(missed=1)
REGENCERAM.NS,2019-09-24,2019-09-27,NOT_NEXT_SESSION(missed=2)
REGENCERAM.NS,2019-09-30,2019-10-04,NOT_NEXT_SESSION(missed=2)
REGENCERAM.NS,2019-10-11,2019-10-15,NOT_NEXT_SESSION(missed=1)
REGENCERAM.NS,2019-10-15,2019-10-17,NOT_NEXT_SESSION(missed=1)
REGENCERAM.NS,2019-10-17,2019-10-29,NOT_NEXT_SESSION(missed=6)
REGENCERAM.NS,2019-11-01,2019-11-05,NOT_NEXT_SESSION(missed=1)
REGENCERAM.NS,2019-11-05,2019-11-07,NOT_NEXT_SESSION(missed=1)
REGENCERAM.NS,2019-11-08,2019-11-13,NOT_NEXT_SESSION(missed=1)
REGENCERAM.NS,2019-11-14,2019-11-18,NOT_NEXT_SESSION(missed=1)
REGENCERAM.NS,2019-11-18,2019-11-20,NOT_NEXT_SESSION(missed=1)
REGENCERAM.NS,2019-11-20,2019-11-22,NOT_NEXT_SESSION(missed=1)
REGENCERAM.NS,2019-11-26,2019-11-29,NOT_NEXT_SESSION(missed=2)
REGENCERAM.NS,2019-11-29,2019-12-03,NOT_NEXT_SESSION(missed=1)
REGENCERAM.NS,2019-12-03,2019-12-06,NOT_NEXT_SESSION(missed=2)
REGENCERAM.NS,2019-12-12,2019-12-16,NOT_NEXT_SESSION(missed=1)
REGENCERAM.NS,2019-12-16,2019-12-18,NOT_NEXT_SESSION(missed=1)
REGENCERAM.NS,2019-12-18,2019-12-20,NOT_NEXT_SESSION(missed=1)
REGENCERAM.NS,2019-12-23,2019-12-26,NOT_NEXT_SESSION(missed=1)
REGENCERAM.NS,2019-12-30,2020-01-02,NOT_NEXT_SESSION(missed=2)
REGENCERAM.NS,2020-01-02,2020-01-08,NOT_NEXT_SESSION(missed=3)
REGENCERAM.NS,2020-01-14,2020-01-17,NOT_NEXT_SESSION(missed=2)
REGENCERAM.NS,2020-01-20,2020-01-22,NOT_NEXT_SESSION(missed=1)
REGENCERAM.NS,2020-01-23,2020-01-27,NOT_NEXT_SESSION(missed=1)
REGENCERAM.NS,2020-01-31,2020-02-04,NOT_NEXT_SESSION(missed=2)
REGENCERAM.NS,2020-02-12,2020-02-14,NOT_NEXT_SESSION(missed=1)
REGENCERAM.NS,2020-02-26,2020-03-05,NOT_NEXT_SESSION(missed=5)
REGENCERAM.NS,2020-03-05,2021-03-01,NOT_NEXT_SESSION(missed=245)
REGENCERAM.NS,2021-03-01,2021-03-08,NOT_NEXT_SESSION(missed=4)
REGENCERAM.NS,2021-03-08,2021-03-15,NOT_NEXT_SESSION(missed=3)
REGENCERAM.NS,2021-03-15,2021-03-22,NOT_NEXT_SESSION(missed=4)
REGENCERAM.NS,2021-03-22,2021-03-30,NOT_NEXT_SESSION(missed=4)
REGENCERAM.NS,2021-03-30,2021-04-05,NOT_NEXT_SESSION(missed=2)
REGENCERAM.NS,2021-04-05,2021-04-19,NOT_NEXT_SESSION(missed=8)
REGENCERAM.NS,2021-04-19,2021-04-26,NOT_NEXT_SESSION(missed=3)
REGENCERAM.NS,2021-04-26,2021-05-03,NOT_NEXT_SESSION(missed=4)
REGENCERAM.NS,2021-05-03,2021-05-10,NOT_NEXT_SESSION(missed=4)
REGENCERAM.NS,2021-05-10,2021-05-17,NOT_NEXT_SESSION(missed=3)
REGENCERAM.NS,2021-05-17,2021-05-24,NOT_NEXT_SESSION(missed=4)
REGENCERAM.NS,2021-05-24,2021-05-31,NOT_NEXT_SESSION(missed=4)
REGENCERAM.NS,2021-05-31,2021-06-07,NOT_NEXT_SESSION(missed=4)
REGENCERAM.NS,2021-06-07,2021-06-14,NOT_NEXT_SESSION(missed=4)
REGENCERAM.NS,2021-06-14,2021-06-21,NOT_NEXT_SESSION(missed=4)
REGENCERAM.NS,2021-06-21,2021-06-28,NOT_NEXT_SESSION(missed=4)
REGENCERAM.NS,2021-06-28,2021-07-05,NOT_NEXT_SESSION(missed=4)
REGENCERAM.NS,2021-07-05,2021-07-12,NOT_NEXT_SESSION(missed=4)
REGENCERAM.NS,2021-07-12,2021-07-19,NOT_NEXT_SESSION(missed=4)
REGENCERAM.NS,2021-07-19,2021-08-02,NOT_NEXT_SESSION(missed=8)
REGENCERAM.NS,2021-08-02,2021-08-09,NOT_NEXT_SESSION(missed=4)
REGENCERAM.NS,2021-08-09,2021-08-16,NOT_NEXT_SESSION(missed=4)
REGENCERAM.NS,2021-08-16,2021-08-23,NOT_NEXT_SESSION(missed=3)
REGENCERAM.NS,2021-08-23,2021-08-30,NOT_NEXT_SESSION(missed=4)
REGENCERAM.NS,2021-08-30,2021-09-06,NOT_NEXT_SESSION(missed=4)
REGENCERAM.NS,2021-09-06,2021-09-09,NOT_NEXT_SESSION(missed=2)
REGENCERAM.NS,2021-09-09,2021-09-14,NOT_NEXT_SESSION(missed=1)
REGENCERAM.NS,2021-09-16,2021-09-20,NOT_NEXT_SESSION(missed=1)
REGENCERAM.NS,2021-09-20,2021-09-27,NOT_NEXT_SESSION(missed=4)
REGENCERAM.NS,2021-09-27,2021-10-04,NOT_NEXT_SESSION(missed=4)
REGENCERAM.NS,2021-10-04,2021-10-11,NOT_NEXT_SESSION(missed=4)
REGENCERAM.NS,2021-10-11,2021-10-18,NOT_NEXT_SESSION(missed=3)
REGENCERAM.NS,2021-10-18,2021-10-25,NOT_NEXT_SESSION(missed=4)
REGENCERAM.NS,2021-10-25,2021-11-08,NOT_NEXT_SESSION(missed=8)
REGENCERAM.NS,2021-11-08,2021-11-15,NOT_NEXT_SESSION(missed=4)
REGENCERAM.NS,2021-11-15,2021-11-22,NOT_NEXT_SESSION(missed=3)
REGENCERAM.NS,2021-11-22,2021-11-29,NOT_NEXT_SESSION(missed=4)
REGENCERAM.NS,2021-11-29,2021-12-06,NOT_NEXT_SESSION(missed=4)
REGENCERAM.NS,2021-12-06,2021-12-13,NOT_NEXT_SESSION(missed=4)
REGENCERAM.NS,2021-12-13,2021-12-20,NOT_NEXT_SESSION(missed=4)
REGENCERAM.NS,2021-12-20,2021-12-27,NOT_NEXT_SESSION(missed=4)
REGENCERAM.NS,2021-12-27,2022-01-03,NOT_NEXT_SESSION(missed=4)
REGENCERAM.NS,2022-01-03,2022-01-10,NOT_NEXT_SESSION(missed=4)
REGENCERAM.NS,2022-01-10,2022-01-17,NOT_NEXT_SESSION(missed=4)
REGENCERAM.NS,2022-01-17,2022-01-24,NOT_NEXT_SESSION(missed=4)
REGENCERAM.NS,2022-01-24,2022-01-31,NOT_NEXT_SESSION(missed=3)
REGENCERAM.NS,2022-01-31,2022-02-07,NOT_NEXT_SESSION(missed=4)
REGENCERAM.NS,2022-02-07,2022-02-14,NOT_NEXT_SESSION(missed=4)
REGENCERAM.NS,2022-02-14,2022-02-21,NOT_NEXT_SESSION(missed=4)
REGENCERAM.NS,2022-02-21,2022-02-28,NOT_NEXT_SESSION(missed=4)
REGENCERAM.NS,2022-02-28,2022-03-14,NOT_NEXT_SESSION(missed=8)
REGENCERAM.NS,2022-03-14,2022-03-21,NOT_NEXT_SESSION(missed=3)
REGENCERAM.NS,2022-03-21,2022-03-28,NOT_NEXT_SESSION(missed=4)
REGENCERAM.NS,2022-03-28,2022-04-04,NOT_NEXT_SESSION(missed=4)
REGENCERAM.NS,2022-04-04,2022-04-18,NOT_NEXT_SESSION(missed=7)
REGENCERAM.NS,2022-04-18,2022-05-02,NOT_NEXT_SESSION(missed=9)
REGENCERAM.NS,2022-05-02,2022-05-09,NOT_NEXT_SESSION(missed=3)
REGENCERAM.NS,2022-05-09,2022-05-16,NOT_NEXT_SESSION(missed=4)
REGENCERAM.NS,2022-05-16,2022-05-23,NOT_NEXT_SESSION(missed=4)
REGENCERAM.NS,2022-05-23,2022-05-30,NOT_NEXT_SESSION(missed=4)
REGENCERAM.NS,2022-05-30,2022-06-20,NOT_NEXT_SESSION(missed=14)
REGENCERAM.NS,2022-06-27,2022-06-30,NOT_NEXT_SESSION(missed=2)
REGENCERAM.NS,2023-06-16,2023-06-26,NOT_NEXT_SESSION(missed=5)
REGENCERAM.NS,2023-06-26,2023-07-03,NOT_NEXT_SESSION(missed=3)
REGENCERAM.NS,2023-07-03,2023-07-10,NOT_NEXT_SESSION(missed=4)
REGENCERAM.NS,2023-07-10,2023-07-17,NOT_NEXT_SESSION(missed=4)
REGENCERAM.NS,2023-07-17,2023-07-24,NOT_NEXT_SESSION(missed=4)
REGENCERAM.NS,2024-03-01,2024-03-04,NOT_NEXT_SESSION(missed=1)
REGENCERAM.NS,2024-04-08,2024-04-10,NOT_NEXT_SESSION(missed=1)
REGENCERAM.NS,2024-05-17,2024-05-21,NOT_NEXT_SESSION(missed=1)
RELIABLE.NS,2019-04-26,2019-05-07,NOT_NEXT_SESSION(missed=4)
RELIABLE.NS,2019-05-08,2019-05-10,NOT_NEXT_SESSION(missed=1)
RELIABLE.NS,2019-05-10,2019-05-14,NOT_NEXT_SESSION(missed=1)
RELIABLE.NS,2019-05-14,2019-05-17,NOT_NEXT_SESSION(missed=2)
RELIABLE.NS,2019-05-17,2019-06-06,NOT_NEXT_SESSION(missed=12)
RELIABLE.NS,2019-06-12,2019-06-14,NOT_NEXT_SESSION(missed=1)
RELIABLE.NS,2019-06-26,2019-06-28,NOT_NEXT_SESSION(missed=1)
RELIABLE.NS,2019-06-28,2019-07-02,NOT_NEXT_SESSION(missed=1)
RELIABLE.NS,2019-07-02,2019-07-05,NOT_NEXT_SESSION(missed=2)
RELIABLE.NS,2019-07-05,2019-07-10,NOT_NEXT_SESSION(missed=2)
RELIABLE.NS,2019-07-10,2019-07-15,NOT_NEXT_SESSION(missed=2)
RELIABLE.NS,2019-07-16,2019-07-18,NOT_NEXT_SESSION(missed=1)
RELIABLE.NS,2019-07-23,2019-07-25,NOT_NEXT_SESSION(missed=1)
RELIABLE.NS,2019-07-26,2019-08-01,NOT_NEXT_SESSION(missed=3)
RELIABLE.NS,2019-08-01,2019-08-05,NOT_NEXT_SESSION(missed=1)
RELIABLE.NS,2019-08-09,2019-08-14,NOT_NEXT_SESSION(missed=1)
RELIABLE.NS,2019-08-14,2019-08-19,NOT_NEXT_SESSION(missed=1)
RELIABLE.NS,2019-08-20,2019-09-04,NOT_NEXT_SESSION(missed=9)
RELIABLE.NS,2019-09-04,2019-09-06,NOT_NEXT_SESSION(missed=1)
RELIABLE.NS,2019-09-09,2019-09-12,NOT_NEXT_SESSION(missed=1)
RELIABLE.NS,2019-09-12,2019-09-16,NOT_NEXT_SESSION(missed=1)
RELIABLE.NS,2019-09-16,2019-09-20,NOT_NEXT_SESSION(missed=3)
RELIABLE.NS,2019-09-24,2019-09-26,NOT_NEXT_SESSION(missed=1)
RELIABLE.NS,2019-09-27,2019-10-01,NOT_NEXT_SESSION(missed=1)
RELIABLE.NS,2019-10-01,2019-10-07,NOT_NEXT_SESSION(missed=2)
RELIABLE.NS,2019-10-07,2019-10-11,NOT_NEXT_SESSION(missed=2)
RELIABLE.NS,2019-10-11,2019-10-18,NOT_NEXT_SESSION(missed=4)
RELIABLE.NS,2019-10-18,2019-10-29,NOT_NEXT_SESSION(missed=5)
RELIABLE.NS,2019-10-30,2019-11-01,NOT_NEXT_SESSION(missed=1)
RELIABLE.NS,2019-11-06,2019-11-11,NOT_NEXT_SESSION(missed=2)
RELIABLE.NS,2019-11-11,2019-11-14,NOT_NEXT_SESSION(missed=1)
RELIABLE.NS,2019-11-14,2019-11-18,NOT_NEXT_SESSION(missed=1)
RELIABLE.NS,2019-11-19,2019-11-21,NOT_NEXT_SESSION(missed=1)
RELIABLE.NS,2019-11-25,2019-11-28,NOT_NEXT_SESSION(missed=2)
RELIABLE.NS,2019-11-28,2019-12-02,NOT_NEXT_SESSION(missed=1)
RELIABLE.NS,2019-12-02,2019-12-06,NOT_NEXT_SESSION(missed=3)
RELIABLE.NS,2019-12-06,2019-12-10,NOT_NEXT_SESSION(missed=1)
RELIABLE.NS,2019-12-10,2019-12-16,NOT_NEXT_SESSION(missed=3)
RELIABLE.NS,2019-12-16,2019-12-23,NOT_NEXT_SESSION(missed=4)
RELIABLE.NS,2019-12-26,2019-12-31,NOT_NEXT_SESSION(missed=2)
RELIABLE.NS,2019-12-31,2020-01-03,NOT_NEXT_SESSION(missed=2)
RELIABLE.NS,2020-01-09,2020-01-13,NOT_NEXT_SESSION(missed=1)
RELIABLE.NS,2020-01-13,2020-01-16,NOT_NEXT_SESSION(missed=2)
RELIABLE.NS,2020-01-16,2020-01-20,NOT_NEXT_SESSION(missed=1)
RELIABLE.NS,2020-01-20,2020-01-27,NOT_NEXT_SESSION(missed=4)
RELIABLE.NS,2020-01-27,2020-01-30,NOT_NEXT_SESSION(missed=2)
RELIABLE.NS,2020-01-30,2020-02-03,NOT_NEXT_SESSION(missed=2)
RELIABLE.NS,2020-02-03,2020-02-06,NOT_NEXT_SESSION(missed=2)
RELIABLE.NS,2020-02-07,2020-02-11,NOT_NEXT_SESSION(missed=1)
RELIABLE.NS,2020-02-11,2020-02-17,NOT_NEXT_SESSION(missed=3)
RELIABLE.NS,2020-03-18,2020-03-20,NOT_NEXT_SESSION(missed=1)
RELIABLE.NS,2020-04-29,2020-05-04,NOT_NEXT_SESSION(missed=1)
RELIABLE.NS,2020-05-08,2020-05-13,NOT_NEXT_SESSION(missed=2)
RELIABLE.NS,2020-08-07,2020-08-11,NOT_NEXT_SESSION(missed=1)
RELIABLE.NS,2020-08-13,2020-08-17,NOT_NEXT_SESSION(missed=1)
RELIABLE.NS,2020-08-18,2020-08-20,NOT_NEXT_SESSION(missed=1)
RELIABLE.NS,2020-08-21,2020-08-25,NOT_NEXT_SESSION(missed=1)
RELIABLE.NS,2020-08-31,2020-09-02,NOT_NEXT_SESSION(missed=1)
RELIABLE.NS,2020-09-04,2020-09-08,NOT_NEXT_SESSION(missed=1)
RELIABLE.NS,2020-09-11,2020-09-15,NOT_NEXT_SESSION(missed=1)
RELIABLE.NS,2020-09-15,2020-09-22,NOT_NEXT_SESSION(missed=4)
RELIABLE.NS,2020-09-24,2020-09-29,NOT_NEXT_SESSION(missed=2)
RELIABLE.NS,2020-09-30,2020-10-07,NOT_NEXT_SESSION(missed=3)
RELIABLE.NS,2020-10-07,2020-10-09,NOT_NEXT_SESSION(missed=1)
RELIABLE.NS,2020-10-12,2020-10-14,NOT_NEXT_SESSION(missed=1)
RELIABLE.NS,2020-10-16,2020-10-22,NOT_NEXT_SESSION(missed=3)
RELIABLE.NS,2020-10-22,2020-10-26,NOT_NEXT_SESSION(missed=1)
RELIABLE.NS,2020-10-26,2020-10-28,NOT_NEXT_SESSION(missed=1)
RELIABLE.NS,2020-10-29,2020-11-06,NOT_NEXT_SESSION(missed=5)
RELIABLE.NS,2020-11-06,2020-11-18,NOT_NEXT_SESSION(missed=7)
RELIABLE.NS,2020-11-18,2020-11-26,NOT_NEXT_SESSION(missed=5)
RELIABLE.NS,2020-11-26,2020-12-07,NOT_NEXT_SESSION(missed=5)
RELIABLE.NS,2020-12-07,2020-12-10,NOT_NEXT_SESSION(missed=2)
RELIABLE.NS,2020-12-10,2020-12-14,NOT_NEXT_SESSION(missed=1)
RELIABLE.NS,2020-12-14,2020-12-16,NOT_NEXT_SESSION(missed=1)
RELIABLE.NS,2020-12-17,2021-01-14,NOT_NEXT_SESSION(missed=18)
RELIABLE.NS,2021-01-15,2021-01-19,NOT_NEXT_SESSION(missed=1)
RELIABLE.NS,2021-01-19,2021-01-28,NOT_NEXT_SESSION(missed=5)
RELIABLE.NS,2021-01-28,2021-02-08,NOT_NEXT_SESSION(missed=6)
RELIABLE.NS,2021-02-08,2021-03-04,NOT_NEXT_SESSION(missed=17)
RELIABLE.NS,2021-03-04,2021-03-09,NOT_NEXT_SESSION(missed=2)
RELIABLE.NS,2021-03-10,2021-03-26,NOT_NEXT_SESSION(missed=10)
RELIABLE.NS,2021-03-26,2021-04-05,NOT_NEXT_SESSION(missed=3)
RELIABLE.NS,2021-04-05,2021-04-08,NOT_NEXT_SESSION(missed=2)
RELIABLE.NS,2021-04-09,2021-04-13,NOT_NEXT_SESSION(missed=1)
RELIABLE.NS,2021-04-19,2021-04-22,NOT_NEXT_SESSION(missed=1)
RELIABLE.NS,2021-04-22,2021-05-12,NOT_NEXT_SESSION(missed=13)
RELIABLE.NS,2021-05-18,2021-05-20,NOT_NEXT_SESSION(missed=1)
RELIABLE.NS,2021-05-20,2021-05-31,NOT_NEXT_SESSION(missed=6)
RELIABLE.NS,2021-05-31,2021-06-03,NOT_NEXT_SESSION(missed=2)
RELIABLE.NS,2021-06-09,2021-06-11,NOT_NEXT_SESSION(missed=1)
RELIABLE.NS,2021-06-14,2021-06-17,NOT_NEXT_SESSION(missed=2)
RELIABLE.NS,2021-06-17,2021-06-21,NOT_NEXT_SESSION(missed=1)
RELIABLE.NS,2021-06-21,2021-06-25,NOT_NEXT_SESSION(missed=3)
RELIABLE.NS,2021-06-28,2021-07-07,NOT_NEXT_SESSION(missed=6)
RELIABLE.NS,2021-07-07,2021-07-16,NOT_NEXT_SESSION(missed=6)
RELIABLE.NS,2021-07-20,2021-07-23,NOT_NEXT_SESSION(missed=1)
RELIABLE.NS,2021-07-23,2021-07-29,NOT_NEXT_SESSION(missed=3)
RELIABLE.NS,2021-07-29,2021-08-03,NOT_NEXT_SESSION(missed=2)
RELIABLE.NS,2021-08-03,2021-08-23,NOT_NEXT_SESSION(missed=12)
RELIABLE.NS,2021-08-24,2021-08-26,NOT_NEXT_SESSION(missed=1)
RELIABLE.NS,2021-08-26,2021-09-08,NOT_NEXT_SESSION(missed=8)
RELIABLE.NS,2021-09-08,2021-09-14,NOT_NEXT_SESSION(missed=2)
RELIABLE.NS,2021-09-22,2021-09-28,NOT_NEXT_SESSION(missed=3)
RELIABLE.NS,2021-09-28,2021-10-04,NOT_NEXT_SESSION(missed=3)
RELIABLE.NS,2021-10-04,2021-10-06,NOT_NEXT_SESSION(missed=1)
RELIABLE.NS,2021-10-07,2021-10-19,NOT_NEXT_SESSION(missed=6)
RELIABLE.NS,2021-10-20,2021-10-28,NOT_NEXT_SESSION(missed=5)
RELIABLE.NS,2021-10-28,2021-11-09,NOT_NEXT_SESSION(missed=6)
RELIABLE.NS,2021-11-09,2021-11-16,NOT_NEXT_SESSION(missed=4)
RELIABLE.NS,2021-11-16,2021-12-02,NOT_NEXT_SESSION(missed=10)
RELIABLE.NS,2021-12-03,2021-12-29,NOT_NEXT_SESSION(missed=17)
RELIABLE.NS,2022-01-04,2022-01-10,NOT_NEXT_SESSION(missed=3)
RELIABLE.NS,2022-01-12,2022-01-17,NOT_NEXT_SESSION(missed=2)
RELIABLE.NS,2022-01-18,2022-01-20,NOT_NEXT_SESSION(missed=1)
RELIABLE.NS,2022-02-07,2022-02-09,NOT_NEXT_SESSION(missed=1)
RELIABLE.NS,2022-02-17,2022-02-21,NOT_NEXT_SESSION(missed=1)
RELIABLE.NS,2022-02-21,2022-02-24,NOT_NEXT_SESSION(missed=2)
RELIABLE.NS,2022-02-24,2022-02-28,NOT_NEXT_SESSION(missed=1)
RELIABLE.NS,2022-02-28,2022-03-10,NOT_NEXT_SESSION(missed=6)
RELIABLE.NS,2022-03-10,2022-03-15,NOT_NEXT_SESSION(missed=2)
RELIABLE.NS,2022-03-17,2022-03-25,NOT_NEXT_SESSION(missed=4)
RELIABLE.NS,2022-03-25,2022-03-29,NOT_NEXT_SESSION(missed=1)
RELIABLE.NS,2022-03-30,2022-04-19,NOT_NEXT_SESSION(missed=11)
RELIABLE.NS,2022-04-19,2022-04-21,NOT_NEXT_SESSION(missed=1)
RELIABLE.NS,2022-04-29,2022-05-05,NOT_NEXT_SESSION(missed=2)
RELIABLE.NS,2022-05-05,2022-06-07,NOT_NEXT_SESSION(missed=22)
RELIABLE.NS,2022-06-07,2022-07-01,NOT_NEXT_SESSION(missed=17)
RELIABLE.NS,2022-07-18,2022-07-20,NOT_NEXT_SESSION(missed=1)
RELIABLE.NS,2022-07-22,2022-07-28,NOT_NEXT_SESSION(missed=3)
RELIABLE.NS,2022-07-28,2022-08-02,NOT_NEXT_SESSION(missed=2)
RELIABLE.NS,2022-08-03,2022-08-05,NOT_NEXT_SESSION(missed=1)
RELIABLE.NS,2022-08-05,2022-08-17,NOT_NEXT_SESSION(missed=5)
RELIABLE.NS,2022-08-18,2022-08-22,NOT_NEXT_SESSION(missed=1)
RELIABLE.NS,2022-08-22,2022-09-02,NOT_NEXT_SESSION(missed=7)
RELIABLE.NS,2022-09-06,2022-09-19,NOT_NEXT_SESSION(missed=8)
RELIABLE.NS,2022-09-21,2022-10-04,NOT_NEXT_SESSION(missed=8)
RELIABLE.NS,2022-10-06,2022-10-19,NOT_NEXT_SESSION(missed=8)
RELIABLE.NS,2022-10-19,2022-10-21,NOT_NEXT_SESSION(missed=1)
RELIABLE.NS,2022-10-21,2022-11-28,NOT_NEXT_SESSION(missed=23)
RELIABLE.NS,2022-11-29,2022-12-02,NOT_NEXT_SESSION(missed=2)
RELIABLE.NS,2022-12-07,2022-12-30,NOT_NEXT_SESSION(missed=16)
RELIABLE.NS,2023-01-10,2023-01-18,NOT_NEXT_SESSION(missed=5)
RELIABLE.NS,2023-01-18,2023-02-02,NOT_NEXT_SESSION(missed=9)
RELIABLE.NS,2023-02-03,2023-02-27,NOT_NEXT_SESSION(missed=15)
RELIABLE.NS,2023-02-27,2023-03-16,NOT_NEXT_SESSION(missed=11)
RELIABLE.NS,2023-03-16,2023-04-05,NOT_NEXT_SESSION(missed=11)
RELIABLE.NS,2023-04-06,2023-04-17,NOT_NEXT_SESSION(missed=4)
RELIABLE.NS,2023-04-17,2023-04-24,NOT_NEXT_SESSION(missed=4)
RELIABLE.NS,2023-04-26,2023-05-02,NOT_NEXT_SESSION(missed=2)
RELIABLE.NS,2023-05-03,2023-05-05,NOT_NEXT_SESSION(missed=1)
RELIABLE.NS,2023-05-09,2023-05-19,NOT_NEXT_SESSION(missed=7)
RELIABLE.NS,2023-05-22,2023-05-31,NOT_NEXT_SESSION(missed=6)
RELIABLE.NS,2023-05-31,2023-06-02,NOT_NEXT_SESSION(missed=1)
RELIABLE.NS,2023-06-02,2023-07-03,NOT_NEXT_SESSION(missed=19)
RELIABLE.NS,2023-07-03,2023-07-10,NOT_NEXT_SESSION(missed=4)
RELIABLE.NS,2023-07-11,2023-07-24,NOT_NEXT_SESSION(missed=8)
RELIABLE.NS,2023-07-24,2023-07-26,NOT_NEXT_SESSION(missed=1)
RELIABLE.NS,2023-07-26,2023-08-08,NOT_NEXT_SESSION(missed=8)
RELIABLE.NS,2023-08-08,2023-08-10,NOT_NEXT_SESSION(missed=1)
RELIABLE.NS,2023-08-10,2023-08-17,NOT_NEXT_SESSION(missed=3)
RELIABLE.NS,2023-08-18,2023-08-24,NOT_NEXT_SESSION(missed=3)
RELIABLE.NS,2023-08-24,2023-08-29,NOT_NEXT_SESSION(missed=2)
RELIABLE.NS,2023-08-31,2023-09-04,NOT_NEXT_SESSION(missed=1)
RELIABLE.NS,2023-09-06,2023-09-12,NOT_NEXT_SESSION(missed=3)
RELIABLE.NS,2023-09-12,2023-09-15,NOT_NEXT_SESSION(missed=2)
RELIABLE.NS,2023-09-27,2023-10-03,NOT_NEXT_SESSION(missed=2)
RELIABLE.NS,2023-10-03,2023-10-06,NOT_NEXT_SESSION(missed=2)
RELIABLE.NS,2023-10-09,2023-10-11,NOT_NEXT_SESSION(missed=1)
RELIABLE.NS,2023-10-11,2023-10-17,NOT_NEXT_SESSION(missed=3)
RELIABLE.NS,2023-10-26,2023-10-31,NOT_NEXT_SESSION(missed=2)
RELIABLE.NS,2023-10-31,2023-11-09,NOT_NEXT_SESSION(missed=6)
RELIABLE.NS,2023-11-10,2023-12-04,NOT_NEXT_SESSION(missed=14)
RELIABLE.NS,2023-12-04,2023-12-12,NOT_NEXT_SESSION(missed=5)
RELIABLE.NS,2023-12-12,2023-12-15,NOT_NEXT_SESSION(missed=2)
RELIABLE.NS,2023-12-19,2024-01-12,NOT_NEXT_SESSION(missed=16)
RELIABLE.NS,2024-01-12,2024-01-18,NOT_NEXT_SESSION(missed=3)
RELIABLE.NS,2024-01-25,2024-01-31,NOT_NEXT_SESSION(missed=2)
RELIABLE.NS,2024-01-31,2024-02-02,NOT_NEXT_SESSION(missed=1)
RELIABLE.NS,2024-02-02,2024-02-13,NOT_NEXT_SESSION(missed=6)
RELIABLE.NS,2024-02-13,2024-02-15,NOT_NEXT_SESSION(missed=1)
RELIABLE.NS,2024-02-15,2024-02-21,NOT_NEXT_SESSION(missed=3)
RELIABLE.NS,2024-02-21,2024-02-23,NOT_NEXT_SESSION(missed=1)
RELIABLE.NS,2024-02-23,2024-02-28,NOT_NEXT_SESSION(missed=2)
RELIABLE.NS,2024-02-28,2024-03-01,NOT_NEXT_SESSION(missed=1)
RELIABLE.NS,2024-03-01,2024-03-11,NOT_NEXT_SESSION(missed=5)
RELIABLE.NS,2024-03-11,2024-03-21,NOT_NEXT_SESSION(missed=7)
RELIABLE.NS,2024-03-21,2024-04-01,NOT_NEXT_SESSION(missed=4)
RELIABLE.NS,2024-04-04,2024-04-15,NOT_NEXT_SESSION(missed=5)
RELIABLE.NS,2024-04-15,2024-04-23,NOT_NEXT_SESSION(missed=4)
RELIABLE.NS,2024-04-23,2024-05-02,NOT_NEXT_SESSION(missed=5)
RELIABLE.NS,2024-05-02,2024-05-06,NOT_NEXT_SESSION(missed=1)
RELIABLE.NS,2024-05-07,2024-05-10,NOT_NEXT_SESSION(missed=2)
RELIABLE.NS,2024-05-10,2024-05-16,NOT_NEXT_SESSION(missed=3)
RELIABLE.NS,2024-05-17,2024-05-27,NOT_NEXT_SESSION(missed=5)
RELIABLE.NS,2024-05-27,2024-05-30,NOT_NEXT_SESSION(missed=2)
RELIABLE.NS,2024-06-03,2024-06-11,NOT_NEXT_SESSION(missed=5)
RELIABLE.NS,2024-06-27,2024-07-01,NOT_NEXT_SESSION(missed=1)
RELIABLE.NS,2024-07-05,2024-07-09,NOT_NEXT_SESSION(missed=1)
RELIABLE.NS,2024-10-24,2024-10-28,NOT_NEXT_SESSION(missed=1)
RELIANCE.NS,2017-10-18,2017-10-19,UNRESOLVED_SESSION
RELIANCE.NS,2017-10-19,2017-10-23,UNRESOLVED_SESSION
RELIANCE.NS,2018-11-06,2018-11-07,UNRESOLVED_SESSION
RELIANCE.NS,2018-11-07,2018-11-09,UNRESOLVED_SESSION
REMSONSIND.NS,2018-12-26,2018-12-28,NOT_NEXT_SESSION(missed=1)
REMSONSIND.NS,2018-12-31,2019-01-02,NOT_NEXT_SESSION(missed=1)
REMSONSIND.NS,2020-01-28,2020-01-30,NOT_NEXT_SESSION(missed=1)
RKDL.NS,2021-11-22,2021-11-29,NOT_NEXT_SESSION(missed=4)
RKDL.NS,2021-11-29,2021-12-06,NOT_NEXT_SESSION(missed=4)
RKDL.NS,2021-12-06,2021-12-13,NOT_NEXT_SESSION(missed=4)
RKDL.NS,2021-12-13,2021-12-20,NOT_NEXT_SESSION(missed=4)
RKDL.NS,2021-12-20,2021-12-27,NOT_NEXT_SESSION(missed=4)
RKDL.NS,2021-12-27,2022-01-03,NOT_NEXT_SESSION(missed=4)
RKDL.NS,2022-01-03,2022-01-10,NOT_NEXT_SESSION(missed=4)
RKDL.NS,2022-01-10,2022-01-17,NOT_NEXT_SESSION(missed=4)
RKDL.NS,2022-01-17,2022-01-24,NOT_NEXT_SESSION(missed=4)
RKDL.NS,2022-01-24,2022-01-31,NOT_NEXT_SESSION(missed=3)
RKDL.NS,2022-01-31,2022-02-07,NOT_NEXT_SESSION(missed=4)
RKDL.NS,2022-02-07,2022-02-14,NOT_NEXT_SESSION(missed=4)
RKDL.NS,2022-02-14,2022-02-21,NOT_NEXT_SESSION(missed=4)
RKDL.NS,2023-05-16,2023-05-22,NOT_NEXT_SESSION(missed=3)
RKDL.NS,2023-05-22,2023-05-29,NOT_NEXT_SESSION(missed=4)
RKDL.NS,2023-05-29,2023-06-05,NOT_NEXT_SESSION(missed=4)
RKDL.NS,2023-06-05,2023-06-12,NOT_NEXT_SESSION(missed=4)
RKDL.NS,2023-06-12,2023-06-19,NOT_NEXT_SESSION(missed=4)
RKDL.NS,2023-06-19,2023-06-26,NOT_NEXT_SESSION(missed=4)
RKDL.NS,2023-06-26,2023-07-03,NOT_NEXT_SESSION(missed=3)
RKDL.NS,2023-07-03,2023-07-10,NOT_NEXT_SESSION(missed=4)
RKDL.NS,2023-07-10,2023-07-17,NOT_NEXT_SESSION(missed=4)
RKDL.NS,2023-07-17,2023-07-24,NOT_NEXT_SESSION(missed=4)
RKDL.NS,2023-07-24,2023-07-31,NOT_NEXT_SESSION(missed=4)
RKDL.NS,2023-07-31,2023-08-07,NOT_NEXT_SESSION(missed=4)
RKDL.NS,2023-08-07,2023-08-09,NOT_NEXT_SESSION(missed=1)
RKEC.NS,2019-04-01,2019-04-03,NOT_NEXT_SESSION(missed=1)
RKEC.NS,2019-04-05,2019-04-09,NOT_NEXT_SESSION(missed=1)
RKEC.NS,2019-04-09,2019-04-11,NOT_NEXT_SESSION(missed=1)
RKEC.NS,2019-04-11,2019-04-15,NOT_NEXT_SESSION(missed=1)
RKEC.NS,2019-04-16,2019-04-22,NOT_NEXT_SESSION(missed=1)
RKEC.NS,2019-04-25,2019-04-30,NOT_NEXT_SESSION(missed=1)
RKEC.NS,2019-05-06,2019-05-13,NOT_NEXT_SESSION(missed=4)
RKEC.NS,2019-05-15,2019-05-17,NOT_NEXT_SESSION(missed=1)
RKEC.NS,2019-05-17,2019-05-21,NOT_NEXT_SESSION(missed=1)
RKEC.NS,2019-05-28,2019-05-30,NOT_NEXT_SESSION(missed=1)
RKEC.NS,2019-06-03,2019-06-06,NOT_NEXT_SESSION(missed=1)
RKEC.NS,2019-06-07,2019-06-12,NOT_NEXT_SESSION(missed=2)
RKEC.NS,2019-06-12,2019-06-18,NOT_NEXT_SESSION(missed=3)
RKEC.NS,2019-06-18,2019-06-25,NOT_NEXT_SESSION(missed=4)
RKEC.NS,2019-06-26,2019-06-28,NOT_NEXT_SESSION(missed=1)
RKEC.NS,2019-06-28,2019-07-02,NOT_NEXT_SESSION(missed=1)
RKEC.NS,2019-07-09,2019-07-11,NOT_NEXT_SESSION(missed=1)
RKEC.NS,2019-07-17,2019-07-19,NOT_NEXT_SESSION(missed=1)
RKEC.NS,2019-07-19,2019-07-24,NOT_NEXT_SESSION(missed=2)
RKEC.NS,2019-07-24,2019-07-26,NOT_NEXT_SESSION(missed=1)
RKEC.NS,2019-08-01,2019-08-06,NOT_NEXT_SESSION(missed=2)
RKEC.NS,2019-08-06,2019-08-09,NOT_NEXT_SESSION(missed=2)
RKEC.NS,2019-08-22,2019-08-26,NOT_NEXT_SESSION(missed=1)
RKEC.NS,2019-10-03,2019-10-07,NOT_NEXT_SESSION(missed=1)
RKEC.NS,2019-10-14,2019-10-17,NOT_NEXT_SESSION(missed=2)
RKEC.NS,2019-10-25,2019-10-29,NOT_NEXT_SESSION(missed=1)
RKEC.NS,2019-11-29,2019-12-03,NOT_NEXT_SESSION(missed=1)
RKEC.NS,2019-12-05,2019-12-13,NOT_NEXT_SESSION(missed=5)
RKEC.NS,2019-12-13,2019-12-17,NOT_NEXT_SESSION(missed=1)
RKEC.NS,2019-12-23,2019-12-27,NOT_NEXT_SESSION(missed=2)
RKEC.NS,2019-12-31,2020-01-02,NOT_NEXT_SESSION(missed=1)
RKEC.NS,2020-01-09,2020-01-13,NOT_NEXT_SESSION(missed=1)
RKEC.NS,2020-01-13,2020-01-15,NOT_NEXT_SESSION(missed=1)
RKEC.NS,2020-01-24,2020-01-28,NOT_NEXT_SESSION(missed=1)
RKEC.NS,2020-01-29,2020-02-01,NOT_NEXT_SESSION(missed=2)
RKEC.NS,2020-02-05,2020-02-07,NOT_NEXT_SESSION(missed=1)
RKEC.NS,2020-02-07,2020-02-11,NOT_NEXT_SESSION(missed=1)
RKEC.NS,2020-02-12,2020-02-17,NOT_NEXT_SESSION(missed=2)
RKEC.NS,2020-03-27,2020-03-31,NOT_NEXT_SESSION(missed=1)
RKEC.NS,2020-04-15,2020-04-20,NOT_NEXT_SESSION(missed=2)
RKEC.NS,2020-04-23,2020-04-27,NOT_NEXT_SESSION(missed=1)
RKEC.NS,2020-04-28,2020-05-11,NOT_NEXT_SESSION(missed=7)
RKEC.NS,2020-05-11,2020-05-13,NOT_NEXT_SESSION(missed=1)
RKEC.NS,2020-05-18,2020-05-22,NOT_NEXT_SESSION(missed=3)
RKEC.NS,2020-05-28,2020-06-01,NOT_NEXT_SESSION(missed=1)
RKEC.NS,2020-06-04,2020-06-08,NOT_NEXT_SESSION(missed=1)
RKEC.NS,2020-06-10,2020-06-12,NOT_NEXT_SESSION(missed=1)
RKEC.NS,2020-06-12,2020-06-16,NOT_NEXT_SESSION(missed=1)
RKEC.NS,2020-06-16,2020-06-18,NOT_NEXT_SESSION(missed=1)
RKEC.NS,2020-06-18,2020-06-22,NOT_NEXT_SESSION(missed=1)
RKEC.NS,2020-07-02,2020-07-07,NOT_NEXT_SESSION(missed=2)
RKEC.NS,2020-07-08,2020-07-14,NOT_NEXT_SESSION(missed=3)
RKEC.NS,2020-07-14,2020-07-16,NOT_NEXT_SESSION(missed=1)
RKEC.NS,2020-07-16,2020-07-20,NOT_NEXT_SESSION(missed=1)
RKEC.NS,2020-07-22,2020-07-24,NOT_NEXT_SESSION(missed=1)
RKEC.NS,2020-07-24,2020-07-29,NOT_NEXT_SESSION(missed=2)
RKEC.NS,2020-08-06,2020-08-10,NOT_NEXT_SESSION(missed=1)
RKEC.NS,2020-08-12,2020-08-14,NOT_NEXT_SESSION(missed=1)
RKEC.NS,2020-08-14,2020-08-18,NOT_NEXT_SESSION(missed=1)
RKEC.NS,2020-08-19,2020-08-21,NOT_NEXT_SESSION(missed=1)
RKEC.NS,2020-09-03,2020-09-08,NOT_NEXT_SESSION(missed=2)
RKEC.NS,2020-09-11,2020-09-15,NOT_NEXT_SESSION(missed=1)
RKEC.NS,2020-09-22,2020-09-24,NOT_NEXT_SESSION(missed=1)
RKEC.NS,2020-09-30,2020-10-05,NOT_NEXT_SESSION(missed=1)
RKEC.NS,2020-10-06,2020-10-08,NOT_NEXT_SESSION(missed=1)
RKEC.NS,2020-10-16,2020-10-21,NOT_NEXT_SESSION(missed=2)
RKEC.NS,2020-10-27,2020-10-29,NOT_NEXT_SESSION(missed=1)
RKEC.NS,2020-10-29,2020-11-04,NOT_NEXT_SESSION(missed=3)
RKEC.NS,2020-11-06,2020-11-10,NOT_NEXT_SESSION(missed=1)
RKEC.NS,2020-11-10,2020-11-12,NOT_NEXT_SESSION(missed=1)
RKEC.NS,2020-11-13,2020-11-17,NOT_NEXT_SESSION(missed=1)
RKEC.NS,2020-11-17,2020-11-19,NOT_NEXT_SESSION(missed=1)
RKEC.NS,2020-12-14,2020-12-16,NOT_NEXT_SESSION(missed=1)
ROML.NS,2023-02-13,2023-02-20,NOT_NEXT_SESSION(missed=4)
ROML.NS,2023-02-20,2023-02-27,NOT_NEXT_SESSION(missed=4)
ROML.NS,2023-02-27,2023-03-01,NOT_NEXT_SESSION(missed=1)
ROSSELLIND.NS,2024-09-19,2024-09-20,EXTREME_RETURN
ROUTE.NS,2017-11-15,2017-11-17,NOT_NEXT_SESSION(missed=1)
ROUTE.NS,2017-11-22,2017-11-24,NOT_NEXT_SESSION(missed=1)
ROUTE.NS,2017-12-20,2017-12-22,NOT_NEXT_SESSION(missed=1)
ROUTE.NS,2017-12-27,2017-12-29,NOT_NEXT_SESSION(missed=1)
ROUTE.NS,2018-02-23,2018-02-28,NOT_NEXT_SESSION(missed=2)
ROUTE.NS,2018-03-19,2018-03-22,NOT_NEXT_SESSION(missed=2)
ROUTE.NS,2018-04-16,2018-04-18,NOT_NEXT_SESSION(missed=1)
ROUTE.NS,2018-04-24,2018-04-26,NOT_NEXT_SESSION(missed=1)
ROUTE.NS,2018-05-10,2018-05-14,NOT_NEXT_SESSION(missed=1)
ROUTE.NS,2018-05-24,2018-05-28,NOT_NEXT_SESSION(missed=1)
ROUTE.NS,2018-05-31,2018-06-04,NOT_NEXT_SESSION(missed=1)
ROUTE.NS,2018-06-25,2018-06-27,NOT_NEXT_SESSION(missed=1)
ROUTE.NS,2018-06-28,2018-07-02,NOT_NEXT_SESSION(missed=1)
ROUTE.NS,2018-09-25,2018-09-27,NOT_NEXT_SESSION(missed=1)
ROUTE.NS,2018-10-22,2018-10-24,NOT_NEXT_SESSION(missed=1)
ROUTE.NS,2018-11-30,2020-09-21,NOT_NEXT_SESSION(missed=446)
RSSOFTWARE.NS,2023-05-04,2023-05-08,NOT_NEXT_SESSION(missed=1)
RSSOFTWARE.NS,2023-07-05,2023-07-10,NOT_NEXT_SESSION(missed=2)
RSSOFTWARE.NS,2023-07-10,2023-07-17,NOT_NEXT_SESSION(missed=4)
RSSOFTWARE.NS,2023-07-17,2023-07-24,NOT_NEXT_SESSION(missed=4)
RTNINDIA.NS,2020-02-05,2020-02-10,NOT_NEXT_SESSION(missed=2)
RTNINDIA.NS,2020-02-10,2020-02-17,NOT_NEXT_SESSION(missed=4)
RTNINDIA.NS,2020-02-17,2020-02-24,NOT_NEXT_SESSION(missed=3)
RTNINDIA.NS,2020-02-24,2020-03-02,NOT_NEXT_SESSION(missed=4)
RTNINDIA.NS,2020-03-02,2020-03-09,NOT_NEXT_SESSION(missed=4)
RTNINDIA.NS,2020-03-09,2020-03-16,NOT_NEXT_SESSION(missed=3)
RTNINDIA.NS,2020-03-16,2020-03-24,NOT_NEXT_SESSION(missed=5)
RUCHINFRA.NS,2018-04-13,2018-04-17,NOT_NEXT_SESSION(missed=1)
RUCHINFRA.NS,2018-06-27,2018-06-29,NOT_NEXT_SESSION(missed=1)
RUCHINFRA.NS,2018-07-09,2018-07-11,NOT_NEXT_SESSION(missed=1)
RUCHINFRA.NS,2018-07-18,2018-07-20,NOT_NEXT_SESSION(missed=1)
RUCHINFRA.NS,2018-11-30,2019-02-21,NOT_NEXT_SESSION(missed=57)
S&SPOWER.NS,2021-10-06,2021-10-11,NOT_NEXT_SESSION(missed=2)
S&SPOWER.NS,2021-12-31,2022-01-12,NOT_NEXT_SESSION(missed=7)
S&SPOWER.NS,2022-01-13,2022-01-17,NOT_NEXT_SESSION(missed=1)
S&SPOWER.NS,2022-01-18,2022-02-01,NOT_NEXT_SESSION(missed=8)
S&SPOWER.NS,2022-02-07,2022-02-14,NOT_NEXT_SESSION(missed=4)
S&SPOWER.NS,2022-04-13,2022-04-25,NOT_NEXT_SESSION(missed=5)
S&SPOWER.NS,2022-04-25,2022-08-01,NOT_NEXT_SESSION(missed=68)
S&SPOWER.NS,2022-08-01,2022-08-30,NOT_NEXT_SESSION(missed=18)
S&SPOWER.NS,2023-01-10,2023-01-12,NOT_NEXT_SESSION(missed=1)
S&SPOWER.NS,2023-02-24,2023-03-06,NOT_NEXT_SESSION(missed=5)
S&SPOWER.NS,2023-03-06,2023-04-26,NOT_NEXT_SESSION(missed=31)
S&SPOWER.NS,2023-04-28,2023-05-04,NOT_NEXT_SESSION(missed=2)
S&SPOWER.NS,2023-05-04,2023-05-16,NOT_NEXT_SESSION(missed=7)
S&SPOWER.NS,2023-05-16,2023-05-18,NOT_NEXT_SESSION(missed=1)
S&SPOWER.NS,2023-05-18,2023-05-22,NOT_NEXT_SESSION(missed=1)
S&SPOWER.NS,2023-05-22,2023-05-24,NOT_NEXT_SESSION(missed=1)
S&SPOWER.NS,2023-05-25,2023-05-30,NOT_NEXT_SESSION(missed=2)
S&SPOWER.NS,2023-06-14,2023-06-19,NOT_NEXT_SESSION(missed=2)
S&SPOWER.NS,2023-07-04,2023-07-10,NOT_NEXT_SESSION(missed=3)
S&SPOWER.NS,2023-07-10,2023-07-17,NOT_NEXT_SESSION(missed=4)
S&SPOWER.NS,2023-07-17,2023-07-24,NOT_NEXT_SESSION(missed=4)
SAGARDEEP.NS,2019-12-13,2019-12-17,NOT_NEXT_SESSION(missed=1)
SAGARDEEP.NS,2019-12-19,2019-12-23,NOT_NEXT_SESSION(missed=1)
SAGARDEEP.NS,2020-02-20,2020-02-25,NOT_NEXT_SESSION(missed=1)
SAGARDEEP.NS,2020-02-26,2020-02-28,NOT_NEXT_SESSION(missed=1)
SAGARDEEP.NS,2020-03-02,2020-03-05,NOT_NEXT_SESSION(missed=2)
SAKAR.NS,2018-09-27,2018-10-04,NOT_NEXT_SESSION(missed=3)
SAKAR.NS,2018-10-04,2018-10-11,NOT_NEXT_SESSION(missed=4)
SAKAR.NS,2018-10-16,2018-10-22,NOT_NEXT_SESSION(missed=2)
SAKAR.NS,2018-10-24,2018-10-26,NOT_NEXT_SESSION(missed=1)
SAKAR.NS,2018-10-26,2018-10-30,NOT_NEXT_SESSION(missed=1)
SAKAR.NS,2018-11-02,2018-11-06,NOT_NEXT_SESSION(missed=1)
SAKAR.NS,2018-11-12,2018-11-16,NOT_NEXT_SESSION(missed=3)
SAKAR.NS,2018-11-16,2018-11-20,NOT_NEXT_SESSION(missed=1)
SAKAR.NS,2018-11-26,2018-11-28,NOT_NEXT_SESSION(missed=1)
SAKAR.NS,2018-11-30,2019-02-21,NOT_NEXT_SESSION(missed=57)
SAKAR.NS,2019-03-07,2019-03-12,NOT_NEXT_SESSION(missed=2)
SAKAR.NS,2019-03-13,2019-03-19,NOT_NEXT_SESSION(missed=3)
SAKAR.NS,2019-03-20,2019-03-26,NOT_NEXT_SESSION(missed=2)
SAKAR.NS,2019-04-01,2019-04-04,NOT_NEXT_SESSION(missed=2)
SAKAR.NS,2019-04-04,2019-04-11,NOT_NEXT_SESSION(missed=4)
SAKAR.NS,2020-03-12,2020-03-16,NOT_NEXT_SESSION(missed=1)
SAKAR.NS,2020-03-18,2020-03-23,NOT_NEXT_SESSION(missed=2)
SAKAR.NS,2020-04-30,2020-05-05,NOT_NEXT_SESSION(missed=1)
SAKHTISUG.NS,2018-11-30,2019-01-09,NOT_NEXT_SESSION(missed=26)
SAKUMA.NS,2017-11-13,2017-11-14,EXTREME_RETURN
SAKUMA.NS,2018-02-06,2018-02-07,EXTREME_RETURN
SALONA.NS,2019-12-12,2019-12-16,NOT_NEXT_SESSION(missed=1)
SALONA.NS,2019-12-24,2019-12-27,NOT_NEXT_SESSION(missed=1)
SALONA.NS,2019-12-27,2019-12-31,NOT_NEXT_SESSION(missed=1)
SALONA.NS,2020-04-07,2020-04-13,NOT_NEXT_SESSION(missed=2)
SALONA.NS,2020-05-14,2020-05-20,NOT_NEXT_SESSION(missed=3)
SALONA.NS,2020-09-29,2020-10-01,NOT_NEXT_SESSION(missed=1)
SAMPANN.NS,2018-09-24,2018-09-27,NOT_NEXT_SESSION(missed=2)
SAMPANN.NS,2018-10-01,2018-10-04,NOT_NEXT_SESSION(missed=1)
SAMPANN.NS,2018-10-09,2018-10-12,NOT_NEXT_SESSION(missed=2)
SAMPANN.NS,2018-10-22,2018-10-24,NOT_NEXT_SESSION(missed=1)
SAMPANN.NS,2018-11-09,2018-11-14,NOT_NEXT_SESSION(missed=2)
SAMPANN.NS,2018-11-30,2019-01-09,NOT_NEXT_SESSION(missed=26)
SAMPANN.NS,2019-01-29,2019-01-31,NOT_NEXT_SESSION(missed=1)
SAMPANN.NS,2019-02-13,2019-02-15,NOT_NEXT_SESSION(missed=1)
SAMPANN.NS,2019-02-18,2019-02-20,NOT_NEXT_SESSION(missed=1)
SAMPANN.NS,2019-02-21,2019-02-25,NOT_NEXT_SESSION(missed=1)
SAMPANN.NS,2019-04-09,2019-04-11,NOT_NEXT_SESSION(missed=1)
SAMPANN.NS,2019-05-03,2019-05-07,NOT_NEXT_SESSION(missed=1)
SAMPANN.NS,2019-05-17,2019-05-21,NOT_NEXT_SESSION(missed=1)
SAMPANN.NS,2019-06-12,2019-06-14,NOT_NEXT_SESSION(missed=1)
SAMPANN.NS,2019-06-19,2019-06-21,NOT_NEXT_SESSION(missed=1)
SAMPANN.NS,2019-07-05,2019-07-10,NOT_NEXT_SESSION(missed=2)
SAMPANN.NS,2019-07-16,2019-07-23,NOT_NEXT_SESSION(missed=4)
SAMPANN.NS,2019-07-24,2019-07-31,NOT_NEXT_SESSION(missed=4)
SAMPANN.NS,2019-09-04,2019-09-06,NOT_NEXT_SESSION(missed=1)
SAMPANN.NS,2019-09-24,2019-09-26,NOT_NEXT_SESSION(missed=1)
SARVESHWAR.NS,2019-07-25,2019-07-29,NOT_NEXT_SESSION(missed=1)
SARVESHWAR.NS,2019-08-09,2019-08-21,NOT_NEXT_SESSION(missed=5)
SARVESHWAR.NS,2019-09-03,2019-09-09,NOT_NEXT_SESSION(missed=3)
SARVESHWAR.NS,2019-09-11,2019-09-13,NOT_NEXT_SESSION(missed=1)
SARVESHWAR.NS,2019-09-13,2019-09-17,NOT_NEXT_SESSION(missed=1)
SARVESHWAR.NS,2019-09-17,2019-09-19,NOT_NEXT_SESSION(missed=1)
SARVESHWAR.NS,2019-09-26,2019-09-30,NOT_NEXT_SESSION(missed=1)
SARVESHWAR.NS,2019-10-11,2019-10-17,NOT_NEXT_SESSION(missed=3)
SARVESHWAR.NS,2019-10-18,2019-10-23,NOT_NEXT_SESSION(missed=1)
SARVESHWAR.NS,2019-10-23,2019-10-25,NOT_NEXT_SESSION(missed=1)
SARVESHWAR.NS,2019-10-25,2019-10-30,NOT_NEXT_SESSION(missed=2)
SARVESHWAR.NS,2019-10-30,2019-11-01,NOT_NEXT_SESSION(missed=1)
SARVESHWAR.NS,2019-11-01,2019-11-13,NOT_NEXT_SESSION(missed=6)
SARVESHWAR.NS,2019-11-18,2019-11-22,NOT_NEXT_SESSION(missed=3)
SARVESHWAR.NS,2019-11-22,2019-11-26,NOT_NEXT_SESSION(missed=1)
SARVESHWAR.NS,2019-12-02,2019-12-04,NOT_NEXT_SESSION(missed=1)
SARVESHWAR.NS,2019-12-04,2019-12-09,NOT_NEXT_SESSION(missed=2)
SARVESHWAR.NS,2019-12-11,2019-12-13,NOT_NEXT_SESSION(missed=1)
SARVESHWAR.NS,2019-12-16,2019-12-18,NOT_NEXT_SESSION(missed=1)
SARVESHWAR.NS,2019-12-18,2019-12-20,NOT_NEXT_SESSION(missed=1)
SARVESHWAR.NS,2019-12-20,2019-12-26,NOT_NEXT_SESSION(missed=2)
SARVESHWAR.NS,2019-12-31,2020-01-02,NOT_NEXT_SESSION(missed=1)
SARVESHWAR.NS,2020-01-02,2020-01-06,NOT_NEXT_SESSION(missed=1)
SARVESHWAR.NS,2020-01-06,2020-01-08,NOT_NEXT_SESSION(missed=1)
SARVESHWAR.NS,2020-01-09,2020-01-13,NOT_NEXT_SESSION(missed=1)
SARVESHWAR.NS,2020-01-14,2020-01-16,NOT_NEXT_SESSION(missed=1)
SARVESHWAR.NS,2020-01-17,2020-01-21,NOT_NEXT_SESSION(missed=1)
SARVESHWAR.NS,2020-02-01,2020-02-04,NOT_NEXT_SESSION(missed=1)
SARVESHWAR.NS,2020-02-06,2020-02-10,NOT_NEXT_SESSION(missed=1)
SARVESHWAR.NS,2020-02-11,2020-02-13,NOT_NEXT_SESSION(missed=1)
SARVESHWAR.NS,2020-02-14,2020-02-18,NOT_NEXT_SESSION(missed=1)
SARVESHWAR.NS,2020-02-26,2020-02-28,NOT_NEXT_SESSION(missed=1)
SARVESHWAR.NS,2020-03-04,2020-03-09,NOT_NEXT_SESSION(missed=2)
SARVESHWAR.NS,2020-03-18,2020-03-20,NOT_NEXT_SESSION(missed=1)
SARVESHWAR.NS,2020-03-24,2020-03-26,NOT_NEXT_SESSION(missed=1)
SARVESHWAR.NS,2020-06-10,2020-06-12,NOT_NEXT_SESSION(missed=1)
SARVESHWAR.NS,2020-07-02,2020-07-06,NOT_NEXT_SESSION(missed=1)
SARVESHWAR.NS,2020-07-20,2020-07-22,NOT_NEXT_SESSION(missed=1)
SARVESHWAR.NS,2020-07-27,2020-07-30,NOT_NEXT_SESSION(missed=2)
SARVESHWAR.NS,2020-08-20,2020-08-24,NOT_NEXT_SESSION(missed=1)
SARVESHWAR.NS,2020-09-02,2020-09-04,NOT_NEXT_SESSION(missed=1)
SARVESHWAR.NS,2020-09-14,2020-09-17,NOT_NEXT_SESSION(missed=2)
SARVESHWAR.NS,2020-09-17,2020-09-22,NOT_NEXT_SESSION(missed=2)
SARVESHWAR.NS,2020-09-22,2020-09-24,NOT_NEXT_SESSION(missed=1)
SARVESHWAR.NS,2020-09-29,2020-10-01,NOT_NEXT_SESSION(missed=1)
SARVESHWAR.NS,2020-10-07,2020-10-09,NOT_NEXT_SESSION(missed=1)
SARVESHWAR.NS,2020-10-14,2020-10-19,NOT_NEXT_SESSION(missed=2)
SARVESHWAR.NS,2020-10-28,2020-10-30,NOT_NEXT_SESSION(missed=1)
SARVESHWAR.NS,2020-11-03,2020-11-05,NOT_NEXT_SESSION(missed=1)
SARVESHWAR.NS,2020-11-09,2020-11-11,NOT_NEXT_SESSION(missed=1)
SARVESHWAR.NS,2020-11-12,2020-11-18,NOT_NEXT_SESSION(missed=3)
SARVESHWAR.NS,2020-11-20,2020-11-24,NOT_NEXT_SESSION(missed=1)
SARVESHWAR.NS,2020-12-04,2020-12-09,NOT_NEXT_SESSION(missed=2)
SARVESHWAR.NS,2020-12-10,2020-12-15,NOT_NEXT_SESSION(missed=2)
SARVESHWAR.NS,2020-12-16,2020-12-22,NOT_NEXT_SESSION(missed=3)
SARVESHWAR.NS,2020-12-22,2020-12-24,NOT_NEXT_SESSION(missed=1)
SARVESHWAR.NS,2021-01-06,2021-01-08,NOT_NEXT_SESSION(missed=1)
SARVESHWAR.NS,2021-01-19,2021-01-21,NOT_NEXT_SESSION(missed=1)
SARVESHWAR.NS,2021-01-28,2021-02-01,NOT_NEXT_SESSION(missed=1)
SARVESHWAR.NS,2021-02-16,2021-02-18,NOT_NEXT_SESSION(missed=1)
SARVESHWAR.NS,2021-02-18,2021-02-22,NOT_NEXT_SESSION(missed=1)
SARVESHWAR.NS,2021-03-03,2021-03-05,NOT_NEXT_SESSION(missed=1)
SARVESHWAR.NS,2021-03-09,2021-03-12,NOT_NEXT_SESSION(missed=1)
SARVESHWAR.NS,2021-03-16,2021-03-18,NOT_NEXT_SESSION(missed=1)
SARVESHWAR.NS,2021-03-22,2021-03-24,NOT_NEXT_SESSION(missed=1)
SARVESHWAR.NS,2021-03-25,2021-03-30,NOT_NEXT_SESSION(missed=1)
SARVESHWAR.NS,2021-04-13,2021-04-16,NOT_NEXT_SESSION(missed=1)
SARVESHWAR.NS,2021-04-16,2021-04-20,NOT_NEXT_SESSION(missed=1)
SARVESHWAR.NS,2021-05-10,2021-05-12,NOT_NEXT_SESSION(missed=1)
SARVESHWAR.NS,2021-05-14,2021-05-18,NOT_NEXT_SESSION(missed=1)
SARVESHWAR.NS,2021-05-24,2021-05-26,NOT_NEXT_SESSION(missed=1)
SARVESHWAR.NS,2021-05-31,2021-06-02,NOT_NEXT_SESSION(missed=1)
SARVESHWAR.NS,2021-06-11,2021-06-15,NOT_NEXT_SESSION(missed=1)
SARVESHWAR.NS,2021-06-18,2021-06-22,NOT_NEXT_SESSION(missed=1)
SARVESHWAR.NS,2021-06-24,2021-06-29,NOT_NEXT_SESSION(missed=2)
SARVESHWAR.NS,2021-06-30,2021-07-02,NOT_NEXT_SESSION(missed=1)
SARVESHWAR.NS,2021-07-02,2021-07-06,NOT_NEXT_SESSION(missed=1)
SARVESHWAR.NS,2021-07-06,2021-07-08,NOT_NEXT_SESSION(missed=1)
SARVESHWAR.NS,2021-07-09,2021-07-15,NOT_NEXT_SESSION(missed=3)
SARVESHWAR.NS,2021-07-15,2021-07-22,NOT_NEXT_SESSION(missed=3)
SARVESHWAR.NS,2021-07-27,2021-07-29,NOT_NEXT_SESSION(missed=1)
SARVESHWAR.NS,2021-11-17,2021-11-22,NOT_NEXT_SESSION(missed=1)
SARVESHWAR.NS,2021-11-24,2021-11-26,NOT_NEXT_SESSION(missed=1)
SARVESHWAR.NS,2021-12-03,2021-12-07,NOT_NEXT_SESSION(missed=1)
SARVESHWAR.NS,2021-12-08,2021-12-10,NOT_NEXT_SESSION(missed=1)
SARVESHWAR.NS,2021-12-10,2021-12-15,NOT_NEXT_SESSION(missed=2)
SARVESHWAR.NS,2022-01-20,2022-01-24,NOT_NEXT_SESSION(missed=1)
SARVESHWAR.NS,2022-03-31,2022-04-04,NOT_NEXT_SESSION(missed=1)
SARVESHWAR.NS,2022-04-04,2022-04-06,NOT_NEXT_SESSION(missed=1)
SARVESHWAR.NS,2022-04-07,2022-04-11,NOT_NEXT_SESSION(missed=1)
SARVESHWAR.NS,2022-04-26,2022-04-28,NOT_NEXT_SESSION(missed=1)
SARVESHWAR.NS,2022-06-14,2022-06-21,NOT_NEXT_SESSION(missed=4)
SARVESHWAR.NS,2022-07-05,2022-07-07,NOT_NEXT_SESSION(missed=1)
SARVESHWAR.NS,2022-07-07,2022-07-11,NOT_NEXT_SESSION(missed=1)
SARVESHWAR.NS,2022-08-02,2022-08-04,NOT_NEXT_SESSION(missed=1)
SARVESHWAR.NS,2022-08-04,2022-08-08,NOT_NEXT_SESSION(missed=1)
SARVESHWAR.NS,2022-08-10,2022-08-16,NOT_NEXT_SESSION(missed=2)
SARVESHWAR.NS,2022-08-18,2022-08-22,NOT_NEXT_SESSION(missed=1)
SARVESHWAR.NS,2022-08-24,2022-08-26,NOT_NEXT_SESSION(missed=1)
SARVESHWAR.NS,2022-09-02,2022-09-06,NOT_NEXT_SESSION(missed=1)
SARVESHWAR.NS,2022-10-20,2022-10-25,NOT_NEXT_SESSION(missed=2)
SECMARK.NS,2026-07-17,2026-07-21,NOT_NEXT_SESSION(missed=1)
SECURKLOUD.NS,2019-11-01,2019-11-25,NOT_NEXT_SESSION(missed=14)
SECURKLOUD.NS,2019-11-25,2019-12-02,NOT_NEXT_SESSION(missed=4)
SECURKLOUD.NS,2019-12-02,2019-12-09,NOT_NEXT_SESSION(missed=4)
SECURKLOUD.NS,2019-12-09,2019-12-16,NOT_NEXT_SESSION(missed=4)
SECURKLOUD.NS,2019-12-16,2019-12-23,NOT_NEXT_SESSION(missed=4)
SECURKLOUD.NS,2019-12-23,2019-12-30,NOT_NEXT_SESSION(missed=3)
SECURKLOUD.NS,2019-12-30,2020-01-13,NOT_NEXT_SESSION(missed=9)
SECURKLOUD.NS,2020-01-13,2020-01-20,NOT_NEXT_SESSION(missed=4)
SECURKLOUD.NS,2020-01-20,2020-01-27,NOT_NEXT_SESSION(missed=4)
SECURKLOUD.NS,2020-01-27,2020-02-03,NOT_NEXT_SESSION(missed=5)
SECURKLOUD.NS,2020-02-03,2020-02-10,NOT_NEXT_SESSION(missed=4)
SECURKLOUD.NS,2020-02-10,2020-02-17,NOT_NEXT_SESSION(missed=4)
SECURKLOUD.NS,2020-02-17,2020-02-24,NOT_NEXT_SESSION(missed=3)
SECURKLOUD.NS,2020-02-24,2020-03-02,NOT_NEXT_SESSION(missed=4)
SECURKLOUD.NS,2020-03-02,2020-03-09,NOT_NEXT_SESSION(missed=4)
SECURKLOUD.NS,2020-03-09,2020-03-16,NOT_NEXT_SESSION(missed=3)
SECURKLOUD.NS,2020-03-16,2020-03-23,NOT_NEXT_SESSION(missed=4)
SECURKLOUD.NS,2020-03-23,2020-03-30,NOT_NEXT_SESSION(missed=4)
SECURKLOUD.NS,2020-03-30,2020-04-07,NOT_NEXT_SESSION(missed=3)
SECURKLOUD.NS,2020-04-07,2020-04-13,NOT_NEXT_SESSION(missed=2)
SECURKLOUD.NS,2020-04-13,2020-04-20,NOT_NEXT_SESSION(missed=3)
SECURKLOUD.NS,2020-04-20,2020-04-27,NOT_NEXT_SESSION(missed=4)
SECURKLOUD.NS,2020-04-27,2020-05-04,NOT_NEXT_SESSION(missed=3)
SECURKLOUD.NS,2020-05-04,2020-05-11,NOT_NEXT_SESSION(missed=4)
SECURKLOUD.NS,2020-05-11,2020-05-18,NOT_NEXT_SESSION(missed=4)
SECURKLOUD.NS,2020-05-18,2020-05-26,NOT_NEXT_SESSION(missed=4)
SECURKLOUD.NS,2020-05-26,2020-09-07,NOT_NEXT_SESSION(missed=73)
SEJALLTD.NS,2018-05-02,2018-05-07,NOT_NEXT_SESSION(missed=2)
SEJALLTD.NS,2018-05-08,2018-05-15,NOT_NEXT_SESSION(missed=4)
SEJALLTD.NS,2018-05-16,2018-05-23,NOT_NEXT_SESSION(missed=4)
SEJALLTD.NS,2018-05-23,2018-05-29,NOT_NEXT_SESSION(missed=3)
SEJALLTD.NS,2018-05-29,2018-05-31,NOT_NEXT_SESSION(missed=1)
SEJALLTD.NS,2018-05-31,2018-06-07,NOT_NEXT_SESSION(missed=4)
SEJALLTD.NS,2018-06-07,2018-06-13,NOT_NEXT_SESSION(missed=3)
SEJALLTD.NS,2018-06-15,2018-06-20,NOT_NEXT_SESSION(missed=2)
SEJALLTD.NS,2018-06-20,2018-06-22,NOT_NEXT_SESSION(missed=1)
SEJALLTD.NS,2018-06-26,2018-06-29,NOT_NEXT_SESSION(missed=2)
SEJALLTD.NS,2018-07-03,2018-07-05,NOT_NEXT_SESSION(missed=1)
SEJALLTD.NS,2018-07-09,2018-07-11,NOT_NEXT_SESSION(missed=1)
SEJALLTD.NS,2018-07-11,2018-07-13,NOT_NEXT_SESSION(missed=1)
SEJALLTD.NS,2018-08-07,2018-08-10,NOT_NEXT_SESSION(missed=2)
SEJALLTD.NS,2018-08-10,2018-08-14,NOT_NEXT_SESSION(missed=1)
SEJALLTD.NS,2018-08-17,2018-08-21,NOT_NEXT_SESSION(missed=1)
SEJALLTD.NS,2018-08-27,2018-08-30,NOT_NEXT_SESSION(missed=2)
SEJALLTD.NS,2018-08-31,2018-09-04,NOT_NEXT_SESSION(missed=1)
SEJALLTD.NS,2018-09-07,2018-09-11,NOT_NEXT_SESSION(missed=1)
SEJALLTD.NS,2018-09-14,2018-09-18,NOT_NEXT_SESSION(missed=1)
SEJALLTD.NS,2018-09-25,2018-09-28,NOT_NEXT_SESSION(missed=2)
SEJALLTD.NS,2018-10-04,2018-10-08,NOT_NEXT_SESSION(missed=1)
SEJALLTD.NS,2018-10-08,2018-10-10,NOT_NEXT_SESSION(missed=1)
SEJALLTD.NS,2018-10-16,2018-10-19,NOT_NEXT_SESSION(missed=1)
SEJALLTD.NS,2018-10-19,2018-10-26,NOT_NEXT_SESSION(missed=4)
SEJALLTD.NS,2018-10-26,2018-10-30,NOT_NEXT_SESSION(missed=1)
SEJALLTD.NS,2018-10-30,2018-11-01,NOT_NEXT_SESSION(missed=1)
SEJALLTD.NS,2018-11-01,2018-11-12,NOT_NEXT_SESSION(missed=4)
SEJALLTD.NS,2018-11-12,2018-11-16,NOT_NEXT_SESSION(missed=3)
SEJALLTD.NS,2018-11-29,2019-02-21,NOT_NEXT_SESSION(missed=58)
SEJALLTD.NS,2019-02-22,2019-02-26,NOT_NEXT_SESSION(missed=1)
SEJALLTD.NS,2019-02-26,2019-03-05,NOT_NEXT_SESSION(missed=3)
SEJALLTD.NS,2019-03-12,2019-03-14,NOT_NEXT_SESSION(missed=1)
SEJALLTD.NS,2019-03-22,2019-03-27,NOT_NEXT_SESSION(missed=2)
SEJALLTD.NS,2019-03-27,2019-03-29,NOT_NEXT_SESSION(missed=1)
SEJALLTD.NS,2019-04-02,2019-04-04,NOT_NEXT_SESSION(missed=1)
SEJALLTD.NS,2019-04-05,2019-04-09,NOT_NEXT_SESSION(missed=1)
SEJALLTD.NS,2019-04-10,2019-04-23,NOT_NEXT_SESSION(missed=6)
SEJALLTD.NS,2019-04-23,2019-04-26,NOT_NEXT_SESSION(missed=2)
SEJALLTD.NS,2019-05-10,2019-05-15,NOT_NEXT_SESSION(missed=2)
SEJALLTD.NS,2019-05-15,2019-05-17,NOT_NEXT_SESSION(missed=1)
SEJALLTD.NS,2019-05-21,2019-05-27,NOT_NEXT_SESSION(missed=3)
SEJALLTD.NS,2019-05-27,2019-05-29,NOT_NEXT_SESSION(missed=1)
SEJALLTD.NS,2019-06-12,2019-06-18,NOT_NEXT_SESSION(missed=3)
SEJALLTD.NS,2019-06-18,2019-06-21,NOT_NEXT_SESSION(missed=2)
SEJALLTD.NS,2019-06-21,2019-06-27,NOT_NEXT_SESSION(missed=3)
SEJALLTD.NS,2019-06-27,2019-07-01,NOT_NEXT_SESSION(missed=1)
SEJALLTD.NS,2019-07-10,2019-07-12,NOT_NEXT_SESSION(missed=1)
SEJALLTD.NS,2019-07-17,2019-07-19,NOT_NEXT_SESSION(missed=1)
SEJALLTD.NS,2019-07-19,2019-07-23,NOT_NEXT_SESSION(missed=1)
SEJALLTD.NS,2019-07-23,2019-07-25,NOT_NEXT_SESSION(missed=1)
SEJALLTD.NS,2019-07-25,2019-07-29,NOT_NEXT_SESSION(missed=1)
SEJALLTD.NS,2019-07-30,2019-08-08,NOT_NEXT_SESSION(missed=6)
SEJALLTD.NS,2019-08-08,2019-08-20,NOT_NEXT_SESSION(missed=5)
SEJALLTD.NS,2019-08-26,2019-08-29,NOT_NEXT_SESSION(missed=2)
SEJALLTD.NS,2019-09-13,2019-09-17,NOT_NEXT_SESSION(missed=1)
SEJALLTD.NS,2019-09-18,2019-09-24,NOT_NEXT_SESSION(missed=3)
SEJALLTD.NS,2019-09-25,2019-10-01,NOT_NEXT_SESSION(missed=3)
SEJALLTD.NS,2019-10-01,2019-10-04,NOT_NEXT_SESSION(missed=1)
SEJALLTD.NS,2019-10-09,2019-10-14,NOT_NEXT_SESSION(missed=2)
SEJALLTD.NS,2019-10-14,2019-10-17,NOT_NEXT_SESSION(missed=2)
SEJALLTD.NS,2019-10-22,2019-10-24,NOT_NEXT_SESSION(missed=1)
SEJALLTD.NS,2019-10-25,2019-10-29,NOT_NEXT_SESSION(missed=1)
SEJALLTD.NS,2019-10-29,2019-10-31,NOT_NEXT_SESSION(missed=1)
SEJALLTD.NS,2019-11-01,2019-11-06,NOT_NEXT_SESSION(missed=2)
SEJALLTD.NS,2019-11-08,2019-11-13,NOT_NEXT_SESSION(missed=1)
SEJALLTD.NS,2019-11-13,2019-11-19,NOT_NEXT_SESSION(missed=3)
SEJALLTD.NS,2019-11-28,2019-12-02,NOT_NEXT_SESSION(missed=1)
SEJALLTD.NS,2019-12-04,2019-12-06,NOT_NEXT_SESSION(missed=1)
SEJALLTD.NS,2019-12-11,2019-12-13,NOT_NEXT_SESSION(missed=1)
SEJALLTD.NS,2019-12-18,2019-12-20,NOT_NEXT_SESSION(missed=1)
SEJALLTD.NS,2019-12-26,2019-12-30,NOT_NEXT_SESSION(missed=1)
SEJALLTD.NS,2019-12-30,2020-01-02,NOT_NEXT_SESSION(missed=2)
SEJALLTD.NS,2020-01-08,2020-01-10,NOT_NEXT_SESSION(missed=1)
SEJALLTD.NS,2020-01-22,2020-01-24,NOT_NEXT_SESSION(missed=1)
SEJALLTD.NS,2020-01-27,2020-01-29,NOT_NEXT_SESSION(missed=1)
SEJALLTD.NS,2020-01-31,2020-02-03,NOT_NEXT_SESSION(missed=1)
SEJALLTD.NS,2020-02-03,2020-02-05,NOT_NEXT_SESSION(missed=1)
SEJALLTD.NS,2020-02-12,2021-12-13,NOT_NEXT_SESSION(missed=453)
SEJALLTD.NS,2021-12-14,2021-12-16,NOT_NEXT_SESSION(missed=1)
SEJALLTD.NS,2021-12-17,2021-12-21,NOT_NEXT_SESSION(missed=1)
SEJALLTD.NS,2022-03-14,2022-03-16,NOT_NEXT_SESSION(missed=1)
SEJALLTD.NS,2022-09-22,2022-09-26,NOT_NEXT_SESSION(missed=1)
SEJALLTD.NS,2022-09-26,2022-10-03,NOT_NEXT_SESSION(missed=4)
SEJALLTD.NS,2022-10-03,2022-10-10,NOT_NEXT_SESSION(missed=3)
SEJALLTD.NS,2022-10-10,2022-10-17,NOT_NEXT_SESSION(missed=4)
SEJALLTD.NS,2022-10-17,2022-10-24,NOT_NEXT_SESSION(missed=4)
SEJALLTD.NS,2022-10-24,2022-10-31,NOT_NEXT_SESSION(missed=3)
SEJALLTD.NS,2023-04-06,2023-04-17,NOT_NEXT_SESSION(missed=4)
SEJALLTD.NS,2023-04-17,2023-04-20,NOT_NEXT_SESSION(missed=2)
SEJALLTD.NS,2024-01-10,2024-01-15,NOT_NEXT_SESSION(missed=2)
SEJALLTD.NS,2024-01-15,2024-01-23,NOT_NEXT_SESSION(missed=5)
SEJALLTD.NS,2024-01-23,2024-01-29,NOT_NEXT_SESSION(missed=2)
SEJALLTD.NS,2024-01-29,2024-02-05,NOT_NEXT_SESSION(missed=4)
SEJALLTD.NS,2024-02-05,2024-02-12,NOT_NEXT_SESSION(missed=4)
SEJALLTD.NS,2024-02-12,2024-02-19,NOT_NEXT_SESSION(missed=4)
SEJALLTD.NS,2024-02-19,2024-02-26,NOT_NEXT_SESSION(missed=4)
SEJALLTD.NS,2024-02-26,2024-03-01,NOT_NEXT_SESSION(missed=3)
SEJALLTD.NS,2024-09-25,2024-09-30,NOT_NEXT_SESSION(missed=2)
SEMAC.NS,2019-04-03,2019-04-05,NOT_NEXT_SESSION(missed=1)
SEMAC.NS,2019-04-16,2019-04-22,NOT_NEXT_SESSION(missed=1)
SEMAC.NS,2019-08-29,2019-09-03,NOT_NEXT_SESSION(missed=1)
SEMAC.NS,2019-12-19,2019-12-23,NOT_NEXT_SESSION(missed=1)
SEMAC.NS,2026-07-22,2026-07-24,NOT_NEXT_SESSION(missed=1)
SEMAC.NS,2026-09-01,2026-09-03,NOT_NEXT_SESSION(missed=1)
SGL.NS,2017-10-18,2017-10-19,UNRESOLVED_SESSION
SGL.NS,2017-10-19,2017-10-23,UNRESOLVED_SESSION
SGL.NS,2018-11-30,2019-01-09,NOT_NEXT_SESSION(missed=26)
SGL.NS,2019-02-13,2019-02-15,NOT_NEXT_SESSION(missed=1)
SGL.NS,2019-02-27,2019-03-01,NOT_NEXT_SESSION(missed=1)
SGL.NS,2019-05-15,2019-05-17,NOT_NEXT_SESSION(missed=1)
SHAHALLOYS.NS,2020-02-11,2020-02-13,NOT_NEXT_SESSION(missed=1)
SHAHALLOYS.NS,2020-03-03,2020-03-06,NOT_NEXT_SESSION(missed=2)
SHAHALLOYS.NS,2020-03-06,2020-03-12,NOT_NEXT_SESSION(missed=2)
SHAHALLOYS.NS,2020-03-16,2020-03-18,NOT_NEXT_SESSION(missed=1)
SHAHALLOYS.NS,2020-03-23,2020-03-25,NOT_NEXT_SESSION(missed=1)
SHAHALLOYS.NS,2020-05-04,2020-05-06,NOT_NEXT_SESSION(missed=1)
SHAHALLOYS.NS,2020-05-13,2020-05-18,NOT_NEXT_SESSION(missed=2)
SHAHALLOYS.NS,2020-07-16,2020-07-20,NOT_NEXT_SESSION(missed=1)
SHAHALLOYS.NS,2020-07-20,2020-07-22,NOT_NEXT_SESSION(missed=1)
SHAHALLOYS.NS,2020-08-03,2020-08-06,NOT_NEXT_SESSION(missed=2)
SHAHALLOYS.NS,2020-09-15,2020-09-17,NOT_NEXT_SESSION(missed=1)
SHAHALLOYS.NS,2020-09-30,2020-10-05,NOT_NEXT_SESSION(missed=1)
SHAHALLOYS.NS,2021-01-18,2021-01-20,NOT_NEXT_SESSION(missed=1)
SHAHALLOYS.NS,2021-05-04,2021-05-10,NOT_NEXT_SESSION(missed=3)
SHAHALLOYS.NS,2021-05-10,2021-05-17,NOT_NEXT_SESSION(missed=3)
SHAHALLOYS.NS,2021-05-17,2021-05-24,NOT_NEXT_SESSION(missed=4)
SHAHALLOYS.NS,2021-05-24,2021-05-31,NOT_NEXT_SESSION(missed=4)
SHAHALLOYS.NS,2021-05-31,2021-06-07,NOT_NEXT_SESSION(missed=4)
SHAHALLOYS.NS,2021-06-07,2021-06-14,NOT_NEXT_SESSION(missed=4)
SHAHALLOYS.NS,2021-06-25,2021-07-05,NOT_NEXT_SESSION(missed=5)
SHAHALLOYS.NS,2021-07-05,2021-07-12,NOT_NEXT_SESSION(missed=4)
SHAHALLOYS.NS,2021-07-12,2021-07-19,NOT_NEXT_SESSION(missed=4)
SHAHALLOYS.NS,2021-07-19,2021-07-26,NOT_NEXT_SESSION(missed=3)
SHAHALLOYS.NS,2021-07-26,2021-08-02,NOT_NEXT_SESSION(missed=4)
SHAHALLOYS.NS,2021-08-02,2021-08-09,NOT_NEXT_SESSION(missed=4)
SHAHALLOYS.NS,2021-08-09,2021-08-16,NOT_NEXT_SESSION(missed=4)
SHAHALLOYS.NS,2021-08-16,2021-08-23,NOT_NEXT_SESSION(missed=3)
SHAHALLOYS.NS,2021-08-23,2021-08-30,NOT_NEXT_SESSION(missed=4)
SHAHALLOYS.NS,2021-08-30,2021-09-06,NOT_NEXT_SESSION(missed=4)
SHAHALLOYS.NS,2021-09-06,2021-09-13,NOT_NEXT_SESSION(missed=3)
SHANKARA.NS,2025-09-23,2025-09-24,EXTREME_RETURN
SHANTI.NS,2018-11-30,2019-02-25,NOT_NEXT_SESSION(missed=59)
SHANTI.NS,2019-02-25,2019-03-08,NOT_NEXT_SESSION(missed=7)
SHANTI.NS,2019-03-08,2019-03-12,NOT_NEXT_SESSION(missed=1)
SHANTI.NS,2019-03-12,2019-03-14,NOT_NEXT_SESSION(missed=1)
SHANTI.NS,2019-03-14,2019-03-26,NOT_NEXT_SESSION(missed=6)
SHANTI.NS,2019-03-28,2019-04-01,NOT_NEXT_SESSION(missed=1)
SHANTI.NS,2019-04-02,2019-04-04,NOT_NEXT_SESSION(missed=1)
SHANTI.NS,2019-04-10,2019-04-12,NOT_NEXT_SESSION(missed=1)
SHANTI.NS,2019-04-12,2019-04-18,NOT_NEXT_SESSION(missed=2)
SHANTI.NS,2019-04-18,2019-04-23,NOT_NEXT_SESSION(missed=1)
SHANTI.NS,2019-04-23,2019-05-08,NOT_NEXT_SESSION(missed=8)
SHANTI.NS,2019-05-08,2019-05-14,NOT_NEXT_SESSION(missed=3)
SHANTI.NS,2019-05-14,2019-05-20,NOT_NEXT_SESSION(missed=3)
SHANTI.NS,2019-05-22,2019-05-27,NOT_NEXT_SESSION(missed=2)
SHANTI.NS,2019-05-27,2019-05-30,NOT_NEXT_SESSION(missed=2)
SHANTI.NS,2019-05-30,2019-06-03,NOT_NEXT_SESSION(missed=1)
SHANTI.NS,2019-06-06,2019-06-10,NOT_NEXT_SESSION(missed=1)
SHANTI.NS,2019-06-10,2019-06-12,NOT_NEXT_SESSION(missed=1)
SHANTI.NS,2019-06-14,2019-06-18,NOT_NEXT_SESSION(missed=1)
SHANTI.NS,2019-06-18,2019-06-26,NOT_NEXT_SESSION(missed=5)
SHANTI.NS,2019-06-26,2019-06-28,NOT_NEXT_SESSION(missed=1)
SHANTI.NS,2019-06-28,2019-07-10,NOT_NEXT_SESSION(missed=7)
SHANTI.NS,2019-07-10,2019-07-15,NOT_NEXT_SESSION(missed=2)
SHANTI.NS,2019-07-15,2019-07-17,NOT_NEXT_SESSION(missed=1)
SHANTI.NS,2019-07-17,2019-07-19,NOT_NEXT_SESSION(missed=1)
SHANTI.NS,2019-07-19,2019-07-23,NOT_NEXT_SESSION(missed=1)
SHANTI.NS,2019-07-23,2019-07-29,NOT_NEXT_SESSION(missed=3)
SHANTI.NS,2019-07-31,2019-08-02,NOT_NEXT_SESSION(missed=1)
SHANTI.NS,2019-08-07,2019-08-09,NOT_NEXT_SESSION(missed=1)
SHANTI.NS,2019-08-09,2019-08-16,NOT_NEXT_SESSION(missed=2)
SHANTI.NS,2019-08-16,2019-08-21,NOT_NEXT_SESSION(missed=2)
SHANTI.NS,2019-08-23,2019-09-06,NOT_NEXT_SESSION(missed=8)
SHANTI.NS,2019-09-09,2019-09-12,NOT_NEXT_SESSION(missed=1)
SHANTI.NS,2019-09-12,2019-09-17,NOT_NEXT_SESSION(missed=2)
SHANTI.NS,2019-09-17,2019-09-19,NOT_NEXT_SESSION(missed=1)
SHANTI.NS,2019-09-19,2019-09-30,NOT_NEXT_SESSION(missed=6)
SHANTI.NS,2019-09-30,2019-10-07,NOT_NEXT_SESSION(missed=3)
SHANTI.NS,2019-10-07,2019-10-18,NOT_NEXT_SESSION(missed=7)
SHANTI.NS,2019-10-18,2019-10-23,NOT_NEXT_SESSION(missed=1)
SHANTI.NS,2019-10-25,2019-10-29,NOT_NEXT_SESSION(missed=1)
SHANTI.NS,2019-10-30,2019-11-01,NOT_NEXT_SESSION(missed=1)
SHANTI.NS,2019-11-06,2019-11-13,NOT_NEXT_SESSION(missed=3)
SHANTI.NS,2019-11-13,2019-11-15,NOT_NEXT_SESSION(missed=1)
SHANTI.NS,2019-11-15,2019-11-19,NOT_NEXT_SESSION(missed=1)
SHANTI.NS,2019-11-19,2019-11-22,NOT_NEXT_SESSION(missed=2)
SHANTI.NS,2019-11-27,2019-12-03,NOT_NEXT_SESSION(missed=3)
SHANTI.NS,2019-12-04,2019-12-13,NOT_NEXT_SESSION(missed=6)
SHANTI.NS,2019-12-13,2019-12-20,NOT_NEXT_SESSION(missed=4)
SHANTI.NS,2019-12-20,2020-01-06,NOT_NEXT_SESSION(missed=9)
SHANTI.NS,2020-01-07,2020-01-10,NOT_NEXT_SESSION(missed=2)
SHANTI.NS,2020-01-13,2020-01-22,NOT_NEXT_SESSION(missed=6)
SHANTI.NS,2020-01-22,2020-03-04,NOT_NEXT_SESSION(missed=29)
SHANTI.NS,2020-03-04,2020-03-06,NOT_NEXT_SESSION(missed=1)
SHANTI.NS,2020-03-12,2020-03-19,NOT_NEXT_SESSION(missed=4)
SHANTI.NS,2020-03-19,2020-03-26,NOT_NEXT_SESSION(missed=4)
SHANTI.NS,2020-03-26,2020-06-15,NOT_NEXT_SESSION(missed=50)
SHANTI.NS,2020-06-15,2020-06-18,NOT_NEXT_SESSION(missed=2)
SHANTI.NS,2020-06-18,2020-06-24,NOT_NEXT_SESSION(missed=3)
SHANTI.NS,2020-06-24,2020-07-02,NOT_NEXT_SESSION(missed=5)
SHANTI.NS,2020-07-03,2020-08-13,NOT_NEXT_SESSION(missed=28)
SHANTI.NS,2020-08-14,2020-10-05,NOT_NEXT_SESSION(missed=34)
SHANTI.NS,2020-10-05,2021-01-06,NOT_NEXT_SESSION(missed=64)
SHANTI.NS,2021-01-06,2021-01-15,NOT_NEXT_SESSION(missed=6)
SHANTI.NS,2021-01-25,2021-01-28,NOT_NEXT_SESSION(missed=1)
SHANTI.NS,2021-01-29,2021-02-03,NOT_NEXT_SESSION(missed=2)
SHANTI.NS,2021-02-03,2021-02-05,NOT_NEXT_SESSION(missed=1)
SHANTI.NS,2021-02-11,2021-02-15,NOT_NEXT_SESSION(missed=1)
SHANTI.NS,2021-02-15,2021-02-23,NOT_NEXT_SESSION(missed=5)
SHANTI.NS,2021-02-24,2021-02-26,NOT_NEXT_SESSION(missed=1)
SHANTI.NS,2021-03-02,2021-03-05,NOT_NEXT_SESSION(missed=2)
SHANTI.NS,2021-03-05,2021-03-09,NOT_NEXT_SESSION(missed=1)
SHANTI.NS,2021-03-18,2021-03-22,NOT_NEXT_SESSION(missed=1)
SHANTI.NS,2021-04-07,2021-04-13,NOT_NEXT_SESSION(missed=3)
SHANTI.NS,2021-04-13,2021-06-01,NOT_NEXT_SESSION(missed=31)
SHANTI.NS,2021-06-01,2021-06-03,NOT_NEXT_SESSION(missed=1)
SHANTI.NS,2021-06-03,2021-06-22,NOT_NEXT_SESSION(missed=12)
SHANTI.NS,2021-06-22,2021-09-15,NOT_NEXT_SESSION(missed=57)
SHIVAMILLS.NS,2019-09-04,2019-09-06,NOT_NEXT_SESSION(missed=1)
SHIVAMILLS.NS,2019-10-25,2019-10-29,NOT_NEXT_SESSION(missed=1)
SHIVAMILLS.NS,2023-05-04,2023-05-08,NOT_NEXT_SESSION(missed=1)
SHIVAMILLS.NS,2026-07-07,2026-07-09,NOT_NEXT_SESSION(missed=1)
SHIVATEX.NS,2020-10-15,2020-10-19,NOT_NEXT_SESSION(missed=1)
SHIVATEX.NS,2020-10-19,2020-10-21,NOT_NEXT_SESSION(missed=1)
SHIVAUM.NS,2022-03-04,2022-03-17,NOT_NEXT_SESSION(missed=8)
SHIVAUM.NS,2022-03-21,2022-03-24,NOT_NEXT_SESSION(missed=2)
SHIVAUM.NS,2022-03-24,2022-04-07,NOT_NEXT_SESSION(missed=9)
SHIVAUM.NS,2022-04-08,2022-04-22,NOT_NEXT_SESSION(missed=7)
SHIVAUM.NS,2022-04-25,2022-04-29,NOT_NEXT_SESSION(missed=3)
SHIVAUM.NS,2022-05-02,2022-05-05,NOT_NEXT_SESSION(missed=1)
SHIVAUM.NS,2022-05-05,2022-05-10,NOT_NEXT_SESSION(missed=2)
SHIVAUM.NS,2022-05-10,2022-05-23,NOT_NEXT_SESSION(missed=8)
SHIVAUM.NS,2022-05-23,2022-05-31,NOT_NEXT_SESSION(missed=5)
SHIVAUM.NS,2022-05-31,2022-06-07,NOT_NEXT_SESSION(missed=4)
SHIVAUM.NS,2022-06-07,2022-09-19,NOT_NEXT_SESSION(missed=70)
SHIVAUM.NS,2022-09-20,2022-09-28,NOT_NEXT_SESSION(missed=5)
SHIVAUM.NS,2022-09-28,2023-01-31,NOT_NEXT_SESSION(missed=84)
SHIVAUM.NS,2023-01-31,2023-02-22,NOT_NEXT_SESSION(missed=15)
SHIVAUM.NS,2023-02-22,2023-03-03,NOT_NEXT_SESSION(missed=6)
SHIVAUM.NS,2023-03-06,2023-03-09,NOT_NEXT_SESSION(missed=1)
SHIVAUM.NS,2023-03-09,2023-03-13,NOT_NEXT_SESSION(missed=1)
SHIVAUM.NS,2023-03-13,2023-03-16,NOT_NEXT_SESSION(missed=2)
SHIVAUM.NS,2023-03-16,2023-04-20,NOT_NEXT_SESSION(missed=20)
SHIVAUM.NS,2023-04-21,2023-05-02,NOT_NEXT_SESSION(missed=5)
SHIVAUM.NS,2023-05-03,2023-05-11,NOT_NEXT_SESSION(missed=5)
SHIVAUM.NS,2023-05-15,2023-06-13,NOT_NEXT_SESSION(missed=20)
SHIVAUM.NS,2023-06-23,2023-08-04,NOT_NEXT_SESSION(missed=28)
SHIVAUM.NS,2023-08-04,2023-09-08,NOT_NEXT_SESSION(missed=23)
SHIVAUM.NS,2023-09-08,2023-11-07,NOT_NEXT_SESSION(missed=38)
SHIVAUM.NS,2023-11-07,2023-12-11,NOT_NEXT_SESSION(missed=22)
SHIVAUM.NS,2023-12-14,2024-01-03,NOT_NEXT_SESSION(missed=12)
SHIVAUM.NS,2024-01-03,2024-07-03,NOT_NEXT_SESSION(missed=122)
SHIVAUM.NS,2024-07-04,2024-07-15,NOT_NEXT_SESSION(missed=6)
SHIVAUM.NS,2024-07-16,2024-09-27,NOT_NEXT_SESSION(missed=50)
SHIVAUM.NS,2024-09-27,2024-10-01,NOT_NEXT_SESSION(missed=1)
SHIVAUM.NS,2024-10-08,2024-10-10,NOT_NEXT_SESSION(missed=1)
SHIVAUM.NS,2024-10-11,2024-10-15,NOT_NEXT_SESSION(missed=1)
SHIVAUM.NS,2024-10-15,2024-10-23,NOT_NEXT_SESSION(missed=5)
SHIVAUM.NS,2024-10-23,2024-11-11,NOT_NEXT_SESSION(missed=12)
SHIVAUM.NS,2024-11-11,2024-11-29,NOT_NEXT_SESSION(missed=11)
SHIVAUM.NS,2024-11-29,2024-12-03,NOT_NEXT_SESSION(missed=1)
SHIVAUM.NS,2024-12-03,2024-12-10,NOT_NEXT_SESSION(missed=4)
SHIVAUM.NS,2024-12-10,2024-12-24,NOT_NEXT_SESSION(missed=9)
SHIVAUM.NS,2024-12-27,2025-01-03,NOT_NEXT_SESSION(missed=4)
SHIVAUM.NS,2025-01-03,2025-01-09,NOT_NEXT_SESSION(missed=3)
SHIVAUM.NS,2025-01-13,2025-01-15,NOT_NEXT_SESSION(missed=1)
SHIVAUM.NS,2025-01-15,2025-02-11,NOT_NEXT_SESSION(missed=19)
SHIVAUM.NS,2025-02-12,2025-05-22,NOT_NEXT_SESSION(missed=63)
SHIVAUM.NS,2025-05-22,2025-05-26,NOT_NEXT_SESSION(missed=1)
SHIVAUM.NS,2025-05-26,2025-05-28,NOT_NEXT_SESSION(missed=1)
SHIVAUM.NS,2025-05-28,2025-06-03,NOT_NEXT_SESSION(missed=3)
SHIVAUM.NS,2025-06-03,2025-06-11,NOT_NEXT_SESSION(missed=5)
SHIVAUM.NS,2025-06-11,2025-06-19,NOT_NEXT_SESSION(missed=5)
SHIVAUM.NS,2025-06-19,2025-06-26,NOT_NEXT_SESSION(missed=4)
SHIVAUM.NS,2025-06-26,2025-08-14,NOT_NEXT_SESSION(missed=34)
SHIVAUM.NS,2025-08-14,2025-08-20,NOT_NEXT_SESSION(missed=2)
SHIVAUM.NS,2025-08-20,2025-09-01,NOT_NEXT_SESSION(missed=6)
SHIVAUM.NS,2025-09-01,2025-09-10,NOT_NEXT_SESSION(missed=6)
SHIVAUM.NS,2025-09-11,2025-09-15,NOT_NEXT_SESSION(missed=1)
SHIVAUM.NS,2025-09-17,2025-10-03,NOT_NEXT_SESSION(missed=10)
SHIVAUM.NS,2025-10-03,2025-11-14,NOT_NEXT_SESSION(missed=27)
SHIVAUM.NS,2025-12-05,2025-12-09,NOT_NEXT_SESSION(missed=1)
SHIVAUM.NS,2025-12-11,2025-12-16,NOT_NEXT_SESSION(missed=2)
SHIVAUM.NS,2025-12-18,2025-12-22,NOT_NEXT_SESSION(missed=1)
SHIVAUM.NS,2026-01-01,2026-01-05,NOT_NEXT_SESSION(missed=1)
SHIVAUM.NS,2026-01-14,2026-01-19,NOT_NEXT_SESSION(missed=1)
SHIVAUM.NS,2026-01-22,2026-01-27,NOT_NEXT_SESSION(missed=1)
SHIVAUM.NS,2026-02-01,2026-02-03,NOT_NEXT_SESSION(missed=1)
SHIVAUM.NS,2026-02-04,2026-02-06,NOT_NEXT_SESSION(missed=1)
SHIVAUM.NS,2026-02-09,2026-02-11,NOT_NEXT_SESSION(missed=1)
SHIVAUM.NS,2026-03-04,2026-03-06,NOT_NEXT_SESSION(missed=1)
SHIVAUM.NS,2026-03-11,2026-03-13,NOT_NEXT_SESSION(missed=1)
SHIVAUM.NS,2026-04-23,2026-04-27,NOT_NEXT_SESSION(missed=1)
SHIVAUM.NS,2026-05-04,2026-05-06,NOT_NEXT_SESSION(missed=1)
SHIVAUM.NS,2026-05-07,2026-05-11,NOT_NEXT_SESSION(missed=1)
SHIVAUM.NS,2026-06-01,2026-06-03,NOT_NEXT_SESSION(missed=1)
SHIVAUM.NS,2026-06-05,2026-06-09,NOT_NEXT_SESSION(missed=1)
SHIVAUM.NS,2026-06-17,2026-06-19,NOT_NEXT_SESSION(missed=1)
SHRADHA.NS,2022-09-21,2022-09-22,EXTREME_RETURN
SHRADHA.NS,2022-12-05,2022-12-06,EXTREME_RETURN
SHRIPISTON.NS,2018-11-30,2019-02-21,NOT_NEXT_SESSION(missed=57)
SHRIPISTON.NS,2019-04-22,2019-04-24,NOT_NEXT_SESSION(missed=1)
SHRIPISTON.NS,2019-05-08,2019-05-10,NOT_NEXT_SESSION(missed=1)
SHRIPISTON.NS,2019-06-21,2019-06-25,NOT_NEXT_SESSION(missed=1)
SHRIPISTON.NS,2019-07-08,2019-07-10,NOT_NEXT_SESSION(missed=1)
SHRIPISTON.NS,2019-09-04,2019-09-06,NOT_NEXT_SESSION(missed=1)
SHRIPISTON.NS,2019-09-24,2019-09-26,NOT_NEXT_SESSION(missed=1)
SHRIPISTON.NS,2019-10-07,2019-10-10,NOT_NEXT_SESSION(missed=1)
SHRIPISTON.NS,2020-01-31,2020-02-03,NOT_NEXT_SESSION(missed=1)
SHRIPISTON.NS,2020-05-08,2020-05-12,NOT_NEXT_SESSION(missed=1)
SHRIPISTON.NS,2020-05-18,2020-05-20,NOT_NEXT_SESSION(missed=1)
SHRIPISTON.NS,2020-05-28,2020-06-01,NOT_NEXT_SESSION(missed=1)
SHRIPISTON.NS,2022-05-26,2022-05-30,NOT_NEXT_SESSION(missed=1)
SHRIPISTON.NS,2022-05-31,2022-06-02,NOT_NEXT_SESSION(missed=1)
SHRIPISTON.NS,2022-06-27,2022-06-29,NOT_NEXT_SESSION(missed=1)
SHYAMTEL.NS,2018-03-12,2018-03-19,NOT_NEXT_SESSION(missed=4)
SHYAMTEL.NS,2018-06-18,2018-06-20,NOT_NEXT_SESSION(missed=1)
SHYAMTEL.NS,2018-07-16,2018-07-18,NOT_NEXT_SESSION(missed=1)
SHYAMTEL.NS,2018-07-19,2018-07-25,NOT_NEXT_SESSION(missed=3)
SHYAMTEL.NS,2018-07-25,2018-07-27,NOT_NEXT_SESSION(missed=1)
SHYAMTEL.NS,2018-08-07,2018-08-09,NOT_NEXT_SESSION(missed=1)
SHYAMTEL.NS,2018-10-12,2018-10-22,NOT_NEXT_SESSION(missed=4)
SHYAMTEL.NS,2018-10-24,2018-10-26,NOT_NEXT_SESSION(missed=1)
SHYAMTEL.NS,2018-10-30,2018-11-01,NOT_NEXT_SESSION(missed=1)
SHYAMTEL.NS,2018-11-15,2018-11-19,NOT_NEXT_SESSION(missed=1)
SHYAMTEL.NS,2018-11-19,2018-11-21,NOT_NEXT_SESSION(missed=1)
SHYAMTEL.NS,2018-11-30,2019-01-09,NOT_NEXT_SESSION(missed=26)
SHYAMTEL.NS,2019-01-11,2019-01-15,NOT_NEXT_SESSION(missed=1)
SHYAMTEL.NS,2019-01-15,2019-01-18,NOT_NEXT_SESSION(missed=2)
SHYAMTEL.NS,2019-01-21,2019-01-24,NOT_NEXT_SESSION(missed=2)
SHYAMTEL.NS,2019-01-29,2019-02-01,NOT_NEXT_SESSION(missed=2)
SHYAMTEL.NS,2019-02-04,2019-02-13,NOT_NEXT_SESSION(missed=6)
SHYAMTEL.NS,2019-02-13,2019-02-15,NOT_NEXT_SESSION(missed=1)
SHYAMTEL.NS,2019-02-15,2019-02-22,NOT_NEXT_SESSION(missed=4)
SHYAMTEL.NS,2019-03-01,2019-03-08,NOT_NEXT_SESSION(missed=3)
SHYAMTEL.NS,2019-03-08,2019-04-02,NOT_NEXT_SESSION(missed=15)
SHYAMTEL.NS,2019-04-02,2019-05-28,NOT_NEXT_SESSION(missed=35)
SHYAMTEL.NS,2019-05-31,2019-06-04,NOT_NEXT_SESSION(missed=1)
SHYAMTEL.NS,2019-06-04,2019-06-25,NOT_NEXT_SESSION(missed=13)
SHYAMTEL.NS,2019-06-26,2019-07-03,NOT_NEXT_SESSION(missed=4)
SHYAMTEL.NS,2019-07-03,2019-07-29,NOT_NEXT_SESSION(missed=17)
SHYAMTEL.NS,2019-07-29,2019-08-02,NOT_NEXT_SESSION(missed=3)
SHYAMTEL.NS,2019-08-05,2019-09-06,NOT_NEXT_SESSION(missed=20)
SHYAMTEL.NS,2019-09-06,2019-09-11,NOT_NEXT_SESSION(missed=1)
SHYAMTEL.NS,2019-09-12,2019-09-24,NOT_NEXT_SESSION(missed=7)
SHYAMTEL.NS,2019-09-24,2019-09-30,NOT_NEXT_SESSION(missed=3)
SHYAMTEL.NS,2019-09-30,2019-10-09,NOT_NEXT_SESSION(missed=4)
SHYAMTEL.NS,2019-10-09,2019-10-17,NOT_NEXT_SESSION(missed=5)
SHYAMTEL.NS,2019-10-17,2019-10-23,NOT_NEXT_SESSION(missed=2)
SHYAMTEL.NS,2019-10-23,2019-11-04,NOT_NEXT_SESSION(missed=7)
SHYAMTEL.NS,2019-11-04,2019-11-14,NOT_NEXT_SESSION(missed=6)
SHYAMTEL.NS,2019-11-18,2019-11-20,NOT_NEXT_SESSION(missed=1)
SHYAMTEL.NS,2019-11-28,2019-12-02,NOT_NEXT_SESSION(missed=1)
SHYAMTEL.NS,2019-12-06,2019-12-10,NOT_NEXT_SESSION(missed=1)
SHYAMTEL.NS,2019-12-10,2019-12-23,NOT_NEXT_SESSION(missed=8)
SHYAMTEL.NS,2019-12-24,2020-01-23,NOT_NEXT_SESSION(missed=20)
SHYAMTEL.NS,2020-01-23,2020-01-28,NOT_NEXT_SESSION(missed=2)
SHYAMTEL.NS,2020-01-29,2020-02-01,NOT_NEXT_SESSION(missed=2)
SHYAMTEL.NS,2020-02-01,2020-02-14,NOT_NEXT_SESSION(missed=9)
SHYAMTEL.NS,2020-02-17,2020-03-05,NOT_NEXT_SESSION(missed=11)
SHYAMTEL.NS,2020-03-06,2020-03-18,NOT_NEXT_SESSION(missed=6)
SHYAMTEL.NS,2020-03-19,2020-03-27,NOT_NEXT_SESSION(missed=5)
SHYAMTEL.NS,2020-04-08,2020-04-16,NOT_NEXT_SESSION(missed=3)
SHYAMTEL.NS,2020-04-16,2020-04-24,NOT_NEXT_SESSION(missed=5)
SHYAMTEL.NS,2020-04-24,2020-06-02,NOT_NEXT_SESSION(missed=24)
SHYAMTEL.NS,2020-06-02,2020-06-24,NOT_NEXT_SESSION(missed=15)
SHYAMTEL.NS,2020-06-24,2020-06-26,NOT_NEXT_SESSION(missed=1)
SHYAMTEL.NS,2020-06-26,2020-07-03,NOT_NEXT_SESSION(missed=4)
SHYAMTEL.NS,2020-07-06,2020-07-17,NOT_NEXT_SESSION(missed=8)
SHYAMTEL.NS,2020-07-22,2020-07-24,NOT_NEXT_SESSION(missed=1)
SHYAMTEL.NS,2020-07-30,2020-08-12,NOT_NEXT_SESSION(missed=8)
SHYAMTEL.NS,2020-08-12,2020-08-21,NOT_NEXT_SESSION(missed=6)
SHYAMTEL.NS,2020-08-21,2020-09-08,NOT_NEXT_SESSION(missed=11)
SHYAMTEL.NS,2020-09-08,2020-09-17,NOT_NEXT_SESSION(missed=6)
SHYAMTEL.NS,2020-09-17,2020-10-01,NOT_NEXT_SESSION(missed=9)
SHYAMTEL.NS,2020-10-01,2020-10-16,NOT_NEXT_SESSION(missed=9)
SHYAMTEL.NS,2020-10-16,2020-11-02,NOT_NEXT_SESSION(missed=10)
SHYAMTEL.NS,2020-11-02,2020-11-06,NOT_NEXT_SESSION(missed=3)
SHYAMTEL.NS,2020-11-06,2020-11-23,NOT_NEXT_SESSION(missed=10)
SHYAMTEL.NS,2020-11-23,2020-11-25,NOT_NEXT_SESSION(missed=1)
SHYAMTEL.NS,2020-11-25,2020-11-27,NOT_NEXT_SESSION(missed=1)
SHYAMTEL.NS,2020-11-27,2020-12-02,NOT_NEXT_SESSION(missed=1)
SHYAMTEL.NS,2020-12-02,2020-12-04,NOT_NEXT_SESSION(missed=1)
SHYAMTEL.NS,2020-12-28,2020-12-30,NOT_NEXT_SESSION(missed=1)
SHYAMTEL.NS,2021-03-16,2021-03-22,NOT_NEXT_SESSION(missed=3)
SHYAMTEL.NS,2021-03-22,2021-03-30,NOT_NEXT_SESSION(missed=4)
SHYAMTEL.NS,2021-03-30,2021-05-11,NOT_NEXT_SESSION(missed=26)
SHYAMTEL.NS,2021-05-11,2021-05-27,NOT_NEXT_SESSION(missed=10)
SHYAMTEL.NS,2021-05-27,2021-05-31,NOT_NEXT_SESSION(missed=1)
SHYAMTEL.NS,2021-05-31,2021-06-02,NOT_NEXT_SESSION(missed=1)
SHYAMTEL.NS,2021-06-08,2021-06-10,NOT_NEXT_SESSION(missed=1)
SHYAMTEL.NS,2021-06-10,2021-06-14,NOT_NEXT_SESSION(missed=1)
SHYAMTEL.NS,2021-07-08,2021-07-19,NOT_NEXT_SESSION(missed=6)
SHYAMTEL.NS,2021-07-19,2021-08-02,NOT_NEXT_SESSION(missed=8)
SHYAMTEL.NS,2021-08-02,2021-08-09,NOT_NEXT_SESSION(missed=4)
SHYAMTEL.NS,2021-08-09,2021-08-11,NOT_NEXT_SESSION(missed=1)
SHYAMTEL.NS,2021-08-12,2021-08-20,NOT_NEXT_SESSION(missed=4)
SHYAMTEL.NS,2021-08-20,2021-09-06,NOT_NEXT_SESSION(missed=10)
SHYAMTEL.NS,2021-12-22,2021-12-27,NOT_NEXT_SESSION(missed=2)
SHYAMTEL.NS,2021-12-27,2022-02-15,NOT_NEXT_SESSION(missed=34)
SHYAMTEL.NS,2022-02-15,2022-02-22,NOT_NEXT_SESSION(missed=4)
SHYAMTEL.NS,2022-02-23,2022-02-28,NOT_NEXT_SESSION(missed=2)
SHYAMTEL.NS,2022-02-28,2022-03-07,NOT_NEXT_SESSION(missed=3)
SHYAMTEL.NS,2022-03-10,2022-03-14,NOT_NEXT_SESSION(missed=1)
SHYAMTEL.NS,2022-05-10,2022-05-12,NOT_NEXT_SESSION(missed=1)
SHYAMTEL.NS,2022-05-13,2022-05-18,NOT_NEXT_SESSION(missed=2)
SHYAMTEL.NS,2022-05-25,2022-06-01,NOT_NEXT_SESSION(missed=4)
SHYAMTEL.NS,2022-06-08,2022-06-10,NOT_NEXT_SESSION(missed=1)
SHYAMTEL.NS,2022-07-21,2022-07-27,NOT_NEXT_SESSION(missed=3)
SHYAMTEL.NS,2022-07-29,2022-08-02,NOT_NEXT_SESSION(missed=1)
SHYAMTEL.NS,2023-04-17,2023-04-19,NOT_NEXT_SESSION(missed=1)
SHYAMTEL.NS,2023-05-30,2023-06-01,NOT_NEXT_SESSION(missed=1)
SHYAMTEL.NS,2023-06-06,2023-06-08,NOT_NEXT_SESSION(missed=1)
SHYAMTEL.NS,2023-06-09,2023-06-13,NOT_NEXT_SESSION(missed=1)
SHYAMTEL.NS,2023-08-01,2023-08-03,NOT_NEXT_SESSION(missed=1)
SHYAMTEL.NS,2023-08-24,2023-08-28,NOT_NEXT_SESSION(missed=1)
SHYAMTEL.NS,2024-03-01,2024-03-04,NOT_NEXT_SESSION(missed=1)
SHYAMTEL.NS,2024-03-05,2024-03-07,NOT_NEXT_SESSION(missed=1)
SIGMA.NS,2022-05-19,2022-05-23,NOT_NEXT_SESSION(missed=1)
SIGMA.NS,2022-05-23,2022-05-25,NOT_NEXT_SESSION(missed=1)
SIGMA.NS,2022-06-09,2022-06-15,NOT_NEXT_SESSION(missed=3)
SIGMA.NS,2022-06-16,2022-06-21,NOT_NEXT_SESSION(missed=2)
SIGMA.NS,2022-06-21,2022-06-23,NOT_NEXT_SESSION(missed=1)
SIGMA.NS,2022-06-29,2022-07-04,NOT_NEXT_SESSION(missed=2)
SIGMA.NS,2022-07-07,2022-07-11,NOT_NEXT_SESSION(missed=1)
SIGMA.NS,2022-07-14,2022-07-18,NOT_NEXT_SESSION(missed=1)
SIGMA.NS,2022-07-28,2022-08-01,NOT_NEXT_SESSION(missed=1)
SIGMA.NS,2022-08-01,2022-08-04,NOT_NEXT_SESSION(missed=2)
SIGMA.NS,2022-08-05,2022-08-16,NOT_NEXT_SESSION(missed=4)
SIGMA.NS,2022-09-15,2022-09-19,NOT_NEXT_SESSION(missed=1)
SIGMA.NS,2022-10-17,2022-10-20,NOT_NEXT_SESSION(missed=2)
SIGMA.NS,2022-10-20,2022-10-24,NOT_NEXT_SESSION(missed=1)
SIGMA.NS,2022-11-02,2022-11-04,NOT_NEXT_SESSION(missed=1)
SIGMA.NS,2022-11-07,2022-11-10,NOT_NEXT_SESSION(missed=1)
SIGMA.NS,2022-12-01,2022-12-05,NOT_NEXT_SESSION(missed=1)
SIGMA.NS,2022-12-16,2022-12-20,NOT_NEXT_SESSION(missed=1)
SIGMA.NS,2022-12-21,2022-12-23,NOT_NEXT_SESSION(missed=1)
SIGMA.NS,2022-12-26,2022-12-28,NOT_NEXT_SESSION(missed=1)
SIGMA.NS,2022-12-29,2023-01-02,NOT_NEXT_SESSION(missed=1)
SIGMA.NS,2023-01-09,2023-01-11,NOT_NEXT_SESSION(missed=1)
SIGMA.NS,2023-01-12,2023-01-16,NOT_NEXT_SESSION(missed=1)
SIGMA.NS,2023-01-17,2023-01-20,NOT_NEXT_SESSION(missed=2)
SIGMA.NS,2023-01-31,2023-02-02,NOT_NEXT_SESSION(missed=1)
SIGMA.NS,2023-02-09,2023-02-14,NOT_NEXT_SESSION(missed=2)
SIGMA.NS,2023-02-21,2023-02-24,NOT_NEXT_SESSION(missed=2)
SIGMA.NS,2023-02-24,2023-03-01,NOT_NEXT_SESSION(missed=2)
SIGMA.NS,2023-03-01,2023-03-03,NOT_NEXT_SESSION(missed=1)
SIGMA.NS,2023-03-09,2023-03-13,NOT_NEXT_SESSION(missed=1)
SIGMA.NS,2023-03-20,2023-03-22,NOT_NEXT_SESSION(missed=1)
SIGMA.NS,2023-03-22,2023-03-24,NOT_NEXT_SESSION(missed=1)
SIGMA.NS,2023-04-03,2023-04-06,NOT_NEXT_SESSION(missed=1)
SIGMA.NS,2023-04-11,2023-04-13,NOT_NEXT_SESSION(missed=1)
SIGMA.NS,2023-05-15,2023-05-17,NOT_NEXT_SESSION(missed=1)
SIGMAADV.NS,2018-12-19,2019-02-21,NOT_NEXT_SESSION(missed=44)
SIL.NS,2018-04-25,2018-04-27,NOT_NEXT_SESSION(missed=1)
SIL.NS,2018-11-30,2019-02-21,NOT_NEXT_SESSION(missed=57)
SIL.NS,2019-08-14,2019-08-21,NOT_NEXT_SESSION(missed=3)
SIL.NS,2019-08-26,2019-08-28,NOT_NEXT_SESSION(missed=1)
SIL.NS,2019-09-19,2019-09-23,NOT_NEXT_SESSION(missed=1)
SIL.NS,2019-10-01,2019-10-04,NOT_NEXT_SESSION(missed=1)
SIL.NS,2019-10-04,2019-10-09,NOT_NEXT_SESSION(missed=1)
SIL.NS,2019-10-09,2019-10-14,NOT_NEXT_SESSION(missed=2)
SIL.NS,2020-03-23,2020-03-25,NOT_NEXT_SESSION(missed=1)
SIL.NS,2020-03-25,2020-03-27,NOT_NEXT_SESSION(missed=1)
SIL.NS,2020-05-20,2020-05-22,NOT_NEXT_SESSION(missed=1)
SILINV.NS,2025-10-28,2025-10-31,NOT_NEXT_SESSION(missed=2)
SILLYMONKS.NS,2020-01-09,2020-02-05,NOT_NEXT_SESSION(missed=19)
SILLYMONKS.NS,2020-02-10,2020-02-19,NOT_NEXT_SESSION(missed=6)
SILLYMONKS.NS,2020-02-20,2020-02-26,NOT_NEXT_SESSION(missed=2)
SILLYMONKS.NS,2020-02-26,2020-02-28,NOT_NEXT_SESSION(missed=1)
SILLYMONKS.NS,2020-03-02,2020-03-06,NOT_NEXT_SESSION(missed=3)
SILLYMONKS.NS,2020-03-09,2020-03-12,NOT_NEXT_SESSION(missed=1)
SILLYMONKS.NS,2020-03-17,2020-03-19,NOT_NEXT_SESSION(missed=1)
SILLYMONKS.NS,2020-03-19,2020-03-23,NOT_NEXT_SESSION(missed=1)
SILLYMONKS.NS,2020-03-23,2020-03-26,NOT_NEXT_SESSION(missed=2)
SILLYMONKS.NS,2020-03-26,2020-03-31,NOT_NEXT_SESSION(missed=2)
SILLYMONKS.NS,2020-03-31,2020-04-17,NOT_NEXT_SESSION(missed=8)
SILLYMONKS.NS,2020-04-17,2020-04-22,NOT_NEXT_SESSION(missed=2)
SILLYMONKS.NS,2020-04-22,2020-04-24,NOT_NEXT_SESSION(missed=1)
SILLYMONKS.NS,2020-04-24,2020-05-11,NOT_NEXT_SESSION(missed=9)
SILLYMONKS.NS,2020-05-12,2020-05-15,NOT_NEXT_SESSION(missed=2)
SILLYMONKS.NS,2020-05-18,2020-05-22,NOT_NEXT_SESSION(missed=3)
SILLYMONKS.NS,2020-05-22,2020-05-27,NOT_NEXT_SESSION(missed=1)
SILLYMONKS.NS,2020-05-28,2020-06-10,NOT_NEXT_SESSION(missed=8)
SILLYMONKS.NS,2020-06-10,2020-06-16,NOT_NEXT_SESSION(missed=3)
SILLYMONKS.NS,2020-06-18,2020-06-23,NOT_NEXT_SESSION(missed=2)
SILLYMONKS.NS,2020-06-23,2020-07-02,NOT_NEXT_SESSION(missed=6)
SILLYMONKS.NS,2020-07-02,2020-07-08,NOT_NEXT_SESSION(missed=3)
SILLYMONKS.NS,2020-08-18,2020-08-20,NOT_NEXT_SESSION(missed=1)
SILLYMONKS.NS,2023-09-27,2023-09-29,NOT_NEXT_SESSION(missed=1)
SILLYMONKS.NS,2024-03-01,2024-03-04,NOT_NEXT_SESSION(missed=1)
SINTERCOM.NS,2019-07-19,2019-07-24,NOT_NEXT_SESSION(missed=2)
SINTERCOM.NS,2019-08-01,2019-08-07,NOT_NEXT_SESSION(missed=3)
SINTERCOM.NS,2019-08-08,2019-08-13,NOT_NEXT_SESSION(missed=1)
SINTERCOM.NS,2019-08-13,2019-08-21,NOT_NEXT_SESSION(missed=4)
SINTERCOM.NS,2019-08-27,2019-08-29,NOT_NEXT_SESSION(missed=1)
SINTERCOM.NS,2019-08-29,2019-09-06,NOT_NEXT_SESSION(missed=4)
SINTERCOM.NS,2019-09-12,2019-09-16,NOT_NEXT_SESSION(missed=1)
SINTERCOM.NS,2019-09-16,2019-09-18,NOT_NEXT_SESSION(missed=1)
SINTERCOM.NS,2019-09-19,2019-09-26,NOT_NEXT_SESSION(missed=4)
SINTERCOM.NS,2019-09-26,2019-10-01,NOT_NEXT_SESSION(missed=2)
SINTERCOM.NS,2019-10-24,2019-10-27,NOT_NEXT_SESSION(missed=1)
SINTERCOM.NS,2019-10-30,2019-11-01,NOT_NEXT_SESSION(missed=1)
SINTERCOM.NS,2019-11-04,2019-11-06,NOT_NEXT_SESSION(missed=1)
SINTERCOM.NS,2019-11-06,2019-11-08,NOT_NEXT_SESSION(missed=1)
SINTERCOM.NS,2019-11-13,2019-11-15,NOT_NEXT_SESSION(missed=1)
SINTERCOM.NS,2019-11-18,2019-11-21,NOT_NEXT_SESSION(missed=2)
SINTERCOM.NS,2019-11-27,2019-11-29,NOT_NEXT_SESSION(missed=1)
SINTERCOM.NS,2019-11-29,2019-12-04,NOT_NEXT_SESSION(missed=2)
SINTERCOM.NS,2019-12-09,2019-12-11,NOT_NEXT_SESSION(missed=1)
SINTERCOM.NS,2019-12-13,2019-12-17,NOT_NEXT_SESSION(missed=1)
SINTERCOM.NS,2019-12-18,2019-12-20,NOT_NEXT_SESSION(missed=1)
SINTERCOM.NS,2019-12-30,2020-01-01,NOT_NEXT_SESSION(missed=1)
SINTERCOM.NS,2020-01-30,2020-02-01,NOT_NEXT_SESSION(missed=1)
SINTERCOM.NS,2020-02-01,2020-02-04,NOT_NEXT_SESSION(missed=1)
SINTERCOM.NS,2020-02-04,2020-02-06,NOT_NEXT_SESSION(missed=1)
SINTERCOM.NS,2020-02-26,2020-02-28,NOT_NEXT_SESSION(missed=1)
SINTERCOM.NS,2020-03-04,2020-03-06,NOT_NEXT_SESSION(missed=1)
SINTERCOM.NS,2020-03-12,2020-03-17,NOT_NEXT_SESSION(missed=2)
SINTERCOM.NS,2020-03-19,2020-03-23,NOT_NEXT_SESSION(missed=1)
SINTERCOM.NS,2020-03-23,2020-03-25,NOT_NEXT_SESSION(missed=1)
SINTERCOM.NS,2020-03-25,2020-03-31,NOT_NEXT_SESSION(missed=3)
SINTERCOM.NS,2020-04-01,2020-04-07,NOT_NEXT_SESSION(missed=1)
SINTERCOM.NS,2020-04-07,2020-04-09,NOT_NEXT_SESSION(missed=1)
SINTERCOM.NS,2020-04-13,2020-04-17,NOT_NEXT_SESSION(missed=2)
SINTERCOM.NS,2020-04-17,2020-04-23,NOT_NEXT_SESSION(missed=3)
SINTERCOM.NS,2020-04-24,2020-04-29,NOT_NEXT_SESSION(missed=2)
SINTERCOM.NS,2020-05-07,2020-05-11,NOT_NEXT_SESSION(missed=1)
SINTERCOM.NS,2020-05-14,2020-05-18,NOT_NEXT_SESSION(missed=1)
SINTERCOM.NS,2020-05-19,2020-05-21,NOT_NEXT_SESSION(missed=1)
SINTERCOM.NS,2020-06-11,2020-06-15,NOT_NEXT_SESSION(missed=1)
SINTERCOM.NS,2020-06-22,2020-06-24,NOT_NEXT_SESSION(missed=1)
SINTERCOM.NS,2020-06-24,2020-06-26,NOT_NEXT_SESSION(missed=1)
SINTERCOM.NS,2020-06-29,2020-07-01,NOT_NEXT_SESSION(missed=1)
SINTERCOM.NS,2020-07-06,2020-07-08,NOT_NEXT_SESSION(missed=1)
SINTERCOM.NS,2020-08-07,2020-08-11,NOT_NEXT_SESSION(missed=1)
SINTERCOM.NS,2020-08-12,2020-08-14,NOT_NEXT_SESSION(missed=1)
SINTERCOM.NS,2020-08-18,2020-08-24,NOT_NEXT_SESSION(missed=3)
SINTERCOM.NS,2020-08-27,2020-08-31,NOT_NEXT_SESSION(missed=1)
SINTERCOM.NS,2020-08-31,2020-09-02,NOT_NEXT_SESSION(missed=1)
SINTERCOM.NS,2020-09-02,2020-09-04,NOT_NEXT_SESSION(missed=1)
SINTERCOM.NS,2020-09-07,2020-09-10,NOT_NEXT_SESSION(missed=2)
SINTERCOM.NS,2020-09-16,2020-09-18,NOT_NEXT_SESSION(missed=1)
SINTERCOM.NS,2020-09-24,2020-09-28,NOT_NEXT_SESSION(missed=1)
SINTERCOM.NS,2020-09-30,2020-10-05,NOT_NEXT_SESSION(missed=1)
SINTERCOM.NS,2022-07-20,2022-07-22,NOT_NEXT_SESSION(missed=1)
SINTERCOM.NS,2023-04-03,2023-04-06,NOT_NEXT_SESSION(missed=1)
SINTERCOM.NS,2023-11-03,2023-11-07,NOT_NEXT_SESSION(missed=1)
SINTERCOM.NS,2024-05-17,2024-05-21,NOT_NEXT_SESSION(missed=1)
SKFINDIA.NS,2025-10-14,2025-10-15,EXTREME_RETURN
SMLT.NS,2023-07-10,2023-07-17,NOT_NEXT_SESSION(missed=4)
SMLT.NS,2023-07-17,2023-07-24,NOT_NEXT_SESSION(missed=4)
SOFTTECH.NS,2019-10-22,2019-10-24,NOT_NEXT_SESSION(missed=1)
SOFTTECH.NS,2019-10-25,2019-10-29,NOT_NEXT_SESSION(missed=1)
SOFTTECH.NS,2019-11-20,2019-11-22,NOT_NEXT_SESSION(missed=1)
SOFTTECH.NS,2019-11-25,2019-11-27,NOT_NEXT_SESSION(missed=1)
SOFTTECH.NS,2019-12-03,2019-12-05,NOT_NEXT_SESSION(missed=1)
SOFTTECH.NS,2019-12-05,2019-12-09,NOT_NEXT_SESSION(missed=1)
SOFTTECH.NS,2019-12-13,2019-12-17,NOT_NEXT_SESSION(missed=1)
SOFTTECH.NS,2020-01-07,2020-01-09,NOT_NEXT_SESSION(missed=1)
SOFTTECH.NS,2020-01-10,2020-01-14,NOT_NEXT_SESSION(missed=1)
SOFTTECH.NS,2020-01-14,2020-01-16,NOT_NEXT_SESSION(missed=1)
SOFTTECH.NS,2020-01-16,2020-01-20,NOT_NEXT_SESSION(missed=1)
SOFTTECH.NS,2020-01-22,2020-01-27,NOT_NEXT_SESSION(missed=2)
SOFTTECH.NS,2020-01-29,2020-02-01,NOT_NEXT_SESSION(missed=2)
SOFTTECH.NS,2020-02-03,2020-02-06,NOT_NEXT_SESSION(missed=2)
SOFTTECH.NS,2020-02-06,2020-02-11,NOT_NEXT_SESSION(missed=2)
SOFTTECH.NS,2020-02-11,2020-02-18,NOT_NEXT_SESSION(missed=4)
SOFTTECH.NS,2020-02-18,2020-02-20,NOT_NEXT_SESSION(missed=1)
SOFTTECH.NS,2020-02-24,2020-02-26,NOT_NEXT_SESSION(missed=1)
SOFTTECH.NS,2020-02-26,2020-02-28,NOT_NEXT_SESSION(missed=1)
SOFTTECH.NS,2020-02-28,2020-03-04,NOT_NEXT_SESSION(missed=2)
SOFTTECH.NS,2020-03-06,2020-03-11,NOT_NEXT_SESSION(missed=1)
SOFTTECH.NS,2020-03-12,2020-03-17,NOT_NEXT_SESSION(missed=2)
SOFTTECH.NS,2020-03-20,2020-03-24,NOT_NEXT_SESSION(missed=1)
SOFTTECH.NS,2020-03-26,2020-03-30,NOT_NEXT_SESSION(missed=1)
SOFTTECH.NS,2020-04-09,2020-04-15,NOT_NEXT_SESSION(missed=1)
SOFTTECH.NS,2020-04-15,2020-04-20,NOT_NEXT_SESSION(missed=2)
SOFTTECH.NS,2020-04-20,2020-05-06,NOT_NEXT_SESSION(missed=10)
SOFTTECH.NS,2020-05-06,2020-05-11,NOT_NEXT_SESSION(missed=2)
SOFTTECH.NS,2020-05-13,2020-06-03,NOT_NEXT_SESSION(missed=13)
SOFTTECH.NS,2020-06-05,2020-06-09,NOT_NEXT_SESSION(missed=1)
SOFTTECH.NS,2020-06-09,2020-06-19,NOT_NEXT_SESSION(missed=7)
SOFTTECH.NS,2020-06-19,2020-06-24,NOT_NEXT_SESSION(missed=2)
SOFTTECH.NS,2020-06-24,2020-06-29,NOT_NEXT_SESSION(missed=2)
SOFTTECH.NS,2020-06-29,2020-07-02,NOT_NEXT_SESSION(missed=2)
SOFTTECH.NS,2020-07-03,2020-07-08,NOT_NEXT_SESSION(missed=2)
SOFTTECH.NS,2020-08-04,2020-08-06,NOT_NEXT_SESSION(missed=1)
SOFTTECH.NS,2020-08-18,2020-08-21,NOT_NEXT_SESSION(missed=2)
SOFTTECH.NS,2020-09-03,2020-09-07,NOT_NEXT_SESSION(missed=1)
SOFTTECH.NS,2020-09-21,2020-09-23,NOT_NEXT_SESSION(missed=1)
SOFTTECH.NS,2020-09-29,2020-10-01,NOT_NEXT_SESSION(missed=1)
SOFTTECH.NS,2020-10-16,2020-10-20,NOT_NEXT_SESSION(missed=1)
SOFTTECH.NS,2020-10-30,2020-11-04,NOT_NEXT_SESSION(missed=2)
SOFTTECH.NS,2020-11-06,2020-11-11,NOT_NEXT_SESSION(missed=2)
SOFTTECH.NS,2020-11-11,2020-11-17,NOT_NEXT_SESSION(missed=3)
SOFTTECH.NS,2020-11-23,2020-11-25,NOT_NEXT_SESSION(missed=1)
SOFTTECH.NS,2020-11-26,2020-12-01,NOT_NEXT_SESSION(missed=1)
SOFTTECH.NS,2020-12-03,2020-12-08,NOT_NEXT_SESSION(missed=2)
SOFTTECH.NS,2020-12-09,2020-12-11,NOT_NEXT_SESSION(missed=1)
SOFTTECH.NS,2020-12-14,2020-12-16,NOT_NEXT_SESSION(missed=1)
SOFTTECH.NS,2020-12-18,2020-12-22,NOT_NEXT_SESSION(missed=1)
SOFTTECH.NS,2021-01-13,2021-01-15,NOT_NEXT_SESSION(missed=1)
SOFTTECH.NS,2021-01-15,2021-01-19,NOT_NEXT_SESSION(missed=1)
SOFTTECH.NS,2021-01-25,2021-01-29,NOT_NEXT_SESSION(missed=2)
SOFTTECH.NS,2021-02-09,2021-02-11,NOT_NEXT_SESSION(missed=1)
SOFTTECH.NS,2021-02-17,2021-02-19,NOT_NEXT_SESSION(missed=1)
SOFTTECH.NS,2021-02-19,2021-02-25,NOT_NEXT_SESSION(missed=3)
SOFTTECH.NS,2021-02-25,2021-03-02,NOT_NEXT_SESSION(missed=2)
SOFTTECH.NS,2021-03-08,2021-03-10,NOT_NEXT_SESSION(missed=1)
SOFTTECH.NS,2021-03-10,2021-03-15,NOT_NEXT_SESSION(missed=1)
SOFTTECH.NS,2021-03-31,2021-04-05,NOT_NEXT_SESSION(missed=1)
SOFTTECH.NS,2021-04-05,2021-04-07,NOT_NEXT_SESSION(missed=1)
SOFTTECH.NS,2021-04-08,2021-04-15,NOT_NEXT_SESSION(missed=3)
SOFTTECH.NS,2021-04-22,2021-04-29,NOT_NEXT_SESSION(missed=4)
SOFTTECH.NS,2021-05-03,2021-05-06,NOT_NEXT_SESSION(missed=2)
SOFTTECH.NS,2021-05-06,2021-05-18,NOT_NEXT_SESSION(missed=6)
SOFTTECH.NS,2021-05-18,2021-05-24,NOT_NEXT_SESSION(missed=3)
SOFTTECH.NS,2021-05-25,2021-05-27,NOT_NEXT_SESSION(missed=1)
SOFTTECH.NS,2021-05-27,2021-06-02,NOT_NEXT_SESSION(missed=3)
SOFTTECH.NS,2021-06-04,2021-06-09,NOT_NEXT_SESSION(missed=2)
SOFTTECH.NS,2021-06-09,2021-06-14,NOT_NEXT_SESSION(missed=2)
SOFTTECH.NS,2021-06-24,2021-06-28,NOT_NEXT_SESSION(missed=1)
SOFTTECH.NS,2021-07-08,2021-07-12,NOT_NEXT_SESSION(missed=1)
SOFTTECH.NS,2021-07-13,2021-07-26,NOT_NEXT_SESSION(missed=7)
SOFTTECH.NS,2021-07-27,2021-07-30,NOT_NEXT_SESSION(missed=2)
SOFTTECH.NS,2021-08-03,2021-08-05,NOT_NEXT_SESSION(missed=1)
SOFTTECH.NS,2021-08-05,2021-08-10,NOT_NEXT_SESSION(missed=2)
SOFTTECH.NS,2021-08-17,2021-08-30,NOT_NEXT_SESSION(missed=7)
SOFTTECH.NS,2021-09-01,2021-09-03,NOT_NEXT_SESSION(missed=1)
SOFTTECH.NS,2021-09-03,2021-09-08,NOT_NEXT_SESSION(missed=2)
SOFTTECH.NS,2021-09-08,2021-10-05,NOT_NEXT_SESSION(missed=17)
SOFTTECH.NS,2021-10-05,2021-10-11,NOT_NEXT_SESSION(missed=3)
SOFTTECH.NS,2021-10-11,2021-10-14,NOT_NEXT_SESSION(missed=2)
SOFTTECH.NS,2021-10-18,2021-11-04,NOT_NEXT_SESSION(missed=12)
SOFTTECH.NS,2021-11-04,2021-11-10,NOT_NEXT_SESSION(missed=2)
SOFTTECH.NS,2021-11-10,2021-11-16,NOT_NEXT_SESSION(missed=3)
SOFTTECH.NS,2021-11-16,2021-12-02,NOT_NEXT_SESSION(missed=10)
SOFTTECH.NS,2021-12-02,2021-12-17,NOT_NEXT_SESSION(missed=10)
SOFTTECH.NS,2021-12-17,2021-12-21,NOT_NEXT_SESSION(missed=1)
SOFTTECH.NS,2021-12-21,2021-12-31,NOT_NEXT_SESSION(missed=7)
SOFTTECH.NS,2021-12-31,2022-01-06,NOT_NEXT_SESSION(missed=3)
SOFTTECH.NS,2022-01-06,2022-01-11,NOT_NEXT_SESSION(missed=2)
SOFTTECH.NS,2022-01-11,2022-01-14,NOT_NEXT_SESSION(missed=2)
SOFTTECH.NS,2022-01-14,2022-01-18,NOT_NEXT_SESSION(missed=1)
SOFTTECH.NS,2022-01-19,2022-01-27,NOT_NEXT_SESSION(missed=4)
SOFTTECH.NS,2022-01-28,2022-02-01,NOT_NEXT_SESSION(missed=1)
SOFTTECH.NS,2022-02-01,2022-02-03,NOT_NEXT_SESSION(missed=1)
SOFTTECH.NS,2022-02-07,2022-02-16,NOT_NEXT_SESSION(missed=6)
SOFTTECH.NS,2022-02-17,2022-02-24,NOT_NEXT_SESSION(missed=4)
SOFTTECH.NS,2022-06-03,2022-06-07,NOT_NEXT_SESSION(missed=1)
SOFTTECH.NS,2022-06-21,2022-06-23,NOT_NEXT_SESSION(missed=1)
SOLEX.NS,2021-04-28,2021-04-30,NOT_NEXT_SESSION(missed=1)
SOLEX.NS,2021-04-30,2021-05-04,NOT_NEXT_SESSION(missed=1)
SOLEX.NS,2021-05-04,2021-05-07,NOT_NEXT_SESSION(missed=2)
SOLEX.NS,2021-05-07,2021-05-12,NOT_NEXT_SESSION(missed=2)
SOLEX.NS,2021-06-11,2021-06-15,NOT_NEXT_SESSION(missed=1)
SOLEX.NS,2021-06-23,2021-06-28,NOT_NEXT_SESSION(missed=2)
SOLEX.NS,2021-06-28,2021-06-30,NOT_NEXT_SESSION(missed=1)
SOLEX.NS,2021-07-01,2021-07-05,NOT_NEXT_SESSION(missed=1)
SOLEX.NS,2021-07-06,2021-07-08,NOT_NEXT_SESSION(missed=1)
SOLEX.NS,2021-07-12,2021-07-14,NOT_NEXT_SESSION(missed=1)
SOLEX.NS,2021-07-20,2021-07-23,NOT_NEXT_SESSION(missed=1)
SOLEX.NS,2021-07-23,2021-07-27,NOT_NEXT_SESSION(missed=1)
SOLEX.NS,2021-07-27,2021-07-29,NOT_NEXT_SESSION(missed=1)
SOLEX.NS,2021-08-12,2021-08-18,NOT_NEXT_SESSION(missed=3)
SOLEX.NS,2021-08-24,2021-08-27,NOT_NEXT_SESSION(missed=2)
SOLEX.NS,2021-08-27,2021-08-31,NOT_NEXT_SESSION(missed=1)
SOLEX.NS,2021-09-07,2021-09-14,NOT_NEXT_SESSION(missed=3)
SOLEX.NS,2021-09-16,2021-09-21,NOT_NEXT_SESSION(missed=2)
SOLEX.NS,2021-09-21,2021-09-27,NOT_NEXT_SESSION(missed=3)
SOLEX.NS,2021-09-29,2021-10-01,NOT_NEXT_SESSION(missed=1)
SOLEX.NS,2021-10-01,2021-10-05,NOT_NEXT_SESSION(missed=1)
SOLEX.NS,2021-10-05,2021-10-07,NOT_NEXT_SESSION(missed=1)
SOLEX.NS,2021-10-07,2021-10-12,NOT_NEXT_SESSION(missed=2)
SOLEX.NS,2021-10-12,2021-10-27,NOT_NEXT_SESSION(missed=9)
SOLEX.NS,2021-10-27,2021-11-08,NOT_NEXT_SESSION(missed=6)
SOLEX.NS,2021-11-09,2021-11-29,NOT_NEXT_SESSION(missed=12)
SOLEX.NS,2021-11-30,2021-12-06,NOT_NEXT_SESSION(missed=3)
SOLEX.NS,2021-12-06,2021-12-08,NOT_NEXT_SESSION(missed=1)
SOLEX.NS,2021-12-08,2021-12-13,NOT_NEXT_SESSION(missed=2)
SOLEX.NS,2022-01-14,2022-01-18,NOT_NEXT_SESSION(missed=1)
SOLEX.NS,2022-01-25,2022-01-28,NOT_NEXT_SESSION(missed=1)
SOLEX.NS,2022-02-18,2022-02-22,NOT_NEXT_SESSION(missed=1)
SOLEX.NS,2022-03-02,2022-03-04,NOT_NEXT_SESSION(missed=1)
SOLEX.NS,2022-03-15,2022-03-17,NOT_NEXT_SESSION(missed=1)
SOLEX.NS,2022-03-21,2022-03-23,NOT_NEXT_SESSION(missed=1)
SOLEX.NS,2022-03-23,2022-03-25,NOT_NEXT_SESSION(missed=1)
SOLEX.NS,2022-04-07,2022-04-11,NOT_NEXT_SESSION(missed=1)
SOLEX.NS,2022-04-11,2022-04-13,NOT_NEXT_SESSION(missed=1)
SOLEX.NS,2022-04-13,2022-04-21,NOT_NEXT_SESSION(missed=3)
SOLEX.NS,2022-05-06,2022-05-18,NOT_NEXT_SESSION(missed=7)
SOLEX.NS,2022-05-20,2022-05-24,NOT_NEXT_SESSION(missed=1)
SOLEX.NS,2022-05-26,2022-05-30,NOT_NEXT_SESSION(missed=1)
SOLEX.NS,2022-05-31,2022-06-10,NOT_NEXT_SESSION(missed=7)
SOLEX.NS,2022-06-10,2022-06-21,NOT_NEXT_SESSION(missed=6)
SOLEX.NS,2022-06-27,2022-06-30,NOT_NEXT_SESSION(missed=2)
SOLEX.NS,2022-06-30,2022-07-04,NOT_NEXT_SESSION(missed=1)
SOLEX.NS,2022-07-05,2022-07-07,NOT_NEXT_SESSION(missed=1)
SOLEX.NS,2022-07-07,2022-07-13,NOT_NEXT_SESSION(missed=3)
SOLEX.NS,2022-07-13,2022-07-15,NOT_NEXT_SESSION(missed=1)
SOLEX.NS,2022-07-15,2022-07-19,NOT_NEXT_SESSION(missed=1)
SOLEX.NS,2022-07-27,2022-08-03,NOT_NEXT_SESSION(missed=4)
SOLEX.NS,2022-08-03,2022-08-05,NOT_NEXT_SESSION(missed=1)
SOLEX.NS,2022-08-05,2022-08-10,NOT_NEXT_SESSION(missed=1)
SOLEX.NS,2022-08-16,2022-08-18,NOT_NEXT_SESSION(missed=1)
SOLEX.NS,2022-09-22,2022-09-26,NOT_NEXT_SESSION(missed=1)
SOLEX.NS,2022-09-26,2022-09-28,NOT_NEXT_SESSION(missed=1)
SOLEX.NS,2022-10-07,2022-10-13,NOT_NEXT_SESSION(missed=3)
SOLEX.NS,2022-10-20,2022-10-24,NOT_NEXT_SESSION(missed=1)
SOLEX.NS,2022-10-24,2022-10-27,NOT_NEXT_SESSION(missed=1)
SOLEX.NS,2022-11-04,2022-11-09,NOT_NEXT_SESSION(missed=1)
SOLEX.NS,2022-12-13,2022-12-15,NOT_NEXT_SESSION(missed=1)
SOLEX.NS,2023-03-08,2023-03-10,NOT_NEXT_SESSION(missed=1)
SOLEX.NS,2023-05-11,2023-05-15,NOT_NEXT_SESSION(missed=1)
SOMATEX.NS,2019-03-19,2019-03-22,NOT_NEXT_SESSION(missed=1)
SOMATEX.NS,2019-03-26,2019-03-28,NOT_NEXT_SESSION(missed=1)
SOMATEX.NS,2019-04-08,2019-04-10,NOT_NEXT_SESSION(missed=1)
SOMATEX.NS,2019-04-15,2019-04-18,NOT_NEXT_SESSION(missed=1)
SOMATEX.NS,2019-04-23,2019-04-25,NOT_NEXT_SESSION(missed=1)
SOMATEX.NS,2019-06-10,2019-06-12,NOT_NEXT_SESSION(missed=1)
SOMATEX.NS,2019-06-13,2019-06-17,NOT_NEXT_SESSION(missed=1)
SOMATEX.NS,2019-07-18,2019-07-22,NOT_NEXT_SESSION(missed=1)
SOMATEX.NS,2019-07-30,2019-08-02,NOT_NEXT_SESSION(missed=2)
SOMATEX.NS,2019-08-09,2019-08-14,NOT_NEXT_SESSION(missed=1)
SOMATEX.NS,2019-10-27,2019-10-30,NOT_NEXT_SESSION(missed=1)
SOMATEX.NS,2019-10-30,2019-11-01,NOT_NEXT_SESSION(missed=1)
SOMATEX.NS,2020-01-24,2020-01-28,NOT_NEXT_SESSION(missed=1)
SOMATEX.NS,2020-04-09,2020-04-17,NOT_NEXT_SESSION(missed=3)
SOMATEX.NS,2020-04-23,2020-04-27,NOT_NEXT_SESSION(missed=1)
SOMATEX.NS,2020-05-05,2020-05-07,NOT_NEXT_SESSION(missed=1)
SOMATEX.NS,2020-05-22,2020-05-27,NOT_NEXT_SESSION(missed=1)
SOMATEX.NS,2020-06-08,2020-06-10,NOT_NEXT_SESSION(missed=1)
SOMATEX.NS,2020-07-01,2020-07-03,NOT_NEXT_SESSION(missed=1)
SOMATEX.NS,2020-07-06,2020-07-08,NOT_NEXT_SESSION(missed=1)
SOMATEX.NS,2020-07-31,2020-08-04,NOT_NEXT_SESSION(missed=1)
SOMATEX.NS,2020-08-05,2020-08-07,NOT_NEXT_SESSION(missed=1)
SOMATEX.NS,2020-09-07,2020-09-09,NOT_NEXT_SESSION(missed=1)
SOMATEX.NS,2020-09-29,2020-10-01,NOT_NEXT_SESSION(missed=1)
SOMATEX.NS,2020-10-15,2020-10-20,NOT_NEXT_SESSION(missed=2)
SOMATEX.NS,2020-10-23,2020-10-27,NOT_NEXT_SESSION(missed=1)
SOMATEX.NS,2020-10-27,2020-10-29,NOT_NEXT_SESSION(missed=1)
SOMATEX.NS,2020-11-03,2020-11-06,NOT_NEXT_SESSION(missed=2)
SOMATEX.NS,2020-11-09,2020-11-11,NOT_NEXT_SESSION(missed=1)
SOMATEX.NS,2020-11-13,2020-11-17,NOT_NEXT_SESSION(missed=1)
SOMATEX.NS,2020-11-17,2020-11-19,NOT_NEXT_SESSION(missed=1)
SOMATEX.NS,2020-11-24,2020-11-26,NOT_NEXT_SESSION(missed=1)
SOMATEX.NS,2020-12-14,2020-12-16,NOT_NEXT_SESSION(missed=1)
SOMATEX.NS,2020-12-21,2020-12-23,NOT_NEXT_SESSION(missed=1)
SOMATEX.NS,2020-12-29,2021-01-04,NOT_NEXT_SESSION(missed=3)
SOMATEX.NS,2021-01-05,2021-01-07,NOT_NEXT_SESSION(missed=1)
SOMATEX.NS,2021-11-17,2021-11-22,NOT_NEXT_SESSION(missed=1)
SOMATEX.NS,2021-11-22,2021-11-29,NOT_NEXT_SESSION(missed=4)
SOMATEX.NS,2021-11-29,2021-12-06,NOT_NEXT_SESSION(missed=4)
SOMATEX.NS,2021-12-06,2021-12-13,NOT_NEXT_SESSION(missed=4)
SOMATEX.NS,2021-12-13,2021-12-20,NOT_NEXT_SESSION(missed=4)
SOMATEX.NS,2021-12-20,2021-12-27,NOT_NEXT_SESSION(missed=4)
SOMATEX.NS,2021-12-27,2022-01-03,NOT_NEXT_SESSION(missed=4)
SOMATEX.NS,2022-01-03,2022-01-10,NOT_NEXT_SESSION(missed=4)
SOMICONVEY.NS,2019-08-02,2019-08-06,NOT_NEXT_SESSION(missed=1)
SOMICONVEY.NS,2020-05-19,2020-05-21,NOT_NEXT_SESSION(missed=1)
SOMICONVEY.NS,2023-07-07,2023-07-17,NOT_NEXT_SESSION(missed=5)
SOMICONVEY.NS,2023-07-17,2023-07-24,NOT_NEXT_SESSION(missed=4)
SONAMLTD.NS,2020-09-10,2020-09-14,NOT_NEXT_SESSION(missed=1)
SONAMLTD.NS,2020-09-15,2020-09-30,NOT_NEXT_SESSION(missed=10)
SONAMLTD.NS,2020-09-30,2020-10-07,NOT_NEXT_SESSION(missed=3)
SONAMLTD.NS,2020-10-07,2020-10-09,NOT_NEXT_SESSION(missed=1)
SONAMLTD.NS,2020-10-09,2020-10-23,NOT_NEXT_SESSION(missed=9)
SONAMLTD.NS,2020-10-27,2020-10-29,NOT_NEXT_SESSION(missed=1)
SONAMLTD.NS,2020-10-29,2020-11-03,NOT_NEXT_SESSION(missed=2)
SONAMLTD.NS,2020-11-03,2020-11-05,NOT_NEXT_SESSION(missed=1)
SONAMLTD.NS,2020-11-09,2020-11-14,NOT_NEXT_SESSION(missed=4)
SONAMLTD.NS,2020-11-18,2020-12-02,NOT_NEXT_SESSION(missed=8)
SONAMLTD.NS,2020-12-03,2020-12-08,NOT_NEXT_SESSION(missed=2)
SONAMLTD.NS,2020-12-08,2020-12-10,NOT_NEXT_SESSION(missed=1)
SONAMLTD.NS,2020-12-10,2020-12-15,NOT_NEXT_SESSION(missed=2)
SONAMLTD.NS,2020-12-15,2020-12-22,NOT_NEXT_SESSION(missed=4)
SONAMLTD.NS,2020-12-23,2020-12-28,NOT_NEXT_SESSION(missed=1)
SONAMLTD.NS,2020-12-28,2020-12-31,NOT_NEXT_SESSION(missed=2)
SONAMLTD.NS,2020-12-31,2021-01-05,NOT_NEXT_SESSION(missed=2)
SONAMLTD.NS,2021-01-05,2021-01-18,NOT_NEXT_SESSION(missed=8)
SONAMLTD.NS,2021-01-21,2021-02-08,NOT_NEXT_SESSION(missed=10)
SONAMLTD.NS,2021-02-08,2021-02-23,NOT_NEXT_SESSION(missed=10)
SONAMLTD.NS,2021-11-01,2021-11-03,NOT_NEXT_SESSION(missed=1)
SONAMLTD.NS,2021-11-09,2021-11-11,NOT_NEXT_SESSION(missed=1)
SONAMLTD.NS,2021-11-16,2021-11-18,NOT_NEXT_SESSION(missed=1)
SONAMLTD.NS,2022-01-25,2022-01-28,NOT_NEXT_SESSION(missed=1)
SONAMLTD.NS,2022-03-08,2022-03-10,NOT_NEXT_SESSION(missed=1)
SOUTHWEST.NS,2019-07-02,2019-07-04,NOT_NEXT_SESSION(missed=1)
SOUTHWEST.NS,2019-07-08,2019-07-10,NOT_NEXT_SESSION(missed=1)
SOUTHWEST.NS,2019-07-11,2019-07-16,NOT_NEXT_SESSION(missed=2)
SOUTHWEST.NS,2019-07-18,2019-07-22,NOT_NEXT_SESSION(missed=1)
SOUTHWEST.NS,2019-07-26,2019-07-31,NOT_NEXT_SESSION(missed=2)
SPCENET.NS,2019-08-16,2019-08-20,NOT_NEXT_SESSION(missed=1)
SPCENET.NS,2020-01-28,2020-01-30,NOT_NEXT_SESSION(missed=1)
SPCENET.NS,2020-01-30,2020-02-03,NOT_NEXT_SESSION(missed=2)
SPCENET.NS,2020-02-14,2020-02-18,NOT_NEXT_SESSION(missed=1)
SPCENET.NS,2020-04-28,2020-05-04,NOT_NEXT_SESSION(missed=2)
SPCENET.NS,2020-05-04,2020-05-11,NOT_NEXT_SESSION(missed=4)
SPCENET.NS,2020-05-11,2020-05-18,NOT_NEXT_SESSION(missed=4)
SPCENET.NS,2020-05-18,2020-05-26,NOT_NEXT_SESSION(missed=4)
SPCENET.NS,2020-05-26,2020-06-01,NOT_NEXT_SESSION(missed=3)
SPCENET.NS,2020-06-01,2020-06-08,NOT_NEXT_SESSION(missed=4)
SPCENET.NS,2020-06-08,2020-06-15,NOT_NEXT_SESSION(missed=4)
SPCENET.NS,2020-06-15,2020-06-22,NOT_NEXT_SESSION(missed=4)
SPCENET.NS,2020-06-22,2020-07-06,NOT_NEXT_SESSION(missed=9)
SPCENET.NS,2020-07-06,2020-07-13,NOT_NEXT_SESSION(missed=4)
SPCENET.NS,2020-07-23,2020-07-27,NOT_NEXT_SESSION(missed=1)
SPCENET.NS,2020-07-29,2020-07-31,NOT_NEXT_SESSION(missed=1)
SPCENET.NS,2020-08-05,2020-08-07,NOT_NEXT_SESSION(missed=1)
SPCENET.NS,2020-08-12,2020-08-14,NOT_NEXT_SESSION(missed=1)
SPCENET.NS,2020-09-16,2020-09-18,NOT_NEXT_SESSION(missed=1)
SPCENET.NS,2020-09-22,2020-09-24,NOT_NEXT_SESSION(missed=1)
SPCENET.NS,2020-09-29,2020-10-01,NOT_NEXT_SESSION(missed=1)
SPCENET.NS,2020-10-16,2020-10-20,NOT_NEXT_SESSION(missed=1)
SPCENET.NS,2020-10-26,2020-10-28,NOT_NEXT_SESSION(missed=1)
SPCENET.NS,2020-11-12,2020-11-17,NOT_NEXT_SESSION(missed=2)
SPCENET.NS,2020-11-17,2020-11-23,NOT_NEXT_SESSION(missed=3)
SPCENET.NS,2020-11-23,2020-12-01,NOT_NEXT_SESSION(missed=4)
SPCENET.NS,2020-12-01,2020-12-07,NOT_NEXT_SESSION(missed=3)
SPCENET.NS,2020-12-07,2020-12-14,NOT_NEXT_SESSION(missed=4)
SPCENET.NS,2020-12-14,2020-12-16,NOT_NEXT_SESSION(missed=1)
SPCENET.NS,2020-12-18,2020-12-28,NOT_NEXT_SESSION(missed=4)
SPCENET.NS,2020-12-28,2021-01-04,NOT_NEXT_SESSION(missed=4)
SPCENET.NS,2021-01-04,2021-01-11,NOT_NEXT_SESSION(missed=4)
SPCENET.NS,2021-01-11,2021-01-18,NOT_NEXT_SESSION(missed=4)
SPCENET.NS,2021-01-18,2021-01-25,NOT_NEXT_SESSION(missed=4)
SPCENET.NS,2021-01-25,2021-02-01,NOT_NEXT_SESSION(missed=3)
SPCENET.NS,2021-02-01,2021-02-08,NOT_NEXT_SESSION(missed=4)
SPCENET.NS,2021-02-09,2021-02-15,NOT_NEXT_SESSION(missed=3)
SPCENET.NS,2021-02-15,2021-02-22,NOT_NEXT_SESSION(missed=4)
SPCENET.NS,2021-02-22,2021-03-01,NOT_NEXT_SESSION(missed=4)
SPCENET.NS,2021-03-01,2021-03-08,NOT_NEXT_SESSION(missed=4)
SPCENET.NS,2021-03-08,2021-03-15,NOT_NEXT_SESSION(missed=3)
SPCENET.NS,2021-03-15,2021-03-22,NOT_NEXT_SESSION(missed=4)
SPCENET.NS,2021-03-22,2021-03-30,NOT_NEXT_SESSION(missed=4)
SPCENET.NS,2021-03-30,2021-04-05,NOT_NEXT_SESSION(missed=2)
SPCENET.NS,2021-04-05,2021-04-19,NOT_NEXT_SESSION(missed=8)
SPCENET.NS,2021-04-19,2021-04-26,NOT_NEXT_SESSION(missed=3)
SPCENET.NS,2021-04-26,2021-05-10,NOT_NEXT_SESSION(missed=9)
SPCENET.NS,2021-05-10,2021-05-17,NOT_NEXT_SESSION(missed=3)
SPCENET.NS,2021-05-17,2021-05-24,NOT_NEXT_SESSION(missed=4)
SPCENET.NS,2021-05-24,2021-05-31,NOT_NEXT_SESSION(missed=4)
SPCENET.NS,2021-05-31,2021-06-07,NOT_NEXT_SESSION(missed=4)
SPCENET.NS,2021-06-07,2021-06-21,NOT_NEXT_SESSION(missed=9)
SPCENET.NS,2021-06-21,2021-06-28,NOT_NEXT_SESSION(missed=4)
SPCENET.NS,2021-06-28,2021-07-05,NOT_NEXT_SESSION(missed=4)
SPCENET.NS,2021-07-05,2021-07-12,NOT_NEXT_SESSION(missed=4)
SPCENET.NS,2021-07-12,2021-07-19,NOT_NEXT_SESSION(missed=4)
SPCENET.NS,2021-07-19,2021-07-26,NOT_NEXT_SESSION(missed=3)
SPCENET.NS,2021-07-26,2021-08-02,NOT_NEXT_SESSION(missed=4)
SPCENET.NS,2021-08-02,2021-08-09,NOT_NEXT_SESSION(missed=4)
SPCENET.NS,2021-08-09,2021-08-16,NOT_NEXT_SESSION(missed=4)
SPCENET.NS,2021-08-16,2021-08-23,NOT_NEXT_SESSION(missed=3)
SPCENET.NS,2021-08-23,2021-08-30,NOT_NEXT_SESSION(missed=4)
SPCENET.NS,2021-08-30,2021-09-06,NOT_NEXT_SESSION(missed=4)
SPCENET.NS,2021-09-06,2021-09-13,NOT_NEXT_SESSION(missed=3)
SPCENET.NS,2021-09-13,2021-09-20,NOT_NEXT_SESSION(missed=4)
SPCENET.NS,2021-09-20,2021-09-27,NOT_NEXT_SESSION(missed=4)
SPCENET.NS,2021-09-27,2021-10-04,NOT_NEXT_SESSION(missed=4)
SPCENET.NS,2021-10-04,2021-10-11,NOT_NEXT_SESSION(missed=4)
SPCENET.NS,2021-10-11,2021-10-18,NOT_NEXT_SESSION(missed=3)
SPCENET.NS,2021-10-18,2021-10-25,NOT_NEXT_SESSION(missed=4)
SPCENET.NS,2021-10-25,2021-11-01,NOT_NEXT_SESSION(missed=4)
SPCENET.NS,2021-11-01,2021-11-08,NOT_NEXT_SESSION(missed=3)
SPCENET.NS,2021-11-08,2021-11-15,NOT_NEXT_SESSION(missed=4)
SPCENET.NS,2021-11-15,2021-11-22,NOT_NEXT_SESSION(missed=3)
SPCENET.NS,2021-11-22,2021-11-29,NOT_NEXT_SESSION(missed=4)
SPCENET.NS,2021-11-29,2021-12-06,NOT_NEXT_SESSION(missed=4)
SPCENET.NS,2021-12-06,2021-12-13,NOT_NEXT_SESSION(missed=4)
SPCENET.NS,2021-12-13,2021-12-20,NOT_NEXT_SESSION(missed=4)
SPCENET.NS,2021-12-20,2021-12-27,NOT_NEXT_SESSION(missed=4)
SPCENET.NS,2021-12-27,2022-01-03,NOT_NEXT_SESSION(missed=4)
SPCENET.NS,2022-01-03,2022-01-10,NOT_NEXT_SESSION(missed=4)
SPCENET.NS,2022-01-10,2022-01-17,NOT_NEXT_SESSION(missed=4)
SPCENET.NS,2022-01-17,2022-01-24,NOT_NEXT_SESSION(missed=4)
SPCENET.NS,2022-01-24,2022-01-31,NOT_NEXT_SESSION(missed=3)
SPCENET.NS,2022-01-31,2022-02-07,NOT_NEXT_SESSION(missed=4)
SPCENET.NS,2022-02-07,2022-02-14,NOT_NEXT_SESSION(missed=4)
SPCENET.NS,2022-02-14,2022-02-21,NOT_NEXT_SESSION(missed=4)
SPCENET.NS,2022-02-21,2022-02-28,NOT_NEXT_SESSION(missed=4)
SPCENET.NS,2022-02-28,2022-03-07,NOT_NEXT_SESSION(missed=3)
SPCENET.NS,2022-03-07,2022-03-14,NOT_NEXT_SESSION(missed=4)
SPCENET.NS,2022-03-14,2022-03-21,NOT_NEXT_SESSION(missed=3)
SPCENET.NS,2022-03-21,2022-03-28,NOT_NEXT_SESSION(missed=4)
SPCENET.NS,2022-03-28,2022-04-04,NOT_NEXT_SESSION(missed=4)
SPCENET.NS,2022-04-04,2022-04-11,NOT_NEXT_SESSION(missed=4)
SPCENET.NS,2022-04-11,2022-04-18,NOT_NEXT_SESSION(missed=2)
SPCENET.NS,2022-04-18,2022-04-25,NOT_NEXT_SESSION(missed=4)
SPCENET.NS,2022-04-25,2022-05-02,NOT_NEXT_SESSION(missed=4)
SPCENET.NS,2022-05-02,2022-05-09,NOT_NEXT_SESSION(missed=3)
SPCENET.NS,2022-05-09,2022-05-16,NOT_NEXT_SESSION(missed=4)
SPCENET.NS,2022-05-16,2022-05-23,NOT_NEXT_SESSION(missed=4)
SPCENET.NS,2022-05-23,2022-06-06,NOT_NEXT_SESSION(missed=9)
SPCENET.NS,2022-06-06,2022-06-13,NOT_NEXT_SESSION(missed=4)
SPCENET.NS,2022-06-13,2022-06-20,NOT_NEXT_SESSION(missed=4)
SPMLINFRA.NS,2023-06-19,2023-06-26,NOT_NEXT_SESSION(missed=4)
SPMLINFRA.NS,2023-06-26,2023-07-03,NOT_NEXT_SESSION(missed=3)
SPMLINFRA.NS,2023-07-03,2023-07-10,NOT_NEXT_SESSION(missed=4)
SPMLINFRA.NS,2023-07-10,2023-07-17,NOT_NEXT_SESSION(missed=4)
SPMLINFRA.NS,2023-07-17,2023-07-24,NOT_NEXT_SESSION(missed=4)
SRGHFL.NS,2025-12-17,2025-12-19,NOT_NEXT_SESSION(missed=1)
STAR.NS,2024-12-05,2024-12-06,EXTREME_RETURN
STARTECK.NS,2023-08-09,2023-08-11,NOT_NEXT_SESSION(missed=1)
STARTECK.NS,2023-10-13,2023-10-17,NOT_NEXT_SESSION(missed=1)
STARTECK.NS,2023-10-18,2023-10-20,NOT_NEXT_SESSION(missed=1)
STARTECK.NS,2024-05-02,2024-05-06,NOT_NEXT_SESSION(missed=1)
STARTECK.NS,2024-05-06,2024-05-08,NOT_NEXT_SESSION(missed=1)
STARTECK.NS,2024-05-09,2024-05-14,NOT_NEXT_SESSION(missed=2)
STARTECK.NS,2024-05-17,2024-05-21,NOT_NEXT_SESSION(missed=1)
STEELCITY.NS,2018-04-13,2018-04-17,NOT_NEXT_SESSION(missed=1)
STEELCITY.NS,2018-05-02,2018-05-04,NOT_NEXT_SESSION(missed=1)
STEELCITY.NS,2018-05-24,2018-05-28,NOT_NEXT_SESSION(missed=1)
STEELCITY.NS,2018-07-04,2018-07-06,NOT_NEXT_SESSION(missed=1)
STEELCITY.NS,2018-08-10,2018-08-14,NOT_NEXT_SESSION(missed=1)
STEELCITY.NS,2018-08-17,2018-08-21,NOT_NEXT_SESSION(missed=1)
STEELCITY.NS,2018-09-26,2018-09-28,NOT_NEXT_SESSION(missed=1)
STEELCITY.NS,2018-10-01,2018-10-04,NOT_NEXT_SESSION(missed=1)
STEELCITY.NS,2018-10-24,2018-10-26,NOT_NEXT_SESSION(missed=1)
STEELCITY.NS,2018-10-29,2018-10-31,NOT_NEXT_SESSION(missed=1)
STEELCITY.NS,2018-11-06,2018-11-07,UNRESOLVED_SESSION
STEELCITY.NS,2018-11-07,2018-11-09,UNRESOLVED_SESSION
STEELCITY.NS,2018-11-09,2018-11-13,NOT_NEXT_SESSION(missed=1)
STEELCITY.NS,2018-11-16,2018-11-20,NOT_NEXT_SESSION(missed=1)
STEELCITY.NS,2018-11-20,2018-11-22,NOT_NEXT_SESSION(missed=1)
STEELCITY.NS,2018-11-30,2019-02-22,NOT_NEXT_SESSION(missed=58)
STEELCITY.NS,2019-02-22,2019-02-28,NOT_NEXT_SESSION(missed=3)
STEELCITY.NS,2019-02-28,2019-03-08,NOT_NEXT_SESSION(missed=4)
STEELCITY.NS,2019-03-11,2019-03-20,NOT_NEXT_SESSION(missed=6)
STEELCITY.NS,2019-03-20,2019-03-27,NOT_NEXT_SESSION(missed=3)
STEELCITY.NS,2019-03-29,2019-04-03,NOT_NEXT_SESSION(missed=2)
STEELCITY.NS,2019-04-09,2019-04-12,NOT_NEXT_SESSION(missed=2)
STEELCITY.NS,2019-04-12,2019-04-16,NOT_NEXT_SESSION(missed=1)
STEELCITY.NS,2019-04-26,2019-05-02,NOT_NEXT_SESSION(missed=1)
STEELCITY.NS,2019-05-06,2019-05-10,NOT_NEXT_SESSION(missed=3)
STEELCITY.NS,2019-05-20,2019-05-22,NOT_NEXT_SESSION(missed=1)
STEELCITY.NS,2019-05-31,2019-06-04,NOT_NEXT_SESSION(missed=1)
STEELCITY.NS,2019-06-07,2019-06-12,NOT_NEXT_SESSION(missed=2)
STEELCITY.NS,2019-06-24,2019-06-26,NOT_NEXT_SESSION(missed=1)
SUBEXLTD.NS,2018-10-24,2019-01-09,NOT_NEXT_SESSION(missed=50)
SUBEXLTD.NS,2020-06-03,2020-08-18,NOT_NEXT_SESSION(missed=53)
SUBEXLTD.NS,2020-10-21,2020-11-05,NOT_NEXT_SESSION(missed=10)
SUKHJITS.NS,2024-10-24,2024-10-25,EXTREME_RETURN
SUMIT.NS,2020-03-16,2020-03-24,NOT_NEXT_SESSION(missed=5)
SUMIT.NS,2020-03-24,2020-03-26,NOT_NEXT_SESSION(missed=1)
SUMIT.NS,2020-03-26,2020-03-30,NOT_NEXT_SESSION(missed=1)
SUMIT.NS,2020-03-31,2020-04-03,NOT_NEXT_SESSION(missed=1)
SUMIT.NS,2020-04-08,2020-04-13,NOT_NEXT_SESSION(missed=1)
SUPREMEINF.NS,2020-04-30,2020-05-05,NOT_NEXT_SESSION(missed=1)
SUPREMEINF.NS,2020-05-20,2020-05-22,NOT_NEXT_SESSION(missed=1)
SUPREMEINF.NS,2020-07-21,2020-07-23,NOT_NEXT_SESSION(missed=1)
SUPREMEINF.NS,2020-07-24,2020-07-31,NOT_NEXT_SESSION(missed=4)
SUPREMEINF.NS,2020-09-18,2020-09-22,NOT_NEXT_SESSION(missed=1)
SUPREMEINF.NS,2020-10-13,2020-10-15,NOT_NEXT_SESSION(missed=1)
SUPREMEINF.NS,2020-10-27,2020-10-29,NOT_NEXT_SESSION(missed=1)
SUPREMEINF.NS,2021-01-15,2021-02-08,NOT_NEXT_SESSION(missed=14)
SUPREMEINF.NS,2021-02-08,2021-02-15,NOT_NEXT_SESSION(missed=4)
SUPREMEINF.NS,2021-02-15,2021-02-22,NOT_NEXT_SESSION(missed=4)
SUPREMEINF.NS,2021-02-22,2021-03-01,NOT_NEXT_SESSION(missed=4)
SUPREMEINF.NS,2021-03-01,2021-03-08,NOT_NEXT_SESSION(missed=4)
SUPREMEINF.NS,2021-03-08,2021-03-15,NOT_NEXT_SESSION(missed=3)
SUPREMEINF.NS,2021-03-15,2021-03-22,NOT_NEXT_SESSION(missed=4)
SUPREMEINF.NS,2021-03-22,2021-03-30,NOT_NEXT_SESSION(missed=4)
SUPREMEINF.NS,2021-03-30,2021-04-05,NOT_NEXT_SESSION(missed=2)
SUPREMEINF.NS,2021-04-05,2021-04-12,NOT_NEXT_SESSION(missed=4)
SUPREMEINF.NS,2021-04-12,2021-04-19,NOT_NEXT_SESSION(missed=3)
SUPREMEINF.NS,2021-04-19,2021-04-26,NOT_NEXT_SESSION(missed=3)
SUPREMEINF.NS,2021-04-26,2021-05-03,NOT_NEXT_SESSION(missed=4)
SUPREMEINF.NS,2021-05-03,2021-05-10,NOT_NEXT_SESSION(missed=4)
SUPREMEINF.NS,2021-05-10,2021-05-17,NOT_NEXT_SESSION(missed=3)
SUPREMEINF.NS,2021-05-17,2021-05-24,NOT_NEXT_SESSION(missed=4)
SUPREMEINF.NS,2021-05-24,2021-05-31,NOT_NEXT_SESSION(missed=4)
SUPREMEINF.NS,2021-05-31,2021-06-07,NOT_NEXT_SESSION(missed=4)
SUPREMEINF.NS,2021-06-07,2021-06-14,NOT_NEXT_SESSION(missed=4)
SUPREMEINF.NS,2021-06-14,2021-06-21,NOT_NEXT_SESSION(missed=4)
SUPREMEINF.NS,2021-06-21,2021-06-28,NOT_NEXT_SESSION(missed=4)
SUPREMEINF.NS,2021-06-28,2021-07-05,NOT_NEXT_SESSION(missed=4)
SUPREMEINF.NS,2021-07-05,2021-07-12,NOT_NEXT_SESSION(missed=4)
SUPREMEINF.NS,2021-07-12,2021-07-19,NOT_NEXT_SESSION(missed=4)
SUPREMEINF.NS,2021-07-19,2021-07-26,NOT_NEXT_SESSION(missed=3)
SUPREMEINF.NS,2021-07-26,2021-08-02,NOT_NEXT_SESSION(missed=4)
SUPREMEINF.NS,2021-08-02,2021-11-02,NOT_NEXT_SESSION(missed=62)
SUPREMEINF.NS,2023-10-27,2023-10-31,NOT_NEXT_SESSION(missed=1)
SUPREMEINF.NS,2023-11-01,2023-11-03,NOT_NEXT_SESSION(missed=1)
SUPREMEINF.NS,2024-03-13,2024-03-15,NOT_NEXT_SESSION(missed=1)
SUPREMEINF.NS,2024-03-20,2024-03-22,NOT_NEXT_SESSION(missed=1)
SUPREMEINF.NS,2024-06-10,2024-06-12,NOT_NEXT_SESSION(missed=1)
SUPREMEINF.NS,2025-04-04,2025-04-08,NOT_NEXT_SESSION(missed=1)
SUPREMEINF.NS,2025-04-08,2025-04-11,NOT_NEXT_SESSION(missed=1)
SUPREMEINF.NS,2025-04-24,2025-04-28,NOT_NEXT_SESSION(missed=1)
SURYODAY.NS,2018-03-19,2018-03-21,NOT_NEXT_SESSION(missed=1)
SURYODAY.NS,2018-03-22,2018-03-26,NOT_NEXT_SESSION(missed=1)
SURYODAY.NS,2018-04-04,2018-04-06,NOT_NEXT_SESSION(missed=1)
SURYODAY.NS,2018-04-10,2018-04-12,NOT_NEXT_SESSION(missed=1)
SURYODAY.NS,2018-05-21,2018-05-24,NOT_NEXT_SESSION(missed=2)
SURYODAY.NS,2018-05-25,2018-05-29,NOT_NEXT_SESSION(missed=1)
SURYODAY.NS,2018-06-05,2018-06-07,NOT_NEXT_SESSION(missed=1)
SURYODAY.NS,2018-06-07,2018-06-11,NOT_NEXT_SESSION(missed=1)
SURYODAY.NS,2018-07-09,2018-07-11,NOT_NEXT_SESSION(missed=1)
SURYODAY.NS,2018-08-16,2019-01-09,NOT_NEXT_SESSION(missed=94)
SURYODAY.NS,2019-01-09,2019-01-24,NOT_NEXT_SESSION(missed=10)
SURYODAY.NS,2019-01-28,2019-01-31,NOT_NEXT_SESSION(missed=2)
SURYODAY.NS,2019-02-07,2019-02-11,NOT_NEXT_SESSION(missed=1)
SURYODAY.NS,2019-02-11,2019-02-19,NOT_NEXT_SESSION(missed=5)
SURYODAY.NS,2019-02-19,2019-02-22,NOT_NEXT_SESSION(missed=2)
SURYODAY.NS,2019-02-22,2019-02-26,NOT_NEXT_SESSION(missed=1)
SURYODAY.NS,2019-03-27,2019-03-29,NOT_NEXT_SESSION(missed=1)
SURYODAY.NS,2019-04-16,2021-03-26,NOT_NEXT_SESSION(missed=481)
SUVEN.NS,2020-01-20,2020-01-21,EXTREME_RETURN
SVPGLOB.NS,2023-05-04,2023-05-08,NOT_NEXT_SESSION(missed=1)
SWARAJ.NS,2023-05-22,2023-05-24,NOT_NEXT_SESSION(missed=1)
SWARAJ.NS,2023-05-24,2023-05-29,NOT_NEXT_SESSION(missed=2)
SWARAJ.NS,2023-07-20,2023-07-24,NOT_NEXT_SESSION(missed=1)
SWARAJ.NS,2023-07-26,2023-07-28,NOT_NEXT_SESSION(missed=1)
SWARAJ.NS,2023-07-28,2023-08-02,NOT_NEXT_SESSION(missed=2)
SWARAJ.NS,2023-09-13,2023-09-15,NOT_NEXT_SESSION(missed=1)
SWARAJ.NS,2023-09-15,2023-09-20,NOT_NEXT_SESSION(missed=1)
SWARAJ.NS,2023-10-05,2023-10-09,NOT_NEXT_SESSION(missed=1)
SWARAJ.NS,2023-10-11,2023-10-16,NOT_NEXT_SESSION(missed=2)
SWARAJ.NS,2023-10-17,2023-10-19,NOT_NEXT_SESSION(missed=1)
SWARAJ.NS,2023-10-19,2023-10-23,NOT_NEXT_SESSION(missed=1)
SWARAJ.NS,2023-10-26,2023-10-30,NOT_NEXT_SESSION(missed=1)
SWARAJ.NS,2024-03-22,2024-03-27,NOT_NEXT_SESSION(missed=1)
SWARAJ.NS,2024-04-08,2024-04-10,NOT_NEXT_SESSION(missed=1)
SWARAJ.NS,2024-05-14,2024-05-16,NOT_NEXT_SESSION(missed=1)
SWARAJ.NS,2024-05-24,2024-05-28,NOT_NEXT_SESSION(missed=1)
TAINWALCHM.NS,2018-10-23,2018-10-25,NOT_NEXT_SESSION(missed=1)
TAINWALCHM.NS,2018-11-06,2018-11-07,UNRESOLVED_SESSION
TAINWALCHM.NS,2018-11-07,2018-11-09,UNRESOLVED_SESSION
TAINWALCHM.NS,2018-12-10,2018-12-12,NOT_NEXT_SESSION(missed=1)
TAINWALCHM.NS,2019-09-05,2019-09-09,NOT_NEXT_SESSION(missed=1)
TAINWALCHM.NS,2019-09-18,2019-09-20,NOT_NEXT_SESSION(missed=1)
TAINWALCHM.NS,2021-11-22,2021-11-29,NOT_NEXT_SESSION(missed=4)
TAINWALCHM.NS,2021-11-29,2021-12-06,NOT_NEXT_SESSION(missed=4)
TAINWALCHM.NS,2021-12-06,2021-12-13,NOT_NEXT_SESSION(missed=4)
TAINWALCHM.NS,2021-12-13,2021-12-20,NOT_NEXT_SESSION(missed=4)
TARACHAND.NS,2019-11-29,2019-12-04,NOT_NEXT_SESSION(missed=2)
TARACHAND.NS,2019-12-04,2019-12-06,NOT_NEXT_SESSION(missed=1)
TARACHAND.NS,2019-12-10,2019-12-12,NOT_NEXT_SESSION(missed=1)
TARACHAND.NS,2019-12-16,2019-12-20,NOT_NEXT_SESSION(missed=3)
TARACHAND.NS,2019-12-20,2019-12-24,NOT_NEXT_SESSION(missed=1)
TARACHAND.NS,2019-12-26,2019-12-31,NOT_NEXT_SESSION(missed=2)
TARACHAND.NS,2020-01-01,2020-01-08,NOT_NEXT_SESSION(missed=4)
TARACHAND.NS,2020-01-13,2020-01-16,NOT_NEXT_SESSION(missed=2)
TARACHAND.NS,2020-01-16,2020-01-21,NOT_NEXT_SESSION(missed=2)
TARACHAND.NS,2020-01-21,2020-01-23,NOT_NEXT_SESSION(missed=1)
TARACHAND.NS,2020-01-24,2020-01-31,NOT_NEXT_SESSION(missed=4)
TARACHAND.NS,2020-01-31,2020-02-04,NOT_NEXT_SESSION(missed=2)
TARACHAND.NS,2020-02-04,2020-02-07,NOT_NEXT_SESSION(missed=2)
TARACHAND.NS,2020-02-12,2020-02-17,NOT_NEXT_SESSION(missed=2)
TARACHAND.NS,2020-02-17,2020-02-20,NOT_NEXT_SESSION(missed=2)
TARACHAND.NS,2020-02-24,2020-03-02,NOT_NEXT_SESSION(missed=4)
TARACHAND.NS,2020-03-02,2020-03-05,NOT_NEXT_SESSION(missed=2)
TARACHAND.NS,2020-03-05,2020-03-11,NOT_NEXT_SESSION(missed=2)
TARACHAND.NS,2020-03-24,2020-03-26,NOT_NEXT_SESSION(missed=1)
TARACHAND.NS,2020-03-31,2020-04-21,NOT_NEXT_SESSION(missed=10)
TARACHAND.NS,2020-05-12,2020-05-15,NOT_NEXT_SESSION(missed=2)
TARACHAND.NS,2020-05-21,2020-05-26,NOT_NEXT_SESSION(missed=1)
TARACHAND.NS,2020-05-29,2020-06-05,NOT_NEXT_SESSION(missed=4)
TARACHAND.NS,2020-06-05,2020-06-09,NOT_NEXT_SESSION(missed=1)
TARACHAND.NS,2020-06-16,2020-06-18,NOT_NEXT_SESSION(missed=1)
TARACHAND.NS,2020-06-18,2020-06-22,NOT_NEXT_SESSION(missed=1)
TARACHAND.NS,2020-06-22,2020-06-24,NOT_NEXT_SESSION(missed=1)
TARACHAND.NS,2020-06-25,2020-06-30,NOT_NEXT_SESSION(missed=2)
TARACHAND.NS,2020-06-30,2020-07-06,NOT_NEXT_SESSION(missed=3)
TARACHAND.NS,2020-07-07,2020-07-10,NOT_NEXT_SESSION(missed=2)
TARACHAND.NS,2020-07-10,2020-07-14,NOT_NEXT_SESSION(missed=1)
TARACHAND.NS,2020-07-21,2020-07-29,NOT_NEXT_SESSION(missed=5)
TARACHAND.NS,2020-07-29,2020-08-07,NOT_NEXT_SESSION(missed=6)
TARACHAND.NS,2020-08-07,2020-08-13,NOT_NEXT_SESSION(missed=3)
TARACHAND.NS,2020-08-14,2020-08-21,NOT_NEXT_SESSION(missed=4)
TARACHAND.NS,2020-08-21,2020-08-25,NOT_NEXT_SESSION(missed=1)
TARACHAND.NS,2020-08-25,2020-08-27,NOT_NEXT_SESSION(missed=1)
TARACHAND.NS,2020-08-31,2020-09-02,NOT_NEXT_SESSION(missed=1)
TARACHAND.NS,2020-09-02,2020-09-04,NOT_NEXT_SESSION(missed=1)
TARACHAND.NS,2020-09-08,2020-09-11,NOT_NEXT_SESSION(missed=2)
TARACHAND.NS,2020-09-11,2020-09-24,NOT_NEXT_SESSION(missed=8)
TARACHAND.NS,2020-09-24,2020-10-01,NOT_NEXT_SESSION(missed=4)
TARACHAND.NS,2020-10-01,2020-10-08,NOT_NEXT_SESSION(missed=3)
TARACHAND.NS,2020-10-08,2020-10-20,NOT_NEXT_SESSION(missed=7)
TARACHAND.NS,2020-10-20,2020-10-22,NOT_NEXT_SESSION(missed=1)
TARACHAND.NS,2020-10-26,2020-11-04,NOT_NEXT_SESSION(missed=6)
TARACHAND.NS,2020-11-04,2020-11-06,NOT_NEXT_SESSION(missed=1)
TARACHAND.NS,2020-11-09,2020-11-12,NOT_NEXT_SESSION(missed=2)
TARACHAND.NS,2020-11-12,2020-11-17,NOT_NEXT_SESSION(missed=2)
TARACHAND.NS,2020-11-19,2020-11-26,NOT_NEXT_SESSION(missed=4)
TARACHAND.NS,2020-11-26,2020-12-03,NOT_NEXT_SESSION(missed=3)
TARACHAND.NS,2020-12-04,2020-12-08,NOT_NEXT_SESSION(missed=1)
TARACHAND.NS,2020-12-09,2020-12-16,NOT_NEXT_SESSION(missed=4)
TARACHAND.NS,2020-12-16,2020-12-18,NOT_NEXT_SESSION(missed=1)
TARACHAND.NS,2020-12-18,2021-01-07,NOT_NEXT_SESSION(missed=12)
TARACHAND.NS,2021-01-07,2021-01-12,NOT_NEXT_SESSION(missed=2)
TARACHAND.NS,2021-01-13,2021-01-15,NOT_NEXT_SESSION(missed=1)
TARACHAND.NS,2021-01-15,2021-02-11,NOT_NEXT_SESSION(missed=17)
TARACHAND.NS,2021-02-17,2021-02-19,NOT_NEXT_SESSION(missed=1)
TARACHAND.NS,2021-02-19,2021-02-23,NOT_NEXT_SESSION(missed=1)
TARACHAND.NS,2021-03-12,2021-03-16,NOT_NEXT_SESSION(missed=1)
TARACHAND.NS,2021-03-19,2021-03-31,NOT_NEXT_SESSION(missed=6)
TARACHAND.NS,2021-03-31,2021-04-06,NOT_NEXT_SESSION(missed=2)
TARACHAND.NS,2021-04-06,2021-04-15,NOT_NEXT_SESSION(missed=5)
TARACHAND.NS,2021-04-15,2021-04-19,NOT_NEXT_SESSION(missed=1)
TARACHAND.NS,2021-04-19,2021-04-26,NOT_NEXT_SESSION(missed=3)
TARACHAND.NS,2021-04-26,2021-04-30,NOT_NEXT_SESSION(missed=3)
TARACHAND.NS,2021-05-03,2021-05-07,NOT_NEXT_SESSION(missed=3)
TARACHAND.NS,2021-05-11,2021-05-14,NOT_NEXT_SESSION(missed=1)
TARACHAND.NS,2021-05-14,2021-05-20,NOT_NEXT_SESSION(missed=3)
TARACHAND.NS,2021-05-20,2021-05-24,NOT_NEXT_SESSION(missed=1)
TARACHAND.NS,2021-05-26,2021-05-28,NOT_NEXT_SESSION(missed=1)
TARACHAND.NS,2021-05-31,2021-06-02,NOT_NEXT_SESSION(missed=1)
TARACHAND.NS,2021-06-21,2021-06-23,NOT_NEXT_SESSION(missed=1)
TARACHAND.NS,2021-07-07,2021-07-09,NOT_NEXT_SESSION(missed=1)
TARACHAND.NS,2021-07-16,2021-07-22,NOT_NEXT_SESSION(missed=2)
TARACHAND.NS,2021-07-26,2021-07-28,NOT_NEXT_SESSION(missed=1)
TARACHAND.NS,2021-07-28,2021-07-30,NOT_NEXT_SESSION(missed=1)
TARACHAND.NS,2021-08-02,2021-08-05,NOT_NEXT_SESSION(missed=2)
TARACHAND.NS,2021-08-06,2021-08-11,NOT_NEXT_SESSION(missed=2)
TARACHAND.NS,2021-08-11,2021-08-16,NOT_NEXT_SESSION(missed=2)
TARACHAND.NS,2021-08-18,2021-08-23,NOT_NEXT_SESSION(missed=1)
TARACHAND.NS,2021-08-24,2021-08-26,NOT_NEXT_SESSION(missed=1)
TARACHAND.NS,2021-08-27,2021-09-06,NOT_NEXT_SESSION(missed=5)
TARACHAND.NS,2021-09-08,2021-09-16,NOT_NEXT_SESSION(missed=4)
TARACHAND.NS,2021-09-17,2021-09-21,NOT_NEXT_SESSION(missed=1)
TARACHAND.NS,2021-10-01,2021-10-05,NOT_NEXT_SESSION(missed=1)
TARACHAND.NS,2021-10-06,2021-10-11,NOT_NEXT_SESSION(missed=2)
TARACHAND.NS,2021-11-17,2021-11-22,NOT_NEXT_SESSION(missed=1)
TARACHAND.NS,2021-11-29,2021-12-02,NOT_NEXT_SESSION(missed=2)
TARACHAND.NS,2022-04-28,2022-05-05,NOT_NEXT_SESSION(missed=3)
TARACHAND.NS,2022-05-12,2022-05-16,NOT_NEXT_SESSION(missed=1)
TARACHAND.NS,2022-05-18,2022-05-20,NOT_NEXT_SESSION(missed=1)
TARACHAND.NS,2022-05-20,2022-05-24,NOT_NEXT_SESSION(missed=1)
TARACHAND.NS,2022-05-26,2022-05-31,NOT_NEXT_SESSION(missed=2)
TARACHAND.NS,2022-06-02,2022-06-07,NOT_NEXT_SESSION(missed=2)
TARACHAND.NS,2022-06-08,2022-06-10,NOT_NEXT_SESSION(missed=1)
TARACHAND.NS,2022-06-16,2022-06-27,NOT_NEXT_SESSION(missed=6)
TARACHAND.NS,2022-06-27,2022-06-29,NOT_NEXT_SESSION(missed=1)
TARACHAND.NS,2022-06-30,2022-07-08,NOT_NEXT_SESSION(missed=5)
TARACHAND.NS,2022-07-08,2022-07-12,NOT_NEXT_SESSION(missed=1)
TARACHAND.NS,2022-07-13,2022-07-20,NOT_NEXT_SESSION(missed=4)
TARACHAND.NS,2022-07-21,2022-07-26,NOT_NEXT_SESSION(missed=2)
TARACHAND.NS,2022-07-27,2022-07-29,NOT_NEXT_SESSION(missed=1)
TARACHAND.NS,2022-08-02,2022-08-12,NOT_NEXT_SESSION(missed=6)
TARACHAND.NS,2022-08-16,2022-08-18,NOT_NEXT_SESSION(missed=1)
TARACHAND.NS,2022-08-19,2022-08-23,NOT_NEXT_SESSION(missed=1)
TARACHAND.NS,2022-08-30,2022-09-02,NOT_NEXT_SESSION(missed=1)
TARACHAND.NS,2022-09-02,2022-09-06,NOT_NEXT_SESSION(missed=1)
TARACHAND.NS,2022-09-23,2022-10-03,NOT_NEXT_SESSION(missed=5)
TARACHAND.NS,2022-10-04,2022-10-07,NOT_NEXT_SESSION(missed=1)
TARACHAND.NS,2022-10-11,2022-10-13,NOT_NEXT_SESSION(missed=1)
TARACHAND.NS,2022-12-27,2023-01-02,NOT_NEXT_SESSION(missed=3)
TARACHAND.NS,2023-01-02,2023-01-04,NOT_NEXT_SESSION(missed=1)
TARACHAND.NS,2023-01-04,2023-01-06,NOT_NEXT_SESSION(missed=1)
TARACHAND.NS,2023-01-09,2023-01-12,NOT_NEXT_SESSION(missed=2)
TARACHAND.NS,2023-01-13,2023-01-17,NOT_NEXT_SESSION(missed=1)
TARACHAND.NS,2023-01-24,2023-01-27,NOT_NEXT_SESSION(missed=1)
TARACHAND.NS,2023-01-30,2023-02-01,NOT_NEXT_SESSION(missed=1)
TARACHAND.NS,2023-03-16,2023-03-20,NOT_NEXT_SESSION(missed=1)
TARACHAND.NS,2023-05-25,2023-05-29,NOT_NEXT_SESSION(missed=1)
TARACHAND.NS,2023-06-27,2023-06-30,NOT_NEXT_SESSION(missed=1)
TARACHAND.NS,2023-07-14,2023-07-19,NOT_NEXT_SESSION(missed=2)
TARACHAND.NS,2023-07-20,2023-07-24,NOT_NEXT_SESSION(missed=1)
TARACHAND.NS,2023-07-26,2023-07-31,NOT_NEXT_SESSION(missed=2)
TARACHAND.NS,2023-08-02,2023-08-04,NOT_NEXT_SESSION(missed=1)
TARAPUR.NS,2018-10-05,2018-12-04,NOT_NEXT_SESSION(missed=37)
TARAPUR.NS,2018-12-04,2018-12-07,NOT_NEXT_SESSION(missed=2)
TARAPUR.NS,2018-12-07,2018-12-12,NOT_NEXT_SESSION(missed=2)
TARAPUR.NS,2018-12-12,2018-12-14,NOT_NEXT_SESSION(missed=1)
TARAPUR.NS,2018-12-17,2018-12-19,NOT_NEXT_SESSION(missed=1)
TARAPUR.NS,2018-12-20,2018-12-26,NOT_NEXT_SESSION(missed=2)
TARAPUR.NS,2019-01-02,2019-01-04,NOT_NEXT_SESSION(missed=1)
TARAPUR.NS,2019-01-07,2019-01-09,NOT_NEXT_SESSION(missed=1)
TARAPUR.NS,2019-01-11,2019-01-15,NOT_NEXT_SESSION(missed=1)
TARAPUR.NS,2019-01-16,2019-01-18,NOT_NEXT_SESSION(missed=1)
TARAPUR.NS,2019-01-18,2019-01-22,NOT_NEXT_SESSION(missed=1)
TARAPUR.NS,2019-01-25,2019-01-29,NOT_NEXT_SESSION(missed=1)
TARAPUR.NS,2019-01-31,2019-02-04,NOT_NEXT_SESSION(missed=1)
TARAPUR.NS,2019-02-05,2019-02-07,NOT_NEXT_SESSION(missed=1)
TARAPUR.NS,2019-02-12,2019-02-14,NOT_NEXT_SESSION(missed=1)
TARAPUR.NS,2019-02-14,2019-02-18,NOT_NEXT_SESSION(missed=1)
TARAPUR.NS,2019-02-25,2019-02-27,NOT_NEXT_SESSION(missed=1)
TARAPUR.NS,2019-02-28,2019-03-05,NOT_NEXT_SESSION(missed=1)
TARAPUR.NS,2019-04-24,2019-04-26,NOT_NEXT_SESSION(missed=1)
TARAPUR.NS,2019-04-26,2019-05-02,NOT_NEXT_SESSION(missed=1)
TARAPUR.NS,2019-05-03,2019-05-07,NOT_NEXT_SESSION(missed=1)
TARAPUR.NS,2019-05-28,2019-05-31,NOT_NEXT_SESSION(missed=2)
TARAPUR.NS,2019-05-31,2019-06-07,NOT_NEXT_SESSION(missed=3)
TARAPUR.NS,2019-06-07,2019-06-12,NOT_NEXT_SESSION(missed=2)
TARAPUR.NS,2019-06-27,2019-07-01,NOT_NEXT_SESSION(missed=1)
TARAPUR.NS,2019-07-03,2019-07-08,NOT_NEXT_SESSION(missed=2)
TARAPUR.NS,2019-07-12,2019-07-19,NOT_NEXT_SESSION(missed=4)
TARAPUR.NS,2019-07-19,2019-07-24,NOT_NEXT_SESSION(missed=2)
TARAPUR.NS,2019-07-29,2019-07-31,NOT_NEXT_SESSION(missed=1)
TARAPUR.NS,2019-09-09,2019-09-12,NOT_NEXT_SESSION(missed=1)
TARAPUR.NS,2019-09-27,2019-10-01,NOT_NEXT_SESSION(missed=1)
TARAPUR.NS,2019-10-01,2019-10-09,NOT_NEXT_SESSION(missed=3)
TARAPUR.NS,2019-10-09,2019-10-11,NOT_NEXT_SESSION(missed=1)
TARAPUR.NS,2019-10-17,2019-10-22,NOT_NEXT_SESSION(missed=1)
TARAPUR.NS,2019-10-24,2019-10-29,NOT_NEXT_SESSION(missed=2)
TARAPUR.NS,2019-11-08,2019-11-13,NOT_NEXT_SESSION(missed=1)
TARAPUR.NS,2019-12-18,2019-12-20,NOT_NEXT_SESSION(missed=1)
TARAPUR.NS,2019-12-20,2019-12-26,NOT_NEXT_SESSION(missed=2)
TARAPUR.NS,2020-01-16,2020-01-21,NOT_NEXT_SESSION(missed=2)
TARAPUR.NS,2020-01-21,2020-01-23,NOT_NEXT_SESSION(missed=1)
TARAPUR.NS,2020-01-23,2020-01-27,NOT_NEXT_SESSION(missed=1)
TARAPUR.NS,2020-01-27,2020-01-31,NOT_NEXT_SESSION(missed=3)
TARAPUR.NS,2020-01-31,2020-02-07,NOT_NEXT_SESSION(missed=5)
TARAPUR.NS,2020-02-11,2020-02-13,NOT_NEXT_SESSION(missed=1)
TARAPUR.NS,2020-02-24,2020-02-27,NOT_NEXT_SESSION(missed=2)
TARAPUR.NS,2020-03-11,2021-03-01,NOT_NEXT_SESSION(missed=242)
TARAPUR.NS,2021-03-01,2021-03-08,NOT_NEXT_SESSION(missed=4)
TARAPUR.NS,2021-03-08,2021-03-15,NOT_NEXT_SESSION(missed=3)
TARAPUR.NS,2021-03-15,2021-03-22,NOT_NEXT_SESSION(missed=4)
TARAPUR.NS,2021-03-22,2021-03-30,NOT_NEXT_SESSION(missed=4)
TARAPUR.NS,2021-03-30,2021-04-05,NOT_NEXT_SESSION(missed=2)
TARAPUR.NS,2021-04-05,2021-04-12,NOT_NEXT_SESSION(missed=4)
TARAPUR.NS,2021-04-12,2021-04-19,NOT_NEXT_SESSION(missed=3)
TARAPUR.NS,2021-04-19,2021-04-26,NOT_NEXT_SESSION(missed=3)
TARAPUR.NS,2021-04-26,2021-05-03,NOT_NEXT_SESSION(missed=4)
TARAPUR.NS,2021-05-03,2021-05-06,NOT_NEXT_SESSION(missed=2)
TARAPUR.NS,2021-11-03,2021-11-08,NOT_NEXT_SESSION(missed=1)
TARAPUR.NS,2022-10-13,2022-10-17,NOT_NEXT_SESSION(missed=1)
TARAPUR.NS,2022-11-18,2022-11-22,NOT_NEXT_SESSION(missed=1)
TARAPUR.NS,2022-12-27,2022-12-29,NOT_NEXT_SESSION(missed=1)
TARAPUR.NS,2023-02-10,2023-02-15,NOT_NEXT_SESSION(missed=2)
TARAPUR.NS,2023-02-16,2023-02-20,NOT_NEXT_SESSION(missed=1)
TARAPUR.NS,2023-02-20,2023-02-22,NOT_NEXT_SESSION(missed=1)
TARAPUR.NS,2023-02-28,2023-03-02,NOT_NEXT_SESSION(missed=1)
TATACHEM.NS,2020-03-03,2020-03-04,EXTREME_RETURN
TEAMGTY.NS,2018-08-16,2018-08-20,NOT_NEXT_SESSION(missed=1)
TEAMGTY.NS,2018-09-14,2018-09-18,NOT_NEXT_SESSION(missed=1)
TEAMGTY.NS,2018-10-05,2018-10-09,NOT_NEXT_SESSION(missed=1)
TEAMGTY.NS,2018-10-09,2018-10-11,NOT_NEXT_SESSION(missed=1)
TEAMGTY.NS,2019-01-18,2019-01-22,NOT_NEXT_SESSION(missed=1)
TEAMGTY.NS,2019-02-28,2019-03-05,NOT_NEXT_SESSION(missed=1)
TEAMGTY.NS,2019-04-16,2019-04-22,NOT_NEXT_SESSION(missed=1)
TEAMGTY.NS,2019-05-28,2019-05-30,NOT_NEXT_SESSION(missed=1)
TEAMGTY.NS,2019-05-30,2019-06-04,NOT_NEXT_SESSION(missed=2)
TEAMGTY.NS,2019-06-11,2019-06-13,NOT_NEXT_SESSION(missed=1)
TEAMGTY.NS,2019-07-12,2019-07-16,NOT_NEXT_SESSION(missed=1)
TEAMGTY.NS,2019-07-19,2019-07-23,NOT_NEXT_SESSION(missed=1)
TEAMGTY.NS,2019-08-06,2019-08-09,NOT_NEXT_SESSION(missed=2)
TEAMGTY.NS,2020-01-02,2020-01-06,NOT_NEXT_SESSION(missed=1)
TEAMGTY.NS,2020-02-12,2020-02-14,NOT_NEXT_SESSION(missed=1)
TEAMGTY.NS,2020-02-26,2020-02-28,NOT_NEXT_SESSION(missed=1)
TEAMGTY.NS,2020-03-11,2020-03-13,NOT_NEXT_SESSION(missed=1)
TEAMGTY.NS,2020-03-26,2020-03-30,NOT_NEXT_SESSION(missed=1)
TEAMGTY.NS,2020-03-31,2020-04-03,NOT_NEXT_SESSION(missed=1)
TEAMGTY.NS,2020-04-09,2020-04-15,NOT_NEXT_SESSION(missed=1)
TEAMGTY.NS,2020-04-17,2020-04-21,NOT_NEXT_SESSION(missed=1)
TEAMGTY.NS,2020-05-18,2020-05-22,NOT_NEXT_SESSION(missed=3)
TEAMGTY.NS,2020-07-06,2020-07-08,NOT_NEXT_SESSION(missed=1)
TEAMGTY.NS,2020-07-14,2020-07-16,NOT_NEXT_SESSION(missed=1)
TEAMGTY.NS,2024-03-01,2024-03-04,NOT_NEXT_SESSION(missed=1)
TEAMGTY.NS,2025-10-16,2025-10-20,NOT_NEXT_SESSION(missed=1)
TECHM.NS,2017-10-18,2017-10-19,UNRESOLVED_SESSION
TECHM.NS,2017-10-19,2017-10-23,UNRESOLVED_SESSION
TECILCHEM.NS,2024-08-28,2024-08-30,NOT_NEXT_SESSION(missed=1)
TECILCHEM.NS,2024-11-13,2024-11-18,NOT_NEXT_SESSION(missed=1)
TECILCHEM.NS,2025-04-15,2025-04-21,NOT_NEXT_SESSION(missed=2)
TECILCHEM.NS,2025-04-21,2025-04-28,NOT_NEXT_SESSION(missed=4)
TECILCHEM.NS,2025-04-28,2025-05-05,NOT_NEXT_SESSION(missed=3)
TECILCHEM.NS,2025-05-05,2025-06-02,NOT_NEXT_SESSION(missed=19)
TECILCHEM.NS,2025-06-02,2025-06-10,NOT_NEXT_SESSION(missed=5)
TECILCHEM.NS,2025-07-14,2025-07-16,NOT_NEXT_SESSION(missed=1)
TECILCHEM.NS,2025-10-07,2025-10-10,NOT_NEXT_SESSION(missed=2)
TECILCHEM.NS,2025-10-10,2025-10-14,NOT_NEXT_SESSION(missed=1)
TECILCHEM.NS,2025-11-21,2025-11-25,NOT_NEXT_SESSION(missed=1)
TFL.NS,2018-06-27,2018-06-29,NOT_NEXT_SESSION(missed=1)
TFL.NS,2018-08-17,2018-08-21,NOT_NEXT_SESSION(missed=1)
TFL.NS,2018-08-27,2018-08-29,NOT_NEXT_SESSION(missed=1)
TFL.NS,2018-10-10,2018-10-12,NOT_NEXT_SESSION(missed=1)
TFL.NS,2018-11-05,2018-11-09,NOT_NEXT_SESSION(missed=1)
TFL.NS,2019-04-03,2019-04-05,NOT_NEXT_SESSION(missed=1)
TFL.NS,2019-11-28,2019-12-02,NOT_NEXT_SESSION(missed=1)
TFL.NS,2020-03-02,2020-03-04,NOT_NEXT_SESSION(missed=1)
TFL.NS,2020-03-04,2020-03-06,NOT_NEXT_SESSION(missed=1)
TFL.NS,2020-03-31,2020-04-03,NOT_NEXT_SESSION(missed=1)
TFL.NS,2020-04-09,2020-04-15,NOT_NEXT_SESSION(missed=1)
TFL.NS,2020-04-21,2020-04-23,NOT_NEXT_SESSION(missed=1)
TFL.NS,2020-04-24,2020-04-28,NOT_NEXT_SESSION(missed=1)
TFL.NS,2020-04-28,2020-04-30,NOT_NEXT_SESSION(missed=1)
TFL.NS,2020-04-30,2020-05-06,NOT_NEXT_SESSION(missed=2)
TFL.NS,2020-05-06,2020-05-08,NOT_NEXT_SESSION(missed=1)
TFL.NS,2020-05-11,2020-05-13,NOT_NEXT_SESSION(missed=1)
TFL.NS,2020-05-13,2020-05-15,NOT_NEXT_SESSION(missed=1)
TFL.NS,2020-05-18,2020-05-20,NOT_NEXT_SESSION(missed=1)
TFL.NS,2020-05-22,2020-05-27,NOT_NEXT_SESSION(missed=1)
TFL.NS,2020-05-27,2020-05-29,NOT_NEXT_SESSION(missed=1)
TFL.NS,2020-06-01,2020-06-04,NOT_NEXT_SESSION(missed=2)
TFL.NS,2020-06-04,2020-06-08,NOT_NEXT_SESSION(missed=1)
TFL.NS,2020-06-18,2020-06-22,NOT_NEXT_SESSION(missed=1)
TFL.NS,2020-06-22,2020-06-26,NOT_NEXT_SESSION(missed=3)
TFL.NS,2020-06-26,2020-06-30,NOT_NEXT_SESSION(missed=1)
TFL.NS,2020-07-03,2020-07-07,NOT_NEXT_SESSION(missed=1)
TFL.NS,2020-07-09,2020-07-13,NOT_NEXT_SESSION(missed=1)
TFL.NS,2020-07-14,2020-07-20,NOT_NEXT_SESSION(missed=3)
TFL.NS,2020-08-31,2020-09-02,NOT_NEXT_SESSION(missed=1)
TFL.NS,2020-10-07,2020-10-09,NOT_NEXT_SESSION(missed=1)
TFL.NS,2020-10-15,2020-10-21,NOT_NEXT_SESSION(missed=3)
TFL.NS,2020-10-28,2020-10-30,NOT_NEXT_SESSION(missed=1)
TFL.NS,2020-10-30,2020-11-05,NOT_NEXT_SESSION(missed=3)
TFL.NS,2020-11-05,2020-11-09,NOT_NEXT_SESSION(missed=1)
TFL.NS,2020-11-11,2020-11-17,NOT_NEXT_SESSION(missed=3)
TFL.NS,2020-11-17,2020-11-19,NOT_NEXT_SESSION(missed=1)
TFL.NS,2020-11-19,2020-11-24,NOT_NEXT_SESSION(missed=2)
TFL.NS,2020-11-25,2020-11-27,NOT_NEXT_SESSION(missed=1)
TFL.NS,2020-11-27,2020-12-02,NOT_NEXT_SESSION(missed=1)
TFL.NS,2020-12-03,2020-12-07,NOT_NEXT_SESSION(missed=1)
TFL.NS,2020-12-07,2020-12-09,NOT_NEXT_SESSION(missed=1)
TFL.NS,2020-12-09,2020-12-16,NOT_NEXT_SESSION(missed=4)
TFL.NS,2020-12-18,2020-12-22,NOT_NEXT_SESSION(missed=1)
TFL.NS,2021-01-06,2021-01-08,NOT_NEXT_SESSION(missed=1)
TFL.NS,2021-01-15,2021-01-19,NOT_NEXT_SESSION(missed=1)
TFL.NS,2021-01-25,2021-02-03,NOT_NEXT_SESSION(missed=5)
TFL.NS,2021-02-05,2021-02-09,NOT_NEXT_SESSION(missed=1)
TFL.NS,2021-02-19,2021-02-23,NOT_NEXT_SESSION(missed=1)
TFL.NS,2021-02-23,2021-02-25,NOT_NEXT_SESSION(missed=1)
TFL.NS,2021-02-25,2021-03-01,NOT_NEXT_SESSION(missed=1)
TFL.NS,2021-03-09,2021-03-12,NOT_NEXT_SESSION(missed=1)
TFL.NS,2021-03-22,2021-03-24,NOT_NEXT_SESSION(missed=1)
TFL.NS,2021-03-26,2021-03-31,NOT_NEXT_SESSION(missed=1)
TFL.NS,2021-03-31,2021-04-05,NOT_NEXT_SESSION(missed=1)
TFL.NS,2021-04-05,2021-04-08,NOT_NEXT_SESSION(missed=2)
TFL.NS,2021-04-08,2021-04-12,NOT_NEXT_SESSION(missed=1)
TFL.NS,2021-05-11,2021-05-14,NOT_NEXT_SESSION(missed=1)
TGBHOTELS.NS,2020-05-18,2020-05-20,NOT_NEXT_SESSION(missed=1)
TGBHOTELS.NS,2020-05-26,2020-05-28,NOT_NEXT_SESSION(missed=1)
THEJO.NS,2019-05-28,2019-06-03,NOT_NEXT_SESSION(missed=3)
THEJO.NS,2019-06-07,2019-06-17,NOT_NEXT_SESSION(missed=5)
THEJO.NS,2019-06-17,2019-06-20,NOT_NEXT_SESSION(missed=2)
THEJO.NS,2019-06-24,2019-07-05,NOT_NEXT_SESSION(missed=8)
THEJO.NS,2019-07-05,2019-07-10,NOT_NEXT_SESSION(missed=2)
THEJO.NS,2019-07-10,2019-07-18,NOT_NEXT_SESSION(missed=5)
THEJO.NS,2019-07-18,2019-07-22,NOT_NEXT_SESSION(missed=1)
THEJO.NS,2019-07-22,2019-07-26,NOT_NEXT_SESSION(missed=3)
THEJO.NS,2019-07-26,2019-08-14,NOT_NEXT_SESSION(missed=11)
THEJO.NS,2019-08-22,2019-08-27,NOT_NEXT_SESSION(missed=2)
THEJO.NS,2019-08-28,2019-09-06,NOT_NEXT_SESSION(missed=5)
THEJO.NS,2019-09-11,2019-09-16,NOT_NEXT_SESSION(missed=2)
THEJO.NS,2019-09-17,2019-09-26,NOT_NEXT_SESSION(missed=6)
THEJO.NS,2019-09-26,2019-10-29,NOT_NEXT_SESSION(missed=19)
THEJO.NS,2019-10-29,2019-11-04,NOT_NEXT_SESSION(missed=3)
THEJO.NS,2019-11-04,2019-11-15,NOT_NEXT_SESSION(missed=7)
THEJO.NS,2019-11-18,2019-11-20,NOT_NEXT_SESSION(missed=1)
THEJO.NS,2019-12-05,2019-12-11,NOT_NEXT_SESSION(missed=3)
THEJO.NS,2019-12-16,2019-12-18,NOT_NEXT_SESSION(missed=1)
THEJO.NS,2019-12-23,2019-12-26,NOT_NEXT_SESSION(missed=1)
THEJO.NS,2019-12-26,2019-12-30,NOT_NEXT_SESSION(missed=1)
THEJO.NS,2019-12-30,2020-01-08,NOT_NEXT_SESSION(missed=6)
THEJO.NS,2020-01-09,2020-01-13,NOT_NEXT_SESSION(missed=1)
THEJO.NS,2020-01-13,2020-01-20,NOT_NEXT_SESSION(missed=4)
THEJO.NS,2020-01-20,2020-01-22,NOT_NEXT_SESSION(missed=1)
THEJO.NS,2020-01-23,2020-01-27,NOT_NEXT_SESSION(missed=1)
THEJO.NS,2020-02-25,2020-02-27,NOT_NEXT_SESSION(missed=1)
THEJO.NS,2020-02-28,2020-03-03,NOT_NEXT_SESSION(missed=1)
THEJO.NS,2020-03-03,2020-03-09,NOT_NEXT_SESSION(missed=3)
THEJO.NS,2020-03-11,2020-03-16,NOT_NEXT_SESSION(missed=2)
THEJO.NS,2020-03-16,2020-03-20,NOT_NEXT_SESSION(missed=3)
THEJO.NS,2020-03-20,2020-03-24,NOT_NEXT_SESSION(missed=1)
THEJO.NS,2020-03-24,2020-04-01,NOT_NEXT_SESSION(missed=5)
THEJO.NS,2020-04-01,2020-04-07,NOT_NEXT_SESSION(missed=1)
THEJO.NS,2020-04-13,2020-04-17,NOT_NEXT_SESSION(missed=2)
THEJO.NS,2020-04-17,2020-04-21,NOT_NEXT_SESSION(missed=1)
THEJO.NS,2020-04-30,2020-05-05,NOT_NEXT_SESSION(missed=1)
THEJO.NS,2020-05-05,2020-05-07,NOT_NEXT_SESSION(missed=1)
THEJO.NS,2020-05-12,2020-05-14,NOT_NEXT_SESSION(missed=1)
THEJO.NS,2020-05-21,2020-05-27,NOT_NEXT_SESSION(missed=2)
THEJO.NS,2020-05-27,2020-05-29,NOT_NEXT_SESSION(missed=1)
THEJO.NS,2020-05-29,2020-06-02,NOT_NEXT_SESSION(missed=1)
THEJO.NS,2020-06-08,2020-06-11,NOT_NEXT_SESSION(missed=2)
THEJO.NS,2020-06-11,2020-06-17,NOT_NEXT_SESSION(missed=3)
THEJO.NS,2020-06-17,2020-06-19,NOT_NEXT_SESSION(missed=1)
THEJO.NS,2020-06-24,2020-06-26,NOT_NEXT_SESSION(missed=1)
THEJO.NS,2020-06-26,2020-06-30,NOT_NEXT_SESSION(missed=1)
THEJO.NS,2020-07-03,2020-07-07,NOT_NEXT_SESSION(missed=1)
THEJO.NS,2020-07-08,2020-07-10,NOT_NEXT_SESSION(missed=1)
THEJO.NS,2020-07-10,2020-07-15,NOT_NEXT_SESSION(missed=2)
THEJO.NS,2020-07-16,2020-07-20,NOT_NEXT_SESSION(missed=1)
THEJO.NS,2020-07-23,2020-07-27,NOT_NEXT_SESSION(missed=1)
THEJO.NS,2020-08-05,2020-08-07,NOT_NEXT_SESSION(missed=1)
THEJO.NS,2020-08-12,2020-08-14,NOT_NEXT_SESSION(missed=1)
THEJO.NS,2020-10-09,2020-10-13,NOT_NEXT_SESSION(missed=1)
THEJO.NS,2020-10-22,2020-10-26,NOT_NEXT_SESSION(missed=1)
THEJO.NS,2020-10-29,2020-11-02,NOT_NEXT_SESSION(missed=1)
THEJO.NS,2020-11-04,2020-11-06,NOT_NEXT_SESSION(missed=1)
THEJO.NS,2020-12-08,2020-12-10,NOT_NEXT_SESSION(missed=1)
THEJO.NS,2021-02-17,2021-02-19,NOT_NEXT_SESSION(missed=1)
THEJO.NS,2021-02-22,2021-02-24,NOT_NEXT_SESSION(missed=1)
THEJO.NS,2021-04-29,2021-05-03,NOT_NEXT_SESSION(missed=1)
THEJO.NS,2021-05-04,2021-05-06,NOT_NEXT_SESSION(missed=1)
THEJO.NS,2021-05-10,2021-05-12,NOT_NEXT_SESSION(missed=1)
THEJO.NS,2021-05-31,2021-06-03,NOT_NEXT_SESSION(missed=2)
THEJO.NS,2021-08-17,2021-08-20,NOT_NEXT_SESSION(missed=1)
THEJO.NS,2021-09-21,2021-09-23,NOT_NEXT_SESSION(missed=1)
THEJO.NS,2022-05-30,2022-06-01,NOT_NEXT_SESSION(missed=1)
THEJO.NS,2022-06-01,2022-06-03,NOT_NEXT_SESSION(missed=1)
THEJO.NS,2022-06-07,2022-06-10,NOT_NEXT_SESSION(missed=2)
THEJO.NS,2022-06-13,2022-06-16,NOT_NEXT_SESSION(missed=2)
THEJO.NS,2022-07-26,2022-07-28,NOT_NEXT_SESSION(missed=1)
THEJO.NS,2022-12-30,2023-01-03,NOT_NEXT_SESSION(missed=1)
THEJO.NS,2023-01-23,2023-01-25,NOT_NEXT_SESSION(missed=1)
THEJO.NS,2023-01-30,2023-02-01,NOT_NEXT_SESSION(missed=1)
THEJO.NS,2023-02-27,2023-03-01,NOT_NEXT_SESSION(missed=1)
THEJO.NS,2023-04-28,2023-05-04,NOT_NEXT_SESSION(missed=2)
THEMISMED.NS,2019-05-22,2019-05-24,NOT_NEXT_SESSION(missed=1)
THOMASCOOK.NS,2019-12-03,2019-12-05,NOT_NEXT_SESSION(missed=1)
THOMASCOTT.NS,2018-04-04,2018-04-06,NOT_NEXT_SESSION(missed=1)
THOMASCOTT.NS,2018-04-12,2018-04-16,NOT_NEXT_SESSION(missed=1)
THOMASCOTT.NS,2018-04-23,2018-04-25,NOT_NEXT_SESSION(missed=1)
THOMASCOTT.NS,2018-04-26,2018-04-30,NOT_NEXT_SESSION(missed=1)
THOMASCOTT.NS,2018-05-07,2018-05-09,NOT_NEXT_SESSION(missed=1)
THOMASCOTT.NS,2018-05-09,2018-05-14,NOT_NEXT_SESSION(missed=2)
THOMASCOTT.NS,2018-05-18,2018-05-22,NOT_NEXT_SESSION(missed=1)
THOMASCOTT.NS,2018-05-22,2018-05-30,NOT_NEXT_SESSION(missed=5)
THOMASCOTT.NS,2018-06-05,2018-06-11,NOT_NEXT_SESSION(missed=3)
THOMASCOTT.NS,2018-06-13,2018-06-18,NOT_NEXT_SESSION(missed=2)
THOMASCOTT.NS,2018-06-18,2018-06-20,NOT_NEXT_SESSION(missed=1)
THOMASCOTT.NS,2018-06-22,2018-06-29,NOT_NEXT_SESSION(missed=4)
THOMASCOTT.NS,2018-06-29,2018-07-03,NOT_NEXT_SESSION(missed=1)
THOMASCOTT.NS,2018-07-05,2018-07-12,NOT_NEXT_SESSION(missed=4)
THOMASCOTT.NS,2018-07-13,2018-07-17,NOT_NEXT_SESSION(missed=1)
THOMASCOTT.NS,2018-07-17,2018-07-19,NOT_NEXT_SESSION(missed=1)
THOMASCOTT.NS,2018-07-19,2018-07-23,NOT_NEXT_SESSION(missed=1)
THOMASCOTT.NS,2018-07-23,2018-07-25,NOT_NEXT_SESSION(missed=1)
THOMASCOTT.NS,2018-07-30,2018-08-01,NOT_NEXT_SESSION(missed=1)
THOMASCOTT.NS,2018-08-02,2018-08-07,NOT_NEXT_SESSION(missed=2)
THOMASCOTT.NS,2018-08-13,2018-08-17,NOT_NEXT_SESSION(missed=2)
THOMASCOTT.NS,2018-08-17,2018-08-21,NOT_NEXT_SESSION(missed=1)
THOMASCOTT.NS,2018-08-21,2018-08-27,NOT_NEXT_SESSION(missed=2)
THOMASCOTT.NS,2018-08-28,2018-08-30,NOT_NEXT_SESSION(missed=1)
THOMASCOTT.NS,2018-08-30,2018-09-03,NOT_NEXT_SESSION(missed=1)
THOMASCOTT.NS,2018-09-04,2018-09-06,NOT_NEXT_SESSION(missed=1)
THOMASCOTT.NS,2018-09-07,2018-09-11,NOT_NEXT_SESSION(missed=1)
THOMASCOTT.NS,2018-09-18,2018-09-26,NOT_NEXT_SESSION(missed=4)
THOMASCOTT.NS,2018-09-26,2018-09-28,NOT_NEXT_SESSION(missed=1)
THOMASCOTT.NS,2018-09-28,2018-10-09,NOT_NEXT_SESSION(missed=5)
THOMASCOTT.NS,2018-10-15,2018-10-23,NOT_NEXT_SESSION(missed=4)
THOMASCOTT.NS,2018-10-23,2018-11-02,NOT_NEXT_SESSION(missed=7)
THOMASCOTT.NS,2018-11-02,2018-11-09,NOT_NEXT_SESSION(missed=2)
THOMASCOTT.NS,2018-11-13,2018-11-16,NOT_NEXT_SESSION(missed=2)
THOMASCOTT.NS,2018-11-16,2018-11-20,NOT_NEXT_SESSION(missed=1)
THOMASCOTT.NS,2018-11-21,2018-11-26,NOT_NEXT_SESSION(missed=1)
THOMASCOTT.NS,2018-11-29,2019-02-21,NOT_NEXT_SESSION(missed=58)
THOMASCOTT.NS,2019-02-21,2019-02-27,NOT_NEXT_SESSION(missed=3)
THOMASCOTT.NS,2019-02-27,2019-03-05,NOT_NEXT_SESSION(missed=2)
THOMASCOTT.NS,2019-03-07,2019-03-13,NOT_NEXT_SESSION(missed=3)
THOMASCOTT.NS,2019-03-13,2019-03-15,NOT_NEXT_SESSION(missed=1)
THOMASCOTT.NS,2019-03-18,2019-03-22,NOT_NEXT_SESSION(missed=2)
THOMASCOTT.NS,2019-03-25,2019-03-28,NOT_NEXT_SESSION(missed=2)
THOMASCOTT.NS,2019-03-28,2019-04-01,NOT_NEXT_SESSION(missed=1)
THOMASCOTT.NS,2019-04-01,2019-04-03,NOT_NEXT_SESSION(missed=1)
THOMASCOTT.NS,2019-04-03,2019-04-05,NOT_NEXT_SESSION(missed=1)
THOMASCOTT.NS,2019-04-05,2019-04-09,NOT_NEXT_SESSION(missed=1)
THOMASCOTT.NS,2019-04-15,2019-04-18,NOT_NEXT_SESSION(missed=1)
THOMASCOTT.NS,2019-04-22,2019-04-30,NOT_NEXT_SESSION(missed=4)
THOMASCOTT.NS,2019-04-30,2019-05-03,NOT_NEXT_SESSION(missed=1)
THOMASCOTT.NS,2019-05-06,2019-05-09,NOT_NEXT_SESSION(missed=2)
THOMASCOTT.NS,2019-05-10,2019-05-15,NOT_NEXT_SESSION(missed=2)
THOMASCOTT.NS,2019-05-15,2019-06-14,NOT_NEXT_SESSION(missed=20)
THOMASCOTT.NS,2019-06-14,2019-06-28,NOT_NEXT_SESSION(missed=9)
THOMASCOTT.NS,2019-06-28,2019-07-17,NOT_NEXT_SESSION(missed=12)
THOMASCOTT.NS,2019-07-17,2019-07-22,NOT_NEXT_SESSION(missed=2)
THOMASCOTT.NS,2019-07-22,2019-07-24,NOT_NEXT_SESSION(missed=1)
THOMASCOTT.NS,2019-07-24,2019-07-26,NOT_NEXT_SESSION(missed=1)
THOMASCOTT.NS,2019-07-29,2019-08-01,NOT_NEXT_SESSION(missed=2)
THOMASCOTT.NS,2019-08-01,2019-08-06,NOT_NEXT_SESSION(missed=2)
THOMASCOTT.NS,2019-08-06,2019-08-08,NOT_NEXT_SESSION(missed=1)
THOMASCOTT.NS,2019-08-08,2019-08-13,NOT_NEXT_SESSION(missed=1)
THOMASCOTT.NS,2019-08-14,2019-08-20,NOT_NEXT_SESSION(missed=2)
THOMASCOTT.NS,2019-08-20,2019-08-22,NOT_NEXT_SESSION(missed=1)
THOMASCOTT.NS,2019-08-22,2019-08-28,NOT_NEXT_SESSION(missed=3)
THOMASCOTT.NS,2019-08-28,2019-08-30,NOT_NEXT_SESSION(missed=1)
THOMASCOTT.NS,2019-08-30,2019-09-09,NOT_NEXT_SESSION(missed=4)
THOMASCOTT.NS,2019-09-11,2019-09-16,NOT_NEXT_SESSION(missed=2)
THOMASCOTT.NS,2019-09-17,2019-09-19,NOT_NEXT_SESSION(missed=1)
THOMASCOTT.NS,2019-09-19,2019-09-23,NOT_NEXT_SESSION(missed=1)
THOMASCOTT.NS,2019-09-26,2019-09-30,NOT_NEXT_SESSION(missed=1)
THOMASCOTT.NS,2019-10-01,2019-10-09,NOT_NEXT_SESSION(missed=3)
THOMASCOTT.NS,2019-10-10,2019-10-16,NOT_NEXT_SESSION(missed=3)
THOMASCOTT.NS,2019-10-16,2019-10-22,NOT_NEXT_SESSION(missed=2)
THOMASCOTT.NS,2019-10-23,2019-10-25,NOT_NEXT_SESSION(missed=1)
THOMASCOTT.NS,2019-10-25,2019-10-30,NOT_NEXT_SESSION(missed=2)
THOMASCOTT.NS,2019-10-31,2019-11-04,NOT_NEXT_SESSION(missed=1)
THOMASCOTT.NS,2019-11-04,2019-11-07,NOT_NEXT_SESSION(missed=2)
THOMASCOTT.NS,2019-11-11,2019-11-14,NOT_NEXT_SESSION(missed=1)
THOMASCOTT.NS,2019-11-14,2019-11-18,NOT_NEXT_SESSION(missed=1)
THOMASCOTT.NS,2019-12-03,2019-12-05,NOT_NEXT_SESSION(missed=1)
THOMASCOTT.NS,2019-12-31,2020-01-02,NOT_NEXT_SESSION(missed=1)
THOMASCOTT.NS,2020-01-14,2020-01-16,NOT_NEXT_SESSION(missed=1)
THOMASCOTT.NS,2020-01-17,2020-01-22,NOT_NEXT_SESSION(missed=2)
THOMASCOTT.NS,2020-01-23,2020-01-28,NOT_NEXT_SESSION(missed=2)
THOMASCOTT.NS,2020-01-29,2020-02-07,NOT_NEXT_SESSION(missed=7)
THOMASCOTT.NS,2020-02-11,2020-02-13,NOT_NEXT_SESSION(missed=1)
THOMASCOTT.NS,2020-02-13,2020-02-19,NOT_NEXT_SESSION(missed=3)
THOMASCOTT.NS,2020-02-19,2020-02-28,NOT_NEXT_SESSION(missed=5)
THOMASCOTT.NS,2020-02-28,2020-03-09,NOT_NEXT_SESSION(missed=5)
THOMASCOTT.NS,2020-03-09,2020-03-12,NOT_NEXT_SESSION(missed=1)
THOMASCOTT.NS,2020-03-23,2020-03-26,NOT_NEXT_SESSION(missed=2)
THOMASCOTT.NS,2020-03-30,2020-04-01,NOT_NEXT_SESSION(missed=1)
THOMASCOTT.NS,2020-04-01,2020-04-07,NOT_NEXT_SESSION(missed=1)
THOMASCOTT.NS,2020-04-07,2020-04-09,NOT_NEXT_SESSION(missed=1)
THOMASCOTT.NS,2020-04-09,2020-04-16,NOT_NEXT_SESSION(missed=2)
THOMASCOTT.NS,2020-04-22,2020-04-27,NOT_NEXT_SESSION(missed=2)
THOMASCOTT.NS,2020-05-06,2020-05-08,NOT_NEXT_SESSION(missed=1)
THOMASCOTT.NS,2020-05-08,2020-05-13,NOT_NEXT_SESSION(missed=2)
THOMASCOTT.NS,2020-05-15,2020-05-20,NOT_NEXT_SESSION(missed=2)
THOMASCOTT.NS,2020-05-26,2020-05-28,NOT_NEXT_SESSION(missed=1)
THOMASCOTT.NS,2020-05-28,2020-06-03,NOT_NEXT_SESSION(missed=3)
THOMASCOTT.NS,2020-06-04,2020-06-08,NOT_NEXT_SESSION(missed=1)
THOMASCOTT.NS,2020-06-10,2020-06-16,NOT_NEXT_SESSION(missed=3)
THOMASCOTT.NS,2020-06-16,2020-06-19,NOT_NEXT_SESSION(missed=2)
THOMASCOTT.NS,2020-06-19,2020-06-23,NOT_NEXT_SESSION(missed=1)
THOMASCOTT.NS,2020-06-23,2020-06-25,NOT_NEXT_SESSION(missed=1)
THOMASCOTT.NS,2020-07-09,2020-07-13,NOT_NEXT_SESSION(missed=1)
THOMASCOTT.NS,2020-07-22,2020-07-28,NOT_NEXT_SESSION(missed=3)
THOMASCOTT.NS,2020-07-28,2020-07-30,NOT_NEXT_SESSION(missed=1)
THOMASCOTT.NS,2020-07-30,2020-08-03,NOT_NEXT_SESSION(missed=1)
THOMASCOTT.NS,2020-09-02,2020-09-04,NOT_NEXT_SESSION(missed=1)
THOMASCOTT.NS,2020-09-10,2020-09-14,NOT_NEXT_SESSION(missed=1)
THOMASCOTT.NS,2020-09-16,2020-09-18,NOT_NEXT_SESSION(missed=1)
THOMASCOTT.NS,2020-09-21,2020-09-23,NOT_NEXT_SESSION(missed=1)
THOMASCOTT.NS,2020-09-23,2020-09-25,NOT_NEXT_SESSION(missed=1)
THOMASCOTT.NS,2020-09-25,2020-09-30,NOT_NEXT_SESSION(missed=2)
THOMASCOTT.NS,2020-09-30,2020-10-05,NOT_NEXT_SESSION(missed=1)
THOMASCOTT.NS,2020-10-13,2020-10-15,NOT_NEXT_SESSION(missed=1)
THOMASCOTT.NS,2020-10-16,2020-10-23,NOT_NEXT_SESSION(missed=4)
THOMASCOTT.NS,2020-10-27,2020-10-29,NOT_NEXT_SESSION(missed=1)
THOMASCOTT.NS,2020-10-29,2020-11-02,NOT_NEXT_SESSION(missed=1)
THOMASCOTT.NS,2020-11-09,2020-11-11,NOT_NEXT_SESSION(missed=1)
THOMASCOTT.NS,2020-11-13,2020-11-17,NOT_NEXT_SESSION(missed=1)
THOMASCOTT.NS,2020-11-18,2020-11-20,NOT_NEXT_SESSION(missed=1)
THOMASCOTT.NS,2020-11-20,2020-11-26,NOT_NEXT_SESSION(missed=3)
THOMASCOTT.NS,2020-11-26,2020-12-01,NOT_NEXT_SESSION(missed=1)
THOMASCOTT.NS,2020-12-02,2020-12-04,NOT_NEXT_SESSION(missed=1)
THOMASCOTT.NS,2020-12-04,2020-12-11,NOT_NEXT_SESSION(missed=4)
THOMASCOTT.NS,2020-12-29,2020-12-31,NOT_NEXT_SESSION(missed=1)
THOMASCOTT.NS,2020-12-31,2021-01-04,NOT_NEXT_SESSION(missed=1)
THOMASCOTT.NS,2021-01-27,2021-01-29,NOT_NEXT_SESSION(missed=1)
THOMASCOTT.NS,2021-01-29,2021-02-02,NOT_NEXT_SESSION(missed=1)
THOMASCOTT.NS,2021-02-11,2021-02-15,NOT_NEXT_SESSION(missed=1)
THOMASCOTT.NS,2021-02-19,2021-02-24,NOT_NEXT_SESSION(missed=2)
THOMASCOTT.NS,2021-03-09,2021-03-12,NOT_NEXT_SESSION(missed=1)
THOMASCOTT.NS,2021-03-24,2021-04-01,NOT_NEXT_SESSION(missed=4)
THOMASCOTT.NS,2021-04-09,2021-04-13,NOT_NEXT_SESSION(missed=1)
THOMASCOTT.NS,2021-04-16,2021-04-20,NOT_NEXT_SESSION(missed=1)
THOMASCOTT.NS,2021-04-20,2021-04-23,NOT_NEXT_SESSION(missed=1)
THOMASCOTT.NS,2021-04-28,2021-04-30,NOT_NEXT_SESSION(missed=1)
THOMASCOTT.NS,2021-05-18,2021-05-20,NOT_NEXT_SESSION(missed=1)
THOMASCOTT.NS,2023-02-16,2023-02-20,NOT_NEXT_SESSION(missed=1)
THOMASCOTT.NS,2023-04-17,2023-04-19,NOT_NEXT_SESSION(missed=1)
THOMASCOTT.NS,2023-04-19,2023-04-26,NOT_NEXT_SESSION(missed=4)
THOMASCOTT.NS,2023-05-05,2023-05-09,NOT_NEXT_SESSION(missed=1)
THOMASCOTT.NS,2023-05-11,2023-05-15,NOT_NEXT_SESSION(missed=1)
THOMASCOTT.NS,2023-05-16,2023-05-18,NOT_NEXT_SESSION(missed=1)
THOMASCOTT.NS,2023-05-18,2023-05-24,NOT_NEXT_SESSION(missed=3)
THOMASCOTT.NS,2023-06-08,2023-06-12,NOT_NEXT_SESSION(missed=1)
THOMASCOTT.NS,2023-06-12,2023-06-19,NOT_NEXT_SESSION(missed=4)
TIJARIA.NS,2018-06-25,2018-06-28,NOT_NEXT_SESSION(missed=2)
TNTELE.NS,2018-06-20,2018-06-22,NOT_NEXT_SESSION(missed=1)
TNTELE.NS,2018-06-29,2018-07-03,NOT_NEXT_SESSION(missed=1)
TNTELE.NS,2018-07-09,2018-07-11,NOT_NEXT_SESSION(missed=1)
TNTELE.NS,2018-07-23,2018-07-27,NOT_NEXT_SESSION(missed=3)
TNTELE.NS,2018-07-31,2018-08-02,NOT_NEXT_SESSION(missed=1)
TNTELE.NS,2018-08-02,2018-08-06,NOT_NEXT_SESSION(missed=1)
TNTELE.NS,2018-08-28,2018-08-31,NOT_NEXT_SESSION(missed=2)
TNTELE.NS,2018-09-06,2018-09-10,NOT_NEXT_SESSION(missed=1)
TNTELE.NS,2018-09-18,2018-09-21,NOT_NEXT_SESSION(missed=1)
TNTELE.NS,2018-09-28,2018-10-03,NOT_NEXT_SESSION(missed=1)
TNTELE.NS,2018-10-03,2018-10-05,NOT_NEXT_SESSION(missed=1)
TNTELE.NS,2018-11-30,2019-02-21,NOT_NEXT_SESSION(missed=57)
TNTELE.NS,2019-02-26,2019-03-01,NOT_NEXT_SESSION(missed=2)
TNTELE.NS,2019-03-05,2019-03-08,NOT_NEXT_SESSION(missed=2)
TNTELE.NS,2019-03-08,2019-03-12,NOT_NEXT_SESSION(missed=1)
TNTELE.NS,2019-03-13,2019-03-15,NOT_NEXT_SESSION(missed=1)
TNTELE.NS,2019-03-25,2019-03-27,NOT_NEXT_SESSION(missed=1)
TNTELE.NS,2019-04-22,2019-04-24,NOT_NEXT_SESSION(missed=1)
TNTELE.NS,2019-04-24,2019-04-26,NOT_NEXT_SESSION(missed=1)
TNTELE.NS,2019-05-08,2019-05-10,NOT_NEXT_SESSION(missed=1)
TNTELE.NS,2019-05-14,2019-05-17,NOT_NEXT_SESSION(missed=2)
TNTELE.NS,2019-05-27,2019-05-29,NOT_NEXT_SESSION(missed=1)
TNTELE.NS,2019-06-03,2019-06-06,NOT_NEXT_SESSION(missed=1)
TNTELE.NS,2019-06-12,2019-06-14,NOT_NEXT_SESSION(missed=1)
TNTELE.NS,2019-06-20,2019-06-25,NOT_NEXT_SESSION(missed=2)
TNTELE.NS,2019-06-26,2019-06-28,NOT_NEXT_SESSION(missed=1)
TNTELE.NS,2019-07-01,2019-07-03,NOT_NEXT_SESSION(missed=1)
TNTELE.NS,2019-07-03,2019-07-08,NOT_NEXT_SESSION(missed=2)
TNTELE.NS,2019-07-09,2019-07-11,NOT_NEXT_SESSION(missed=1)
TNTELE.NS,2019-07-11,2019-07-16,NOT_NEXT_SESSION(missed=2)
TNTELE.NS,2019-07-16,2019-07-19,NOT_NEXT_SESSION(missed=2)
TNTELE.NS,2019-07-23,2019-07-25,NOT_NEXT_SESSION(missed=1)
TNTELE.NS,2019-07-25,2019-07-29,NOT_NEXT_SESSION(missed=1)
TNTELE.NS,2019-07-29,2019-08-01,NOT_NEXT_SESSION(missed=2)
TNTELE.NS,2019-08-02,2019-08-06,NOT_NEXT_SESSION(missed=1)
TNTELE.NS,2019-08-13,2019-08-16,NOT_NEXT_SESSION(missed=1)
TNTELE.NS,2019-08-21,2019-08-27,NOT_NEXT_SESSION(missed=3)
TNTELE.NS,2019-08-29,2019-09-03,NOT_NEXT_SESSION(missed=1)
TNTELE.NS,2019-09-04,2019-09-06,NOT_NEXT_SESSION(missed=1)
TNTELE.NS,2019-09-11,2019-09-13,NOT_NEXT_SESSION(missed=1)
TNTELE.NS,2019-09-16,2019-09-18,NOT_NEXT_SESSION(missed=1)
TNTELE.NS,2019-09-18,2019-09-25,NOT_NEXT_SESSION(missed=4)
TNTELE.NS,2019-09-27,2019-10-01,NOT_NEXT_SESSION(missed=1)
TNTELE.NS,2019-10-07,2019-10-10,NOT_NEXT_SESSION(missed=1)
TNTELE.NS,2019-10-16,2019-10-25,NOT_NEXT_SESSION(missed=5)
TNTELE.NS,2019-10-25,2019-10-29,NOT_NEXT_SESSION(missed=1)
TNTELE.NS,2019-10-30,2019-11-01,NOT_NEXT_SESSION(missed=1)
TNTELE.NS,2019-11-07,2019-11-11,NOT_NEXT_SESSION(missed=1)
TNTELE.NS,2019-11-14,2019-11-18,NOT_NEXT_SESSION(missed=1)
TNTELE.NS,2019-11-21,2019-11-25,NOT_NEXT_SESSION(missed=1)
TNTELE.NS,2019-12-02,2019-12-04,NOT_NEXT_SESSION(missed=1)
TNTELE.NS,2019-12-06,2019-12-10,NOT_NEXT_SESSION(missed=1)
TNTELE.NS,2019-12-23,2019-12-26,NOT_NEXT_SESSION(missed=1)
TNTELE.NS,2019-12-30,2020-01-01,NOT_NEXT_SESSION(missed=1)
TNTELE.NS,2020-01-01,2020-01-03,NOT_NEXT_SESSION(missed=1)
TNTELE.NS,2020-01-03,2020-01-07,NOT_NEXT_SESSION(missed=1)
TNTELE.NS,2020-01-20,2020-01-22,NOT_NEXT_SESSION(missed=1)
TNTELE.NS,2020-01-24,2020-01-28,NOT_NEXT_SESSION(missed=1)
TNTELE.NS,2020-01-31,2020-02-03,NOT_NEXT_SESSION(missed=1)
TNTELE.NS,2020-02-10,2020-02-12,NOT_NEXT_SESSION(missed=1)
TNTELE.NS,2020-02-20,2020-02-26,NOT_NEXT_SESSION(missed=2)
TNTELE.NS,2020-02-27,2020-03-03,NOT_NEXT_SESSION(missed=2)
TNTELE.NS,2020-03-03,2020-03-11,NOT_NEXT_SESSION(missed=4)
TNTELE.NS,2020-03-12,2020-03-18,NOT_NEXT_SESSION(missed=3)
TNTELE.NS,2020-04-07,2020-04-13,NOT_NEXT_SESSION(missed=2)
TNTELE.NS,2020-04-13,2020-04-16,NOT_NEXT_SESSION(missed=1)
TNTELE.NS,2020-04-22,2020-04-24,NOT_NEXT_SESSION(missed=1)
TNTELE.NS,2020-04-27,2020-04-29,NOT_NEXT_SESSION(missed=1)
TNTELE.NS,2020-05-14,2020-05-18,NOT_NEXT_SESSION(missed=1)
TNTELE.NS,2020-05-20,2020-05-22,NOT_NEXT_SESSION(missed=1)
TNTELE.NS,2020-05-26,2020-05-29,NOT_NEXT_SESSION(missed=2)
TNTELE.NS,2020-06-09,2020-06-11,NOT_NEXT_SESSION(missed=1)
TNTELE.NS,2020-06-16,2020-06-18,NOT_NEXT_SESSION(missed=1)
TNTELE.NS,2020-06-18,2020-06-22,NOT_NEXT_SESSION(missed=1)
TNTELE.NS,2020-06-26,2020-06-30,NOT_NEXT_SESSION(missed=1)
TNTELE.NS,2020-07-21,2020-07-24,NOT_NEXT_SESSION(missed=2)
TNTELE.NS,2020-09-14,2020-09-16,NOT_NEXT_SESSION(missed=1)
TNTELE.NS,2020-10-06,2020-10-08,NOT_NEXT_SESSION(missed=1)
TNTELE.NS,2020-10-09,2020-10-13,NOT_NEXT_SESSION(missed=1)
TNTELE.NS,2020-10-15,2020-10-19,NOT_NEXT_SESSION(missed=1)
TNTELE.NS,2020-11-03,2020-11-05,NOT_NEXT_SESSION(missed=1)
TNTELE.NS,2020-12-03,2020-12-07,NOT_NEXT_SESSION(missed=1)
TNTELE.NS,2020-12-08,2020-12-10,NOT_NEXT_SESSION(missed=1)
TNTELE.NS,2020-12-15,2020-12-17,NOT_NEXT_SESSION(missed=1)
TNTELE.NS,2024-03-01,2024-03-04,NOT_NEXT_SESSION(missed=1)
TOTAL.NS,2018-11-29,2019-02-21,NOT_NEXT_SESSION(missed=58)
TOTAL.NS,2019-02-25,2019-02-27,NOT_NEXT_SESSION(missed=1)
TOTAL.NS,2019-02-27,2019-03-05,NOT_NEXT_SESSION(missed=2)
TOTAL.NS,2019-03-06,2019-03-13,NOT_NEXT_SESSION(missed=4)
TOTAL.NS,2019-03-13,2019-03-15,NOT_NEXT_SESSION(missed=1)
TOTAL.NS,2019-03-15,2019-03-19,NOT_NEXT_SESSION(missed=1)
TOTAL.NS,2019-03-20,2019-03-25,NOT_NEXT_SESSION(missed=1)
TOTAL.NS,2019-03-25,2019-03-27,NOT_NEXT_SESSION(missed=1)
TOTAL.NS,2019-03-28,2019-04-01,NOT_NEXT_SESSION(missed=1)
TOTAL.NS,2019-04-11,2019-04-15,NOT_NEXT_SESSION(missed=1)
TOTAL.NS,2019-04-30,2019-05-03,NOT_NEXT_SESSION(missed=1)
TOTAL.NS,2019-05-06,2019-05-08,NOT_NEXT_SESSION(missed=1)
TOTAL.NS,2019-05-09,2019-05-13,NOT_NEXT_SESSION(missed=1)
TOTAL.NS,2019-05-13,2019-05-15,NOT_NEXT_SESSION(missed=1)
TOTAL.NS,2019-05-20,2019-05-22,NOT_NEXT_SESSION(missed=1)
TOTAL.NS,2019-05-23,2019-05-27,NOT_NEXT_SESSION(missed=1)
TOTAL.NS,2019-05-28,2019-05-31,NOT_NEXT_SESSION(missed=2)
TOTAL.NS,2019-06-04,2019-06-07,NOT_NEXT_SESSION(missed=1)
TOTAL.NS,2019-06-11,2019-06-13,NOT_NEXT_SESSION(missed=1)
TOTAL.NS,2019-06-17,2019-06-19,NOT_NEXT_SESSION(missed=1)
TOTAL.NS,2019-06-20,2019-06-24,NOT_NEXT_SESSION(missed=1)
TOTAL.NS,2019-06-24,2019-06-26,NOT_NEXT_SESSION(missed=1)
TOTAL.NS,2019-06-26,2019-06-28,NOT_NEXT_SESSION(missed=1)
TOTAL.NS,2019-06-28,2019-07-05,NOT_NEXT_SESSION(missed=4)
TOTAL.NS,2019-07-05,2019-07-11,NOT_NEXT_SESSION(missed=3)
TOTAL.NS,2019-07-12,2019-07-17,NOT_NEXT_SESSION(missed=2)
TOTAL.NS,2019-07-17,2019-07-19,NOT_NEXT_SESSION(missed=1)
TOTAL.NS,2019-07-19,2019-07-26,NOT_NEXT_SESSION(missed=4)
TOTAL.NS,2019-07-26,2019-07-30,NOT_NEXT_SESSION(missed=1)
TOTAL.NS,2019-07-30,2019-08-01,NOT_NEXT_SESSION(missed=1)
TOTAL.NS,2019-08-02,2019-08-09,NOT_NEXT_SESSION(missed=4)
TOTAL.NS,2019-08-13,2019-08-16,NOT_NEXT_SESSION(missed=1)
TOTAL.NS,2019-08-20,2019-08-28,NOT_NEXT_SESSION(missed=5)
TOTAL.NS,2019-08-28,2019-09-03,NOT_NEXT_SESSION(missed=2)
TOTAL.NS,2019-09-03,2019-09-12,NOT_NEXT_SESSION(missed=5)
TOTAL.NS,2019-09-16,2019-09-19,NOT_NEXT_SESSION(missed=2)
TOTAL.NS,2019-09-19,2019-09-23,NOT_NEXT_SESSION(missed=1)
TOTAL.NS,2019-09-24,2019-10-01,NOT_NEXT_SESSION(missed=4)
TOTAL.NS,2019-10-01,2019-10-07,NOT_NEXT_SESSION(missed=2)
TOTAL.NS,2019-10-07,2019-10-23,NOT_NEXT_SESSION(missed=9)
TOTAL.NS,2019-10-23,2019-10-25,NOT_NEXT_SESSION(missed=1)
TOTAL.NS,2019-10-25,2019-11-01,NOT_NEXT_SESSION(missed=4)
TOTAL.NS,2019-11-01,2019-11-08,NOT_NEXT_SESSION(missed=4)
TOTAL.NS,2019-11-08,2019-11-13,NOT_NEXT_SESSION(missed=1)
TOTAL.NS,2019-11-15,2019-11-19,NOT_NEXT_SESSION(missed=1)
TOTAL.NS,2019-11-21,2019-11-25,NOT_NEXT_SESSION(missed=1)
TOTAL.NS,2019-11-26,2019-11-28,NOT_NEXT_SESSION(missed=1)
TOTAL.NS,2019-11-29,2019-12-03,NOT_NEXT_SESSION(missed=1)
TOTAL.NS,2019-12-11,2019-12-13,NOT_NEXT_SESSION(missed=1)
TOTAL.NS,2019-12-17,2019-12-19,NOT_NEXT_SESSION(missed=1)
TOTAL.NS,2019-12-19,2019-12-23,NOT_NEXT_SESSION(missed=1)
TOTAL.NS,2019-12-24,2019-12-27,NOT_NEXT_SESSION(missed=1)
TOTAL.NS,2019-12-27,2019-12-31,NOT_NEXT_SESSION(missed=1)
TOTAL.NS,2020-01-15,2020-01-17,NOT_NEXT_SESSION(missed=1)
TOTAL.NS,2020-01-23,2020-01-27,NOT_NEXT_SESSION(missed=1)
TOTAL.NS,2020-01-28,2020-01-30,NOT_NEXT_SESSION(missed=1)
TOTAL.NS,2020-01-31,2020-02-03,NOT_NEXT_SESSION(missed=1)
TOTAL.NS,2020-02-04,2020-02-07,NOT_NEXT_SESSION(missed=2)
TOTAL.NS,2020-02-10,2020-02-12,NOT_NEXT_SESSION(missed=1)
TOTAL.NS,2020-02-12,2020-02-14,NOT_NEXT_SESSION(missed=1)
TOTAL.NS,2020-02-14,2020-02-18,NOT_NEXT_SESSION(missed=1)
TOTAL.NS,2020-02-24,2020-02-26,NOT_NEXT_SESSION(missed=1)
TOTAL.NS,2020-02-26,2020-02-28,NOT_NEXT_SESSION(missed=1)
TOTAL.NS,2020-03-04,2020-03-06,NOT_NEXT_SESSION(missed=1)
TOTAL.NS,2020-03-23,2020-03-27,NOT_NEXT_SESSION(missed=3)
TOTAL.NS,2020-04-24,2020-04-29,NOT_NEXT_SESSION(missed=2)
TOTAL.NS,2020-04-29,2020-05-06,NOT_NEXT_SESSION(missed=3)
TOTAL.NS,2020-05-07,2020-05-11,NOT_NEXT_SESSION(missed=1)
TOTAL.NS,2020-05-13,2020-05-15,NOT_NEXT_SESSION(missed=1)
TOTAL.NS,2020-05-15,2020-05-26,NOT_NEXT_SESSION(missed=5)
TOTAL.NS,2020-05-26,2020-05-28,NOT_NEXT_SESSION(missed=1)
TOTAL.NS,2020-05-28,2020-06-01,NOT_NEXT_SESSION(missed=1)
TOTAL.NS,2020-06-01,2020-06-05,NOT_NEXT_SESSION(missed=3)
TOTAL.NS,2020-06-08,2020-06-12,NOT_NEXT_SESSION(missed=3)
TOTAL.NS,2020-06-15,2020-06-19,NOT_NEXT_SESSION(missed=3)
TOTAL.NS,2020-06-19,2020-06-23,NOT_NEXT_SESSION(missed=1)
TOTAL.NS,2020-06-25,2020-07-06,NOT_NEXT_SESSION(missed=6)
TOTAL.NS,2020-07-07,2020-07-13,NOT_NEXT_SESSION(missed=3)
TOTAL.NS,2020-07-13,2020-07-24,NOT_NEXT_SESSION(missed=8)
TOTAL.NS,2020-07-24,2020-07-30,NOT_NEXT_SESSION(missed=3)
TOTAL.NS,2020-08-07,2020-08-11,NOT_NEXT_SESSION(missed=1)
TOTAL.NS,2020-08-11,2020-08-13,NOT_NEXT_SESSION(missed=1)
TOTAL.NS,2020-08-13,2020-08-18,NOT_NEXT_SESSION(missed=2)
TOTAL.NS,2020-08-18,2020-08-21,NOT_NEXT_SESSION(missed=2)
TOTAL.NS,2020-08-21,2020-08-25,NOT_NEXT_SESSION(missed=1)
TOUCHWOOD.NS,2019-11-05,2019-11-07,NOT_NEXT_SESSION(missed=1)
TOUCHWOOD.NS,2019-11-08,2019-11-13,NOT_NEXT_SESSION(missed=1)
TOUCHWOOD.NS,2019-11-13,2019-11-15,NOT_NEXT_SESSION(missed=1)
TOUCHWOOD.NS,2019-11-15,2019-11-19,NOT_NEXT_SESSION(missed=1)
TOUCHWOOD.NS,2019-11-21,2019-11-25,NOT_NEXT_SESSION(missed=1)
TOUCHWOOD.NS,2019-11-27,2019-12-05,NOT_NEXT_SESSION(missed=5)
TOUCHWOOD.NS,2019-12-05,2019-12-10,NOT_NEXT_SESSION(missed=2)
TOUCHWOOD.NS,2019-12-10,2019-12-12,NOT_NEXT_SESSION(missed=1)
TOUCHWOOD.NS,2019-12-12,2019-12-17,NOT_NEXT_SESSION(missed=2)
TOUCHWOOD.NS,2019-12-31,2020-01-02,NOT_NEXT_SESSION(missed=1)
TOUCHWOOD.NS,2020-01-06,2020-01-08,NOT_NEXT_SESSION(missed=1)
TOUCHWOOD.NS,2020-01-14,2020-01-21,NOT_NEXT_SESSION(missed=4)
TOUCHWOOD.NS,2023-09-06,2023-09-08,NOT_NEXT_SESSION(missed=1)
TOUCHWOOD.NS,2023-10-03,2023-10-05,NOT_NEXT_SESSION(missed=1)
TPHQ.NS,2021-03-31,2021-04-05,NOT_NEXT_SESSION(missed=1)
TPHQ.NS,2021-04-29,2021-05-04,NOT_NEXT_SESSION(missed=2)
TPHQ.NS,2021-05-06,2021-05-10,NOT_NEXT_SESSION(missed=1)
TPHQ.NS,2021-05-12,2021-05-17,NOT_NEXT_SESSION(missed=1)
TPHQ.NS,2021-05-17,2021-05-19,NOT_NEXT_SESSION(missed=1)
TPHQ.NS,2021-05-24,2021-05-26,NOT_NEXT_SESSION(missed=1)
TPHQ.NS,2021-06-08,2021-06-14,NOT_NEXT_SESSION(missed=3)
TPHQ.NS,2021-06-14,2021-08-25,NOT_NEXT_SESSION(missed=49)
TPHQ.NS,2021-10-13,2021-12-16,NOT_NEXT_SESSION(missed=42)
TPHQ.NS,2021-12-24,2021-12-28,NOT_NEXT_SESSION(missed=1)
TPHQ.NS,2021-12-28,2022-01-03,NOT_NEXT_SESSION(missed=3)
TPHQ.NS,2022-01-03,2022-01-10,NOT_NEXT_SESSION(missed=4)
TPHQ.NS,2022-01-10,2022-01-17,NOT_NEXT_SESSION(missed=4)
TPHQ.NS,2022-01-17,2022-01-24,NOT_NEXT_SESSION(missed=4)
TPHQ.NS,2022-01-24,2022-01-31,NOT_NEXT_SESSION(missed=3)
TPHQ.NS,2022-01-31,2022-02-07,NOT_NEXT_SESSION(missed=4)
TPHQ.NS,2022-02-07,2022-02-14,NOT_NEXT_SESSION(missed=4)
TPHQ.NS,2022-02-14,2022-03-07,NOT_NEXT_SESSION(missed=13)
TPHQ.NS,2022-03-07,2022-03-14,NOT_NEXT_SESSION(missed=4)
TPHQ.NS,2022-03-14,2022-03-21,NOT_NEXT_SESSION(missed=3)
TPHQ.NS,2022-03-21,2022-03-28,NOT_NEXT_SESSION(missed=4)
TPHQ.NS,2022-03-28,2022-04-11,NOT_NEXT_SESSION(missed=9)
TPHQ.NS,2022-04-11,2022-04-18,NOT_NEXT_SESSION(missed=2)
TPHQ.NS,2022-04-18,2022-05-02,NOT_NEXT_SESSION(missed=9)
TPHQ.NS,2022-05-02,2022-05-09,NOT_NEXT_SESSION(missed=3)
TPHQ.NS,2022-05-09,2022-05-23,NOT_NEXT_SESSION(missed=9)
TPHQ.NS,2022-05-23,2022-05-30,NOT_NEXT_SESSION(missed=4)
TPHQ.NS,2022-05-30,2022-06-06,NOT_NEXT_SESSION(missed=4)
TPHQ.NS,2022-06-06,2022-06-13,NOT_NEXT_SESSION(missed=4)
TPHQ.NS,2022-06-13,2022-06-20,NOT_NEXT_SESSION(missed=4)
TPHQ.NS,2022-06-20,2022-06-27,NOT_NEXT_SESSION(missed=4)
TPHQ.NS,2022-06-27,2022-07-11,NOT_NEXT_SESSION(missed=9)
TPHQ.NS,2022-07-11,2022-07-18,NOT_NEXT_SESSION(missed=4)
TPHQ.NS,2022-07-18,2022-07-25,NOT_NEXT_SESSION(missed=4)
TPHQ.NS,2022-07-25,2022-08-01,NOT_NEXT_SESSION(missed=4)
TPHQ.NS,2022-08-01,2022-08-08,NOT_NEXT_SESSION(missed=4)
TPHQ.NS,2022-08-08,2022-08-16,NOT_NEXT_SESSION(missed=3)
TPHQ.NS,2022-08-16,2022-08-22,NOT_NEXT_SESSION(missed=3)
TPHQ.NS,2022-08-22,2022-08-29,NOT_NEXT_SESSION(missed=4)
TPHQ.NS,2022-08-29,2022-09-05,NOT_NEXT_SESSION(missed=3)
TPHQ.NS,2022-09-05,2022-09-12,NOT_NEXT_SESSION(missed=4)
TPHQ.NS,2022-09-12,2022-09-19,NOT_NEXT_SESSION(missed=4)
TPHQ.NS,2022-09-19,2022-09-26,NOT_NEXT_SESSION(missed=4)
TPHQ.NS,2022-09-26,2022-10-17,NOT_NEXT_SESSION(missed=13)
TPHQ.NS,2022-10-17,2022-10-31,NOT_NEXT_SESSION(missed=8)
TPHQ.NS,2022-10-31,2022-11-14,NOT_NEXT_SESSION(missed=8)
TPHQ.NS,2022-11-14,2022-11-28,NOT_NEXT_SESSION(missed=9)
TPHQ.NS,2022-11-28,2022-12-05,NOT_NEXT_SESSION(missed=4)
TPHQ.NS,2022-12-05,2022-12-12,NOT_NEXT_SESSION(missed=4)
TPHQ.NS,2022-12-12,2022-12-26,NOT_NEXT_SESSION(missed=9)
TPHQ.NS,2022-12-26,2023-01-02,NOT_NEXT_SESSION(missed=4)
TPHQ.NS,2023-01-02,2023-01-23,NOT_NEXT_SESSION(missed=14)
TPHQ.NS,2023-01-23,2023-02-20,NOT_NEXT_SESSION(missed=18)
TPHQ.NS,2023-02-20,2023-03-06,NOT_NEXT_SESSION(missed=9)
TPHQ.NS,2023-03-06,2023-03-13,NOT_NEXT_SESSION(missed=3)
TPHQ.NS,2023-03-13,2023-03-15,NOT_NEXT_SESSION(missed=1)
TPHQ.NS,2023-03-16,2023-03-20,NOT_NEXT_SESSION(missed=1)
TPHQ.NS,2023-03-20,2023-03-22,NOT_NEXT_SESSION(missed=1)
TPHQ.NS,2023-03-22,2023-03-24,NOT_NEXT_SESSION(missed=1)
TPHQ.NS,2023-07-14,2023-07-24,NOT_NEXT_SESSION(missed=5)
TREEHOUSE.NS,2018-11-30,2019-01-09,NOT_NEXT_SESSION(missed=26)
TREJHARA.NS,2024-03-01,2024-03-04,NOT_NEXT_SESSION(missed=1)
TRF.NS,2022-06-15,2022-06-20,NOT_NEXT_SESSION(missed=2)
TRF.NS,2022-06-20,2022-06-27,NOT_NEXT_SESSION(missed=4)
TRF.NS,2022-06-27,2022-07-04,NOT_NEXT_SESSION(missed=4)
TRF.NS,2022-07-04,2022-07-11,NOT_NEXT_SESSION(missed=4)
TRF.NS,2022-07-11,2022-07-18,NOT_NEXT_SESSION(missed=4)
TRF.NS,2022-07-18,2022-07-25,NOT_NEXT_SESSION(missed=4)
TRF.NS,2022-07-25,2022-08-01,NOT_NEXT_SESSION(missed=4)
TRF.NS,2022-08-01,2022-08-08,NOT_NEXT_SESSION(missed=4)
TRF.NS,2022-08-26,2022-09-05,NOT_NEXT_SESSION(missed=4)
TRF.NS,2022-09-05,2022-09-12,NOT_NEXT_SESSION(missed=4)
TVSHLTD.NS,2023-08-23,2023-08-24,EXTREME_RETURN
TVSHLTD.NS,2024-10-24,2024-10-30,NOT_NEXT_SESSION(missed=3)
TVSHLTD.NS,2025-10-28,2025-10-30,NOT_NEXT_SESSION(missed=1)
UGARSUGAR.NS,2018-11-30,2019-01-09,NOT_NEXT_SESSION(missed=26)
UMESLTD.NS,2020-06-24,2020-06-26,NOT_NEXT_SESSION(missed=1)
UMESLTD.NS,2020-07-01,2020-07-06,NOT_NEXT_SESSION(missed=2)
UMESLTD.NS,2020-07-06,2020-07-13,NOT_NEXT_SESSION(missed=4)
UMESLTD.NS,2020-07-13,2020-07-20,NOT_NEXT_SESSION(missed=4)
UMESLTD.NS,2020-07-20,2020-07-27,NOT_NEXT_SESSION(missed=4)
UMESLTD.NS,2020-07-27,2020-08-03,NOT_NEXT_SESSION(missed=4)
UMESLTD.NS,2020-08-03,2020-08-10,NOT_NEXT_SESSION(missed=4)
UMESLTD.NS,2020-08-11,2020-08-14,NOT_NEXT_SESSION(missed=2)
UMESLTD.NS,2022-01-03,2022-01-10,NOT_NEXT_SESSION(missed=4)
UMESLTD.NS,2022-01-10,2022-01-17,NOT_NEXT_SESSION(missed=4)
UMESLTD.NS,2022-01-17,2022-01-24,NOT_NEXT_SESSION(missed=4)
UMESLTD.NS,2022-01-24,2022-01-31,NOT_NEXT_SESSION(missed=3)
UMESLTD.NS,2022-01-31,2022-02-07,NOT_NEXT_SESSION(missed=4)
UMESLTD.NS,2022-02-07,2022-02-14,NOT_NEXT_SESSION(missed=4)
UMESLTD.NS,2022-04-22,2022-05-02,NOT_NEXT_SESSION(missed=5)
UMESLTD.NS,2022-05-02,2022-05-23,NOT_NEXT_SESSION(missed=13)
UMESLTD.NS,2022-05-23,2022-06-06,NOT_NEXT_SESSION(missed=9)
UMESLTD.NS,2022-06-06,2022-06-13,NOT_NEXT_SESSION(missed=4)
UMESLTD.NS,2022-06-15,2022-06-17,NOT_NEXT_SESSION(missed=1)
UMESLTD.NS,2022-06-27,2022-06-29,NOT_NEXT_SESSION(missed=1)
UMIYA-MRO.NS,2017-09-20,2017-09-22,NOT_NEXT_SESSION(missed=1)
UMIYA-MRO.NS,2017-09-22,2017-09-26,NOT_NEXT_SESSION(missed=1)
UMIYA-MRO.NS,2017-10-09,2017-10-16,NOT_NEXT_SESSION(missed=4)
UMIYA-MRO.NS,2017-10-16,2017-10-23,NOT_NEXT_SESSION(missed=2)
UMIYA-MRO.NS,2017-10-23,2017-10-30,NOT_NEXT_SESSION(missed=4)
UMIYA-MRO.NS,2017-10-30,2017-11-06,NOT_NEXT_SESSION(missed=4)
UMIYA-MRO.NS,2017-11-06,2017-11-13,NOT_NEXT_SESSION(missed=4)
UMIYA-MRO.NS,2017-11-13,2017-11-20,NOT_NEXT_SESSION(missed=4)
UMIYA-MRO.NS,2017-11-20,2017-11-27,NOT_NEXT_SESSION(missed=4)
UMIYA-MRO.NS,2017-11-27,2017-12-04,NOT_NEXT_SESSION(missed=4)
UMIYA-MRO.NS,2017-12-04,2017-12-11,NOT_NEXT_SESSION(missed=4)
UMIYA-MRO.NS,2017-12-11,2017-12-18,NOT_NEXT_SESSION(missed=4)
UMIYA-MRO.NS,2017-12-18,2017-12-26,NOT_NEXT_SESSION(missed=4)
UMIYA-MRO.NS,2017-12-26,2018-01-01,NOT_NEXT_SESSION(missed=3)
UMIYA-MRO.NS,2018-01-01,2018-01-08,NOT_NEXT_SESSION(missed=4)
UMIYA-MRO.NS,2018-02-02,2018-02-07,NOT_NEXT_SESSION(missed=2)
UMIYA-MRO.NS,2018-02-21,2018-02-23,NOT_NEXT_SESSION(missed=1)
UMIYA-MRO.NS,2018-03-07,2018-03-09,NOT_NEXT_SESSION(missed=1)
UMIYA-MRO.NS,2018-03-14,2018-03-16,NOT_NEXT_SESSION(missed=1)
UMIYA-MRO.NS,2018-03-28,2018-04-05,NOT_NEXT_SESSION(missed=3)
UMIYA-MRO.NS,2018-04-05,2018-04-09,NOT_NEXT_SESSION(missed=1)
UMIYA-MRO.NS,2018-04-09,2018-04-11,NOT_NEXT_SESSION(missed=1)
UMIYA-MRO.NS,2018-04-23,2018-04-25,NOT_NEXT_SESSION(missed=1)
UMIYA-MRO.NS,2018-05-22,2018-05-28,NOT_NEXT_SESSION(missed=3)
UMIYA-MRO.NS,2019-09-09,2019-09-12,NOT_NEXT_SESSION(missed=1)
UMIYA-MRO.NS,2019-10-25,2019-10-29,NOT_NEXT_SESSION(missed=1)
UMIYA-MRO.NS,2019-12-18,2019-12-20,NOT_NEXT_SESSION(missed=1)
UMIYA-MRO.NS,2020-01-03,2020-01-07,NOT_NEXT_SESSION(missed=1)
UMIYA-MRO.NS,2020-01-16,2020-01-20,NOT_NEXT_SESSION(missed=1)
UMIYA-MRO.NS,2020-01-27,2020-02-03,NOT_NEXT_SESSION(missed=5)
UMIYA-MRO.NS,2020-02-03,2020-02-10,NOT_NEXT_SESSION(missed=4)
UMIYA-MRO.NS,2020-02-10,2020-03-19,NOT_NEXT_SESSION(missed=25)
UMIYA-MRO.NS,2020-03-19,2020-04-03,NOT_NEXT_SESSION(missed=9)
UMIYA-MRO.NS,2020-04-03,2020-04-09,NOT_NEXT_SESSION(missed=2)
UMIYA-MRO.NS,2020-04-09,2020-04-15,NOT_NEXT_SESSION(missed=1)
UMIYA-MRO.NS,2020-04-22,2020-04-27,NOT_NEXT_SESSION(missed=2)
UMIYA-MRO.NS,2020-05-06,2020-05-12,NOT_NEXT_SESSION(missed=3)
UMIYA-MRO.NS,2020-06-03,2020-06-05,NOT_NEXT_SESSION(missed=1)
UMIYA-MRO.NS,2021-01-04,2021-02-03,NOT_NEXT_SESSION(missed=20)
UMIYA-MRO.NS,2021-02-03,2021-02-08,NOT_NEXT_SESSION(missed=2)
UMIYA-MRO.NS,2021-04-12,2021-04-15,NOT_NEXT_SESSION(missed=1)
UMIYA-MRO.NS,2021-04-16,2021-04-20,NOT_NEXT_SESSION(missed=1)
UMIYA-MRO.NS,2021-04-22,2021-04-26,NOT_NEXT_SESSION(missed=1)
UMIYA-MRO.NS,2021-08-20,2021-08-30,NOT_NEXT_SESSION(missed=5)
UMIYA-MRO.NS,2021-08-30,2021-09-06,NOT_NEXT_SESSION(missed=4)
UMIYA-MRO.NS,2021-09-06,2021-09-13,NOT_NEXT_SESSION(missed=3)
UNIENTER.NS,2019-10-25,2019-10-29,NOT_NEXT_SESSION(missed=1)
UNIINFO.NS,2019-12-11,2019-12-13,NOT_NEXT_SESSION(missed=1)
UNIINFO.NS,2020-05-11,2020-05-14,NOT_NEXT_SESSION(missed=2)
UNIINFO.NS,2020-05-15,2020-05-19,NOT_NEXT_SESSION(missed=1)
UNIINFO.NS,2020-05-20,2020-05-26,NOT_NEXT_SESSION(missed=2)
UNIINFO.NS,2020-05-27,2020-06-08,NOT_NEXT_SESSION(missed=7)
UNIINFO.NS,2020-06-09,2020-06-19,NOT_NEXT_SESSION(missed=7)
UNIINFO.NS,2020-06-19,2020-07-02,NOT_NEXT_SESSION(missed=8)
UNIINFO.NS,2020-07-02,2020-07-06,NOT_NEXT_SESSION(missed=1)
UNIINFO.NS,2020-07-09,2020-07-13,NOT_NEXT_SESSION(missed=1)
UNIINFO.NS,2020-07-14,2020-07-20,NOT_NEXT_SESSION(missed=3)
UNIINFO.NS,2020-07-20,2020-07-24,NOT_NEXT_SESSION(missed=3)
UNIINFO.NS,2020-07-28,2020-07-31,NOT_NEXT_SESSION(missed=2)
UNIINFO.NS,2020-08-03,2020-08-11,NOT_NEXT_SESSION(missed=5)
UNIINFO.NS,2020-08-11,2020-08-14,NOT_NEXT_SESSION(missed=2)
UNIINFO.NS,2020-08-14,2020-08-18,NOT_NEXT_SESSION(missed=1)
UNIINFO.NS,2020-08-19,2020-08-21,NOT_NEXT_SESSION(missed=1)
UNIINFO.NS,2020-08-24,2020-08-26,NOT_NEXT_SESSION(missed=1)
UNIINFO.NS,2020-08-26,2020-09-03,NOT_NEXT_SESSION(missed=5)
UNIINFO.NS,2020-09-04,2020-09-08,NOT_NEXT_SESSION(missed=1)
UNIINFO.NS,2020-09-08,2020-09-11,NOT_NEXT_SESSION(missed=2)
UNIINFO.NS,2020-09-14,2020-09-17,NOT_NEXT_SESSION(missed=2)
UNIINFO.NS,2020-09-21,2020-10-05,NOT_NEXT_SESSION(missed=8)
UNIINFO.NS,2020-10-06,2020-10-08,NOT_NEXT_SESSION(missed=1)
UNIINFO.NS,2020-10-08,2020-10-12,NOT_NEXT_SESSION(missed=1)
UNIINFO.NS,2020-10-12,2020-10-16,NOT_NEXT_SESSION(missed=3)
UNIINFO.NS,2020-10-16,2020-10-20,NOT_NEXT_SESSION(missed=1)
UNIINFO.NS,2020-10-20,2020-10-22,NOT_NEXT_SESSION(missed=1)
UNIINFO.NS,2020-10-23,2020-10-28,NOT_NEXT_SESSION(missed=2)
UNIINFO.NS,2020-10-28,2020-11-03,NOT_NEXT_SESSION(missed=3)
UNIINFO.NS,2020-12-28,2020-12-30,NOT_NEXT_SESSION(missed=1)
UNIINFO.NS,2020-12-31,2021-01-04,NOT_NEXT_SESSION(missed=1)
UNIINFO.NS,2021-01-07,2021-01-13,NOT_NEXT_SESSION(missed=3)
UNIINFO.NS,2021-01-28,2021-02-03,NOT_NEXT_SESSION(missed=3)
UNIINFO.NS,2021-02-04,2021-02-15,NOT_NEXT_SESSION(missed=6)
UNIINFO.NS,2021-02-15,2021-02-17,NOT_NEXT_SESSION(missed=1)
UNIINFO.NS,2021-02-23,2021-02-25,NOT_NEXT_SESSION(missed=1)
UNIINFO.NS,2021-02-25,2021-03-01,NOT_NEXT_SESSION(missed=1)
UNIINFO.NS,2021-03-01,2021-03-05,NOT_NEXT_SESSION(missed=3)
UNIINFO.NS,2021-03-05,2021-03-09,NOT_NEXT_SESSION(missed=1)
UNIINFO.NS,2021-03-17,2021-03-26,NOT_NEXT_SESSION(missed=6)
UNIINFO.NS,2021-03-26,2021-04-26,NOT_NEXT_SESSION(missed=16)
UNIINFO.NS,2021-04-26,2021-04-29,NOT_NEXT_SESSION(missed=2)
UNIINFO.NS,2021-04-29,2021-05-31,NOT_NEXT_SESSION(missed=20)
UNIINFO.NS,2021-06-02,2021-06-07,NOT_NEXT_SESSION(missed=2)
UNIINFO.NS,2021-06-08,2021-06-14,NOT_NEXT_SESSION(missed=3)
UNIINFO.NS,2021-06-14,2021-06-17,NOT_NEXT_SESSION(missed=2)
UNIINFO.NS,2021-06-24,2021-06-29,NOT_NEXT_SESSION(missed=2)
UNIINFO.NS,2021-06-30,2021-07-05,NOT_NEXT_SESSION(missed=2)
UNIINFO.NS,2021-07-08,2021-07-12,NOT_NEXT_SESSION(missed=1)
UNIINFO.NS,2021-07-13,2021-07-20,NOT_NEXT_SESSION(missed=4)
UNIINFO.NS,2021-08-06,2021-08-10,NOT_NEXT_SESSION(missed=1)
UNIINFO.NS,2021-08-10,2021-08-13,NOT_NEXT_SESSION(missed=2)
UNIINFO.NS,2021-08-18,2021-08-24,NOT_NEXT_SESSION(missed=2)
UNIINFO.NS,2021-09-02,2021-09-06,NOT_NEXT_SESSION(missed=1)
UNIINFO.NS,2021-09-09,2021-09-14,NOT_NEXT_SESSION(missed=1)
UNIINFO.NS,2021-09-17,2021-09-21,NOT_NEXT_SESSION(missed=1)
UNIINFO.NS,2021-10-11,2021-10-13,NOT_NEXT_SESSION(missed=1)
UNIINFO.NS,2021-10-14,2021-10-19,NOT_NEXT_SESSION(missed=1)
UNIINFO.NS,2021-10-22,2021-10-29,NOT_NEXT_SESSION(missed=4)
UNIINFO.NS,2021-11-01,2021-11-03,NOT_NEXT_SESSION(missed=1)
UNIINFO.NS,2021-11-03,2021-11-08,NOT_NEXT_SESSION(missed=1)
UNIINFO.NS,2021-11-11,2021-11-15,NOT_NEXT_SESSION(missed=1)
UNIINFO.NS,2021-12-15,2021-12-17,NOT_NEXT_SESSION(missed=1)
UNIINFO.NS,2021-12-21,2021-12-28,NOT_NEXT_SESSION(missed=4)
UNIINFO.NS,2021-12-29,2022-01-05,NOT_NEXT_SESSION(missed=4)
UNIINFO.NS,2022-01-05,2022-01-07,NOT_NEXT_SESSION(missed=1)
UNIINFO.NS,2023-06-20,2023-06-22,NOT_NEXT_SESSION(missed=1)
UNITDSPR.NS,2019-11-07,2019-11-11,NOT_NEXT_SESSION(missed=1)
UNITECH.NS,2018-11-30,2019-02-21,NOT_NEXT_SESSION(missed=57)
UNITEDPOLY.NS,2021-01-07,2021-01-11,NOT_NEXT_SESSION(missed=1)
UNITEDPOLY.NS,2021-01-22,2021-01-27,NOT_NEXT_SESSION(missed=1)
UNITEDPOLY.NS,2021-01-29,2021-02-02,NOT_NEXT_SESSION(missed=1)
UNITEDPOLY.NS,2021-02-04,2021-02-08,NOT_NEXT_SESSION(missed=1)
UNITEDPOLY.NS,2021-02-11,2021-02-16,NOT_NEXT_SESSION(missed=2)
UNITEDPOLY.NS,2021-02-16,2021-02-25,NOT_NEXT_SESSION(missed=6)
UNITEDPOLY.NS,2021-02-26,2021-03-02,NOT_NEXT_SESSION(missed=1)
UNITEDPOLY.NS,2021-03-02,2021-03-08,NOT_NEXT_SESSION(missed=3)
UNITEDPOLY.NS,2021-03-09,2021-03-12,NOT_NEXT_SESSION(missed=1)
UNITEDPOLY.NS,2021-03-15,2021-03-17,NOT_NEXT_SESSION(missed=1)
UNITEDPOLY.NS,2021-03-19,2021-03-26,NOT_NEXT_SESSION(missed=4)
UNITEDPOLY.NS,2021-03-31,2021-04-19,NOT_NEXT_SESSION(missed=10)
UNITEDPOLY.NS,2021-04-19,2021-05-07,NOT_NEXT_SESSION(missed=12)
UNITEDPOLY.NS,2021-05-07,2021-06-07,NOT_NEXT_SESSION(missed=19)
UNITEDPOLY.NS,2021-06-08,2021-06-10,NOT_NEXT_SESSION(missed=1)
UNITEDPOLY.NS,2021-06-18,2021-06-22,NOT_NEXT_SESSION(missed=1)
UNITEDPOLY.NS,2021-06-22,2021-07-07,NOT_NEXT_SESSION(missed=10)
UNITEDPOLY.NS,2021-07-07,2021-08-03,NOT_NEXT_SESSION(missed=17)
UNITEDPOLY.NS,2021-08-04,2021-08-06,NOT_NEXT_SESSION(missed=1)
UNITEDPOLY.NS,2021-08-06,2021-08-10,NOT_NEXT_SESSION(missed=1)
UNITEDPOLY.NS,2021-08-11,2021-08-23,NOT_NEXT_SESSION(missed=6)
UNITEDPOLY.NS,2021-08-23,2021-09-02,NOT_NEXT_SESSION(missed=7)
UNITEDPOLY.NS,2021-09-03,2021-09-07,NOT_NEXT_SESSION(missed=1)
UNITEDPOLY.NS,2021-09-14,2021-09-30,NOT_NEXT_SESSION(missed=11)
UNITEDPOLY.NS,2021-09-30,2021-10-06,NOT_NEXT_SESSION(missed=3)
UNITEDPOLY.NS,2021-10-06,2021-10-11,NOT_NEXT_SESSION(missed=2)
UNITEDPOLY.NS,2021-10-11,2021-10-13,NOT_NEXT_SESSION(missed=1)
UNITEDPOLY.NS,2021-10-13,2021-10-19,NOT_NEXT_SESSION(missed=2)
UNITEDPOLY.NS,2021-10-19,2021-10-21,NOT_NEXT_SESSION(missed=1)
UNITEDPOLY.NS,2021-10-22,2021-10-27,NOT_NEXT_SESSION(missed=2)
UNITEDPOLY.NS,2021-10-28,2021-11-16,NOT_NEXT_SESSION(missed=11)
UNITEDPOLY.NS,2021-11-22,2021-11-24,NOT_NEXT_SESSION(missed=1)
UNITEDPOLY.NS,2021-11-24,2021-12-01,NOT_NEXT_SESSION(missed=4)
UNITEDPOLY.NS,2021-12-13,2021-12-31,NOT_NEXT_SESSION(missed=13)
UNITEDTEA.NS,2017-10-17,2017-10-23,NOT_NEXT_SESSION(missed=1)
UNITEDTEA.NS,2017-10-23,2017-10-25,NOT_NEXT_SESSION(missed=1)
UNITEDTEA.NS,2018-04-20,2018-04-24,NOT_NEXT_SESSION(missed=1)
UNITEDTEA.NS,2018-07-18,2018-07-20,NOT_NEXT_SESSION(missed=1)
UNITEDTEA.NS,2018-12-07,2018-12-11,NOT_NEXT_SESSION(missed=1)
UNITEDTEA.NS,2019-11-15,2019-11-19,NOT_NEXT_SESSION(missed=1)
URJA.NS,2018-11-30,2019-01-09,NOT_NEXT_SESSION(missed=26)
VAISHALI.NS,2019-07-25,2019-08-19,NOT_NEXT_SESSION(missed=14)
VAISHALI.NS,2019-08-21,2019-08-26,NOT_NEXT_SESSION(missed=2)
VAISHALI.NS,2019-09-03,2019-09-06,NOT_NEXT_SESSION(missed=2)
VAISHALI.NS,2019-09-12,2019-09-16,NOT_NEXT_SESSION(missed=1)
VAISHALI.NS,2019-09-17,2019-09-23,NOT_NEXT_SESSION(missed=3)
VAISHALI.NS,2019-09-23,2019-09-26,NOT_NEXT_SESSION(missed=2)
VAISHALI.NS,2019-09-26,2019-09-30,NOT_NEXT_SESSION(missed=1)
VAISHALI.NS,2019-09-30,2019-10-29,NOT_NEXT_SESSION(missed=17)
VAISHALI.NS,2019-10-29,2019-11-04,NOT_NEXT_SESSION(missed=3)
VAISHALI.NS,2019-11-04,2019-11-21,NOT_NEXT_SESSION(missed=11)
VAISHALI.NS,2019-11-21,2019-11-25,NOT_NEXT_SESSION(missed=1)
VAISHALI.NS,2019-11-25,2019-11-27,NOT_NEXT_SESSION(missed=1)
VAISHALI.NS,2019-11-27,2019-12-02,NOT_NEXT_SESSION(missed=2)
VAISHALI.NS,2019-12-02,2019-12-12,NOT_NEXT_SESSION(missed=7)
VAISHALI.NS,2019-12-12,2019-12-17,NOT_NEXT_SESSION(missed=2)
VAISHALI.NS,2019-12-17,2019-12-19,NOT_NEXT_SESSION(missed=1)
VARDMNPOLY.NS,2020-01-31,2020-02-03,NOT_NEXT_SESSION(missed=1)
VARDMNPOLY.NS,2023-07-07,2023-07-17,NOT_NEXT_SESSION(missed=5)
VARDMNPOLY.NS,2023-07-17,2023-07-24,NOT_NEXT_SESSION(missed=4)
VASWANI.NS,2020-04-15,2020-04-17,NOT_NEXT_SESSION(missed=1)
VASWANI.NS,2020-04-21,2020-04-23,NOT_NEXT_SESSION(missed=1)
VCL.NS,2024-04-08,2024-04-15,NOT_NEXT_SESSION(missed=3)
VCL.NS,2024-04-15,2024-04-22,NOT_NEXT_SESSION(missed=3)
VCL.NS,2024-04-22,2024-04-29,NOT_NEXT_SESSION(missed=4)
VCL.NS,2024-04-29,2024-05-06,NOT_NEXT_SESSION(missed=3)
VCL.NS,2024-05-06,2024-05-13,NOT_NEXT_SESSION(missed=4)
VCL.NS,2024-05-13,2024-05-21,NOT_NEXT_SESSION(missed=5)
VCL.NS,2024-05-21,2024-05-27,NOT_NEXT_SESSION(missed=3)
VCL.NS,2024-05-27,2024-06-03,NOT_NEXT_SESSION(missed=4)
VCL.NS,2024-06-28,2024-07-08,NOT_NEXT_SESSION(missed=5)
VCL.NS,2024-07-08,2024-07-15,NOT_NEXT_SESSION(missed=4)
VCL.NS,2024-07-15,2024-07-22,NOT_NEXT_SESSION(missed=3)
VCL.NS,2024-07-22,2024-07-29,NOT_NEXT_SESSION(missed=4)
VCL.NS,2024-07-29,2024-08-05,NOT_NEXT_SESSION(missed=4)
VCL.NS,2024-08-05,2024-08-12,NOT_NEXT_SESSION(missed=4)
VCL.NS,2024-08-12,2024-08-19,NOT_NEXT_SESSION(missed=3)
VCL.NS,2024-08-19,2024-08-26,NOT_NEXT_SESSION(missed=4)
VCL.NS,2024-08-26,2024-09-02,NOT_NEXT_SESSION(missed=4)
VEDL.NS,2026-04-29,2026-04-30,EXTREME_RETURN
VHL.NS,2025-10-28,2025-11-06,NOT_NEXT_SESSION(missed=5)
VIKASECO.NS,2018-11-30,2018-12-04,NOT_NEXT_SESSION(missed=1)
VINEETLAB.NS,2017-12-06,2018-01-30,NOT_NEXT_SESSION(missed=36)
VINEETLAB.NS,2018-01-30,2018-02-07,NOT_NEXT_SESSION(missed=5)
VINEETLAB.NS,2018-05-23,2018-05-30,NOT_NEXT_SESSION(missed=4)
VINEETLAB.NS,2018-05-30,2018-07-30,NOT_NEXT_SESSION(missed=42)
VINEETLAB.NS,2018-07-30,2018-08-30,NOT_NEXT_SESSION(missed=20)
VINEETLAB.NS,2018-08-30,2018-10-30,NOT_NEXT_SESSION(missed=38)
VINEETLAB.NS,2018-10-30,2018-11-30,NOT_NEXT_SESSION(missed=19)
VINEETLAB.NS,2018-11-30,2019-05-08,NOT_NEXT_SESSION(missed=105)
VINEETLAB.NS,2019-05-08,2021-06-15,NOT_NEXT_SESSION(missed=521)
VISACHROME.NS,2023-08-07,2023-08-14,NOT_NEXT_SESSION(missed=4)
VISACHROME.NS,2023-08-14,2023-08-21,NOT_NEXT_SESSION(missed=3)
VISACHROME.NS,2023-08-21,2023-08-28,NOT_NEXT_SESSION(missed=4)
VISACHROME.NS,2023-08-28,2023-09-04,NOT_NEXT_SESSION(missed=4)
VISACHROME.NS,2023-09-04,2023-09-11,NOT_NEXT_SESSION(missed=4)
VISACHROME.NS,2023-09-11,2023-09-18,NOT_NEXT_SESSION(missed=4)
VISACHROME.NS,2023-09-18,2023-09-25,NOT_NEXT_SESSION(missed=3)
VISACHROME.NS,2023-09-25,2023-10-03,NOT_NEXT_SESSION(missed=4)
VISACHROME.NS,2023-10-10,2023-10-16,NOT_NEXT_SESSION(missed=3)
VISACHROME.NS,2023-10-16,2023-10-23,NOT_NEXT_SESSION(missed=4)
VISACHROME.NS,2023-10-23,2023-10-30,NOT_NEXT_SESSION(missed=3)
VISACHROME.NS,2023-10-30,2023-11-06,NOT_NEXT_SESSION(missed=4)
VISACHROME.NS,2023-11-06,2023-11-13,NOT_NEXT_SESSION(missed=5)
VISACHROME.NS,2023-11-13,2023-11-20,NOT_NEXT_SESSION(missed=3)
VISACHROME.NS,2023-11-20,2023-11-28,NOT_NEXT_SESSION(missed=4)
VISACHROME.NS,2023-11-28,2023-12-01,NOT_NEXT_SESSION(missed=2)
VISACHROME.NS,2023-12-08,2023-12-18,NOT_NEXT_SESSION(missed=5)
VISACHROME.NS,2023-12-18,2023-12-26,NOT_NEXT_SESSION(missed=4)
VISACHROME.NS,2023-12-26,2024-01-01,NOT_NEXT_SESSION(missed=3)
VISACHROME.NS,2024-01-01,2024-01-08,NOT_NEXT_SESSION(missed=4)
VISACHROME.NS,2024-01-08,2024-01-15,NOT_NEXT_SESSION(missed=4)
VISACHROME.NS,2024-01-15,2024-01-23,NOT_NEXT_SESSION(missed=5)
VISACHROME.NS,2024-01-23,2024-01-29,NOT_NEXT_SESSION(missed=2)
VISACHROME.NS,2024-01-29,2024-02-01,NOT_NEXT_SESSION(missed=2)
VISACHROME.NS,2024-02-08,2024-02-12,NOT_NEXT_SESSION(missed=1)
VISACHROME.NS,2024-02-12,2024-02-19,NOT_NEXT_SESSION(missed=4)
VISACHROME.NS,2024-02-19,2024-02-26,NOT_NEXT_SESSION(missed=4)
VISACHROME.NS,2024-02-26,2024-03-04,NOT_NEXT_SESSION(missed=5)
VISACHROME.NS,2024-03-04,2024-03-11,NOT_NEXT_SESSION(missed=3)
VISACHROME.NS,2024-03-11,2024-03-18,NOT_NEXT_SESSION(missed=4)
VISACHROME.NS,2024-03-18,2024-03-26,NOT_NEXT_SESSION(missed=4)
VISACHROME.NS,2024-03-26,2024-04-01,NOT_NEXT_SESSION(missed=2)
VISACHROME.NS,2024-04-08,2024-04-15,NOT_NEXT_SESSION(missed=3)
VISACHROME.NS,2024-04-15,2024-04-22,NOT_NEXT_SESSION(missed=3)
VISACHROME.NS,2024-04-22,2024-04-29,NOT_NEXT_SESSION(missed=4)
VISACHROME.NS,2024-04-29,2024-05-06,NOT_NEXT_SESSION(missed=3)
VISACHROME.NS,2024-05-06,2024-05-13,NOT_NEXT_SESSION(missed=4)
VISACHROME.NS,2024-05-13,2024-05-21,NOT_NEXT_SESSION(missed=5)
VISACHROME.NS,2024-05-21,2024-05-27,NOT_NEXT_SESSION(missed=3)
VISACHROME.NS,2024-05-27,2024-06-03,NOT_NEXT_SESSION(missed=4)
VISACHROME.NS,2024-07-02,2024-07-08,NOT_NEXT_SESSION(missed=3)
VISACHROME.NS,2024-07-08,2024-07-15,NOT_NEXT_SESSION(missed=4)
VISACHROME.NS,2024-07-15,2024-07-22,NOT_NEXT_SESSION(missed=3)
VISACHROME.NS,2024-07-22,2024-07-29,NOT_NEXT_SESSION(missed=4)
VISACHROME.NS,2024-07-29,2024-08-05,NOT_NEXT_SESSION(missed=4)
VISACHROME.NS,2024-08-05,2024-08-12,NOT_NEXT_SESSION(missed=4)
VISACHROME.NS,2024-08-12,2024-08-19,NOT_NEXT_SESSION(missed=3)
VISACHROME.NS,2024-08-19,2024-08-26,NOT_NEXT_SESSION(missed=4)
VISACHROME.NS,2024-08-26,2024-09-02,NOT_NEXT_SESSION(missed=4)
VISACHROME.NS,2024-09-09,2024-09-16,NOT_NEXT_SESSION(missed=4)
VISACHROME.NS,2024-09-16,2024-09-23,NOT_NEXT_SESSION(missed=4)
VISACHROME.NS,2024-09-23,2024-09-30,NOT_NEXT_SESSION(missed=4)
VISACHROME.NS,2024-09-30,2024-10-07,NOT_NEXT_SESSION(missed=3)
VISACHROME.NS,2024-10-07,2024-10-14,NOT_NEXT_SESSION(missed=4)
VISACHROME.NS,2024-10-14,2024-10-21,NOT_NEXT_SESSION(missed=4)
VISACHROME.NS,2024-10-21,2024-10-28,NOT_NEXT_SESSION(missed=4)
VISACHROME.NS,2024-10-28,2024-11-01,NOT_NEXT_SESSION(missed=3)
VISACHROME.NS,2024-11-18,2024-11-25,NOT_NEXT_SESSION(missed=3)
VISACHROME.NS,2024-11-25,2024-12-02,NOT_NEXT_SESSION(missed=4)
VISACHROME.NS,2024-12-02,2024-12-09,NOT_NEXT_SESSION(missed=4)
VISACHROME.NS,2024-12-09,2024-12-16,NOT_NEXT_SESSION(missed=4)
VISACHROME.NS,2024-12-16,2024-12-23,NOT_NEXT_SESSION(missed=4)
VISACHROME.NS,2024-12-23,2024-12-30,NOT_NEXT_SESSION(missed=3)
VISACHROME.NS,2024-12-30,2025-01-01,NOT_NEXT_SESSION(missed=1)
VISACHROME.NS,2025-01-08,2025-01-13,NOT_NEXT_SESSION(missed=2)
VISACHROME.NS,2025-01-13,2025-01-20,NOT_NEXT_SESSION(missed=4)
VISACHROME.NS,2025-01-20,2025-01-27,NOT_NEXT_SESSION(missed=4)
VISACHROME.NS,2025-01-27,2025-02-03,NOT_NEXT_SESSION(missed=5)
VISACHROME.NS,2025-02-03,2025-02-10,NOT_NEXT_SESSION(missed=4)
VISACHROME.NS,2025-02-10,2025-02-17,NOT_NEXT_SESSION(missed=4)
VISACHROME.NS,2025-02-17,2025-02-24,NOT_NEXT_SESSION(missed=4)
VISACHROME.NS,2025-02-24,2025-03-03,NOT_NEXT_SESSION(missed=3)
VISACHROME.NS,2025-09-12,2025-09-22,NOT_NEXT_SESSION(missed=5)
VISACHROME.NS,2025-09-22,2025-09-29,NOT_NEXT_SESSION(missed=4)
VITAL.NS,2024-10-31,2024-11-04,NOT_NEXT_SESSION(missed=1)
VITAL.NS,2025-01-16,2025-01-20,NOT_NEXT_SESSION(missed=1)
VITAL.NS,2025-05-20,2025-05-22,NOT_NEXT_SESSION(missed=1)
VITAL.NS,2025-05-26,2025-05-28,NOT_NEXT_SESSION(missed=1)
VITAL.NS,2025-07-18,2025-07-22,NOT_NEXT_SESSION(missed=1)
VITAL.NS,2025-08-12,2025-08-14,NOT_NEXT_SESSION(missed=1)
VITAL.NS,2025-09-12,2025-09-16,NOT_NEXT_SESSION(missed=1)
VITAL.NS,2025-09-25,2025-09-29,NOT_NEXT_SESSION(missed=1)
VITAL.NS,2025-10-07,2025-10-09,NOT_NEXT_SESSION(missed=1)
VITAL.NS,2025-11-04,2025-11-07,NOT_NEXT_SESSION(missed=1)
VITAL.NS,2025-11-20,2025-11-24,NOT_NEXT_SESSION(missed=1)
VITAL.NS,2025-12-31,2026-01-02,NOT_NEXT_SESSION(missed=1)
VITAL.NS,2026-01-21,2026-01-23,NOT_NEXT_SESSION(missed=1)
VITAL.NS,2026-01-29,2026-02-02,NOT_NEXT_SESSION(missed=2)
VITAL.NS,2026-03-06,2026-03-10,NOT_NEXT_SESSION(missed=1)
VITAL.NS,2026-07-14,2026-07-16,NOT_NEXT_SESSION(missed=1)
VIVIANA.NS,2023-10-18,2023-10-20,NOT_NEXT_SESSION(missed=1)
VIVIANA.NS,2023-12-21,2023-12-26,NOT_NEXT_SESSION(missed=1)
VIVIANA.NS,2024-02-29,2024-03-02,NOT_NEXT_SESSION(missed=1)
VIVIANA.NS,2024-04-15,2024-04-18,NOT_NEXT_SESSION(missed=1)
VIVIANA.NS,2024-10-10,2024-10-14,NOT_NEXT_SESSION(missed=1)
WALCHANNAG.NS,2023-07-05,2023-07-10,NOT_NEXT_SESSION(missed=2)
WALCHANNAG.NS,2023-07-10,2023-07-17,NOT_NEXT_SESSION(missed=4)
WALCHANNAG.NS,2023-07-17,2023-07-24,NOT_NEXT_SESSION(missed=4)
WANBURY.NS,2018-11-30,2019-02-21,NOT_NEXT_SESSION(missed=57)
WANBURY.NS,2019-07-04,2019-07-08,NOT_NEXT_SESSION(missed=1)
WANBURY.NS,2019-08-16,2019-08-20,NOT_NEXT_SESSION(missed=1)
WANBURY.NS,2019-08-21,2019-08-23,NOT_NEXT_SESSION(missed=1)
WEALTH.NS,2021-11-02,2021-11-04,NOT_NEXT_SESSION(missed=1)
WEALTH.NS,2021-12-06,2021-12-08,NOT_NEXT_SESSION(missed=1)
WEALTH.NS,2022-01-25,2022-01-31,NOT_NEXT_SESSION(missed=2)
WEALTH.NS,2022-02-25,2022-03-02,NOT_NEXT_SESSION(missed=1)
WEALTH.NS,2022-03-02,2022-03-04,NOT_NEXT_SESSION(missed=1)
WEALTH.NS,2022-03-07,2022-03-09,NOT_NEXT_SESSION(missed=1)
WEALTH.NS,2022-06-03,2022-06-07,NOT_NEXT_SESSION(missed=1)
WEALTH.NS,2023-03-27,2023-03-29,NOT_NEXT_SESSION(missed=1)
WEALTH.NS,2023-04-17,2023-04-19,NOT_NEXT_SESSION(missed=1)
WEL.NS,2023-11-03,2023-11-07,NOT_NEXT_SESSION(missed=1)
WEL.NS,2023-11-21,2023-11-23,NOT_NEXT_SESSION(missed=1)
WEWIN.NS,2017-09-12,2017-09-13,EXTREME_RETURN
WEWIN.NS,2017-09-14,2017-09-15,EXTREME_RETURN
WEWIN.NS,2017-09-21,2017-09-22,EXTREME_RETURN
WEWIN.NS,2017-09-25,2017-09-26,EXTREME_RETURN
WEWIN.NS,2017-09-28,2017-09-29,EXTREME_RETURN
WEWIN.NS,2017-10-04,2017-10-05,EXTREME_RETURN
WEWIN.NS,2017-10-05,2017-10-06,EXTREME_RETURN
WEWIN.NS,2017-10-10,2017-10-11,EXTREME_RETURN
WEWIN.NS,2017-10-11,2017-10-12,EXTREME_RETURN
WEWIN.NS,2017-10-13,2017-10-16,EXTREME_RETURN
WEWIN.NS,2017-10-23,2017-10-24,EXTREME_RETURN
WEWIN.NS,2017-10-24,2017-10-25,EXTREME_RETURN
WEWIN.NS,2017-10-27,2017-10-30,EXTREME_RETURN
WEWIN.NS,2017-10-30,2017-10-31,EXTREME_RETURN
WEWIN.NS,2017-10-31,2017-11-01,EXTREME_RETURN
WEWIN.NS,2017-11-01,2017-11-02,EXTREME_RETURN
WEWIN.NS,2017-11-07,2017-11-08,EXTREME_RETURN
WEWIN.NS,2017-11-14,2017-11-15,EXTREME_RETURN
WEWIN.NS,2017-11-15,2017-11-16,EXTREME_RETURN
WEWIN.NS,2017-11-16,2017-11-17,EXTREME_RETURN
WEWIN.NS,2017-11-17,2017-11-20,EXTREME_RETURN
WEWIN.NS,2017-11-23,2017-11-24,EXTREME_RETURN
WEWIN.NS,2017-12-12,2017-12-13,EXTREME_RETURN
WEWIN.NS,2017-12-13,2017-12-14,EXTREME_RETURN
WEWIN.NS,2017-12-14,2017-12-15,EXTREME_RETURN
WEWIN.NS,2017-12-15,2017-12-18,EXTREME_RETURN
WEWIN.NS,2017-12-28,2017-12-29,EXTREME_RETURN
WEWIN.NS,2018-01-01,2018-01-02,EXTREME_RETURN
WEWIN.NS,2018-01-11,2018-01-12,EXTREME_RETURN
WEWIN.NS,2018-01-16,2018-01-17,EXTREME_RETURN
WEWIN.NS,2018-01-22,2018-01-23,EXTREME_RETURN
WEWIN.NS,2018-01-25,2018-01-29,EXTREME_RETURN
WEWIN.NS,2018-02-06,2018-02-07,EXTREME_RETURN
WEWIN.NS,2018-02-20,2018-02-21,EXTREME_RETURN
WEWIN.NS,2018-02-28,2018-03-01,EXTREME_RETURN
WEWIN.NS,2018-03-07,2018-03-08,EXTREME_RETURN
WEWIN.NS,2018-03-14,2018-03-15,EXTREME_RETURN
WEWIN.NS,2018-03-15,2018-03-16,EXTREME_RETURN
WEWIN.NS,2018-03-20,2018-03-21,EXTREME_RETURN
WEWIN.NS,2018-03-26,2018-03-27,EXTREME_RETURN
WEWIN.NS,2018-04-06,2018-04-09,EXTREME_RETURN
WEWIN.NS,2018-06-13,2018-06-14,EXTREME_RETURN
WEWIN.NS,2019-08-21,2019-08-22,EXTREME_RETURN
WEWIN.NS,2019-08-27,2019-08-28,EXTREME_RETURN
WEWIN.NS,2020-01-06,2020-01-07,EXTREME_RETURN
WEWIN.NS,2020-02-12,2020-02-13,EXTREME_RETURN
WEWIN.NS,2020-02-14,2020-02-17,EXTREME_RETURN
WEWIN.NS,2020-02-18,2020-02-19,EXTREME_RETURN
WEWIN.NS,2020-02-25,2020-02-26,EXTREME_RETURN
WEWIN.NS,2020-03-02,2020-03-03,EXTREME_RETURN
WEWIN.NS,2020-03-05,2020-03-06,EXTREME_RETURN
WEWIN.NS,2020-03-09,2020-03-11,EXTREME_RETURN
WEWIN.NS,2020-03-11,2020-03-12,EXTREME_RETURN
WEWIN.NS,2020-03-12,2020-03-13,EXTREME_RETURN
WEWIN.NS,2020-03-13,2020-03-16,EXTREME_RETURN
WEWIN.NS,2020-03-17,2020-03-18,EXTREME_RETURN
WEWIN.NS,2020-03-18,2020-03-19,EXTREME_RETURN
WEWIN.NS,2020-03-19,2020-03-23,NOT_NEXT_SESSION(missed=1)
WEWIN.NS,2020-03-23,2020-08-10,NOT_NEXT_SESSION(missed=93)
WEWIN.NS,2020-08-10,2020-08-13,NOT_NEXT_SESSION(missed=2)
WEWIN.NS,2020-08-13,2020-09-07,NOT_NEXT_SESSION(missed=16)
WEWIN.NS,2020-09-07,2020-09-11,NOT_NEXT_SESSION(missed=3)
WEWIN.NS,2020-09-11,2020-10-13,NOT_NEXT_SESSION(missed=20)
WEWIN.NS,2020-10-13,2020-11-05,NOT_NEXT_SESSION(missed=16)
WEWIN.NS,2020-11-05,2020-11-24,NOT_NEXT_SESSION(missed=12)
WEWIN.NS,2020-11-24,2020-11-26,NOT_NEXT_SESSION(missed=1)
WEWIN.NS,2020-12-01,2020-12-03,NOT_NEXT_SESSION(missed=1)
WEWIN.NS,2020-12-04,2020-12-10,NOT_NEXT_SESSION(missed=3)
WEWIN.NS,2020-12-10,2020-12-16,NOT_NEXT_SESSION(missed=3)
WEWIN.NS,2020-12-16,2020-12-21,NOT_NEXT_SESSION(missed=2)
WEWIN.NS,2020-12-21,2021-01-08,NOT_NEXT_SESSION(missed=12)
WEWIN.NS,2021-01-08,2021-01-21,NOT_NEXT_SESSION(missed=8)
WEWIN.NS,2021-01-21,2021-02-08,NOT_NEXT_SESSION(missed=10)
WEWIN.NS,2021-02-23,2021-02-25,NOT_NEXT_SESSION(missed=1)
WEWIN.NS,2021-03-01,2021-03-03,NOT_NEXT_SESSION(missed=1)
WEWIN.NS,2021-03-05,2021-03-22,NOT_NEXT_SESSION(missed=9)
WEWIN.NS,2021-03-22,2021-03-25,NOT_NEXT_SESSION(missed=2)
WEWIN.NS,2021-03-26,2021-04-01,NOT_NEXT_SESSION(missed=2)
WEWIN.NS,2021-04-01,2021-04-15,NOT_NEXT_SESSION(missed=7)
WEWIN.NS,2021-04-16,2021-04-22,NOT_NEXT_SESSION(missed=2)
WEWIN.NS,2021-04-23,2021-04-27,NOT_NEXT_SESSION(missed=1)
WEWIN.NS,2021-04-28,2021-05-19,NOT_NEXT_SESSION(missed=13)
WEWIN.NS,2021-05-19,2021-05-21,NOT_NEXT_SESSION(missed=1)
WEWIN.NS,2021-05-21,2021-05-26,NOT_NEXT_SESSION(missed=2)
WEWIN.NS,2021-05-31,2021-06-02,NOT_NEXT_SESSION(missed=1)
WEWIN.NS,2021-06-07,2021-06-09,NOT_NEXT_SESSION(missed=1)
WEWIN.NS,2021-06-10,2021-06-14,NOT_NEXT_SESSION(missed=1)
WEWIN.NS,2021-06-15,2021-06-17,NOT_NEXT_SESSION(missed=1)
WEWIN.NS,2021-06-17,2021-06-22,NOT_NEXT_SESSION(missed=2)
WEWIN.NS,2021-06-22,2021-06-24,NOT_NEXT_SESSION(missed=1)
WEWIN.NS,2021-06-25,2021-06-29,NOT_NEXT_SESSION(missed=1)
WEWIN.NS,2021-06-29,2021-07-01,NOT_NEXT_SESSION(missed=1)
WEWIN.NS,2021-07-01,2021-07-05,NOT_NEXT_SESSION(missed=1)
WEWIN.NS,2021-07-05,2021-07-12,NOT_NEXT_SESSION(missed=4)
WEWIN.NS,2021-07-12,2021-07-19,NOT_NEXT_SESSION(missed=4)
WEWIN.NS,2021-07-19,2021-07-22,NOT_NEXT_SESSION(missed=1)
WEWIN.NS,2021-07-27,2021-07-29,NOT_NEXT_SESSION(missed=1)
WEWIN.NS,2021-07-29,2021-08-02,NOT_NEXT_SESSION(missed=1)
WEWIN.NS,2021-08-02,2021-08-05,NOT_NEXT_SESSION(missed=2)
WEWIN.NS,2021-08-05,2021-08-26,NOT_NEXT_SESSION(missed=13)
WEWIN.NS,2021-09-02,2021-09-08,NOT_NEXT_SESSION(missed=3)
WEWIN.NS,2021-09-09,2021-09-16,NOT_NEXT_SESSION(missed=3)
WEWIN.NS,2021-09-16,2021-09-20,NOT_NEXT_SESSION(missed=1)
WEWIN.NS,2021-09-20,2021-09-22,NOT_NEXT_SESSION(missed=1)
WEWIN.NS,2021-09-28,2021-10-01,NOT_NEXT_SESSION(missed=2)
WEWIN.NS,2021-10-04,2021-10-07,NOT_NEXT_SESSION(missed=2)
WEWIN.NS,2021-10-27,2021-10-29,NOT_NEXT_SESSION(missed=1)
WEWIN.NS,2021-11-01,2021-11-04,NOT_NEXT_SESSION(missed=2)
WEWIN.NS,2021-11-09,2021-11-11,NOT_NEXT_SESSION(missed=1)
WEWIN.NS,2021-11-11,2021-11-17,NOT_NEXT_SESSION(missed=3)
WEWIN.NS,2021-11-18,2021-11-23,NOT_NEXT_SESSION(missed=1)
WEWIN.NS,2021-11-23,2021-11-26,NOT_NEXT_SESSION(missed=2)
WEWIN.NS,2021-11-30,2021-12-02,NOT_NEXT_SESSION(missed=1)
WEWIN.NS,2021-12-03,2021-12-07,NOT_NEXT_SESSION(missed=1)
WEWIN.NS,2021-12-07,2021-12-14,NOT_NEXT_SESSION(missed=4)
WEWIN.NS,2021-12-14,2021-12-23,NOT_NEXT_SESSION(missed=6)
WEWIN.NS,2022-01-11,2022-01-13,NOT_NEXT_SESSION(missed=1)
WEWIN.NS,2022-01-13,2022-01-17,NOT_NEXT_SESSION(missed=1)
WEWIN.NS,2022-01-17,2022-01-19,NOT_NEXT_SESSION(missed=1)
WEWIN.NS,2022-01-25,2022-01-28,NOT_NEXT_SESSION(missed=1)
WEWIN.NS,2022-02-14,2022-02-16,NOT_NEXT_SESSION(missed=1)
WEWIN.NS,2022-02-16,2022-02-18,NOT_NEXT_SESSION(missed=1)
WEWIN.NS,2022-02-21,2022-02-23,NOT_NEXT_SESSION(missed=1)
WEWIN.NS,2022-02-23,2022-03-14,NOT_NEXT_SESSION(missed=11)
WEWIN.NS,2022-03-14,2022-04-01,NOT_NEXT_SESSION(missed=12)
WEWIN.NS,2022-04-04,2022-04-06,NOT_NEXT_SESSION(missed=1)
WEWIN.NS,2022-04-06,2022-04-11,NOT_NEXT_SESSION(missed=2)
WEWIN.NS,2022-04-11,2022-04-20,NOT_NEXT_SESSION(missed=4)
WEWIN.NS,2022-04-20,2022-04-25,NOT_NEXT_SESSION(missed=2)
WEWIN.NS,2022-04-26,2022-04-28,NOT_NEXT_SESSION(missed=1)
WEWIN.NS,2022-04-28,2022-05-04,NOT_NEXT_SESSION(missed=2)
WEWIN.NS,2022-05-04,2022-05-06,NOT_NEXT_SESSION(missed=1)
WEWIN.NS,2022-05-06,2022-05-11,NOT_NEXT_SESSION(missed=2)
WEWIN.NS,2022-05-11,2022-05-13,NOT_NEXT_SESSION(missed=1)
WEWIN.NS,2022-05-26,2022-05-30,NOT_NEXT_SESSION(missed=1)
WEWIN.NS,2022-06-01,2022-06-03,NOT_NEXT_SESSION(missed=1)
WEWIN.NS,2022-06-07,2022-06-10,NOT_NEXT_SESSION(missed=2)
WILLAMAGOR.NS,2018-04-24,2018-04-26,NOT_NEXT_SESSION(missed=1)
WILLAMAGOR.NS,2022-08-22,2022-08-29,NOT_NEXT_SESSION(missed=4)
WILLAMAGOR.NS,2022-08-29,2022-09-12,NOT_NEXT_SESSION(missed=8)
WILLAMAGOR.NS,2022-09-12,2022-09-19,NOT_NEXT_SESSION(missed=4)
WILLAMAGOR.NS,2022-09-19,2022-09-26,NOT_NEXT_SESSION(missed=4)
WILLAMAGOR.NS,2022-09-26,2022-10-03,NOT_NEXT_SESSION(missed=4)
WILLAMAGOR.NS,2022-10-03,2022-10-10,NOT_NEXT_SESSION(missed=3)
WIPL.NS,2018-06-14,2018-06-18,NOT_NEXT_SESSION(missed=1)
WIPL.NS,2018-06-21,2018-06-25,NOT_NEXT_SESSION(missed=1)
WIPL.NS,2018-07-02,2018-07-06,NOT_NEXT_SESSION(missed=3)
WIPL.NS,2018-07-06,2018-07-10,NOT_NEXT_SESSION(missed=1)
WIPL.NS,2018-07-18,2018-07-26,NOT_NEXT_SESSION(missed=5)
WIPL.NS,2018-07-26,2018-07-30,NOT_NEXT_SESSION(missed=1)
WIPL.NS,2018-07-30,2018-08-01,NOT_NEXT_SESSION(missed=1)
WIPL.NS,2018-08-02,2018-08-06,NOT_NEXT_SESSION(missed=1)
WIPL.NS,2018-08-16,2018-08-21,NOT_NEXT_SESSION(missed=2)
WIPL.NS,2018-08-24,2018-08-29,NOT_NEXT_SESSION(missed=2)
WIPL.NS,2018-08-31,2018-09-04,NOT_NEXT_SESSION(missed=1)
WIPL.NS,2018-10-01,2018-10-04,NOT_NEXT_SESSION(missed=1)
WIPL.NS,2018-10-05,2018-10-10,NOT_NEXT_SESSION(missed=2)
WIPL.NS,2018-10-19,2018-10-23,NOT_NEXT_SESSION(missed=1)
WIPL.NS,2018-10-29,2018-10-31,NOT_NEXT_SESSION(missed=1)
WIPL.NS,2018-11-29,2019-02-21,NOT_NEXT_SESSION(missed=58)
WIPL.NS,2019-02-27,2019-03-01,NOT_NEXT_SESSION(missed=1)
WIPL.NS,2019-03-27,2019-04-01,NOT_NEXT_SESSION(missed=2)
WIPL.NS,2019-04-01,2019-04-04,NOT_NEXT_SESSION(missed=2)
WIPL.NS,2019-04-04,2019-04-08,NOT_NEXT_SESSION(missed=1)
WIPL.NS,2019-04-09,2019-04-15,NOT_NEXT_SESSION(missed=3)
WIPL.NS,2019-04-18,2019-04-23,NOT_NEXT_SESSION(missed=1)
WIPL.NS,2019-04-24,2019-04-30,NOT_NEXT_SESSION(missed=2)
WIPL.NS,2019-05-03,2019-05-07,NOT_NEXT_SESSION(missed=1)
WIPL.NS,2019-05-07,2019-05-09,NOT_NEXT_SESSION(missed=1)
WIPL.NS,2019-05-10,2019-05-14,NOT_NEXT_SESSION(missed=1)
WIPL.NS,2019-05-14,2019-05-22,NOT_NEXT_SESSION(missed=5)
WIPL.NS,2019-05-22,2019-05-29,NOT_NEXT_SESSION(missed=4)
WIPL.NS,2019-05-29,2019-06-06,NOT_NEXT_SESSION(missed=4)
WIPL.NS,2019-06-06,2019-06-14,NOT_NEXT_SESSION(missed=5)
WIPL.NS,2019-06-18,2019-06-24,NOT_NEXT_SESSION(missed=3)
WIPL.NS,2019-07-04,2019-07-10,NOT_NEXT_SESSION(missed=3)
WIPL.NS,2019-07-10,2019-07-15,NOT_NEXT_SESSION(missed=2)
WIPL.NS,2019-07-16,2019-07-23,NOT_NEXT_SESSION(missed=4)
WIPL.NS,2019-07-23,2019-07-25,NOT_NEXT_SESSION(missed=1)
WIPL.NS,2019-07-25,2019-07-29,NOT_NEXT_SESSION(missed=1)
WIPL.NS,2019-07-29,2019-08-05,NOT_NEXT_SESSION(missed=4)
WIPL.NS,2019-08-06,2019-08-13,NOT_NEXT_SESSION(missed=3)
WIPL.NS,2019-08-13,2019-08-19,NOT_NEXT_SESSION(missed=2)
WIPL.NS,2019-08-19,2019-08-23,NOT_NEXT_SESSION(missed=3)
WIPL.NS,2019-08-26,2019-08-29,NOT_NEXT_SESSION(missed=2)
WIPL.NS,2019-08-29,2019-09-05,NOT_NEXT_SESSION(missed=3)
WIPL.NS,2019-09-05,2019-09-12,NOT_NEXT_SESSION(missed=3)
WIPL.NS,2019-09-13,2019-09-20,NOT_NEXT_SESSION(missed=4)
WIPL.NS,2019-09-23,2019-09-25,NOT_NEXT_SESSION(missed=1)
WIPL.NS,2019-09-25,2019-10-03,NOT_NEXT_SESSION(missed=4)
WIPL.NS,2019-10-17,2019-10-23,NOT_NEXT_SESSION(missed=2)
WIPL.NS,2019-10-23,2019-10-25,NOT_NEXT_SESSION(missed=1)
WIPL.NS,2019-10-25,2019-10-29,NOT_NEXT_SESSION(missed=1)
WIPL.NS,2019-11-07,2019-11-11,NOT_NEXT_SESSION(missed=1)
WIPL.NS,2019-11-14,2019-11-19,NOT_NEXT_SESSION(missed=2)
WIPL.NS,2019-12-04,2019-12-06,NOT_NEXT_SESSION(missed=1)
WIPL.NS,2019-12-10,2019-12-12,NOT_NEXT_SESSION(missed=1)
WIPL.NS,2019-12-19,2019-12-27,NOT_NEXT_SESSION(missed=4)
WIPL.NS,2019-12-27,2020-01-06,NOT_NEXT_SESSION(missed=5)
WIPL.NS,2020-01-10,2020-01-15,NOT_NEXT_SESSION(missed=2)
WIPL.NS,2020-01-24,2020-01-28,NOT_NEXT_SESSION(missed=1)
WIPL.NS,2020-01-30,2020-02-01,NOT_NEXT_SESSION(missed=1)
WIPL.NS,2020-02-06,2020-02-10,NOT_NEXT_SESSION(missed=1)
WIPL.NS,2020-02-11,2020-02-14,NOT_NEXT_SESSION(missed=2)
WIPL.NS,2020-02-17,2020-02-24,NOT_NEXT_SESSION(missed=3)
WIPL.NS,2020-02-26,2020-02-28,NOT_NEXT_SESSION(missed=1)
WIPL.NS,2020-02-28,2020-03-03,NOT_NEXT_SESSION(missed=1)
WIPL.NS,2020-03-03,2020-03-09,NOT_NEXT_SESSION(missed=3)
WIPL.NS,2020-03-16,2020-03-18,NOT_NEXT_SESSION(missed=1)
WIPL.NS,2020-03-19,2020-03-24,NOT_NEXT_SESSION(missed=2)
WIPL.NS,2020-03-24,2020-03-31,NOT_NEXT_SESSION(missed=4)
WIPL.NS,2020-03-31,2020-04-13,NOT_NEXT_SESSION(missed=5)
WIPL.NS,2020-04-16,2020-04-20,NOT_NEXT_SESSION(missed=1)
WIPL.NS,2020-04-27,2020-04-30,NOT_NEXT_SESSION(missed=2)
WIPL.NS,2020-04-30,2020-05-05,NOT_NEXT_SESSION(missed=1)
WIPL.NS,2020-05-12,2020-05-14,NOT_NEXT_SESSION(missed=1)
WIPL.NS,2020-05-14,2020-05-20,NOT_NEXT_SESSION(missed=3)
WIPL.NS,2020-05-20,2020-05-29,NOT_NEXT_SESSION(missed=5)
WIPL.NS,2020-06-02,2020-06-04,NOT_NEXT_SESSION(missed=1)
WIPL.NS,2020-06-04,2020-06-08,NOT_NEXT_SESSION(missed=1)
WIPL.NS,2020-06-12,2020-06-16,NOT_NEXT_SESSION(missed=1)
WIPL.NS,2020-07-03,2020-07-07,NOT_NEXT_SESSION(missed=1)
WIPL.NS,2020-07-13,2020-07-15,NOT_NEXT_SESSION(missed=1)
WIPL.NS,2020-07-20,2020-07-22,NOT_NEXT_SESSION(missed=1)
WIPL.NS,2020-07-22,2020-07-27,NOT_NEXT_SESSION(missed=2)
WIPL.NS,2020-07-28,2020-07-30,NOT_NEXT_SESSION(missed=1)
WIPL.NS,2020-09-21,2020-09-23,NOT_NEXT_SESSION(missed=1)
WIPL.NS,2020-09-24,2020-09-28,NOT_NEXT_SESSION(missed=1)
WIPL.NS,2020-09-28,2020-10-05,NOT_NEXT_SESSION(missed=3)
WIPL.NS,2020-10-15,2020-10-19,NOT_NEXT_SESSION(missed=1)
WIPL.NS,2020-10-20,2020-10-26,NOT_NEXT_SESSION(missed=3)
WIPL.NS,2020-10-28,2020-10-30,NOT_NEXT_SESSION(missed=1)
WIPL.NS,2020-11-13,2020-11-17,NOT_NEXT_SESSION(missed=1)
WIPL.NS,2020-11-24,2020-11-27,NOT_NEXT_SESSION(missed=2)
WIPL.NS,2020-12-04,2020-12-08,NOT_NEXT_SESSION(missed=1)
WIPL.NS,2020-12-23,2020-12-28,NOT_NEXT_SESSION(missed=1)
WIPL.NS,2021-03-19,2021-03-23,NOT_NEXT_SESSION(missed=1)
WIPL.NS,2021-04-15,2021-04-19,NOT_NEXT_SESSION(missed=1)
WIPL.NS,2021-04-19,2021-04-22,NOT_NEXT_SESSION(missed=1)
WIPL.NS,2021-04-22,2021-04-26,NOT_NEXT_SESSION(missed=1)
WIPL.NS,2021-05-05,2021-05-07,NOT_NEXT_SESSION(missed=1)
WIPL.NS,2022-03-07,2022-03-09,NOT_NEXT_SESSION(missed=1)
WIPL.NS,2022-07-04,2022-07-06,NOT_NEXT_SESSION(missed=1)
WIPL.NS,2023-02-28,2023-03-02,NOT_NEXT_SESSION(missed=1)
WIPL.NS,2024-03-01,2024-03-04,NOT_NEXT_SESSION(missed=1)
WORTHPERI.NS,2019-04-25,2019-05-03,NOT_NEXT_SESSION(missed=3)
WORTHPERI.NS,2019-05-08,2019-05-15,NOT_NEXT_SESSION(missed=4)
WORTHPERI.NS,2019-05-15,2019-05-17,NOT_NEXT_SESSION(missed=1)
WORTHPERI.NS,2019-05-20,2019-05-22,NOT_NEXT_SESSION(missed=1)
WORTHPERI.NS,2019-05-23,2019-05-27,NOT_NEXT_SESSION(missed=1)
WORTHPERI.NS,2019-05-27,2019-05-30,NOT_NEXT_SESSION(missed=2)
WORTHPERI.NS,2019-05-30,2019-06-03,NOT_NEXT_SESSION(missed=1)
WORTHPERI.NS,2019-06-03,2019-06-06,NOT_NEXT_SESSION(missed=1)
WORTHPERI.NS,2019-06-11,2019-06-19,NOT_NEXT_SESSION(missed=5)
WORTHPERI.NS,2019-06-20,2019-06-28,NOT_NEXT_SESSION(missed=5)
WORTHPERI.NS,2019-06-28,2019-07-04,NOT_NEXT_SESSION(missed=3)
WORTHPERI.NS,2019-07-11,2019-07-16,NOT_NEXT_SESSION(missed=2)
WORTHPERI.NS,2019-07-24,2019-07-26,NOT_NEXT_SESSION(missed=1)
WORTHPERI.NS,2019-08-08,2019-08-13,NOT_NEXT_SESSION(missed=1)
WORTHPERI.NS,2019-08-22,2019-08-27,NOT_NEXT_SESSION(missed=2)
WORTHPERI.NS,2019-08-28,2019-08-30,NOT_NEXT_SESSION(missed=1)
WORTHPERI.NS,2019-08-30,2019-09-04,NOT_NEXT_SESSION(missed=1)
WORTHPERI.NS,2019-09-04,2019-09-16,NOT_NEXT_SESSION(missed=6)
WORTHPERI.NS,2019-09-16,2019-09-20,NOT_NEXT_SESSION(missed=3)
WORTHPERI.NS,2019-09-23,2019-09-27,NOT_NEXT_SESSION(missed=3)
WORTHPERI.NS,2019-09-27,2019-10-01,NOT_NEXT_SESSION(missed=1)
WORTHPERI.NS,2019-10-01,2019-10-04,NOT_NEXT_SESSION(missed=1)
WORTHPERI.NS,2019-10-04,2019-10-09,NOT_NEXT_SESSION(missed=1)
WORTHPERI.NS,2019-10-25,2019-10-31,NOT_NEXT_SESSION(missed=3)
WORTHPERI.NS,2019-11-06,2019-11-11,NOT_NEXT_SESSION(missed=2)
WORTHPERI.NS,2019-11-20,2019-11-25,NOT_NEXT_SESSION(missed=2)
WORTHPERI.NS,2019-11-28,2019-12-02,NOT_NEXT_SESSION(missed=1)
WORTHPERI.NS,2019-12-02,2019-12-17,NOT_NEXT_SESSION(missed=10)
WORTHPERI.NS,2019-12-18,2019-12-24,NOT_NEXT_SESSION(missed=3)
WORTHPERI.NS,2020-01-03,2020-01-10,NOT_NEXT_SESSION(missed=4)
WORTHPERI.NS,2020-01-13,2020-01-15,NOT_NEXT_SESSION(missed=1)
WORTHPERI.NS,2020-01-15,2020-01-20,NOT_NEXT_SESSION(missed=2)
WORTHPERI.NS,2020-01-21,2020-01-23,NOT_NEXT_SESSION(missed=1)
WORTHPERI.NS,2020-01-24,2020-02-01,NOT_NEXT_SESSION(missed=5)
WORTHPERI.NS,2020-02-01,2020-02-05,NOT_NEXT_SESSION(missed=2)
WORTHPERI.NS,2020-02-06,2020-02-11,NOT_NEXT_SESSION(missed=2)
WORTHPERI.NS,2020-02-11,2020-02-14,NOT_NEXT_SESSION(missed=2)
WORTHPERI.NS,2020-02-18,2020-02-20,NOT_NEXT_SESSION(missed=1)
WORTHPERI.NS,2020-02-26,2020-02-28,NOT_NEXT_SESSION(missed=1)
WORTHPERI.NS,2020-03-04,2020-03-06,NOT_NEXT_SESSION(missed=1)
WORTHPERI.NS,2020-04-16,2020-04-20,NOT_NEXT_SESSION(missed=1)
WORTHPERI.NS,2020-04-30,2020-05-05,NOT_NEXT_SESSION(missed=1)
WORTHPERI.NS,2020-05-07,2020-05-12,NOT_NEXT_SESSION(missed=2)
WORTHPERI.NS,2020-05-12,2020-05-18,NOT_NEXT_SESSION(missed=3)
WORTHPERI.NS,2020-05-21,2020-05-26,NOT_NEXT_SESSION(missed=1)
WORTHPERI.NS,2020-05-27,2020-05-29,NOT_NEXT_SESSION(missed=1)
WORTHPERI.NS,2020-06-09,2020-06-12,NOT_NEXT_SESSION(missed=2)
WORTHPERI.NS,2020-07-14,2020-07-16,NOT_NEXT_SESSION(missed=1)
WORTHPERI.NS,2020-07-16,2020-07-20,NOT_NEXT_SESSION(missed=1)
WORTHPERI.NS,2020-07-31,2020-08-04,NOT_NEXT_SESSION(missed=1)
WSI.NS,2017-09-25,2017-09-27,NOT_NEXT_SESSION(missed=1)
WSI.NS,2017-09-27,2017-09-29,NOT_NEXT_SESSION(missed=1)
WSI.NS,2018-07-19,2018-07-23,NOT_NEXT_SESSION(missed=1)
WSI.NS,2018-07-26,2018-07-31,NOT_NEXT_SESSION(missed=2)
WSI.NS,2018-08-29,2018-08-31,NOT_NEXT_SESSION(missed=1)
WSI.NS,2018-09-05,2018-09-07,NOT_NEXT_SESSION(missed=1)
WSI.NS,2018-09-19,2018-09-25,NOT_NEXT_SESSION(missed=2)
WSI.NS,2018-10-11,2018-10-15,NOT_NEXT_SESSION(missed=1)
WSI.NS,2018-10-15,2018-10-17,NOT_NEXT_SESSION(missed=1)
WSI.NS,2018-10-29,2018-11-02,NOT_NEXT_SESSION(missed=3)
WSI.NS,2018-11-06,2018-11-07,UNRESOLVED_SESSION
WSI.NS,2018-11-07,2018-11-09,UNRESOLVED_SESSION
WSI.NS,2018-11-30,2019-02-22,NOT_NEXT_SESSION(missed=58)
WSI.NS,2019-02-25,2019-02-27,NOT_NEXT_SESSION(missed=1)
WSI.NS,2019-02-27,2019-03-01,NOT_NEXT_SESSION(missed=1)
WSI.NS,2019-06-18,2019-06-20,NOT_NEXT_SESSION(missed=1)
WSI.NS,2019-07-12,2019-07-16,NOT_NEXT_SESSION(missed=1)
WSI.NS,2019-07-24,2019-07-26,NOT_NEXT_SESSION(missed=1)
WSI.NS,2019-09-16,2019-09-18,NOT_NEXT_SESSION(missed=1)
WSI.NS,2019-11-08,2019-11-14,NOT_NEXT_SESSION(missed=2)
WSI.NS,2019-11-20,2019-11-22,NOT_NEXT_SESSION(missed=1)
WSI.NS,2019-11-22,2019-11-26,NOT_NEXT_SESSION(missed=1)
WSI.NS,2019-11-27,2019-11-29,NOT_NEXT_SESSION(missed=1)
WSI.NS,2019-12-02,2019-12-05,NOT_NEXT_SESSION(missed=2)
WSI.NS,2019-12-16,2019-12-18,NOT_NEXT_SESSION(missed=1)
WSI.NS,2019-12-30,2020-01-01,NOT_NEXT_SESSION(missed=1)
WSI.NS,2020-03-03,2020-03-09,NOT_NEXT_SESSION(missed=3)
WSI.NS,2020-03-16,2020-03-18,NOT_NEXT_SESSION(missed=1)
WSI.NS,2020-03-20,2020-03-24,NOT_NEXT_SESSION(missed=1)
WSI.NS,2020-03-30,2020-04-01,NOT_NEXT_SESSION(missed=1)
WSI.NS,2020-04-03,2020-04-13,NOT_NEXT_SESSION(missed=3)
WSI.NS,2020-05-26,2020-05-28,NOT_NEXT_SESSION(missed=1)
WSI.NS,2020-06-17,2020-06-19,NOT_NEXT_SESSION(missed=1)
WSI.NS,2021-04-08,2021-04-16,NOT_NEXT_SESSION(missed=4)
WSI.NS,2021-05-06,2021-05-10,NOT_NEXT_SESSION(missed=1)
WSI.NS,2021-06-25,2021-06-29,NOT_NEXT_SESSION(missed=1)
WSI.NS,2021-07-02,2021-07-06,NOT_NEXT_SESSION(missed=1)
WSI.NS,2021-07-20,2021-07-23,NOT_NEXT_SESSION(missed=1)
WSI.NS,2021-08-06,2021-08-10,NOT_NEXT_SESSION(missed=1)
WSI.NS,2021-09-23,2021-09-28,NOT_NEXT_SESSION(missed=2)
WSI.NS,2021-10-05,2021-10-07,NOT_NEXT_SESSION(missed=1)
WSI.NS,2021-10-29,2021-11-08,NOT_NEXT_SESSION(missed=4)
WSI.NS,2021-11-08,2021-11-15,NOT_NEXT_SESSION(missed=4)
WSI.NS,2021-11-15,2021-11-29,NOT_NEXT_SESSION(missed=8)
WSI.NS,2021-11-29,2021-12-06,NOT_NEXT_SESSION(missed=4)
WSI.NS,2021-12-06,2021-12-13,NOT_NEXT_SESSION(missed=4)
WSI.NS,2021-12-13,2021-12-20,NOT_NEXT_SESSION(missed=4)
WSI.NS,2021-12-20,2021-12-27,NOT_NEXT_SESSION(missed=4)
WSI.NS,2021-12-27,2022-01-03,NOT_NEXT_SESSION(missed=4)
WSI.NS,2022-01-03,2022-01-10,NOT_NEXT_SESSION(missed=4)
WSI.NS,2022-01-10,2022-01-17,NOT_NEXT_SESSION(missed=4)
WSI.NS,2022-01-17,2022-01-24,NOT_NEXT_SESSION(missed=4)
WSI.NS,2022-01-24,2022-01-31,NOT_NEXT_SESSION(missed=3)
WSI.NS,2022-01-31,2022-02-07,NOT_NEXT_SESSION(missed=4)
WSI.NS,2022-02-07,2022-02-14,NOT_NEXT_SESSION(missed=4)
WSI.NS,2022-02-14,2022-02-21,NOT_NEXT_SESSION(missed=4)
WSI.NS,2022-02-21,2022-02-28,NOT_NEXT_SESSION(missed=4)
WSI.NS,2022-02-28,2022-03-07,NOT_NEXT_SESSION(missed=3)
WSI.NS,2022-03-07,2022-03-14,NOT_NEXT_SESSION(missed=4)
WSI.NS,2022-03-14,2022-03-21,NOT_NEXT_SESSION(missed=3)
WSI.NS,2022-03-21,2022-03-28,NOT_NEXT_SESSION(missed=4)
WSI.NS,2022-03-28,2022-04-04,NOT_NEXT_SESSION(missed=4)
WSI.NS,2022-04-04,2022-04-11,NOT_NEXT_SESSION(missed=4)
WSI.NS,2022-04-11,2022-04-18,NOT_NEXT_SESSION(missed=2)
WSI.NS,2022-04-18,2022-04-25,NOT_NEXT_SESSION(missed=4)
WSI.NS,2022-04-25,2022-05-02,NOT_NEXT_SESSION(missed=4)
WSI.NS,2022-05-02,2022-05-09,NOT_NEXT_SESSION(missed=3)
WSI.NS,2022-05-09,2022-05-16,NOT_NEXT_SESSION(missed=4)
WSI.NS,2022-05-16,2022-05-23,NOT_NEXT_SESSION(missed=4)
WSI.NS,2022-05-23,2022-05-30,NOT_NEXT_SESSION(missed=4)
WSI.NS,2022-05-30,2022-06-06,NOT_NEXT_SESSION(missed=4)
WSI.NS,2022-06-06,2022-06-13,NOT_NEXT_SESSION(missed=4)
WSI.NS,2022-06-13,2022-06-20,NOT_NEXT_SESSION(missed=4)
WSI.NS,2022-06-20,2022-06-27,NOT_NEXT_SESSION(missed=4)
WSI.NS,2022-06-27,2022-07-04,NOT_NEXT_SESSION(missed=4)
WSI.NS,2022-07-04,2022-07-11,NOT_NEXT_SESSION(missed=4)
WSI.NS,2022-07-11,2022-07-18,NOT_NEXT_SESSION(missed=4)
WSI.NS,2022-07-18,2022-07-25,NOT_NEXT_SESSION(missed=4)
WSI.NS,2022-07-25,2022-08-01,NOT_NEXT_SESSION(missed=4)
WSI.NS,2022-08-01,2022-08-08,NOT_NEXT_SESSION(missed=4)
WSI.NS,2022-08-08,2022-08-16,NOT_NEXT_SESSION(missed=3)
WSI.NS,2022-08-16,2022-08-22,NOT_NEXT_SESSION(missed=3)
WSI.NS,2022-08-22,2022-08-29,NOT_NEXT_SESSION(missed=4)
WSI.NS,2022-08-29,2022-09-05,NOT_NEXT_SESSION(missed=3)
WSI.NS,2022-09-05,2022-09-12,NOT_NEXT_SESSION(missed=4)
WSI.NS,2022-09-12,2022-09-19,NOT_NEXT_SESSION(missed=4)
WSI.NS,2022-09-19,2022-09-26,NOT_NEXT_SESSION(missed=4)
WSI.NS,2022-09-26,2022-10-03,NOT_NEXT_SESSION(missed=4)
WSI.NS,2022-10-03,2022-10-10,NOT_NEXT_SESSION(missed=3)
WSI.NS,2022-10-10,2022-10-17,NOT_NEXT_SESSION(missed=4)
WSI.NS,2022-10-17,2022-10-31,NOT_NEXT_SESSION(missed=8)
WSI.NS,2022-10-31,2022-11-07,NOT_NEXT_SESSION(missed=4)
WSI.NS,2022-11-07,2022-11-14,NOT_NEXT_SESSION(missed=3)
WSI.NS,2022-11-14,2022-11-21,NOT_NEXT_SESSION(missed=4)
WSI.NS,2022-11-21,2022-11-28,NOT_NEXT_SESSION(missed=4)
WSI.NS,2022-11-28,2022-12-05,NOT_NEXT_SESSION(missed=4)
WSI.NS,2022-12-05,2022-12-12,NOT_NEXT_SESSION(missed=4)
WSI.NS,2022-12-12,2022-12-19,NOT_NEXT_SESSION(missed=4)
WSI.NS,2022-12-19,2022-12-26,NOT_NEXT_SESSION(missed=4)
WSI.NS,2022-12-26,2023-01-02,NOT_NEXT_SESSION(missed=4)
WSI.NS,2023-01-02,2023-01-09,NOT_NEXT_SESSION(missed=4)
WSI.NS,2023-01-09,2023-01-16,NOT_NEXT_SESSION(missed=4)
WSI.NS,2023-01-16,2023-01-23,NOT_NEXT_SESSION(missed=4)
WSI.NS,2023-01-23,2023-01-30,NOT_NEXT_SESSION(missed=3)
WSI.NS,2023-01-30,2023-02-06,NOT_NEXT_SESSION(missed=4)
WSI.NS,2023-02-06,2023-02-13,NOT_NEXT_SESSION(missed=4)
WSI.NS,2023-02-13,2023-02-20,NOT_NEXT_SESSION(missed=4)
WSI.NS,2023-02-20,2023-02-27,NOT_NEXT_SESSION(missed=4)
WSI.NS,2023-02-27,2023-03-06,NOT_NEXT_SESSION(missed=4)
WSI.NS,2023-03-06,2023-03-13,NOT_NEXT_SESSION(missed=3)
WSI.NS,2023-06-20,2023-06-26,NOT_NEXT_SESSION(missed=3)
WSI.NS,2023-06-26,2023-07-03,NOT_NEXT_SESSION(missed=3)
WSI.NS,2023-07-03,2023-07-10,NOT_NEXT_SESSION(missed=4)
WSI.NS,2023-07-10,2023-07-17,NOT_NEXT_SESSION(missed=4)
WSI.NS,2023-07-17,2023-07-24,NOT_NEXT_SESSION(missed=4)
XPROINDIA.NS,2018-11-06,2018-11-07,UNRESOLVED_SESSION
XPROINDIA.NS,2018-11-07,2018-11-09,UNRESOLVED_SESSION
XPROINDIA.NS,2019-09-11,2019-09-13,NOT_NEXT_SESSION(missed=1)
YESBANK.NS,2020-03-05,2020-03-06,EXTREME_RETURN
YESBANK.NS,2020-03-16,2020-03-17,EXTREME_RETURN
ZENITHEXPO.NS,2018-09-04,2018-09-06,NOT_NEXT_SESSION(missed=1)
ZENITHEXPO.NS,2018-10-22,2018-10-25,NOT_NEXT_SESSION(missed=2)
ZENITHEXPO.NS,2018-11-30,2019-01-09,NOT_NEXT_SESSION(missed=26)
ZENITHEXPO.NS,2019-02-01,2019-02-05,NOT_NEXT_SESSION(missed=1)
ZENITHEXPO.NS,2019-02-14,2019-02-18,NOT_NEXT_SESSION(missed=1)
ZENITHEXPO.NS,2019-08-28,2019-08-30,NOT_NEXT_SESSION(missed=1)
ZENITHEXPO.NS,2019-10-27,2019-10-30,NOT_NEXT_SESSION(missed=1)
ZENITHEXPO.NS,2020-02-14,2020-02-18,NOT_NEXT_SESSION(missed=1)
ZENITHEXPO.NS,2020-02-26,2020-02-28,NOT_NEXT_SESSION(missed=1)
ZENITHEXPO.NS,2022-06-30,2022-07-04,NOT_NEXT_SESSION(missed=1)
ZENITHEXPO.NS,2023-07-31,2023-08-02,NOT_NEXT_SESSION(missed=1)
ZENITHEXPO.NS,2023-09-06,2023-09-08,NOT_NEXT_SESSION(missed=1)
ZENITHEXPO.NS,2023-09-12,2023-09-14,NOT_NEXT_SESSION(missed=1)
ZENITHEXPO.NS,2024-05-23,2024-05-27,NOT_NEXT_SESSION(missed=1)
ZENITHEXPO.NS,2024-10-28,2024-10-31,NOT_NEXT_SESSION(missed=2)
ZENITHEXPO.NS,2025-01-03,2025-01-07,NOT_NEXT_SESSION(missed=1)
ZENITHEXPO.NS,2025-05-19,2025-05-21,NOT_NEXT_SESSION(missed=1)
ZENITHEXPO.NS,2026-04-08,2026-04-10,NOT_NEXT_SESSION(missed=1)
ZENITHEXPO.NS,2026-05-18,2026-05-20,NOT_NEXT_SESSION(missed=1)
ZENITHEXPO.NS,2026-06-22,2026-06-24,NOT_NEXT_SESSION(missed=1)
ZENITHEXPO.NS,2026-08-26,2026-08-28,NOT_NEXT_SESSION(missed=1)
ZENITHEXPO.NS,2026-09-03,2026-09-07,NOT_NEXT_SESSION(missed=1)
ZENITHSTL.NS,2018-11-30,2019-02-21,NOT_NEXT_SESSION(missed=57)
ZENITHSTL.NS,2020-01-20,2020-01-22,NOT_NEXT_SESSION(missed=1)
ZENITHSTL.NS,2020-01-31,2020-02-03,NOT_NEXT_SESSION(missed=1)
ZENITHSTL.NS,2020-03-02,2020-03-04,NOT_NEXT_SESSION(missed=1)
ZENITHSTL.NS,2020-06-17,2020-06-22,NOT_NEXT_SESSION(missed=2)
ZENITHSTL.NS,2020-06-22,2020-06-29,NOT_NEXT_SESSION(missed=4)
ZENITHSTL.NS,2020-06-29,2020-07-06,NOT_NEXT_SESSION(missed=4)
ZENITHSTL.NS,2020-07-06,2020-07-13,NOT_NEXT_SESSION(missed=4)
ZENITHSTL.NS,2020-07-13,2020-08-10,NOT_NEXT_SESSION(missed=19)
ZENITHSTL.NS,2020-09-02,2020-09-07,NOT_NEXT_SESSION(missed=2)
ZENITHSTL.NS,2020-09-07,2020-09-14,NOT_NEXT_SESSION(missed=4)
ZENITHSTL.NS,2020-09-14,2020-09-21,NOT_NEXT_SESSION(missed=4)
ZENITHSTL.NS,2020-09-21,2020-09-28,NOT_NEXT_SESSION(missed=4)
ZENITHSTL.NS,2020-09-28,2020-10-05,NOT_NEXT_SESSION(missed=3)
ZENITHSTL.NS,2020-10-05,2020-10-12,NOT_NEXT_SESSION(missed=4)
ZENITHSTL.NS,2020-10-30,2020-11-09,NOT_NEXT_SESSION(missed=5)
ZENITHSTL.NS,2020-11-09,2020-11-17,NOT_NEXT_SESSION(missed=5)
ZENITHSTL.NS,2020-11-17,2020-11-23,NOT_NEXT_SESSION(missed=3)
ZENITHSTL.NS,2020-11-23,2020-12-01,NOT_NEXT_SESSION(missed=4)
ZENITHSTL.NS,2020-12-01,2020-12-07,NOT_NEXT_SESSION(missed=3)
ZENITHSTL.NS,2020-12-07,2020-12-14,NOT_NEXT_SESSION(missed=4)
ZENITHSTL.NS,2020-12-14,2020-12-16,NOT_NEXT_SESSION(missed=1)
ZENITHSTL.NS,2021-01-22,2021-02-01,NOT_NEXT_SESSION(missed=4)
ZENITHSTL.NS,2021-02-01,2021-02-08,NOT_NEXT_SESSION(missed=4)
ZENITHSTL.NS,2021-02-08,2021-02-15,NOT_NEXT_SESSION(missed=4)
ZENITHSTL.NS,2021-02-15,2021-03-01,NOT_NEXT_SESSION(missed=9)
ZENITHSTL.NS,2021-03-01,2021-03-08,NOT_NEXT_SESSION(missed=4)
ZENITHSTL.NS,2021-05-14,2021-05-24,NOT_NEXT_SESSION(missed=5)
ZENITHSTL.NS,2021-05-24,2021-05-31,NOT_NEXT_SESSION(missed=4)
ZENITHSTL.NS,2021-05-31,2021-06-07,NOT_NEXT_SESSION(missed=4)
ZENITHSTL.NS,2021-06-07,2021-06-14,NOT_NEXT_SESSION(missed=4)
ZENITHSTL.NS,2021-06-14,2021-06-21,NOT_NEXT_SESSION(missed=4)
ZENITHSTL.NS,2021-06-21,2021-06-28,NOT_NEXT_SESSION(missed=4)
ZENITHSTL.NS,2021-06-28,2021-07-05,NOT_NEXT_SESSION(missed=4)
ZENITHSTL.NS,2021-07-05,2021-07-12,NOT_NEXT_SESSION(missed=4)
ZENITHSTL.NS,2021-07-22,2021-07-26,NOT_NEXT_SESSION(missed=1)
ZENITHSTL.NS,2021-07-26,2021-08-02,NOT_NEXT_SESSION(missed=4)
ZENITHSTL.NS,2021-08-02,2021-08-09,NOT_NEXT_SESSION(missed=4)
ZENITHSTL.NS,2021-08-09,2021-08-16,NOT_NEXT_SESSION(missed=4)
ZENITHSTL.NS,2021-08-16,2021-08-23,NOT_NEXT_SESSION(missed=3)
ZENITHSTL.NS,2021-08-23,2021-08-30,NOT_NEXT_SESSION(missed=4)
ZENITHSTL.NS,2021-08-30,2021-09-06,NOT_NEXT_SESSION(missed=4)
ZENITHSTL.NS,2021-09-06,2021-09-13,NOT_NEXT_SESSION(missed=3)
ZENITHSTL.NS,2021-09-13,2021-09-20,NOT_NEXT_SESSION(missed=4)
ZENITHSTL.NS,2021-09-20,2021-09-27,NOT_NEXT_SESSION(missed=4)
ZENITHSTL.NS,2021-09-27,2021-10-04,NOT_NEXT_SESSION(missed=4)
ZENITHSTL.NS,2021-10-04,2021-10-11,NOT_NEXT_SESSION(missed=4)
ZENITHSTL.NS,2021-11-03,2021-11-08,NOT_NEXT_SESSION(missed=1)
ZENITHSTL.NS,2021-11-08,2021-11-15,NOT_NEXT_SESSION(missed=4)
ZENITHSTL.NS,2021-11-15,2021-11-22,NOT_NEXT_SESSION(missed=3)
ZENITHSTL.NS,2021-11-22,2021-11-29,NOT_NEXT_SESSION(missed=4)
ZENITHSTL.NS,2021-11-29,2021-12-06,NOT_NEXT_SESSION(missed=4)
ZENITHSTL.NS,2021-12-06,2021-12-13,NOT_NEXT_SESSION(missed=4)
ZENITHSTL.NS,2021-12-13,2021-12-15,NOT_NEXT_SESSION(missed=1)
ZENITHSTL.NS,2021-12-16,2021-12-20,NOT_NEXT_SESSION(missed=1)
ZENITHSTL.NS,2021-12-20,2021-12-27,NOT_NEXT_SESSION(missed=4)
ZENITHSTL.NS,2021-12-27,2022-01-03,NOT_NEXT_SESSION(missed=4)
ZENITHSTL.NS,2022-01-03,2022-01-10,NOT_NEXT_SESSION(missed=4)
ZENITHSTL.NS,2022-01-10,2022-01-17,NOT_NEXT_SESSION(missed=4)
ZENITHSTL.NS,2022-01-17,2022-01-24,NOT_NEXT_SESSION(missed=4)
ZENITHSTL.NS,2022-01-24,2022-01-31,NOT_NEXT_SESSION(missed=3)
ZENITHSTL.NS,2022-01-31,2022-02-07,NOT_NEXT_SESSION(missed=4)
ZENITHSTL.NS,2022-02-07,2022-02-14,NOT_NEXT_SESSION(missed=4)
ZENITHSTL.NS,2022-02-14,2022-02-21,NOT_NEXT_SESSION(missed=4)
ZENITHSTL.NS,2022-02-21,2022-02-28,NOT_NEXT_SESSION(missed=4)
ZENITHSTL.NS,2022-02-28,2022-03-07,NOT_NEXT_SESSION(missed=3)
ZENITHSTL.NS,2022-03-07,2022-03-14,NOT_NEXT_SESSION(missed=4)
ZODIAC.NS,2019-10-31,2019-11-04,NOT_NEXT_SESSION(missed=1)
ZODIAC.NS,2019-11-11,2019-11-14,NOT_NEXT_SESSION(missed=1)
ZODIAC.NS,2019-11-20,2019-11-25,NOT_NEXT_SESSION(missed=2)
ZODIAC.NS,2019-11-25,2019-11-28,NOT_NEXT_SESSION(missed=2)
ZODIAC.NS,2019-11-28,2019-12-02,NOT_NEXT_SESSION(missed=1)
ZODIAC.NS,2019-12-03,2019-12-06,NOT_NEXT_SESSION(missed=2)
ZODIAC.NS,2019-12-06,2019-12-11,NOT_NEXT_SESSION(missed=2)
ZODIAC.NS,2019-12-17,2019-12-26,NOT_NEXT_SESSION(missed=5)
ZODIAC.NS,2019-12-27,2020-01-06,NOT_NEXT_SESSION(missed=5)
ZODIAC.NS,2020-01-06,2020-01-09,NOT_NEXT_SESSION(missed=2)
ZODIAC.NS,2020-01-10,2020-01-16,NOT_NEXT_SESSION(missed=3)
ZODIAC.NS,2020-01-16,2020-01-21,NOT_NEXT_SESSION(missed=2)
ZODIAC.NS,2020-01-22,2020-01-28,NOT_NEXT_SESSION(missed=3)
ZODIAC.NS,2020-01-29,2020-02-01,NOT_NEXT_SESSION(missed=2)
ZODIAC.NS,2020-02-01,2020-02-05,NOT_NEXT_SESSION(missed=2)
ZODIAC.NS,2020-02-05,2020-02-07,NOT_NEXT_SESSION(missed=1)
ZODIAC.NS,2020-02-07,2020-02-11,NOT_NEXT_SESSION(missed=1)
ZODIAC.NS,2020-02-11,2020-02-20,NOT_NEXT_SESSION(missed=6)
ZODIAC.NS,2020-02-20,2020-02-28,NOT_NEXT_SESSION(missed=4)
ZODIAC.NS,2020-03-02,2020-03-04,NOT_NEXT_SESSION(missed=1)
ZODIAC.NS,2020-03-04,2020-03-06,NOT_NEXT_SESSION(missed=1)
ZODIAC.NS,2020-03-13,2020-03-18,NOT_NEXT_SESSION(missed=2)
ZODIAC.NS,2020-03-20,2020-03-26,NOT_NEXT_SESSION(missed=3)
ZODIAC.NS,2020-04-01,2020-04-07,NOT_NEXT_SESSION(missed=1)
ZODIAC.NS,2020-04-07,2020-04-09,NOT_NEXT_SESSION(missed=1)
ZODIAC.NS,2020-04-13,2020-04-17,NOT_NEXT_SESSION(missed=2)
ZODIAC.NS,2020-04-17,2020-04-21,NOT_NEXT_SESSION(missed=1)
ZODIAC.NS,2020-04-21,2020-04-28,NOT_NEXT_SESSION(missed=4)
ZODIAC.NS,2020-04-28,2020-04-30,NOT_NEXT_SESSION(missed=1)
ZODIAC.NS,2020-04-30,2020-05-05,NOT_NEXT_SESSION(missed=1)
ZODIAC.NS,2020-05-06,2020-05-11,NOT_NEXT_SESSION(missed=2)
ZODIAC.NS,2020-05-13,2020-05-18,NOT_NEXT_SESSION(missed=2)
ZODIAC.NS,2020-05-19,2020-05-22,NOT_NEXT_SESSION(missed=2)
ZODIAC.NS,2020-05-26,2020-05-29,NOT_NEXT_SESSION(missed=2)
ZODIAC.NS,2020-06-01,2020-06-03,NOT_NEXT_SESSION(missed=1)
ZODIAC.NS,2020-06-03,2020-06-05,NOT_NEXT_SESSION(missed=1)
ZODIAC.NS,2020-06-18,2020-06-22,NOT_NEXT_SESSION(missed=1)
ZODIAC.NS,2020-06-29,2020-07-01,NOT_NEXT_SESSION(missed=1)
ZODIAC.NS,2020-07-07,2020-07-09,NOT_NEXT_SESSION(missed=1)
ZODIAC.NS,2020-07-13,2020-07-15,NOT_NEXT_SESSION(missed=1)
ZODIAC.NS,2020-07-16,2020-07-21,NOT_NEXT_SESSION(missed=2)
ZODIAC.NS,2020-07-28,2020-08-05,NOT_NEXT_SESSION(missed=5)
ZODIAC.NS,2020-08-05,2020-08-11,NOT_NEXT_SESSION(missed=3)
ZODIAC.NS,2020-08-17,2020-08-20,NOT_NEXT_SESSION(missed=2)
ZODIAC.NS,2020-08-21,2020-08-25,NOT_NEXT_SESSION(missed=1)
ZODIAC.NS,2020-08-25,2020-08-27,NOT_NEXT_SESSION(missed=1)
ZODIAC.NS,2020-09-04,2020-09-08,NOT_NEXT_SESSION(missed=1)
ZODIAC.NS,2020-09-09,2020-09-11,NOT_NEXT_SESSION(missed=1)
ZODIAC.NS,2020-09-23,2020-09-28,NOT_NEXT_SESSION(missed=2)
ZODIAC.NS,2020-10-01,2020-10-06,NOT_NEXT_SESSION(missed=1)
ZODIAC.NS,2020-10-12,2020-10-15,NOT_NEXT_SESSION(missed=2)
ZODIAC.NS,2020-10-15,2020-10-19,NOT_NEXT_SESSION(missed=1)
ZODIAC.NS,2020-10-19,2020-10-21,NOT_NEXT_SESSION(missed=1)
ZODIAC.NS,2020-10-27,2020-10-30,NOT_NEXT_SESSION(missed=2)
ZODIAC.NS,2020-10-30,2020-11-05,NOT_NEXT_SESSION(missed=3)
ZODIAC.NS,2020-11-05,2020-11-19,NOT_NEXT_SESSION(missed=9)
ZODIAC.NS,2020-11-19,2020-11-24,NOT_NEXT_SESSION(missed=2)
ZODIAC.NS,2020-11-27,2020-12-02,NOT_NEXT_SESSION(missed=1)
ZODIAC.NS,2020-12-03,2020-12-07,NOT_NEXT_SESSION(missed=1)
ZODIAC.NS,2020-12-10,2020-12-18,NOT_NEXT_SESSION(missed=5)
ZODIAC.NS,2020-12-21,2020-12-29,NOT_NEXT_SESSION(missed=4)
ZODIAC.NS,2020-12-29,2021-01-06,NOT_NEXT_SESSION(missed=5)
ZODIAC.NS,2021-01-06,2021-01-08,NOT_NEXT_SESSION(missed=1)
ZODIAC.NS,2021-01-18,2021-01-20,NOT_NEXT_SESSION(missed=1)
ZODIAC.NS,2021-01-21,2021-01-25,NOT_NEXT_SESSION(missed=1)
ZODIAC.NS,2021-01-25,2021-01-28,NOT_NEXT_SESSION(missed=1)
ZODIAC.NS,2021-01-28,2021-02-01,NOT_NEXT_SESSION(missed=1)
ZODIAC.NS,2021-02-05,2021-02-09,NOT_NEXT_SESSION(missed=1)
ZODIAC.NS,2021-02-10,2021-02-15,NOT_NEXT_SESSION(missed=2)
ZODIAC.NS,2021-02-15,2021-02-18,NOT_NEXT_SESSION(missed=2)
ZODIAC.NS,2021-02-18,2021-03-01,NOT_NEXT_SESSION(missed=6)
ZODIAC.NS,2021-03-01,2021-03-03,NOT_NEXT_SESSION(missed=1)
ZODIAC.NS,2021-03-03,2021-03-05,NOT_NEXT_SESSION(missed=1)
ZODIAC.NS,2021-03-05,2021-03-12,NOT_NEXT_SESSION(missed=3)
ZODIAC.NS,2021-03-15,2021-03-22,NOT_NEXT_SESSION(missed=4)
ZODIAC.NS,2021-03-22,2021-03-24,NOT_NEXT_SESSION(missed=1)
ZODIAC.NS,2021-03-30,2021-04-05,NOT_NEXT_SESSION(missed=2)
ZODIAC.NS,2021-04-09,2021-04-13,NOT_NEXT_SESSION(missed=1)
ZODIAC.NS,2021-04-16,2021-04-23,NOT_NEXT_SESSION(missed=3)
ZODIAC.NS,2021-04-27,2021-04-29,NOT_NEXT_SESSION(missed=1)
ZODIAC.NS,2021-04-29,2021-05-11,NOT_NEXT_SESSION(missed=7)
ZODIAC.NS,2021-05-12,2021-05-19,NOT_NEXT_SESSION(missed=3)
ZODIAC.NS,2021-05-19,2021-05-24,NOT_NEXT_SESSION(missed=2)
ZODIAC.NS,2021-05-25,2021-05-27,NOT_NEXT_SESSION(missed=1)
ZODIAC.NS,2021-05-28,2021-06-02,NOT_NEXT_SESSION(missed=2)
ZODIAC.NS,2021-06-02,2021-06-08,NOT_NEXT_SESSION(missed=3)
ZODIAC.NS,2021-06-09,2021-06-11,NOT_NEXT_SESSION(missed=1)
ZODIAC.NS,2021-06-11,2021-06-17,NOT_NEXT_SESSION(missed=3)
ZODIAC.NS,2021-06-17,2021-06-21,NOT_NEXT_SESSION(missed=1)
ZODIAC.NS,2021-06-22,2021-06-25,NOT_NEXT_SESSION(missed=2)
ZODIAC.NS,2021-06-28,2021-07-01,NOT_NEXT_SESSION(missed=2)
ZODIAC.NS,2021-07-20,2021-07-23,NOT_NEXT_SESSION(missed=1)
ZODIAC.NS,2021-07-27,2021-07-30,NOT_NEXT_SESSION(missed=2)
ZODIAC.NS,2021-08-05,2021-08-10,NOT_NEXT_SESSION(missed=2)
ZODIAC.NS,2021-08-11,2021-08-13,NOT_NEXT_SESSION(missed=1)
ZODIAC.NS,2021-08-13,2021-08-17,NOT_NEXT_SESSION(missed=1)
ZODIAC.NS,2021-08-24,2021-08-27,NOT_NEXT_SESSION(missed=2)
ZODIAC.NS,2021-08-27,2021-09-02,NOT_NEXT_SESSION(missed=3)
ZODIAC.NS,2021-10-05,2021-10-07,NOT_NEXT_SESSION(missed=1)
ZODIAC.NS,2021-10-19,2021-10-22,NOT_NEXT_SESSION(missed=2)
ZODIAC.NS,2021-11-01,2021-11-03,NOT_NEXT_SESSION(missed=1)
ZODIAC.NS,2021-11-03,2021-11-08,NOT_NEXT_SESSION(missed=1)
ZODIAC.NS,2021-11-08,2021-11-10,NOT_NEXT_SESSION(missed=1)
ZODIAC.NS,2021-12-02,2021-12-07,NOT_NEXT_SESSION(missed=2)
ZOTA.NS,2018-11-30,2019-02-21,NOT_NEXT_SESSION(missed=57)
